<?xml version="1.0" encoding="UTF-8" ?>
<gpx version="1.1" xmlns:xsi="http://www.w3.org/2001/XMLSchema-instance"
    xmlns="http://www.topografix.com/GPX/1/1"
    xsi:schemaLocation="http://www.topografix.com/GPX/1/1 http://www.topografix.com/GPX/1/1/gpx.xsd"
    creator="Openrunner - https://www.openrunner.com" >
                <wpt lat="45.986498" lon="3.433369">
                        <ele>0</ele>
                        <name><![CDATA[Ravitaillement]]></name>
                        <desc><![CDATA[]]></desc>
                    <sym>3</sym>
                </wpt>
            
                <wpt lat="45.980769" lon="3.344119">
                        <ele>0</ele>
                        <name><![CDATA[Ravitaillement]]></name>
                        <desc><![CDATA[]]></desc>
                    <sym>3</sym>
                </wpt>
            
                <wpt lat="45.982682" lon="3.410027">
                        <ele>0</ele>
                        <name><![CDATA[Ravitaillement]]></name>
                        <desc><![CDATA[]]></desc>
                    <sym>3</sym>
                </wpt>
            
                <wpt lat="46.148689" lon="4.373404">
                        <ele>0</ele>
                        <name><![CDATA[Ravitaillement]]></name>
                        <desc><![CDATA[]]></desc>
                    <sym>3</sym>
                </wpt>
            
                <wpt lat="46.124850" lon="4.366486">
                        <ele>0</ele>
                        <name><![CDATA[Ravitaillement]]></name>
                        <desc><![CDATA[]]></desc>
                    <sym>3</sym>
                </wpt>
            
                <wpt lat="46.102206" lon="4.411660">
                        <ele>0</ele>
                        <name><![CDATA[Ravitaillement]]></name>
                        <desc><![CDATA[]]></desc>
                    <sym>3</sym>
                </wpt>
            
                <wpt lat="46.128830" lon="4.410585">
                        <ele>0</ele>
                        <name><![CDATA[Ravitaillement]]></name>
                        <desc><![CDATA[]]></desc>
                    <sym>3</sym>
                </wpt>
            	<trk>
	                   <name>MA Ranchalaise 28 KM 2026-24765428</name>
						<trkseg>
					<trkpt lat="46.131980" lon="4.396370">
						<ele>751</ele>
						<time>2026-07-30T15:36:02Z</time>
					</trkpt>
					<trkpt lat="46.131900" lon="4.396320">
						<ele>749</ele>
						<time>2026-07-30T15:36:14Z</time>
					</trkpt>
					<trkpt lat="46.131740" lon="4.396370">
						<ele>747</ele>
						<time>2026-07-30T15:36:35Z</time>
					</trkpt>
					<trkpt lat="46.131500" lon="4.396510">
						<ele>746</ele>
						<time>2026-07-30T15:37:10Z</time>
					</trkpt>
					<trkpt lat="46.131830" lon="4.395340">
						<ele>737</ele>
						<time>2026-07-30T15:39:07Z</time>
					</trkpt>
					<trkpt lat="46.131840" lon="4.395260">
						<ele>736</ele>
						<time>2026-07-30T15:39:14Z</time>
					</trkpt>
					<trkpt lat="46.131830" lon="4.395130">
						<ele>735</ele>
						<time>2026-07-30T15:39:26Z</time>
					</trkpt>
					<trkpt lat="46.131640" lon="4.395310">
						<ele>735</ele>
						<time>2026-07-30T15:39:57Z</time>
					</trkpt>
					<trkpt lat="46.131500" lon="4.395480">
						<ele>734</ele>
						<time>2026-07-30T15:40:21Z</time>
					</trkpt>
					<trkpt lat="46.131180" lon="4.396060">
						<ele>736</ele>
						<time>2026-07-30T15:41:30Z</time>
					</trkpt>
					<trkpt lat="46.131050" lon="4.396260">
						<ele>737</ele>
						<time>2026-07-30T15:41:55Z</time>
					</trkpt>
					<trkpt lat="46.130980" lon="4.396360">
						<ele>737</ele>
						<time>2026-07-30T15:42:08Z</time>
					</trkpt>
					<trkpt lat="46.130790" lon="4.396500">
						<ele>736</ele>
						<time>2026-07-30T15:42:37Z</time>
					</trkpt>
					<trkpt lat="46.130230" lon="4.396880">
						<ele>734</ele>
						<time>2026-07-30T15:43:59Z</time>
					</trkpt>
					<trkpt lat="46.129750" lon="4.397270">
						<ele>731</ele>
						<time>2026-07-30T15:45:13Z</time>
					</trkpt>
					<trkpt lat="46.129590" lon="4.397400">
						<ele>730</ele>
						<time>2026-07-30T15:45:37Z</time>
					</trkpt>
					<trkpt lat="46.129490" lon="4.397420">
						<ele>729</ele>
						<time>2026-07-30T15:45:51Z</time>
					</trkpt>
					<trkpt lat="46.129270" lon="4.397560">
						<ele>726</ele>
						<time>2026-07-30T15:46:23Z</time>
					</trkpt>
					<trkpt lat="46.129200" lon="4.397580">
						<ele>725</ele>
						<time>2026-07-30T15:46:32Z</time>
					</trkpt>
					<trkpt lat="46.129120" lon="4.397470">
						<ele>724</ele>
						<time>2026-07-30T15:46:47Z</time>
					</trkpt>
					<trkpt lat="46.129030" lon="4.397410">
						<ele>723</ele>
						<time>2026-07-30T15:47:00Z</time>
					</trkpt>
					<trkpt lat="46.128850" lon="4.397310">
						<ele>721</ele>
						<time>2026-07-30T15:47:26Z</time>
					</trkpt>
					<trkpt lat="46.128740" lon="4.397260">
						<ele>720</ele>
						<time>2026-07-30T15:47:42Z</time>
					</trkpt>
					<trkpt lat="46.128530" lon="4.397000">
						<ele>717</ele>
						<time>2026-07-30T15:48:18Z</time>
					</trkpt>
					<trkpt lat="46.128480" lon="4.396990">
						<ele>717</ele>
						<time>2026-07-30T15:48:25Z</time>
					</trkpt>
					<trkpt lat="46.128140" lon="4.396670">
						<ele>713</ele>
						<time>2026-07-30T15:49:19Z</time>
					</trkpt>
					<trkpt lat="46.128060" lon="4.396590">
						<ele>712</ele>
						<time>2026-07-30T15:49:32Z</time>
					</trkpt>
					<trkpt lat="46.127830" lon="4.396150">
						<ele>708</ele>
						<time>2026-07-30T15:50:23Z</time>
					</trkpt>
					<trkpt lat="46.127770" lon="4.395970">
						<ele>707</ele>
						<time>2026-07-30T15:50:42Z</time>
					</trkpt>
					<trkpt lat="46.127490" lon="4.395510">
						<ele>701</ele>
						<time>2026-07-30T15:51:38Z</time>
					</trkpt>
					<trkpt lat="46.127410" lon="4.395280">
						<ele>697</ele>
						<time>2026-07-30T15:52:02Z</time>
					</trkpt>
					<trkpt lat="46.127360" lon="4.395100">
						<ele>694</ele>
						<time>2026-07-30T15:52:20Z</time>
					</trkpt>
					<trkpt lat="46.127240" lon="4.394860">
						<ele>689</ele>
						<time>2026-07-30T15:52:48Z</time>
					</trkpt>
					<trkpt lat="46.127090" lon="4.394670">
						<ele>683</ele>
						<time>2026-07-30T15:53:14Z</time>
					</trkpt>
					<trkpt lat="46.127000" lon="4.394610">
						<ele>681</ele>
						<time>2026-07-30T15:53:27Z</time>
					</trkpt>
					<trkpt lat="46.126930" lon="4.394590">
						<ele>679</ele>
						<time>2026-07-30T15:53:37Z</time>
					</trkpt>
					<trkpt lat="46.126860" lon="4.394590">
						<ele>678</ele>
						<time>2026-07-30T15:53:46Z</time>
					</trkpt>
					<trkpt lat="46.126580" lon="4.394650">
						<ele>674</ele>
						<time>2026-07-30T15:54:24Z</time>
					</trkpt>
					<trkpt lat="46.126530" lon="4.394640">
						<ele>673</ele>
						<time>2026-07-30T15:54:31Z</time>
					</trkpt>
					<trkpt lat="46.126500" lon="4.394590">
						<ele>672</ele>
						<time>2026-07-30T15:54:37Z</time>
					</trkpt>
					<trkpt lat="46.126510" lon="4.394520">
						<ele>671</ele>
						<time>2026-07-30T15:54:43Z</time>
					</trkpt>
					<trkpt lat="46.126650" lon="4.394120">
						<ele>667</ele>
						<time>2026-07-30T15:55:25Z</time>
					</trkpt>
					<trkpt lat="46.126820" lon="4.393470">
						<ele>660</ele>
						<time>2026-07-30T15:56:29Z</time>
					</trkpt>
					<trkpt lat="46.126830" lon="4.393310">
						<ele>657</ele>
						<time>2026-07-30T15:56:44Z</time>
					</trkpt>
					<trkpt lat="46.126810" lon="4.393070">
						<ele>657</ele>
						<time>2026-07-30T15:57:06Z</time>
					</trkpt>
					<trkpt lat="46.126980" lon="4.391920">
						<ele>659</ele>
						<time>2026-07-30T15:58:55Z</time>
					</trkpt>
					<trkpt lat="46.126880" lon="4.391370">
						<ele>655</ele>
						<time>2026-07-30T15:59:48Z</time>
					</trkpt>
					<trkpt lat="46.126830" lon="4.388810">
						<ele>645</ele>
						<time>2026-07-30T16:03:45Z</time>
					</trkpt>
					<trkpt lat="46.126760" lon="4.388830">
						<ele>643</ele>
						<time>2026-07-30T16:03:54Z</time>
					</trkpt>
					<trkpt lat="46.126720" lon="4.388870">
						<ele>643</ele>
						<time>2026-07-30T16:04:01Z</time>
					</trkpt>
					<trkpt lat="46.126790" lon="4.388750">
						<ele>643</ele>
						<time>2026-07-30T16:04:15Z</time>
					</trkpt>
					<trkpt lat="46.126840" lon="4.388710">
						<ele>644</ele>
						<time>2026-07-30T16:04:23Z</time>
					</trkpt>
					<trkpt lat="46.127080" lon="4.388580">
						<ele>646</ele>
						<time>2026-07-30T16:04:57Z</time>
					</trkpt>
					<trkpt lat="46.127340" lon="4.388560">
						<ele>650</ele>
						<time>2026-07-30T16:05:32Z</time>
					</trkpt>
					<trkpt lat="46.127830" lon="4.388440">
						<ele>654</ele>
						<time>2026-07-30T16:06:38Z</time>
					</trkpt>
					<trkpt lat="46.128170" lon="4.388340">
						<ele>655</ele>
						<time>2026-07-30T16:07:24Z</time>
					</trkpt>
					<trkpt lat="46.128820" lon="4.387960">
						<ele>661</ele>
						<time>2026-07-30T16:08:58Z</time>
					</trkpt>
					<trkpt lat="46.129180" lon="4.387680">
						<ele>659</ele>
						<time>2026-07-30T16:09:53Z</time>
					</trkpt>
					<trkpt lat="46.129370" lon="4.387480">
						<ele>659</ele>
						<time>2026-07-30T16:10:24Z</time>
					</trkpt>
					<trkpt lat="46.129500" lon="4.387320">
						<ele>660</ele>
						<time>2026-07-30T16:10:47Z</time>
					</trkpt>
					<trkpt lat="46.129790" lon="4.387100">
						<ele>661</ele>
						<time>2026-07-30T16:11:30Z</time>
					</trkpt>
					<trkpt lat="46.129960" lon="4.387010">
						<ele>661</ele>
						<time>2026-07-30T16:11:55Z</time>
					</trkpt>
					<trkpt lat="46.130090" lon="4.386980">
						<ele>662</ele>
						<time>2026-07-30T16:12:12Z</time>
					</trkpt>
					<trkpt lat="46.130300" lon="4.386950">
						<ele>664</ele>
						<time>2026-07-30T16:12:40Z</time>
					</trkpt>
					<trkpt lat="46.130360" lon="4.386900">
						<ele>664</ele>
						<time>2026-07-30T16:12:50Z</time>
					</trkpt>
					<trkpt lat="46.130380" lon="4.386860">
						<ele>664</ele>
						<time>2026-07-30T16:12:54Z</time>
					</trkpt>
					<trkpt lat="46.130420" lon="4.386700">
						<ele>662</ele>
						<time>2026-07-30T16:13:10Z</time>
					</trkpt>
					<trkpt lat="46.130420" lon="4.386510">
						<ele>661</ele>
						<time>2026-07-30T16:13:27Z</time>
					</trkpt>
					<trkpt lat="46.130450" lon="4.386370">
						<ele>661</ele>
						<time>2026-07-30T16:13:41Z</time>
					</trkpt>
					<trkpt lat="46.130550" lon="4.386200">
						<ele>662</ele>
						<time>2026-07-30T16:14:02Z</time>
					</trkpt>
					<trkpt lat="46.130720" lon="4.386020">
						<ele>662</ele>
						<time>2026-07-30T16:14:30Z</time>
					</trkpt>
					<trkpt lat="46.130800" lon="4.385960">
						<ele>663</ele>
						<time>2026-07-30T16:14:42Z</time>
					</trkpt>
					<trkpt lat="46.130970" lon="4.385870">
						<ele>665</ele>
						<time>2026-07-30T16:15:06Z</time>
					</trkpt>
					<trkpt lat="46.131270" lon="4.385830">
						<ele>671</ele>
						<time>2026-07-30T16:15:46Z</time>
					</trkpt>
					<trkpt lat="46.131910" lon="4.385330">
						<ele>681</ele>
						<time>2026-07-30T16:17:23Z</time>
					</trkpt>
					<trkpt lat="46.132020" lon="4.385280">
						<ele>682</ele>
						<time>2026-07-30T16:17:39Z</time>
					</trkpt>
					<trkpt lat="46.132580" lon="4.385000">
						<ele>691</ele>
						<time>2026-07-30T16:18:58Z</time>
					</trkpt>
					<trkpt lat="46.132640" lon="4.384990">
						<ele>692</ele>
						<time>2026-07-30T16:19:06Z</time>
					</trkpt>
					<trkpt lat="46.132790" lon="4.385000">
						<ele>696</ele>
						<time>2026-07-30T16:19:26Z</time>
					</trkpt>
					<trkpt lat="46.133280" lon="4.385190">
						<ele>707</ele>
						<time>2026-07-30T16:20:34Z</time>
					</trkpt>
					<trkpt lat="46.133700" lon="4.385280">
						<ele>713</ele>
						<time>2026-07-30T16:21:30Z</time>
					</trkpt>
					<trkpt lat="46.133620" lon="4.385240">
						<ele>712</ele>
						<time>2026-07-30T16:21:41Z</time>
					</trkpt>
					<trkpt lat="46.133620" lon="4.385220">
						<ele>712</ele>
						<time>2026-07-30T16:21:43Z</time>
					</trkpt>
					<trkpt lat="46.133610" lon="4.385080">
						<ele>714</ele>
						<time>2026-07-30T16:21:56Z</time>
					</trkpt>
					<trkpt lat="46.133630" lon="4.384810">
						<ele>713</ele>
						<time>2026-07-30T16:22:21Z</time>
					</trkpt>
					<trkpt lat="46.133670" lon="4.384560">
						<ele>711</ele>
						<time>2026-07-30T16:22:45Z</time>
					</trkpt>
					<trkpt lat="46.133750" lon="4.384350">
						<ele>711</ele>
						<time>2026-07-30T16:23:07Z</time>
					</trkpt>
					<trkpt lat="46.133880" lon="4.384080">
						<ele>712</ele>
						<time>2026-07-30T16:23:38Z</time>
					</trkpt>
					<trkpt lat="46.134220" lon="4.383500">
						<ele>708</ele>
						<time>2026-07-30T16:24:48Z</time>
					</trkpt>
					<trkpt lat="46.134580" lon="4.383040">
						<ele>706</ele>
						<time>2026-07-30T16:25:52Z</time>
					</trkpt>
					<trkpt lat="46.134710" lon="4.382810">
						<ele>705</ele>
						<time>2026-07-30T16:26:20Z</time>
					</trkpt>
					<trkpt lat="46.134830" lon="4.382540">
						<ele>702</ele>
						<time>2026-07-30T16:26:49Z</time>
					</trkpt>
					<trkpt lat="46.134990" lon="4.382120">
						<ele>699</ele>
						<time>2026-07-30T16:27:34Z</time>
					</trkpt>
					<trkpt lat="46.135310" lon="4.381580">
						<ele>700</ele>
						<time>2026-07-30T16:28:39Z</time>
					</trkpt>
					<trkpt lat="46.135340" lon="4.381480">
						<ele>700</ele>
						<time>2026-07-30T16:28:49Z</time>
					</trkpt>
					<trkpt lat="46.135340" lon="4.381410">
						<ele>699</ele>
						<time>2026-07-30T16:28:56Z</time>
					</trkpt>
					<trkpt lat="46.135330" lon="4.381160">
						<ele>697</ele>
						<time>2026-07-30T16:29:19Z</time>
					</trkpt>
					<trkpt lat="46.135570" lon="4.380610">
						<ele>697</ele>
						<time>2026-07-30T16:30:19Z</time>
					</trkpt>
					<trkpt lat="46.135890" lon="4.380020">
						<ele>693</ele>
						<time>2026-07-30T16:31:28Z</time>
					</trkpt>
					<trkpt lat="46.136170" lon="4.379540">
						<ele>697</ele>
						<time>2026-07-30T16:32:26Z</time>
					</trkpt>
					<trkpt lat="46.136460" lon="4.379030">
						<ele>700</ele>
						<time>2026-07-30T16:33:27Z</time>
					</trkpt>
					<trkpt lat="46.136460" lon="4.378700">
						<ele>699</ele>
						<time>2026-07-30T16:33:58Z</time>
					</trkpt>
					<trkpt lat="46.136420" lon="4.378270">
						<ele>699</ele>
						<time>2026-07-30T16:34:38Z</time>
					</trkpt>
					<trkpt lat="46.136340" lon="4.378040">
						<ele>700</ele>
						<time>2026-07-30T16:35:02Z</time>
					</trkpt>
					<trkpt lat="46.136220" lon="4.377930">
						<ele>701</ele>
						<time>2026-07-30T16:35:21Z</time>
					</trkpt>
					<trkpt lat="46.136110" lon="4.377890">
						<ele>703</ele>
						<time>2026-07-30T16:35:36Z</time>
					</trkpt>
					<trkpt lat="46.136110" lon="4.377890">
						<ele>703</ele>
						<time>2026-07-30T16:35:36Z</time>
					</trkpt>
					<trkpt lat="46.136010" lon="4.377880">
						<ele>704</ele>
						<time>2026-07-30T16:35:49Z</time>
					</trkpt>
					<trkpt lat="46.135940" lon="4.377890">
						<ele>705</ele>
						<time>2026-07-30T16:35:59Z</time>
					</trkpt>
					<trkpt lat="46.135850" lon="4.377940">
						<ele>705</ele>
						<time>2026-07-30T16:36:12Z</time>
					</trkpt>
					<trkpt lat="46.135700" lon="4.378190">
						<ele>707</ele>
						<time>2026-07-30T16:36:42Z</time>
					</trkpt>
					<trkpt lat="46.135560" lon="4.378450">
						<ele>708</ele>
						<time>2026-07-30T16:37:13Z</time>
					</trkpt>
					<trkpt lat="46.135270" lon="4.378860">
						<ele>708</ele>
						<time>2026-07-30T16:38:07Z</time>
					</trkpt>
					<trkpt lat="46.134510" lon="4.379840">
						<ele>709</ele>
						<time>2026-07-30T16:40:23Z</time>
					</trkpt>
					<trkpt lat="46.134210" lon="4.380170">
						<ele>711</ele>
						<time>2026-07-30T16:41:13Z</time>
					</trkpt>
					<trkpt lat="46.133740" lon="4.380520">
						<ele>709</ele>
						<time>2026-07-30T16:42:24Z</time>
					</trkpt>
					<trkpt lat="46.133720" lon="4.380450">
						<ele>711</ele>
						<time>2026-07-30T16:42:31Z</time>
					</trkpt>
					<trkpt lat="46.134660" lon="4.378890">
						<ele>724</ele>
						<time>2026-07-30T16:45:42Z</time>
					</trkpt>
					<trkpt lat="46.134930" lon="4.378330">
						<ele>727</ele>
						<time>2026-07-30T16:46:45Z</time>
					</trkpt>
					<trkpt lat="46.135090" lon="4.377930">
						<ele>727</ele>
						<time>2026-07-30T16:47:28Z</time>
					</trkpt>
					<trkpt lat="46.135130" lon="4.377710">
						<ele>728</ele>
						<time>2026-07-30T16:47:49Z</time>
					</trkpt>
					<trkpt lat="46.135160" lon="4.377490">
						<ele>729</ele>
						<time>2026-07-30T16:48:09Z</time>
					</trkpt>
					<trkpt lat="46.135180" lon="4.377090">
						<ele>733</ele>
						<time>2026-07-30T16:48:47Z</time>
					</trkpt>
					<trkpt lat="46.135240" lon="4.376720">
						<ele>735</ele>
						<time>2026-07-30T16:49:22Z</time>
					</trkpt>
					<trkpt lat="46.135270" lon="4.376090">
						<ele>738</ele>
						<time>2026-07-30T16:50:20Z</time>
					</trkpt>
					<trkpt lat="46.135260" lon="4.375570">
						<ele>739</ele>
						<time>2026-07-30T16:51:08Z</time>
					</trkpt>
					<trkpt lat="46.135240" lon="4.375330">
						<ele>738</ele>
						<time>2026-07-30T16:51:31Z</time>
					</trkpt>
					<trkpt lat="46.135180" lon="4.375060">
						<ele>739</ele>
						<time>2026-07-30T16:51:57Z</time>
					</trkpt>
					<trkpt lat="46.135160" lon="4.374880">
						<ele>739</ele>
						<time>2026-07-30T16:52:14Z</time>
					</trkpt>
					<trkpt lat="46.135170" lon="4.374320">
						<ele>738</ele>
						<time>2026-07-30T16:53:05Z</time>
					</trkpt>
					<trkpt lat="46.135180" lon="4.374150">
						<ele>737</ele>
						<time>2026-07-30T16:53:21Z</time>
					</trkpt>
					<trkpt lat="46.135100" lon="4.373310">
						<ele>739</ele>
						<time>2026-07-30T16:54:40Z</time>
					</trkpt>
					<trkpt lat="46.135100" lon="4.373090">
						<ele>740</ele>
						<time>2026-07-30T16:55:00Z</time>
					</trkpt>
					<trkpt lat="46.135140" lon="4.372880">
						<ele>740</ele>
						<time>2026-07-30T16:55:20Z</time>
					</trkpt>
					<trkpt lat="46.135140" lon="4.372770">
						<ele>740</ele>
						<time>2026-07-30T16:55:30Z</time>
					</trkpt>
					<trkpt lat="46.135090" lon="4.372530">
						<ele>743</ele>
						<time>2026-07-30T16:55:53Z</time>
					</trkpt>
					<trkpt lat="46.135060" lon="4.372440">
						<ele>744</ele>
						<time>2026-07-30T16:56:03Z</time>
					</trkpt>
					<trkpt lat="46.134800" lon="4.372160">
						<ele>750</ele>
						<time>2026-07-30T16:56:46Z</time>
					</trkpt>
					<trkpt lat="46.134420" lon="4.371550">
						<ele>756</ele>
						<time>2026-07-30T16:58:02Z</time>
					</trkpt>
					<trkpt lat="46.134370" lon="4.371720">
						<ele>757</ele>
						<time>2026-07-30T16:58:19Z</time>
					</trkpt>
					<trkpt lat="46.134300" lon="4.371920">
						<ele>760</ele>
						<time>2026-07-30T16:58:40Z</time>
					</trkpt>
					<trkpt lat="46.133610" lon="4.373160">
						<ele>781</ele>
						<time>2026-07-30T17:01:07Z</time>
					</trkpt>
					<trkpt lat="46.133320" lon="4.373600">
						<ele>785</ele>
						<time>2026-07-30T17:02:03Z</time>
					</trkpt>
					<trkpt lat="46.133160" lon="4.373960">
						<ele>786</ele>
						<time>2026-07-30T17:02:42Z</time>
					</trkpt>
					<trkpt lat="46.132800" lon="4.374680">
						<ele>790</ele>
						<time>2026-07-30T17:04:04Z</time>
					</trkpt>
					<trkpt lat="46.132700" lon="4.374860">
						<ele>791</ele>
						<time>2026-07-30T17:04:26Z</time>
					</trkpt>
					<trkpt lat="46.132460" lon="4.375080">
						<ele>794</ele>
						<time>2026-07-30T17:05:04Z</time>
					</trkpt>
					<trkpt lat="46.132430" lon="4.375080">
						<ele>794</ele>
						<time>2026-07-30T17:05:08Z</time>
					</trkpt>
					<trkpt lat="46.132350" lon="4.375100">
						<ele>795</ele>
						<time>2026-07-30T17:05:19Z</time>
					</trkpt>
					<trkpt lat="46.132190" lon="4.375100">
						<ele>798</ele>
						<time>2026-07-30T17:05:40Z</time>
					</trkpt>
					<trkpt lat="46.131720" lon="4.375160">
						<ele>805</ele>
						<time>2026-07-30T17:06:43Z</time>
					</trkpt>
					<trkpt lat="46.131510" lon="4.375130">
						<ele>806</ele>
						<time>2026-07-30T17:07:11Z</time>
					</trkpt>
					<trkpt lat="46.131380" lon="4.375020">
						<ele>809</ele>
						<time>2026-07-30T17:07:31Z</time>
					</trkpt>
					<trkpt lat="46.131250" lon="4.374800">
						<ele>811</ele>
						<time>2026-07-30T17:07:58Z</time>
					</trkpt>
					<trkpt lat="46.131130" lon="4.374620">
						<ele>812</ele>
						<time>2026-07-30T17:08:21Z</time>
					</trkpt>
					<trkpt lat="46.130960" lon="4.374390">
						<ele>815</ele>
						<time>2026-07-30T17:08:52Z</time>
					</trkpt>
					<trkpt lat="46.130790" lon="4.374260">
						<ele>816</ele>
						<time>2026-07-30T17:09:18Z</time>
					</trkpt>
					<trkpt lat="46.130450" lon="4.374040">
						<ele>819</ele>
						<time>2026-07-30T17:10:08Z</time>
					</trkpt>
					<trkpt lat="46.130160" lon="4.373880">
						<ele>823</ele>
						<time>2026-07-30T17:10:49Z</time>
					</trkpt>
					<trkpt lat="46.129790" lon="4.373660">
						<ele>825</ele>
						<time>2026-07-30T17:11:42Z</time>
					</trkpt>
					<trkpt lat="46.128400" lon="4.373130">
						<ele>834</ele>
						<time>2026-07-30T17:14:54Z</time>
					</trkpt>
					<trkpt lat="46.127940" lon="4.372870">
						<ele>831</ele>
						<time>2026-07-30T17:16:00Z</time>
					</trkpt>
					<trkpt lat="46.127260" lon="4.372330">
						<ele>829</ele>
						<time>2026-07-30T17:17:44Z</time>
					</trkpt>
					<trkpt lat="46.127160" lon="4.372160">
						<ele>829</ele>
						<time>2026-07-30T17:18:04Z</time>
					</trkpt>
					<trkpt lat="46.127130" lon="4.372100">
						<ele>829</ele>
						<time>2026-07-30T17:18:11Z</time>
					</trkpt>
					<trkpt lat="46.126950" lon="4.371620">
						<ele>830</ele>
						<time>2026-07-30T17:19:02Z</time>
					</trkpt>
					<trkpt lat="46.126880" lon="4.371390">
						<ele>830</ele>
						<time>2026-07-30T17:19:25Z</time>
					</trkpt>
					<trkpt lat="46.126860" lon="4.371140">
						<ele>830</ele>
						<time>2026-07-30T17:19:48Z</time>
					</trkpt>
					<trkpt lat="46.126840" lon="4.371140">
						<ele>830</ele>
						<time>2026-07-30T17:19:51Z</time>
					</trkpt>
					<trkpt lat="46.126860" lon="4.371140">
						<ele>830</ele>
						<time>2026-07-30T17:19:54Z</time>
					</trkpt>
					<trkpt lat="46.126870" lon="4.370920">
						<ele>830</ele>
						<time>2026-07-30T17:20:14Z</time>
					</trkpt>
					<trkpt lat="46.126760" lon="4.370920">
						<ele>829</ele>
						<time>2026-07-30T17:20:29Z</time>
					</trkpt>
					<trkpt lat="46.126330" lon="4.370880">
						<ele>831</ele>
						<time>2026-07-30T17:21:26Z</time>
					</trkpt>
					<trkpt lat="46.125980" lon="4.370870">
						<ele>834</ele>
						<time>2026-07-30T17:22:13Z</time>
					</trkpt>
					<trkpt lat="46.125920" lon="4.370900">
						<ele>834</ele>
						<time>2026-07-30T17:22:21Z</time>
					</trkpt>
					<trkpt lat="46.125840" lon="4.370920">
						<ele>834</ele>
						<time>2026-07-30T17:22:32Z</time>
					</trkpt>
					<trkpt lat="46.125070" lon="4.371970">
						<ele>831</ele>
						<time>2026-07-30T17:24:53Z</time>
					</trkpt>
					<trkpt lat="46.124870" lon="4.372160">
						<ele>829</ele>
						<time>2026-07-30T17:25:25Z</time>
					</trkpt>
					<trkpt lat="46.124820" lon="4.372220">
						<ele>828</ele>
						<time>2026-07-30T17:25:34Z</time>
					</trkpt>
					<trkpt lat="46.124370" lon="4.372430">
						<ele>833</ele>
						<time>2026-07-30T17:26:37Z</time>
					</trkpt>
					<trkpt lat="46.124200" lon="4.372600">
						<ele>834</ele>
						<time>2026-07-30T17:27:05Z</time>
					</trkpt>
					<trkpt lat="46.124050" lon="4.372850">
						<ele>832</ele>
						<time>2026-07-30T17:27:35Z</time>
					</trkpt>
					<trkpt lat="46.123910" lon="4.373180">
						<ele>828</ele>
						<time>2026-07-30T17:28:11Z</time>
					</trkpt>
					<trkpt lat="46.123800" lon="4.373520">
						<ele>827</ele>
						<time>2026-07-30T17:28:46Z</time>
					</trkpt>
					<trkpt lat="46.123630" lon="4.374020">
						<ele>829</ele>
						<time>2026-07-30T17:29:37Z</time>
					</trkpt>
					<trkpt lat="46.123510" lon="4.374180">
						<ele>831</ele>
						<time>2026-07-30T17:29:59Z</time>
					</trkpt>
					<trkpt lat="46.123180" lon="4.374460">
						<ele>834</ele>
						<time>2026-07-30T17:30:50Z</time>
					</trkpt>
					<trkpt lat="46.123060" lon="4.374500">
						<ele>832</ele>
						<time>2026-07-30T17:31:07Z</time>
					</trkpt>
					<trkpt lat="46.123250" lon="4.374090">
						<ele>834</ele>
						<time>2026-07-30T17:31:52Z</time>
					</trkpt>
					<trkpt lat="46.123330" lon="4.373860">
						<ele>836</ele>
						<time>2026-07-30T17:32:16Z</time>
					</trkpt>
					<trkpt lat="46.123370" lon="4.373670">
						<ele>837</ele>
						<time>2026-07-30T17:32:35Z</time>
					</trkpt>
					<trkpt lat="46.123370" lon="4.373550">
						<ele>837</ele>
						<time>2026-07-30T17:32:46Z</time>
					</trkpt>
					<trkpt lat="46.123340" lon="4.373370">
						<ele>839</ele>
						<time>2026-07-30T17:33:03Z</time>
					</trkpt>
					<trkpt lat="46.123160" lon="4.372860">
						<ele>841</ele>
						<time>2026-07-30T17:33:56Z</time>
					</trkpt>
					<trkpt lat="46.122970" lon="4.372400">
						<ele>844</ele>
						<time>2026-07-30T17:34:45Z</time>
					</trkpt>
					<trkpt lat="46.122820" lon="4.371940">
						<ele>850</ele>
						<time>2026-07-30T17:35:32Z</time>
					</trkpt>
					<trkpt lat="46.122580" lon="4.371370">
						<ele>855</ele>
						<time>2026-07-30T17:36:34Z</time>
					</trkpt>
					<trkpt lat="46.122130" lon="4.370570">
						<ele>849</ele>
						<time>2026-07-30T17:38:09Z</time>
					</trkpt>
					<trkpt lat="46.121570" lon="4.369700">
						<ele>845</ele>
						<time>2026-07-30T17:39:59Z</time>
					</trkpt>
					<trkpt lat="46.121020" lon="4.369080">
						<ele>841</ele>
						<time>2026-07-30T17:41:32Z</time>
					</trkpt>
					<trkpt lat="46.120600" lon="4.368720">
						<ele>839</ele>
						<time>2026-07-30T17:42:37Z</time>
					</trkpt>
					<trkpt lat="46.120400" lon="4.368540">
						<ele>839</ele>
						<time>2026-07-30T17:43:09Z</time>
					</trkpt>
					<trkpt lat="46.120260" lon="4.368350">
						<ele>840</ele>
						<time>2026-07-30T17:43:34Z</time>
					</trkpt>
					<trkpt lat="46.120080" lon="4.367940">
						<ele>844</ele>
						<time>2026-07-30T17:44:19Z</time>
					</trkpt>
					<trkpt lat="46.119810" lon="4.367250">
						<ele>843</ele>
						<time>2026-07-30T17:45:33Z</time>
					</trkpt>
					<trkpt lat="46.119770" lon="4.367040">
						<ele>842</ele>
						<time>2026-07-30T17:45:53Z</time>
					</trkpt>
					<trkpt lat="46.119760" lon="4.366920">
						<ele>842</ele>
						<time>2026-07-30T17:46:04Z</time>
					</trkpt>
					<trkpt lat="46.119790" lon="4.366780">
						<ele>843</ele>
						<time>2026-07-30T17:46:18Z</time>
					</trkpt>
					<trkpt lat="46.119840" lon="4.366610">
						<ele>844</ele>
						<time>2026-07-30T17:46:35Z</time>
					</trkpt>
					<trkpt lat="46.119900" lon="4.366480">
						<ele>844</ele>
						<time>2026-07-30T17:46:49Z</time>
					</trkpt>
					<trkpt lat="46.120040" lon="4.366290">
						<ele>845</ele>
						<time>2026-07-30T17:47:15Z</time>
					</trkpt>
					<trkpt lat="46.120380" lon="4.365990">
						<ele>843</ele>
						<time>2026-07-30T17:48:08Z</time>
					</trkpt>
					<trkpt lat="46.120550" lon="4.365790">
						<ele>841</ele>
						<time>2026-07-30T17:48:37Z</time>
					</trkpt>
					<trkpt lat="46.120690" lon="4.365640">
						<ele>839</ele>
						<time>2026-07-30T17:49:00Z</time>
					</trkpt>
					<trkpt lat="46.120750" lon="4.365540">
						<ele>837</ele>
						<time>2026-07-30T17:49:13Z</time>
					</trkpt>
					<trkpt lat="46.120890" lon="4.365230">
						<ele>834</ele>
						<time>2026-07-30T17:49:47Z</time>
					</trkpt>
					<trkpt lat="46.121060" lon="4.364660">
						<ele>828</ele>
						<time>2026-07-30T17:50:44Z</time>
					</trkpt>
					<trkpt lat="46.121290" lon="4.364940">
						<ele>833</ele>
						<time>2026-07-30T17:51:24Z</time>
					</trkpt>
					<trkpt lat="46.121410" lon="4.365030">
						<ele>835</ele>
						<time>2026-07-30T17:51:43Z</time>
					</trkpt>
					<trkpt lat="46.121510" lon="4.365070">
						<ele>836</ele>
						<time>2026-07-30T17:51:56Z</time>
					</trkpt>
					<trkpt lat="46.121580" lon="4.365080">
						<ele>836</ele>
						<time>2026-07-30T17:52:06Z</time>
					</trkpt>
					<trkpt lat="46.121670" lon="4.365090">
						<ele>837</ele>
						<time>2026-07-30T17:52:18Z</time>
					</trkpt>
					<trkpt lat="46.121790" lon="4.365150">
						<ele>840</ele>
						<time>2026-07-30T17:52:35Z</time>
					</trkpt>
					<trkpt lat="46.121820" lon="4.365160">
						<ele>841</ele>
						<time>2026-07-30T17:52:39Z</time>
					</trkpt>
					<trkpt lat="46.122170" lon="4.365490">
						<ele>852</ele>
						<time>2026-07-30T17:53:35Z</time>
					</trkpt>
					<trkpt lat="46.122460" lon="4.365850">
						<ele>861</ele>
						<time>2026-07-30T17:54:26Z</time>
					</trkpt>
					<trkpt lat="46.122570" lon="4.365950">
						<ele>865</ele>
						<time>2026-07-30T17:54:43Z</time>
					</trkpt>
					<trkpt lat="46.122680" lon="4.366000">
						<ele>867</ele>
						<time>2026-07-30T17:54:58Z</time>
					</trkpt>
					<trkpt lat="46.122990" lon="4.366070">
						<ele>873</ele>
						<time>2026-07-30T17:55:40Z</time>
					</trkpt>
					<trkpt lat="46.123480" lon="4.366280">
						<ele>881</ele>
						<time>2026-07-30T17:56:49Z</time>
					</trkpt>
					<trkpt lat="46.123630" lon="4.366400">
						<ele>883</ele>
						<time>2026-07-30T17:57:11Z</time>
					</trkpt>
					<trkpt lat="46.123990" lon="4.366740">
						<ele>884</ele>
						<time>2026-07-30T17:58:09Z</time>
					</trkpt>
					<trkpt lat="46.124160" lon="4.366840">
						<ele>883</ele>
						<time>2026-07-30T17:58:33Z</time>
					</trkpt>
					<trkpt lat="46.124870" lon="4.367100">
						<ele>876</ele>
						<time>2026-07-30T18:00:11Z</time>
					</trkpt>
					<trkpt lat="46.125220" lon="4.367180">
						<ele>873</ele>
						<time>2026-07-30T18:00:58Z</time>
					</trkpt>
					<trkpt lat="46.125780" lon="4.367160">
						<ele>869</ele>
						<time>2026-07-30T18:02:13Z</time>
					</trkpt>
					<trkpt lat="46.125980" lon="4.367180">
						<ele>870</ele>
						<time>2026-07-30T18:02:40Z</time>
					</trkpt>
					<trkpt lat="46.126100" lon="4.367230">
						<ele>870</ele>
						<time>2026-07-30T18:02:57Z</time>
					</trkpt>
					<trkpt lat="46.126250" lon="4.367390">
						<ele>870</ele>
						<time>2026-07-30T18:03:21Z</time>
					</trkpt>
					<trkpt lat="46.126500" lon="4.367640">
						<ele>869</ele>
						<time>2026-07-30T18:04:02Z</time>
					</trkpt>
					<trkpt lat="46.126620" lon="4.367800">
						<ele>867</ele>
						<time>2026-07-30T18:04:24Z</time>
					</trkpt>
					<trkpt lat="46.127390" lon="4.368500">
						<ele>863</ele>
						<time>2026-07-30T18:06:25Z</time>
					</trkpt>
					<trkpt lat="46.127820" lon="4.368720">
						<ele>858</ele>
						<time>2026-07-30T18:07:26Z</time>
					</trkpt>
					<trkpt lat="46.128030" lon="4.368940">
						<ele>854</ele>
						<time>2026-07-30T18:08:01Z</time>
					</trkpt>
					<trkpt lat="46.128210" lon="4.369170">
						<ele>850</ele>
						<time>2026-07-30T18:08:33Z</time>
					</trkpt>
					<trkpt lat="46.128360" lon="4.369480">
						<ele>848</ele>
						<time>2026-07-30T18:09:08Z</time>
					</trkpt>
					<trkpt lat="46.128450" lon="4.369630">
						<ele>846</ele>
						<time>2026-07-30T18:09:26Z</time>
					</trkpt>
					<trkpt lat="46.128480" lon="4.369790">
						<ele>844</ele>
						<time>2026-07-30T18:09:42Z</time>
					</trkpt>
					<trkpt lat="46.128520" lon="4.369670">
						<ele>845</ele>
						<time>2026-07-30T18:09:54Z</time>
					</trkpt>
					<trkpt lat="46.128970" lon="4.370180">
						<ele>840</ele>
						<time>2026-07-30T18:11:10Z</time>
					</trkpt>
					<trkpt lat="46.129160" lon="4.369480">
						<ele>837</ele>
						<time>2026-07-30T18:12:20Z</time>
					</trkpt>
					<trkpt lat="46.129360" lon="4.368640">
						<ele>835</ele>
						<time>2026-07-30T18:13:42Z</time>
					</trkpt>
					<trkpt lat="46.129420" lon="4.368040">
						<ele>837</ele>
						<time>2026-07-30T18:14:38Z</time>
					</trkpt>
					<trkpt lat="46.129470" lon="4.366990">
						<ele>843</ele>
						<time>2026-07-30T18:16:15Z</time>
					</trkpt>
					<trkpt lat="46.129590" lon="4.365840">
						<ele>843</ele>
						<time>2026-07-30T18:18:03Z</time>
					</trkpt>
					<trkpt lat="46.129650" lon="4.365100">
						<ele>845</ele>
						<time>2026-07-30T18:19:12Z</time>
					</trkpt>
					<trkpt lat="46.129790" lon="4.364040">
						<ele>843</ele>
						<time>2026-07-30T18:20:52Z</time>
					</trkpt>
					<trkpt lat="46.129850" lon="4.363870">
						<ele>842</ele>
						<time>2026-07-30T18:21:09Z</time>
					</trkpt>
					<trkpt lat="46.129840" lon="4.363850">
						<ele>842</ele>
						<time>2026-07-30T18:21:11Z</time>
					</trkpt>
					<trkpt lat="46.129850" lon="4.363870">
						<ele>842</ele>
						<time>2026-07-30T18:21:14Z</time>
					</trkpt>
					<trkpt lat="46.130150" lon="4.363810">
						<ele>839</ele>
						<time>2026-07-30T18:21:54Z</time>
					</trkpt>
					<trkpt lat="46.130220" lon="4.363830">
						<ele>838</ele>
						<time>2026-07-30T18:22:04Z</time>
					</trkpt>
					<trkpt lat="46.130310" lon="4.363870">
						<ele>837</ele>
						<time>2026-07-30T18:22:16Z</time>
					</trkpt>
					<trkpt lat="46.130970" lon="4.364220">
						<ele>829</ele>
						<time>2026-07-30T18:23:50Z</time>
					</trkpt>
					<trkpt lat="46.131450" lon="4.364590">
						<ele>828</ele>
						<time>2026-07-30T18:25:03Z</time>
					</trkpt>
					<trkpt lat="46.131670" lon="4.364730">
						<ele>827</ele>
						<time>2026-07-30T18:25:35Z</time>
					</trkpt>
					<trkpt lat="46.131750" lon="4.364730">
						<ele>826</ele>
						<time>2026-07-30T18:25:45Z</time>
					</trkpt>
					<trkpt lat="46.131890" lon="4.364700">
						<ele>826</ele>
						<time>2026-07-30T18:26:04Z</time>
					</trkpt>
					<trkpt lat="46.132200" lon="4.364570">
						<ele>825</ele>
						<time>2026-07-30T18:26:47Z</time>
					</trkpt>
					<trkpt lat="46.132540" lon="4.364360">
						<ele>824</ele>
						<time>2026-07-30T18:27:37Z</time>
					</trkpt>
					<trkpt lat="46.132750" lon="4.364100">
						<ele>821</ele>
						<time>2026-07-30T18:28:14Z</time>
					</trkpt>
					<trkpt lat="46.132980" lon="4.363790">
						<ele>818</ele>
						<time>2026-07-30T18:28:56Z</time>
					</trkpt>
					<trkpt lat="46.133380" lon="4.363460">
						<ele>812</ele>
						<time>2026-07-30T18:29:57Z</time>
					</trkpt>
					<trkpt lat="46.133580" lon="4.363300">
						<ele>813</ele>
						<time>2026-07-30T18:30:28Z</time>
					</trkpt>
					<trkpt lat="46.133680" lon="4.363230">
						<ele>814</ele>
						<time>2026-07-30T18:30:43Z</time>
					</trkpt>
					<trkpt lat="46.133880" lon="4.363210">
						<ele>814</ele>
						<time>2026-07-30T18:31:09Z</time>
					</trkpt>
					<trkpt lat="46.134150" lon="4.363280">
						<ele>812</ele>
						<time>2026-07-30T18:31:46Z</time>
					</trkpt>
					<trkpt lat="46.134380" lon="4.363380">
						<ele>810</ele>
						<time>2026-07-30T18:32:18Z</time>
					</trkpt>
					<trkpt lat="46.134560" lon="4.363540">
						<ele>808</ele>
						<time>2026-07-30T18:32:46Z</time>
					</trkpt>
					<trkpt lat="46.134780" lon="4.363670">
						<ele>806</ele>
						<time>2026-07-30T18:33:18Z</time>
					</trkpt>
					<trkpt lat="46.135090" lon="4.363670">
						<ele>805</ele>
						<time>2026-07-30T18:33:59Z</time>
					</trkpt>
					<trkpt lat="46.135290" lon="4.363590">
						<ele>805</ele>
						<time>2026-07-30T18:34:27Z</time>
					</trkpt>
					<trkpt lat="46.135470" lon="4.363420">
						<ele>806</ele>
						<time>2026-07-30T18:34:56Z</time>
					</trkpt>
					<trkpt lat="46.135740" lon="4.363120">
						<ele>807</ele>
						<time>2026-07-30T18:35:41Z</time>
					</trkpt>
					<trkpt lat="46.136120" lon="4.362730">
						<ele>806</ele>
						<time>2026-07-30T18:36:43Z</time>
					</trkpt>
					<trkpt lat="46.136410" lon="4.362540">
						<ele>805</ele>
						<time>2026-07-30T18:37:26Z</time>
					</trkpt>
					<trkpt lat="46.136710" lon="4.362500">
						<ele>803</ele>
						<time>2026-07-30T18:38:06Z</time>
					</trkpt>
					<trkpt lat="46.136880" lon="4.362520">
						<ele>804</ele>
						<time>2026-07-30T18:38:29Z</time>
					</trkpt>
					<trkpt lat="46.137090" lon="4.362650">
						<ele>805</ele>
						<time>2026-07-30T18:38:59Z</time>
					</trkpt>
					<trkpt lat="46.137180" lon="4.362820">
						<ele>804</ele>
						<time>2026-07-30T18:39:19Z</time>
					</trkpt>
					<trkpt lat="46.137240" lon="4.362990">
						<ele>803</ele>
						<time>2026-07-30T18:39:37Z</time>
					</trkpt>
					<trkpt lat="46.137260" lon="4.363170">
						<ele>802</ele>
						<time>2026-07-30T18:39:54Z</time>
					</trkpt>
					<trkpt lat="46.137360" lon="4.363610">
						<ele>799</ele>
						<time>2026-07-30T18:40:36Z</time>
					</trkpt>
					<trkpt lat="46.137580" lon="4.364120">
						<ele>797</ele>
						<time>2026-07-30T18:41:32Z</time>
					</trkpt>
					<trkpt lat="46.137900" lon="4.364490">
						<ele>794</ele>
						<time>2026-07-30T18:42:27Z</time>
					</trkpt>
					<trkpt lat="46.138050" lon="4.364590">
						<ele>793</ele>
						<time>2026-07-30T18:42:49Z</time>
					</trkpt>
					<trkpt lat="46.138160" lon="4.364630">
						<ele>793</ele>
						<time>2026-07-30T18:43:04Z</time>
					</trkpt>
					<trkpt lat="46.138270" lon="4.364630">
						<ele>793</ele>
						<time>2026-07-30T18:43:19Z</time>
					</trkpt>
					<trkpt lat="46.138810" lon="4.364440">
						<ele>791</ele>
						<time>2026-07-30T18:44:33Z</time>
					</trkpt>
					<trkpt lat="46.138950" lon="4.364390">
						<ele>790</ele>
						<time>2026-07-30T18:44:52Z</time>
					</trkpt>
					<trkpt lat="46.139610" lon="4.364260">
						<ele>786</ele>
						<time>2026-07-30T18:46:21Z</time>
					</trkpt>
					<trkpt lat="46.140000" lon="4.364120">
						<ele>784</ele>
						<time>2026-07-30T18:47:14Z</time>
					</trkpt>
					<trkpt lat="46.140440" lon="4.363890">
						<ele>782</ele>
						<time>2026-07-30T18:48:17Z</time>
					</trkpt>
					<trkpt lat="46.140470" lon="4.363870">
						<ele>781</ele>
						<time>2026-07-30T18:48:21Z</time>
					</trkpt>
					<trkpt lat="46.140480" lon="4.363840">
						<ele>781</ele>
						<time>2026-07-30T18:48:24Z</time>
					</trkpt>
					<trkpt lat="46.140490" lon="4.363780">
						<ele>781</ele>
						<time>2026-07-30T18:48:30Z</time>
					</trkpt>
					<trkpt lat="46.140610" lon="4.363780">
						<ele>780</ele>
						<time>2026-07-30T18:48:46Z</time>
					</trkpt>
					<trkpt lat="46.140660" lon="4.363890">
						<ele>780</ele>
						<time>2026-07-30T18:48:58Z</time>
					</trkpt>
					<trkpt lat="46.140920" lon="4.364160">
						<ele>781</ele>
						<time>2026-07-30T18:49:41Z</time>
					</trkpt>
					<trkpt lat="46.141150" lon="4.364320">
						<ele>783</ele>
						<time>2026-07-30T18:50:15Z</time>
					</trkpt>
					<trkpt lat="46.141460" lon="4.364440">
						<ele>787</ele>
						<time>2026-07-30T18:50:58Z</time>
					</trkpt>
					<trkpt lat="46.141640" lon="4.364550">
						<ele>789</ele>
						<time>2026-07-30T18:51:24Z</time>
					</trkpt>
					<trkpt lat="46.142000" lon="4.364840">
						<ele>789</ele>
						<time>2026-07-30T18:52:19Z</time>
					</trkpt>
					<trkpt lat="46.142530" lon="4.365180">
						<ele>791</ele>
						<time>2026-07-30T18:53:36Z</time>
					</trkpt>
					<trkpt lat="46.142860" lon="4.365470">
						<ele>795</ele>
						<time>2026-07-30T18:54:28Z</time>
					</trkpt>
					<trkpt lat="46.143130" lon="4.365760">
						<ele>797</ele>
						<time>2026-07-30T18:55:13Z</time>
					</trkpt>
					<trkpt lat="46.143590" lon="4.366280">
						<ele>800</ele>
						<time>2026-07-30T18:56:31Z</time>
					</trkpt>
					<trkpt lat="46.143990" lon="4.366680">
						<ele>801</ele>
						<time>2026-07-30T18:57:36Z</time>
					</trkpt>
					<trkpt lat="46.144370" lon="4.366940">
						<ele>801</ele>
						<time>2026-07-30T18:58:32Z</time>
					</trkpt>
					<trkpt lat="46.144770" lon="4.367230">
						<ele>804</ele>
						<time>2026-07-30T18:59:32Z</time>
					</trkpt>
					<trkpt lat="46.144930" lon="4.367380">
						<ele>806</ele>
						<time>2026-07-30T18:59:57Z</time>
					</trkpt>
					<trkpt lat="46.145080" lon="4.367590">
						<ele>808</ele>
						<time>2026-07-30T19:00:25Z</time>
					</trkpt>
					<trkpt lat="46.145530" lon="4.368140">
						<ele>808</ele>
						<time>2026-07-30T19:01:44Z</time>
					</trkpt>
					<trkpt lat="46.145740" lon="4.368390">
						<ele>807</ele>
						<time>2026-07-30T19:02:20Z</time>
					</trkpt>
					<trkpt lat="46.146000" lon="4.368600">
						<ele>807</ele>
						<time>2026-07-30T19:03:00Z</time>
					</trkpt>
					<trkpt lat="46.146310" lon="4.368860">
						<ele>807</ele>
						<time>2026-07-30T19:03:48Z</time>
					</trkpt>
					<trkpt lat="46.146570" lon="4.369120">
						<ele>806</ele>
						<time>2026-07-30T19:04:30Z</time>
					</trkpt>
					<trkpt lat="46.146750" lon="4.369330">
						<ele>804</ele>
						<time>2026-07-30T19:05:01Z</time>
					</trkpt>
					<trkpt lat="46.147000" lon="4.369710">
						<ele>802</ele>
						<time>2026-07-30T19:05:49Z</time>
					</trkpt>
					<trkpt lat="46.147220" lon="4.370090">
						<ele>800</ele>
						<time>2026-07-30T19:06:35Z</time>
					</trkpt>
					<trkpt lat="46.147500" lon="4.370620">
						<ele>798</ele>
						<time>2026-07-30T19:07:37Z</time>
					</trkpt>
					<trkpt lat="46.147570" lon="4.370790">
						<ele>797</ele>
						<time>2026-07-30T19:07:55Z</time>
					</trkpt>
					<trkpt lat="46.147600" lon="4.370900">
						<ele>797</ele>
						<time>2026-07-30T19:08:06Z</time>
					</trkpt>
					<trkpt lat="46.147630" lon="4.371160">
						<ele>797</ele>
						<time>2026-07-30T19:08:30Z</time>
					</trkpt>
					<trkpt lat="46.147690" lon="4.371290">
						<ele>796</ele>
						<time>2026-07-30T19:08:45Z</time>
					</trkpt>
					<trkpt lat="46.147790" lon="4.371550">
						<ele>795</ele>
						<time>2026-07-30T19:09:12Z</time>
					</trkpt>
					<trkpt lat="46.147920" lon="4.372120">
						<ele>793</ele>
						<time>2026-07-30T19:10:08Z</time>
					</trkpt>
					<trkpt lat="46.148020" lon="4.372500">
						<ele>791</ele>
						<time>2026-07-30T19:10:45Z</time>
					</trkpt>
					<trkpt lat="46.148120" lon="4.372790">
						<ele>790</ele>
						<time>2026-07-30T19:11:15Z</time>
					</trkpt>
					<trkpt lat="46.148200" lon="4.372990">
						<ele>789</ele>
						<time>2026-07-30T19:11:36Z</time>
					</trkpt>
					<trkpt lat="46.148210" lon="4.373080">
						<ele>789</ele>
						<time>2026-07-30T19:11:45Z</time>
					</trkpt>
					<trkpt lat="46.148190" lon="4.373230">
						<ele>789</ele>
						<time>2026-07-30T19:11:59Z</time>
					</trkpt>
					<trkpt lat="46.148210" lon="4.373370">
						<ele>789</ele>
						<time>2026-07-30T19:12:12Z</time>
					</trkpt>
					<trkpt lat="46.148450" lon="4.374350">
						<ele>794</ele>
						<time>2026-07-30T19:13:48Z</time>
					</trkpt>
					<trkpt lat="46.148530" lon="4.374710">
						<ele>793</ele>
						<time>2026-07-30T19:14:23Z</time>
					</trkpt>
					<trkpt lat="46.148560" lon="4.374800">
						<ele>793</ele>
						<time>2026-07-30T19:14:33Z</time>
					</trkpt>
					<trkpt lat="46.148610" lon="4.374900">
						<ele>793</ele>
						<time>2026-07-30T19:14:44Z</time>
					</trkpt>
					<trkpt lat="46.148850" lon="4.375270">
						<ele>793</ele>
						<time>2026-07-30T19:15:31Z</time>
					</trkpt>
					<trkpt lat="46.149330" lon="4.375910">
						<ele>796</ele>
						<time>2026-07-30T19:16:58Z</time>
					</trkpt>
					<trkpt lat="46.149810" lon="4.376650">
						<ele>798</ele>
						<time>2026-07-30T19:18:32Z</time>
					</trkpt>
					<trkpt lat="46.149910" lon="4.376940">
						<ele>797</ele>
						<time>2026-07-30T19:19:02Z</time>
					</trkpt>
					<trkpt lat="46.149980" lon="4.377300">
						<ele>795</ele>
						<time>2026-07-30T19:19:36Z</time>
					</trkpt>
					<trkpt lat="46.150000" lon="4.377490">
						<ele>794</ele>
						<time>2026-07-30T19:19:54Z</time>
					</trkpt>
					<trkpt lat="46.149990" lon="4.377630">
						<ele>794</ele>
						<time>2026-07-30T19:20:07Z</time>
					</trkpt>
					<trkpt lat="46.149970" lon="4.377900">
						<ele>795</ele>
						<time>2026-07-30T19:20:32Z</time>
					</trkpt>
					<trkpt lat="46.149880" lon="4.378520">
						<ele>795</ele>
						<time>2026-07-30T19:21:31Z</time>
					</trkpt>
					<trkpt lat="46.149860" lon="4.378650">
						<ele>796</ele>
						<time>2026-07-30T19:21:43Z</time>
					</trkpt>
					<trkpt lat="46.149860" lon="4.378890">
						<ele>797</ele>
						<time>2026-07-30T19:22:05Z</time>
					</trkpt>
					<trkpt lat="46.149870" lon="4.379090">
						<ele>799</ele>
						<time>2026-07-30T19:22:24Z</time>
					</trkpt>
					<trkpt lat="46.149920" lon="4.379420">
						<ele>803</ele>
						<time>2026-07-30T19:22:55Z</time>
					</trkpt>
					<trkpt lat="46.149990" lon="4.379840">
						<ele>809</ele>
						<time>2026-07-30T19:23:35Z</time>
					</trkpt>
					<trkpt lat="46.150050" lon="4.380370">
						<ele>812</ele>
						<time>2026-07-30T19:24:25Z</time>
					</trkpt>
					<trkpt lat="46.150070" lon="4.380620">
						<ele>814</ele>
						<time>2026-07-30T19:24:48Z</time>
					</trkpt>
					<trkpt lat="46.150060" lon="4.380800">
						<ele>814</ele>
						<time>2026-07-30T19:25:04Z</time>
					</trkpt>
					<trkpt lat="46.150010" lon="4.381070">
						<ele>814</ele>
						<time>2026-07-30T19:25:30Z</time>
					</trkpt>
					<trkpt lat="46.149930" lon="4.381290">
						<ele>813</ele>
						<time>2026-07-30T19:25:53Z</time>
					</trkpt>
					<trkpt lat="46.149850" lon="4.381460">
						<ele>813</ele>
						<time>2026-07-30T19:26:12Z</time>
					</trkpt>
					<trkpt lat="46.149380" lon="4.382070">
						<ele>811</ele>
						<time>2026-07-30T19:27:37Z</time>
					</trkpt>
					<trkpt lat="46.148910" lon="4.382940">
						<ele>804</ele>
						<time>2026-07-30T19:29:19Z</time>
					</trkpt>
					<trkpt lat="46.148200" lon="4.384290">
						<ele>800</ele>
						<time>2026-07-30T19:31:55Z</time>
					</trkpt>
					<trkpt lat="46.147920" lon="4.384910">
						<ele>799</ele>
						<time>2026-07-30T19:33:04Z</time>
					</trkpt>
					<trkpt lat="46.147150" lon="4.386680">
						<ele>792</ele>
						<time>2026-07-30T19:36:17Z</time>
					</trkpt>
					<trkpt lat="46.147070" lon="4.386910">
						<ele>791</ele>
						<time>2026-07-30T19:36:41Z</time>
					</trkpt>
					<trkpt lat="46.147010" lon="4.387230">
						<ele>791</ele>
						<time>2026-07-30T19:37:11Z</time>
					</trkpt>
					<trkpt lat="46.146870" lon="4.387530">
						<ele>791</ele>
						<time>2026-07-30T19:37:45Z</time>
					</trkpt>
					<trkpt lat="46.146770" lon="4.387700">
						<ele>792</ele>
						<time>2026-07-30T19:38:05Z</time>
					</trkpt>
					<trkpt lat="46.146810" lon="4.387860">
						<ele>792</ele>
						<time>2026-07-30T19:38:21Z</time>
					</trkpt>
					<trkpt lat="46.146940" lon="4.388470">
						<ele>795</ele>
						<time>2026-07-30T19:39:20Z</time>
					</trkpt>
					<trkpt lat="46.146970" lon="4.388660">
						<ele>797</ele>
						<time>2026-07-30T19:39:38Z</time>
					</trkpt>
					<trkpt lat="46.146950" lon="4.388790">
						<ele>799</ele>
						<time>2026-07-30T19:39:51Z</time>
					</trkpt>
					<trkpt lat="46.146940" lon="4.389120">
						<ele>802</ele>
						<time>2026-07-30T19:40:21Z</time>
					</trkpt>
					<trkpt lat="46.146970" lon="4.389730">
						<ele>805</ele>
						<time>2026-07-30T19:41:18Z</time>
					</trkpt>
					<trkpt lat="46.146970" lon="4.390290">
						<ele>808</ele>
						<time>2026-07-30T19:42:09Z</time>
					</trkpt>
					<trkpt lat="46.146970" lon="4.390390">
						<ele>808</ele>
						<time>2026-07-30T19:42:19Z</time>
					</trkpt>
					<trkpt lat="46.146950" lon="4.390460">
						<ele>808</ele>
						<time>2026-07-30T19:42:26Z</time>
					</trkpt>
					<trkpt lat="46.146860" lon="4.390670">
						<ele>809</ele>
						<time>2026-07-30T19:42:48Z</time>
					</trkpt>
					<trkpt lat="46.146860" lon="4.390730">
						<ele>809</ele>
						<time>2026-07-30T19:42:54Z</time>
					</trkpt>
					<trkpt lat="46.146860" lon="4.390860">
						<ele>809</ele>
						<time>2026-07-30T19:43:06Z</time>
					</trkpt>
					<trkpt lat="46.146820" lon="4.391330">
						<ele>810</ele>
						<time>2026-07-30T19:43:50Z</time>
					</trkpt>
					<trkpt lat="46.146810" lon="4.391840">
						<ele>811</ele>
						<time>2026-07-30T19:44:37Z</time>
					</trkpt>
					<trkpt lat="46.146820" lon="4.392150">
						<ele>810</ele>
						<time>2026-07-30T19:45:06Z</time>
					</trkpt>
					<trkpt lat="46.146740" lon="4.392790">
						<ele>809</ele>
						<time>2026-07-30T19:46:06Z</time>
					</trkpt>
					<trkpt lat="46.146700" lon="4.392910">
						<ele>809</ele>
						<time>2026-07-30T19:46:18Z</time>
					</trkpt>
					<trkpt lat="46.146600" lon="4.393110">
						<ele>809</ele>
						<time>2026-07-30T19:46:41Z</time>
					</trkpt>
					<trkpt lat="46.146420" lon="4.393400">
						<ele>811</ele>
						<time>2026-07-30T19:47:17Z</time>
					</trkpt>
					<trkpt lat="46.146340" lon="4.393600">
						<ele>812</ele>
						<time>2026-07-30T19:47:38Z</time>
					</trkpt>
					<trkpt lat="46.146040" lon="4.394440">
						<ele>816</ele>
						<time>2026-07-30T19:49:06Z</time>
					</trkpt>
					<trkpt lat="46.145900" lon="4.394870">
						<ele>819</ele>
						<time>2026-07-30T19:49:50Z</time>
					</trkpt>
					<trkpt lat="46.145830" lon="4.395290">
						<ele>820</ele>
						<time>2026-07-30T19:50:29Z</time>
					</trkpt>
					<trkpt lat="46.145770" lon="4.395950">
						<ele>822</ele>
						<time>2026-07-30T19:51:31Z</time>
					</trkpt>
					<trkpt lat="46.145760" lon="4.396370">
						<ele>823</ele>
						<time>2026-07-30T19:52:10Z</time>
					</trkpt>
					<trkpt lat="46.145780" lon="4.396660">
						<ele>823</ele>
						<time>2026-07-30T19:52:37Z</time>
					</trkpt>
					<trkpt lat="46.145880" lon="4.397110">
						<ele>823</ele>
						<time>2026-07-30T19:53:21Z</time>
					</trkpt>
					<trkpt lat="46.146100" lon="4.397770">
						<ele>823</ele>
						<time>2026-07-30T19:54:28Z</time>
					</trkpt>
					<trkpt lat="46.146320" lon="4.398310">
						<ele>823</ele>
						<time>2026-07-30T19:55:26Z</time>
					</trkpt>
					<trkpt lat="46.146440" lon="4.398670">
						<ele>821</ele>
						<time>2026-07-30T19:56:03Z</time>
					</trkpt>
					<trkpt lat="46.146520" lon="4.398970">
						<ele>821</ele>
						<time>2026-07-30T19:56:33Z</time>
					</trkpt>
					<trkpt lat="46.146580" lon="4.399280">
						<ele>820</ele>
						<time>2026-07-30T19:57:03Z</time>
					</trkpt>
					<trkpt lat="46.146590" lon="4.399520">
						<ele>819</ele>
						<time>2026-07-30T19:57:25Z</time>
					</trkpt>
					<trkpt lat="46.146580" lon="4.399720">
						<ele>820</ele>
						<time>2026-07-30T19:57:43Z</time>
					</trkpt>
					<trkpt lat="46.146540" lon="4.399980">
						<ele>821</ele>
						<time>2026-07-30T19:58:08Z</time>
					</trkpt>
					<trkpt lat="46.146440" lon="4.400320">
						<ele>822</ele>
						<time>2026-07-30T19:58:42Z</time>
					</trkpt>
					<trkpt lat="46.146160" lon="4.400940">
						<ele>824</ele>
						<time>2026-07-30T19:59:51Z</time>
					</trkpt>
					<trkpt lat="46.145400" lon="4.402340">
						<ele>819</ele>
						<time>2026-07-30T20:02:35Z</time>
					</trkpt>
					<trkpt lat="46.144750" lon="4.403190">
						<ele>815</ele>
						<time>2026-07-30T20:04:32Z</time>
					</trkpt>
					<trkpt lat="46.144340" lon="4.403590">
						<ele>816</ele>
						<time>2026-07-30T20:05:38Z</time>
					</trkpt>
					<trkpt lat="46.143640" lon="4.404580">
						<ele>813</ele>
						<time>2026-07-30T20:07:49Z</time>
					</trkpt>
					<trkpt lat="46.142880" lon="4.405670">
						<ele>807</ele>
						<time>2026-07-30T20:10:12Z</time>
					</trkpt>
					<trkpt lat="46.142780" lon="4.405810">
						<ele>807</ele>
						<time>2026-07-30T20:10:30Z</time>
					</trkpt>
					<trkpt lat="46.142620" lon="4.405960">
						<ele>808</ele>
						<time>2026-07-30T20:10:56Z</time>
					</trkpt>
					<trkpt lat="46.142360" lon="4.406150">
						<ele>810</ele>
						<time>2026-07-30T20:11:35Z</time>
					</trkpt>
					<trkpt lat="46.141920" lon="4.406310">
						<ele>815</ele>
						<time>2026-07-30T20:12:35Z</time>
					</trkpt>
					<trkpt lat="46.141830" lon="4.406320">
						<ele>816</ele>
						<time>2026-07-30T20:12:47Z</time>
					</trkpt>
					<trkpt lat="46.141630" lon="4.406270">
						<ele>820</ele>
						<time>2026-07-30T20:13:14Z</time>
					</trkpt>
					<trkpt lat="46.141470" lon="4.406260">
						<ele>822</ele>
						<time>2026-07-30T20:13:36Z</time>
					</trkpt>
					<trkpt lat="46.141100" lon="4.406360">
						<ele>825</ele>
						<time>2026-07-30T20:14:26Z</time>
					</trkpt>
					<trkpt lat="46.140770" lon="4.406300">
						<ele>831</ele>
						<time>2026-07-30T20:15:10Z</time>
					</trkpt>
					<trkpt lat="46.140470" lon="4.406400">
						<ele>836</ele>
						<time>2026-07-30T20:15:52Z</time>
					</trkpt>
					<trkpt lat="46.140290" lon="4.406560">
						<ele>837</ele>
						<time>2026-07-30T20:16:20Z</time>
					</trkpt>
					<trkpt lat="46.139940" lon="4.407080">
						<ele>836</ele>
						<time>2026-07-30T20:17:27Z</time>
					</trkpt>
					<trkpt lat="46.139710" lon="4.407670">
						<ele>828</ele>
						<time>2026-07-30T20:18:29Z</time>
					</trkpt>
					<trkpt lat="46.139590" lon="4.407890">
						<ele>825</ele>
						<time>2026-07-30T20:18:55Z</time>
					</trkpt>
					<trkpt lat="46.139120" lon="4.408240">
						<ele>828</ele>
						<time>2026-07-30T20:20:06Z</time>
					</trkpt>
					<trkpt lat="46.138800" lon="4.408360">
						<ele>830</ele>
						<time>2026-07-30T20:20:50Z</time>
					</trkpt>
					<trkpt lat="46.138430" lon="4.408600">
						<ele>830</ele>
						<time>2026-07-30T20:21:44Z</time>
					</trkpt>
					<trkpt lat="46.137940" lon="4.408790">
						<ele>833</ele>
						<time>2026-07-30T20:22:52Z</time>
					</trkpt>
					<trkpt lat="46.137580" lon="4.408950">
						<ele>837</ele>
						<time>2026-07-30T20:23:42Z</time>
					</trkpt>
					<trkpt lat="46.137410" lon="4.408970">
						<ele>838</ele>
						<time>2026-07-30T20:24:05Z</time>
					</trkpt>
					<trkpt lat="46.137370" lon="4.409010">
						<ele>838</ele>
						<time>2026-07-30T20:24:11Z</time>
					</trkpt>
					<trkpt lat="46.137230" lon="4.408910">
						<ele>838</ele>
						<time>2026-07-30T20:24:32Z</time>
					</trkpt>
					<trkpt lat="46.137060" lon="4.408800">
						<ele>838</ele>
						<time>2026-07-30T20:24:57Z</time>
					</trkpt>
					<trkpt lat="46.137010" lon="4.408980">
						<ele>838</ele>
						<time>2026-07-30T20:25:15Z</time>
					</trkpt>
					<trkpt lat="46.136780" lon="4.409970">
						<ele>841</ele>
						<time>2026-07-30T20:26:52Z</time>
					</trkpt>
					<trkpt lat="46.136680" lon="4.410570">
						<ele>845</ele>
						<time>2026-07-30T20:27:49Z</time>
					</trkpt>
					<trkpt lat="46.136630" lon="4.411030">
						<ele>848</ele>
						<time>2026-07-30T20:28:32Z</time>
					</trkpt>
					<trkpt lat="46.136600" lon="4.411250">
						<ele>849</ele>
						<time>2026-07-30T20:28:52Z</time>
					</trkpt>
					<trkpt lat="46.136510" lon="4.411570">
						<ele>851</ele>
						<time>2026-07-30T20:29:24Z</time>
					</trkpt>
					<trkpt lat="46.136340" lon="4.411970">
						<ele>851</ele>
						<time>2026-07-30T20:30:08Z</time>
					</trkpt>
					<trkpt lat="46.136310" lon="4.411980">
						<ele>851</ele>
						<time>2026-07-30T20:30:12Z</time>
					</trkpt>
					<trkpt lat="46.135830" lon="4.411830">
						<ele>848</ele>
						<time>2026-07-30T20:31:17Z</time>
					</trkpt>
					<trkpt lat="46.135550" lon="4.411700">
						<ele>845</ele>
						<time>2026-07-30T20:31:57Z</time>
					</trkpt>
					<trkpt lat="46.135200" lon="4.411470">
						<ele>840</ele>
						<time>2026-07-30T20:32:48Z</time>
					</trkpt>
					<trkpt lat="46.135010" lon="4.411410">
						<ele>837</ele>
						<time>2026-07-30T20:33:14Z</time>
					</trkpt>
					<trkpt lat="46.134900" lon="4.411390">
						<ele>837</ele>
						<time>2026-07-30T20:33:29Z</time>
					</trkpt>
					<trkpt lat="46.134800" lon="4.411360">
						<ele>837</ele>
						<time>2026-07-30T20:33:42Z</time>
					</trkpt>
					<trkpt lat="46.134320" lon="4.411040">
						<ele>835</ele>
						<time>2026-07-30T20:34:53Z</time>
					</trkpt>
					<trkpt lat="46.134110" lon="4.410870">
						<ele>832</ele>
						<time>2026-07-30T20:35:25Z</time>
					</trkpt>
					<trkpt lat="46.133870" lon="4.410650">
						<ele>829</ele>
						<time>2026-07-30T20:36:03Z</time>
					</trkpt>
					<trkpt lat="46.133770" lon="4.410720">
						<ele>830</ele>
						<time>2026-07-30T20:36:18Z</time>
					</trkpt>
					<trkpt lat="46.132990" lon="4.411270">
						<ele>842</ele>
						<time>2026-07-30T20:38:14Z</time>
					</trkpt>
					<trkpt lat="46.132480" lon="4.411550">
						<ele>848</ele>
						<time>2026-07-30T20:39:26Z</time>
					</trkpt>
					<trkpt lat="46.132430" lon="4.411560">
						<ele>848</ele>
						<time>2026-07-30T20:39:33Z</time>
					</trkpt>
					<trkpt lat="46.132180" lon="4.411600">
						<ele>848</ele>
						<time>2026-07-30T20:40:07Z</time>
					</trkpt>
					<trkpt lat="46.131880" lon="4.411620">
						<ele>848</ele>
						<time>2026-07-30T20:40:47Z</time>
					</trkpt>
					<trkpt lat="46.131570" lon="4.411570">
						<ele>847</ele>
						<time>2026-07-30T20:41:28Z</time>
					</trkpt>
					<trkpt lat="46.130820" lon="4.411350">
						<ele>851</ele>
						<time>2026-07-30T20:43:11Z</time>
					</trkpt>
					<trkpt lat="46.130420" lon="4.411270">
						<ele>860</ele>
						<time>2026-07-30T20:44:04Z</time>
					</trkpt>
					<trkpt lat="46.130060" lon="4.411180">
						<ele>869</ele>
						<time>2026-07-30T20:44:53Z</time>
					</trkpt>
					<trkpt lat="46.129630" lon="4.411030">
						<ele>869</ele>
						<time>2026-07-30T20:45:52Z</time>
					</trkpt>
					<trkpt lat="46.129590" lon="4.411030">
						<ele>869</ele>
						<time>2026-07-30T20:45:58Z</time>
					</trkpt>
					<trkpt lat="46.129550" lon="4.411030">
						<ele>869</ele>
						<time>2026-07-30T20:46:03Z</time>
					</trkpt>
					<trkpt lat="46.129380" lon="4.411120">
						<ele>870</ele>
						<time>2026-07-30T20:46:27Z</time>
					</trkpt>
					<trkpt lat="46.129310" lon="4.411140">
						<ele>870</ele>
						<time>2026-07-30T20:46:37Z</time>
					</trkpt>
					<trkpt lat="46.128800" lon="4.411000">
						<ele>870</ele>
						<time>2026-07-30T20:47:46Z</time>
					</trkpt>
					<trkpt lat="46.128720" lon="4.410980">
						<ele>870</ele>
						<time>2026-07-30T20:47:57Z</time>
					</trkpt>
					<trkpt lat="46.129070" lon="4.411210">
						<ele>870</ele>
						<time>2026-07-30T20:48:48Z</time>
					</trkpt>
					<trkpt lat="46.129290" lon="4.411780">
						<ele>872</ele>
						<time>2026-07-30T20:49:48Z</time>
					</trkpt>
					<trkpt lat="46.129230" lon="4.412260">
						<ele>870</ele>
						<time>2026-07-30T20:50:33Z</time>
					</trkpt>
					<trkpt lat="46.128770" lon="4.412750">
						<ele>861</ele>
						<time>2026-07-30T20:51:50Z</time>
					</trkpt>
					<trkpt lat="46.127610" lon="4.413600">
						<ele>832</ele>
						<time>2026-07-30T20:54:43Z</time>
					</trkpt>
					<trkpt lat="46.127500" lon="4.413910">
						<ele>824</ele>
						<time>2026-07-30T20:55:16Z</time>
					</trkpt>
					<trkpt lat="46.127460" lon="4.413920">
						<ele>823</ele>
						<time>2026-07-30T20:55:21Z</time>
					</trkpt>
					<trkpt lat="46.127500" lon="4.413910">
						<ele>824</ele>
						<time>2026-07-30T20:55:26Z</time>
					</trkpt>
					<trkpt lat="46.127540" lon="4.413960">
						<ele>824</ele>
						<time>2026-07-30T20:55:34Z</time>
					</trkpt>
					<trkpt lat="46.127810" lon="4.414510">
						<ele>822</ele>
						<time>2026-07-30T20:56:36Z</time>
					</trkpt>
					<trkpt lat="46.128070" lon="4.414940">
						<ele>821</ele>
						<time>2026-07-30T20:57:29Z</time>
					</trkpt>
					<trkpt lat="46.128340" lon="4.415220">
						<ele>824</ele>
						<time>2026-07-30T20:58:13Z</time>
					</trkpt>
					<trkpt lat="46.128790" lon="4.415660">
						<ele>828</ele>
						<time>2026-07-30T20:59:26Z</time>
					</trkpt>
					<trkpt lat="46.128970" lon="4.415850">
						<ele>830</ele>
						<time>2026-07-30T20:59:55Z</time>
					</trkpt>
					<trkpt lat="46.129310" lon="4.416330">
						<ele>833</ele>
						<time>2026-07-30T21:00:59Z</time>
					</trkpt>
					<trkpt lat="46.129500" lon="4.416660">
						<ele>834</ele>
						<time>2026-07-30T21:01:38Z</time>
					</trkpt>
					<trkpt lat="46.129610" lon="4.416820">
						<ele>835</ele>
						<time>2026-07-30T21:01:59Z</time>
					</trkpt>
					<trkpt lat="46.129670" lon="4.416830">
						<ele>836</ele>
						<time>2026-07-30T21:02:07Z</time>
					</trkpt>
					<trkpt lat="46.129760" lon="4.416900">
						<ele>837</ele>
						<time>2026-07-30T21:02:21Z</time>
					</trkpt>
					<trkpt lat="46.130030" lon="4.417250">
						<ele>840</ele>
						<time>2026-07-30T21:03:09Z</time>
					</trkpt>
					<trkpt lat="46.130570" lon="4.417880">
						<ele>848</ele>
						<time>2026-07-30T21:04:42Z</time>
					</trkpt>
					<trkpt lat="46.131360" lon="4.418740">
						<ele>852</ele>
						<time>2026-07-30T21:06:54Z</time>
					</trkpt>
					<trkpt lat="46.131730" lon="4.419180">
						<ele>851</ele>
						<time>2026-07-30T21:07:58Z</time>
					</trkpt>
					<trkpt lat="46.132030" lon="4.419490">
						<ele>858</ele>
						<time>2026-07-30T21:08:47Z</time>
					</trkpt>
					<trkpt lat="46.132340" lon="4.419750">
						<ele>863</ele>
						<time>2026-07-30T21:09:35Z</time>
					</trkpt>
					<trkpt lat="46.132470" lon="4.419930">
						<ele>864</ele>
						<time>2026-07-30T21:09:59Z</time>
					</trkpt>
					<trkpt lat="46.132940" lon="4.420920">
						<ele>868</ele>
						<time>2026-07-30T21:11:50Z</time>
					</trkpt>
					<trkpt lat="46.132890" lon="4.421000">
						<ele>867</ele>
						<time>2026-07-30T21:12:00Z</time>
					</trkpt>
					<trkpt lat="46.132730" lon="4.421230">
						<ele>863</ele>
						<time>2026-07-30T21:12:30Z</time>
					</trkpt>
					<trkpt lat="46.132390" lon="4.421570">
						<ele>857</ele>
						<time>2026-07-30T21:13:26Z</time>
					</trkpt>
					<trkpt lat="46.132120" lon="4.421900">
						<ele>855</ele>
						<time>2026-07-30T21:14:13Z</time>
					</trkpt>
					<trkpt lat="46.131930" lon="4.422100">
						<ele>854</ele>
						<time>2026-07-30T21:14:44Z</time>
					</trkpt>
					<trkpt lat="46.131490" lon="4.422520">
						<ele>856</ele>
						<time>2026-07-30T21:15:55Z</time>
					</trkpt>
					<trkpt lat="46.130600" lon="4.423140">
						<ele>864</ele>
						<time>2026-07-30T21:18:06Z</time>
					</trkpt>
					<trkpt lat="46.129600" lon="4.423890">
						<ele>863</ele>
						<time>2026-07-30T21:20:37Z</time>
					</trkpt>
					<trkpt lat="46.129460" lon="4.423980">
						<ele>863</ele>
						<time>2026-07-30T21:20:57Z</time>
					</trkpt>
					<trkpt lat="46.129170" lon="4.424080">
						<ele>862</ele>
						<time>2026-07-30T21:21:37Z</time>
					</trkpt>
					<trkpt lat="46.128790" lon="4.424290">
						<ele>861</ele>
						<time>2026-07-30T21:22:31Z</time>
					</trkpt>
					<trkpt lat="46.128610" lon="4.424450">
						<ele>862</ele>
						<time>2026-07-30T21:23:00Z</time>
					</trkpt>
					<trkpt lat="46.127440" lon="4.425300">
						<ele>877</ele>
						<time>2026-07-30T21:25:54Z</time>
					</trkpt>
					<trkpt lat="46.127310" lon="4.425360">
						<ele>877</ele>
						<time>2026-07-30T21:26:13Z</time>
					</trkpt>
					<trkpt lat="46.127050" lon="4.425400">
						<ele>877</ele>
						<time>2026-07-30T21:26:47Z</time>
					</trkpt>
					<trkpt lat="46.126730" lon="4.425510">
						<ele>877</ele>
						<time>2026-07-30T21:27:31Z</time>
					</trkpt>
					<trkpt lat="46.126340" lon="4.425770">
						<ele>875</ele>
						<time>2026-07-30T21:28:29Z</time>
					</trkpt>
					<trkpt lat="46.126080" lon="4.426010">
						<ele>875</ele>
						<time>2026-07-30T21:29:10Z</time>
					</trkpt>
					<trkpt lat="46.125410" lon="4.426590">
						<ele>878</ele>
						<time>2026-07-30T21:30:54Z</time>
					</trkpt>
					<trkpt lat="46.125000" lon="4.426900">
						<ele>880</ele>
						<time>2026-07-30T21:31:56Z</time>
					</trkpt>
					<trkpt lat="46.124630" lon="4.427240">
						<ele>876</ele>
						<time>2026-07-30T21:32:54Z</time>
					</trkpt>
					<trkpt lat="46.124450" lon="4.427430">
						<ele>874</ele>
						<time>2026-07-30T21:33:24Z</time>
					</trkpt>
					<trkpt lat="46.124210" lon="4.427820">
						<ele>872</ele>
						<time>2026-07-30T21:34:12Z</time>
					</trkpt>
					<trkpt lat="46.123980" lon="4.428140">
						<ele>871</ele>
						<time>2026-07-30T21:34:55Z</time>
					</trkpt>
					<trkpt lat="46.123870" lon="4.428250">
						<ele>871</ele>
						<time>2026-07-30T21:35:13Z</time>
					</trkpt>
					<trkpt lat="46.123660" lon="4.428410">
						<ele>872</ele>
						<time>2026-07-30T21:35:45Z</time>
					</trkpt>
					<trkpt lat="46.123410" lon="4.428640">
						<ele>875</ele>
						<time>2026-07-30T21:36:24Z</time>
					</trkpt>
					<trkpt lat="46.122910" lon="4.428930">
						<ele>879</ele>
						<time>2026-07-30T21:37:36Z</time>
					</trkpt>
					<trkpt lat="46.122460" lon="4.429140">
						<ele>883</ele>
						<time>2026-07-30T21:38:39Z</time>
					</trkpt>
					<trkpt lat="46.122300" lon="4.429260">
						<ele>884</ele>
						<time>2026-07-30T21:39:03Z</time>
					</trkpt>
					<trkpt lat="46.122150" lon="4.429380">
						<ele>886</ele>
						<time>2026-07-30T21:39:26Z</time>
					</trkpt>
					<trkpt lat="46.121920" lon="4.429610">
						<ele>888</ele>
						<time>2026-07-30T21:40:04Z</time>
					</trkpt>
					<trkpt lat="46.121380" lon="4.430190">
						<ele>893</ele>
						<time>2026-07-30T21:41:33Z</time>
					</trkpt>
					<trkpt lat="46.121050" lon="4.430490">
						<ele>896</ele>
						<time>2026-07-30T21:42:25Z</time>
					</trkpt>
					<trkpt lat="46.120760" lon="4.430800">
						<ele>899</ele>
						<time>2026-07-30T21:43:14Z</time>
					</trkpt>
					<trkpt lat="46.120530" lon="4.430970">
						<ele>899</ele>
						<time>2026-07-30T21:43:48Z</time>
					</trkpt>
					<trkpt lat="46.120320" lon="4.431100">
						<ele>899</ele>
						<time>2026-07-30T21:44:19Z</time>
					</trkpt>
					<trkpt lat="46.120020" lon="4.431210">
						<ele>898</ele>
						<time>2026-07-30T21:45:00Z</time>
					</trkpt>
					<trkpt lat="46.119820" lon="4.431240">
						<ele>897</ele>
						<time>2026-07-30T21:45:27Z</time>
					</trkpt>
					<trkpt lat="46.119160" lon="4.431120">
						<ele>895</ele>
						<time>2026-07-30T21:46:56Z</time>
					</trkpt>
					<trkpt lat="46.118860" lon="4.431110">
						<ele>893</ele>
						<time>2026-07-30T21:47:36Z</time>
					</trkpt>
					<trkpt lat="46.118670" lon="4.431140">
						<ele>892</ele>
						<time>2026-07-30T21:48:01Z</time>
					</trkpt>
					<trkpt lat="46.118430" lon="4.431230">
						<ele>891</ele>
						<time>2026-07-30T21:48:34Z</time>
					</trkpt>
					<trkpt lat="46.117970" lon="4.431540">
						<ele>891</ele>
						<time>2026-07-30T21:49:42Z</time>
					</trkpt>
					<trkpt lat="46.117810" lon="4.431630">
						<ele>890</ele>
						<time>2026-07-30T21:50:05Z</time>
					</trkpt>
					<trkpt lat="46.117580" lon="4.431670">
						<ele>888</ele>
						<time>2026-07-30T21:50:36Z</time>
					</trkpt>
					<trkpt lat="46.117400" lon="4.431700">
						<ele>885</ele>
						<time>2026-07-30T21:51:00Z</time>
					</trkpt>
					<trkpt lat="46.117350" lon="4.431700">
						<ele>885</ele>
						<time>2026-07-30T21:51:07Z</time>
					</trkpt>
					<trkpt lat="46.117310" lon="4.431700">
						<ele>884</ele>
						<time>2026-07-30T21:51:12Z</time>
					</trkpt>
					<trkpt lat="46.117180" lon="4.431590">
						<ele>884</ele>
						<time>2026-07-30T21:51:32Z</time>
					</trkpt>
					<trkpt lat="46.117000" lon="4.431500">
						<ele>882</ele>
						<time>2026-07-30T21:51:57Z</time>
					</trkpt>
					<trkpt lat="46.116750" lon="4.431420">
						<ele>880</ele>
						<time>2026-07-30T21:52:32Z</time>
					</trkpt>
					<trkpt lat="46.116380" lon="4.431190">
						<ele>881</ele>
						<time>2026-07-30T21:53:25Z</time>
					</trkpt>
					<trkpt lat="46.116100" lon="4.431080">
						<ele>882</ele>
						<time>2026-07-30T21:54:04Z</time>
					</trkpt>
					<trkpt lat="46.115960" lon="4.431000">
						<ele>883</ele>
						<time>2026-07-30T21:54:24Z</time>
					</trkpt>
					<trkpt lat="46.115340" lon="4.430410">
						<ele>886</ele>
						<time>2026-07-30T21:56:03Z</time>
					</trkpt>
					<trkpt lat="46.115160" lon="4.430290">
						<ele>888</ele>
						<time>2026-07-30T21:56:30Z</time>
					</trkpt>
					<trkpt lat="46.114980" lon="4.430220">
						<ele>890</ele>
						<time>2026-07-30T21:56:55Z</time>
					</trkpt>
					<trkpt lat="46.114360" lon="4.430200">
						<ele>894</ele>
						<time>2026-07-30T21:58:17Z</time>
					</trkpt>
					<trkpt lat="46.113640" lon="4.429990">
						<ele>897</ele>
						<time>2026-07-30T21:59:55Z</time>
					</trkpt>
					<trkpt lat="46.113530" lon="4.430000">
						<ele>898</ele>
						<time>2026-07-30T22:00:10Z</time>
					</trkpt>
					<trkpt lat="46.113310" lon="4.430120">
						<ele>897</ele>
						<time>2026-07-30T22:00:42Z</time>
					</trkpt>
					<trkpt lat="46.113050" lon="4.430200">
						<ele>894</ele>
						<time>2026-07-30T22:01:17Z</time>
					</trkpt>
					<trkpt lat="46.112630" lon="4.430370">
						<ele>890</ele>
						<time>2026-07-30T22:02:15Z</time>
					</trkpt>
					<trkpt lat="46.112460" lon="4.430390">
						<ele>887</ele>
						<time>2026-07-30T22:02:38Z</time>
					</trkpt>
					<trkpt lat="46.112220" lon="4.430400">
						<ele>883</ele>
						<time>2026-07-30T22:03:10Z</time>
					</trkpt>
					<trkpt lat="46.111910" lon="4.430330">
						<ele>877</ele>
						<time>2026-07-30T22:03:52Z</time>
					</trkpt>
					<trkpt lat="46.111590" lon="4.430300">
						<ele>872</ele>
						<time>2026-07-30T22:04:35Z</time>
					</trkpt>
					<trkpt lat="46.111360" lon="4.430210">
						<ele>870</ele>
						<time>2026-07-30T22:05:07Z</time>
					</trkpt>
					<trkpt lat="46.111200" lon="4.430170">
						<ele>868</ele>
						<time>2026-07-30T22:05:28Z</time>
					</trkpt>
					<trkpt lat="46.110900" lon="4.430140">
						<ele>865</ele>
						<time>2026-07-30T22:06:08Z</time>
					</trkpt>
					<trkpt lat="46.109730" lon="4.429710">
						<ele>860</ele>
						<time>2026-07-30T22:08:49Z</time>
					</trkpt>
					<trkpt lat="46.109630" lon="4.429620">
						<ele>861</ele>
						<time>2026-07-30T22:09:05Z</time>
					</trkpt>
					<trkpt lat="46.109500" lon="4.429400">
						<ele>863</ele>
						<time>2026-07-30T22:09:32Z</time>
					</trkpt>
					<trkpt lat="46.109480" lon="4.429330">
						<ele>864</ele>
						<time>2026-07-30T22:09:39Z</time>
					</trkpt>
					<trkpt lat="46.109450" lon="4.429270">
						<ele>864</ele>
						<time>2026-07-30T22:09:46Z</time>
					</trkpt>
					<trkpt lat="46.109380" lon="4.429210">
						<ele>866</ele>
						<time>2026-07-30T22:09:57Z</time>
					</trkpt>
					<trkpt lat="46.109020" lon="4.429040">
						<ele>868</ele>
						<time>2026-07-30T22:10:47Z</time>
					</trkpt>
					<trkpt lat="46.108900" lon="4.428950">
						<ele>868</ele>
						<time>2026-07-30T22:11:05Z</time>
					</trkpt>
					<trkpt lat="46.108460" lon="4.428580">
						<ele>868</ele>
						<time>2026-07-30T22:12:13Z</time>
					</trkpt>
					<trkpt lat="46.108440" lon="4.428540">
						<ele>868</ele>
						<time>2026-07-30T22:12:18Z</time>
					</trkpt>
					<trkpt lat="46.108340" lon="4.428420">
						<ele>868</ele>
						<time>2026-07-30T22:12:35Z</time>
					</trkpt>
					<trkpt lat="46.107830" lon="4.427570">
						<ele>872</ele>
						<time>2026-07-30T22:14:19Z</time>
					</trkpt>
					<trkpt lat="46.107770" lon="4.427430">
						<ele>871</ele>
						<time>2026-07-30T22:14:34Z</time>
					</trkpt>
					<trkpt lat="46.107650" lon="4.426950">
						<ele>869</ele>
						<time>2026-07-30T22:15:22Z</time>
					</trkpt>
					<trkpt lat="46.107540" lon="4.426600">
						<ele>867</ele>
						<time>2026-07-30T22:15:57Z</time>
					</trkpt>
					<trkpt lat="46.107230" lon="4.425740">
						<ele>867</ele>
						<time>2026-07-30T22:17:27Z</time>
					</trkpt>
					<trkpt lat="46.107150" lon="4.425140">
						<ele>867</ele>
						<time>2026-07-30T22:18:23Z</time>
					</trkpt>
					<trkpt lat="46.107160" lon="4.424690">
						<ele>869</ele>
						<time>2026-07-30T22:19:05Z</time>
					</trkpt>
					<trkpt lat="46.107200" lon="4.424150">
						<ele>872</ele>
						<time>2026-07-30T22:19:55Z</time>
					</trkpt>
					<trkpt lat="46.107240" lon="4.422910">
						<ele>867</ele>
						<time>2026-07-30T22:21:50Z</time>
					</trkpt>
					<trkpt lat="46.107310" lon="4.422200">
						<ele>860</ele>
						<time>2026-07-30T22:22:56Z</time>
					</trkpt>
					<trkpt lat="46.107320" lon="4.421820">
						<ele>858</ele>
						<time>2026-07-30T22:23:32Z</time>
					</trkpt>
					<trkpt lat="46.107280" lon="4.421030">
						<ele>858</ele>
						<time>2026-07-30T22:24:45Z</time>
					</trkpt>
					<trkpt lat="46.107240" lon="4.420690">
						<ele>858</ele>
						<time>2026-07-30T22:25:17Z</time>
					</trkpt>
					<trkpt lat="46.107060" lon="4.419830">
						<ele>858</ele>
						<time>2026-07-30T22:26:40Z</time>
					</trkpt>
					<trkpt lat="46.106840" lon="4.418870">
						<ele>857</ele>
						<time>2026-07-30T22:28:13Z</time>
					</trkpt>
					<trkpt lat="46.106780" lon="4.418690">
						<ele>856</ele>
						<time>2026-07-30T22:28:32Z</time>
					</trkpt>
					<trkpt lat="46.106590" lon="4.418200">
						<ele>852</ele>
						<time>2026-07-30T22:29:24Z</time>
					</trkpt>
					<trkpt lat="46.106440" lon="4.417940">
						<ele>850</ele>
						<time>2026-07-30T22:29:55Z</time>
					</trkpt>
					<trkpt lat="46.106300" lon="4.417800">
						<ele>849</ele>
						<time>2026-07-30T22:30:18Z</time>
					</trkpt>
					<trkpt lat="46.105820" lon="4.417490">
						<ele>849</ele>
						<time>2026-07-30T22:31:28Z</time>
					</trkpt>
					<trkpt lat="46.105300" lon="4.417210">
						<ele>848</ele>
						<time>2026-07-30T22:32:42Z</time>
					</trkpt>
					<trkpt lat="46.105180" lon="4.417090">
						<ele>846</ele>
						<time>2026-07-30T22:33:02Z</time>
					</trkpt>
					<trkpt lat="46.104860" lon="4.416770">
						<ele>841</ele>
						<time>2026-07-30T22:33:54Z</time>
					</trkpt>
					<trkpt lat="46.104610" lon="4.416490">
						<ele>836</ele>
						<time>2026-07-30T22:34:36Z</time>
					</trkpt>
					<trkpt lat="46.103940" lon="4.415990">
						<ele>830</ele>
						<time>2026-07-30T22:36:16Z</time>
					</trkpt>
					<trkpt lat="46.103340" lon="4.415580">
						<ele>826</ele>
						<time>2026-07-30T22:37:45Z</time>
					</trkpt>
					<trkpt lat="46.103050" lon="4.415340">
						<ele>826</ele>
						<time>2026-07-30T22:38:30Z</time>
					</trkpt>
					<trkpt lat="46.102930" lon="4.415250">
						<ele>826</ele>
						<time>2026-07-30T22:38:48Z</time>
					</trkpt>
					<trkpt lat="46.102890" lon="4.415200">
						<ele>826</ele>
						<time>2026-07-30T22:38:55Z</time>
					</trkpt>
					<trkpt lat="46.102880" lon="4.415180">
						<ele>826</ele>
						<time>2026-07-30T22:38:57Z</time>
					</trkpt>
					<trkpt lat="46.102840" lon="4.415050">
						<ele>826</ele>
						<time>2026-07-30T22:39:10Z</time>
					</trkpt>
					<trkpt lat="46.102780" lon="4.414590">
						<ele>826</ele>
						<time>2026-07-30T22:39:54Z</time>
					</trkpt>
					<trkpt lat="46.102730" lon="4.414130">
						<ele>825</ele>
						<time>2026-07-30T22:40:37Z</time>
					</trkpt>
					<trkpt lat="46.102630" lon="4.413420">
						<ele>816</ele>
						<time>2026-07-30T22:41:44Z</time>
					</trkpt>
					<trkpt lat="46.102250" lon="4.411870">
						<ele>812</ele>
						<time>2026-07-30T22:44:16Z</time>
					</trkpt>
					<trkpt lat="46.102206" lon="4.411660">
						<ele>812</ele>
						<time>2026-07-30T22:44:36Z</time>
					</trkpt>
					<trkpt lat="46.102110" lon="4.411210">
						<ele>808</ele>
						<time>2026-07-30T22:45:20Z</time>
					</trkpt>
					<trkpt lat="46.102050" lon="4.410880">
						<ele>805</ele>
						<time>2026-07-30T22:45:51Z</time>
					</trkpt>
					<trkpt lat="46.102040" lon="4.410710">
						<ele>804</ele>
						<time>2026-07-30T22:46:07Z</time>
					</trkpt>
					<trkpt lat="46.102040" lon="4.410630">
						<ele>803</ele>
						<time>2026-07-30T22:46:14Z</time>
					</trkpt>
					<trkpt lat="46.102040" lon="4.410540">
						<ele>803</ele>
						<time>2026-07-30T22:46:23Z</time>
					</trkpt>
					<trkpt lat="46.101860" lon="4.409460">
						<ele>794</ele>
						<time>2026-07-30T22:48:06Z</time>
					</trkpt>
					<trkpt lat="46.101820" lon="4.409040">
						<ele>793</ele>
						<time>2026-07-30T22:48:45Z</time>
					</trkpt>
					<trkpt lat="46.101760" lon="4.408200">
						<ele>791</ele>
						<time>2026-07-30T22:50:03Z</time>
					</trkpt>
					<trkpt lat="46.101770" lon="4.408050">
						<ele>791</ele>
						<time>2026-07-30T22:50:17Z</time>
					</trkpt>
					<trkpt lat="46.101840" lon="4.407550">
						<ele>792</ele>
						<time>2026-07-30T22:51:04Z</time>
					</trkpt>
					<trkpt lat="46.101850" lon="4.407340">
						<ele>792</ele>
						<time>2026-07-30T22:51:24Z</time>
					</trkpt>
					<trkpt lat="46.101870" lon="4.407110">
						<ele>793</ele>
						<time>2026-07-30T22:51:45Z</time>
					</trkpt>
					<trkpt lat="46.101880" lon="4.406900">
						<ele>794</ele>
						<time>2026-07-30T22:52:04Z</time>
					</trkpt>
					<trkpt lat="46.101910" lon="4.406490">
						<ele>794</ele>
						<time>2026-07-30T22:52:43Z</time>
					</trkpt>
					<trkpt lat="46.101910" lon="4.406220">
						<ele>793</ele>
						<time>2026-07-30T22:53:08Z</time>
					</trkpt>
					<trkpt lat="46.101880" lon="4.405900">
						<ele>791</ele>
						<time>2026-07-30T22:53:37Z</time>
					</trkpt>
					<trkpt lat="46.101810" lon="4.405470">
						<ele>787</ele>
						<time>2026-07-30T22:54:18Z</time>
					</trkpt>
					<trkpt lat="46.101740" lon="4.405240">
						<ele>785</ele>
						<time>2026-07-30T22:54:42Z</time>
					</trkpt>
					<trkpt lat="46.101650" lon="4.405080">
						<ele>783</ele>
						<time>2026-07-30T22:55:01Z</time>
					</trkpt>
					<trkpt lat="46.101580" lon="4.404890">
						<ele>780</ele>
						<time>2026-07-30T22:55:21Z</time>
					</trkpt>
					<trkpt lat="46.101450" lon="4.404420">
						<ele>771</ele>
						<time>2026-07-30T22:56:07Z</time>
					</trkpt>
					<trkpt lat="46.101180" lon="4.403280">
						<ele>765</ele>
						<time>2026-07-30T22:57:59Z</time>
					</trkpt>
					<trkpt lat="46.101120" lon="4.402920">
						<ele>764</ele>
						<time>2026-07-30T22:58:33Z</time>
					</trkpt>
					<trkpt lat="46.101100" lon="4.402820">
						<ele>763</ele>
						<time>2026-07-30T22:58:43Z</time>
					</trkpt>
					<trkpt lat="46.101020" lon="4.401970">
						<ele>760</ele>
						<time>2026-07-30T23:00:02Z</time>
					</trkpt>
					<trkpt lat="46.101020" lon="4.401930">
						<ele>760</ele>
						<time>2026-07-30T23:00:06Z</time>
					</trkpt>
					<trkpt lat="46.101050" lon="4.401370">
						<ele>757</ele>
						<time>2026-07-30T23:00:58Z</time>
					</trkpt>
					<trkpt lat="46.101050" lon="4.401220">
						<ele>756</ele>
						<time>2026-07-30T23:01:12Z</time>
					</trkpt>
					<trkpt lat="46.101020" lon="4.401020">
						<ele>755</ele>
						<time>2026-07-30T23:01:31Z</time>
					</trkpt>
					<trkpt lat="46.100890" lon="4.400380">
						<ele>750</ele>
						<time>2026-07-30T23:02:32Z</time>
					</trkpt>
					<trkpt lat="46.100850" lon="4.400280">
						<ele>748</ele>
						<time>2026-07-30T23:02:43Z</time>
					</trkpt>
					<trkpt lat="46.100750" lon="4.400110">
						<ele>744</ele>
						<time>2026-07-30T23:03:04Z</time>
					</trkpt>
					<trkpt lat="46.100710" lon="4.400030">
						<ele>741</ele>
						<time>2026-07-30T23:03:13Z</time>
					</trkpt>
					<trkpt lat="46.100690" lon="4.399900">
						<ele>739</ele>
						<time>2026-07-30T23:03:25Z</time>
					</trkpt>
					<trkpt lat="46.100650" lon="4.399620">
						<ele>734</ele>
						<time>2026-07-30T23:03:51Z</time>
					</trkpt>
					<trkpt lat="46.100600" lon="4.399400">
						<ele>730</ele>
						<time>2026-07-30T23:04:13Z</time>
					</trkpt>
					<trkpt lat="46.100530" lon="4.399220">
						<ele>726</ele>
						<time>2026-07-30T23:04:32Z</time>
					</trkpt>
					<trkpt lat="46.100420" lon="4.399030">
						<ele>723</ele>
						<time>2026-07-30T23:04:55Z</time>
					</trkpt>
					<trkpt lat="46.100330" lon="4.398930">
						<ele>722</ele>
						<time>2026-07-30T23:05:10Z</time>
					</trkpt>
					<trkpt lat="46.100260" lon="4.398870">
						<ele>721</ele>
						<time>2026-07-30T23:05:21Z</time>
					</trkpt>
					<trkpt lat="46.100170" lon="4.398810">
						<ele>720</ele>
						<time>2026-07-30T23:05:34Z</time>
					</trkpt>
					<trkpt lat="46.099990" lon="4.398740">
						<ele>717</ele>
						<time>2026-07-30T23:05:59Z</time>
					</trkpt>
					<trkpt lat="46.099950" lon="4.398710">
						<ele>717</ele>
						<time>2026-07-30T23:06:05Z</time>
					</trkpt>
					<trkpt lat="46.099920" lon="4.398650">
						<ele>717</ele>
						<time>2026-07-30T23:06:12Z</time>
					</trkpt>
					<trkpt lat="46.099890" lon="4.398540">
						<ele>717</ele>
						<time>2026-07-30T23:06:23Z</time>
					</trkpt>
					<trkpt lat="46.099860" lon="4.398380">
						<ele>718</ele>
						<time>2026-07-30T23:06:38Z</time>
					</trkpt>
					<trkpt lat="46.099860" lon="4.398150">
						<ele>720</ele>
						<time>2026-07-30T23:06:59Z</time>
					</trkpt>
					<trkpt lat="46.099890" lon="4.397890">
						<ele>722</ele>
						<time>2026-07-30T23:07:24Z</time>
					</trkpt>
					<trkpt lat="46.099920" lon="4.397710">
						<ele>723</ele>
						<time>2026-07-30T23:07:41Z</time>
					</trkpt>
					<trkpt lat="46.099950" lon="4.397660">
						<ele>724</ele>
						<time>2026-07-30T23:07:47Z</time>
					</trkpt>
					<trkpt lat="46.100010" lon="4.397600">
						<ele>724</ele>
						<time>2026-07-30T23:07:57Z</time>
					</trkpt>
					<trkpt lat="46.100190" lon="4.397510">
						<ele>726</ele>
						<time>2026-07-30T23:08:22Z</time>
					</trkpt>
					<trkpt lat="46.100510" lon="4.397250">
						<ele>723</ele>
						<time>2026-07-30T23:09:11Z</time>
					</trkpt>
					<trkpt lat="46.100590" lon="4.397140">
						<ele>721</ele>
						<time>2026-07-30T23:09:26Z</time>
					</trkpt>
					<trkpt lat="46.100600" lon="4.397130">
						<ele>721</ele>
						<time>2026-07-30T23:09:28Z</time>
					</trkpt>
					<trkpt lat="46.100590" lon="4.397140">
						<ele>721</ele>
						<time>2026-07-30T23:09:29Z</time>
					</trkpt>
					<trkpt lat="46.101270" lon="4.397520">
						<ele>730</ele>
						<time>2026-07-30T23:11:07Z</time>
					</trkpt>
					<trkpt lat="46.101630" lon="4.397740">
						<ele>732</ele>
						<time>2026-07-30T23:11:59Z</time>
					</trkpt>
					<trkpt lat="46.101920" lon="4.397990">
						<ele>733</ele>
						<time>2026-07-30T23:12:44Z</time>
					</trkpt>
					<trkpt lat="46.102020" lon="4.398040">
						<ele>733</ele>
						<time>2026-07-30T23:12:58Z</time>
					</trkpt>
					<trkpt lat="46.102240" lon="4.398160">
						<ele>733</ele>
						<time>2026-07-30T23:13:29Z</time>
					</trkpt>
					<trkpt lat="46.102360" lon="4.398260">
						<ele>733</ele>
						<time>2026-07-30T23:13:48Z</time>
					</trkpt>
					<trkpt lat="46.102460" lon="4.398400">
						<ele>733</ele>
						<time>2026-07-30T23:14:06Z</time>
					</trkpt>
					<trkpt lat="46.102640" lon="4.398980">
						<ele>727</ele>
						<time>2026-07-30T23:15:05Z</time>
					</trkpt>
					<trkpt lat="46.102690" lon="4.399190">
						<ele>724</ele>
						<time>2026-07-30T23:15:26Z</time>
					</trkpt>
					<trkpt lat="46.102730" lon="4.399510">
						<ele>721</ele>
						<time>2026-07-30T23:15:56Z</time>
					</trkpt>
					<trkpt lat="46.102750" lon="4.399600">
						<ele>720</ele>
						<time>2026-07-30T23:16:05Z</time>
					</trkpt>
					<trkpt lat="46.102850" lon="4.399760">
						<ele>717</ele>
						<time>2026-07-30T23:16:25Z</time>
					</trkpt>
					<trkpt lat="46.103160" lon="4.400190">
						<ele>708</ele>
						<time>2026-07-30T23:17:22Z</time>
					</trkpt>
					<trkpt lat="46.103510" lon="4.400460">
						<ele>703</ele>
						<time>2026-07-30T23:18:15Z</time>
					</trkpt>
					<trkpt lat="46.103670" lon="4.400550">
						<ele>703</ele>
						<time>2026-07-30T23:18:38Z</time>
					</trkpt>
					<trkpt lat="46.103700" lon="4.400570">
						<ele>703</ele>
						<time>2026-07-30T23:18:42Z</time>
					</trkpt>
					<trkpt lat="46.103820" lon="4.400590">
						<ele>703</ele>
						<time>2026-07-30T23:18:58Z</time>
					</trkpt>
					<trkpt lat="46.103970" lon="4.400560">
						<ele>701</ele>
						<time>2026-07-30T23:19:19Z</time>
					</trkpt>
					<trkpt lat="46.104800" lon="4.400170">
						<ele>687</ele>
						<time>2026-07-30T23:21:15Z</time>
					</trkpt>
					<trkpt lat="46.104880" lon="4.400150">
						<ele>686</ele>
						<time>2026-07-30T23:21:26Z</time>
					</trkpt>
					<trkpt lat="46.105120" lon="4.400150">
						<ele>685</ele>
						<time>2026-07-30T23:21:58Z</time>
					</trkpt>
					<trkpt lat="46.105360" lon="4.400180">
						<ele>685</ele>
						<time>2026-07-30T23:22:30Z</time>
					</trkpt>
					<trkpt lat="46.105560" lon="4.400240">
						<ele>686</ele>
						<time>2026-07-30T23:22:57Z</time>
					</trkpt>
					<trkpt lat="46.106000" lon="4.400560">
						<ele>685</ele>
						<time>2026-07-30T23:24:03Z</time>
					</trkpt>
					<trkpt lat="46.106070" lon="4.400630">
						<ele>684</ele>
						<time>2026-07-30T23:24:14Z</time>
					</trkpt>
					<trkpt lat="46.106310" lon="4.401000">
						<ele>682</ele>
						<time>2026-07-30T23:25:01Z</time>
					</trkpt>
					<trkpt lat="46.106470" lon="4.401180">
						<ele>680</ele>
						<time>2026-07-30T23:25:28Z</time>
					</trkpt>
					<trkpt lat="46.106620" lon="4.401330">
						<ele>679</ele>
						<time>2026-07-30T23:25:53Z</time>
					</trkpt>
					<trkpt lat="46.107030" lon="4.401800">
						<ele>673</ele>
						<time>2026-07-30T23:27:03Z</time>
					</trkpt>
					<trkpt lat="46.107080" lon="4.401830">
						<ele>671</ele>
						<time>2026-07-30T23:27:10Z</time>
					</trkpt>
					<trkpt lat="46.107150" lon="4.401860">
						<ele>670</ele>
						<time>2026-07-30T23:27:20Z</time>
					</trkpt>
					<trkpt lat="46.107210" lon="4.401900">
						<ele>668</ele>
						<time>2026-07-30T23:27:28Z</time>
					</trkpt>
					<trkpt lat="46.107230" lon="4.401940">
						<ele>668</ele>
						<time>2026-07-30T23:27:33Z</time>
					</trkpt>
					<trkpt lat="46.107260" lon="4.402010">
						<ele>668</ele>
						<time>2026-07-30T23:27:41Z</time>
					</trkpt>
					<trkpt lat="46.107290" lon="4.402260">
						<ele>668</ele>
						<time>2026-07-30T23:28:04Z</time>
					</trkpt>
					<trkpt lat="46.107320" lon="4.402370">
						<ele>667</ele>
						<time>2026-07-30T23:28:15Z</time>
					</trkpt>
					<trkpt lat="46.107440" lon="4.402560">
						<ele>665</ele>
						<time>2026-07-30T23:28:39Z</time>
					</trkpt>
					<trkpt lat="46.107630" lon="4.402780">
						<ele>663</ele>
						<time>2026-07-30T23:29:11Z</time>
					</trkpt>
					<trkpt lat="46.107730" lon="4.402940">
						<ele>662</ele>
						<time>2026-07-30T23:29:31Z</time>
					</trkpt>
					<trkpt lat="46.107960" lon="4.403370">
						<ele>660</ele>
						<time>2026-07-30T23:30:22Z</time>
					</trkpt>
					<trkpt lat="46.108200" lon="4.403730">
						<ele>658</ele>
						<time>2026-07-30T23:31:08Z</time>
					</trkpt>
					<trkpt lat="46.108300" lon="4.403930">
						<ele>657</ele>
						<time>2026-07-30T23:31:31Z</time>
					</trkpt>
					<trkpt lat="46.108520" lon="4.404400">
						<ele>659</ele>
						<time>2026-07-30T23:32:23Z</time>
					</trkpt>
					<trkpt lat="46.108830" lon="4.404920">
						<ele>656</ele>
						<time>2026-07-30T23:33:26Z</time>
					</trkpt>
					<trkpt lat="46.108870" lon="4.404850">
						<ele>655</ele>
						<time>2026-07-30T23:33:35Z</time>
					</trkpt>
					<trkpt lat="46.108950" lon="4.404750">
						<ele>652</ele>
						<time>2026-07-30T23:33:49Z</time>
					</trkpt>
					<trkpt lat="46.109000" lon="4.404630">
						<ele>651</ele>
						<time>2026-07-30T23:34:02Z</time>
					</trkpt>
					<trkpt lat="46.109090" lon="4.404300">
						<ele>648</ele>
						<time>2026-07-30T23:34:35Z</time>
					</trkpt>
					<trkpt lat="46.109150" lon="4.404140">
						<ele>647</ele>
						<time>2026-07-30T23:34:52Z</time>
					</trkpt>
					<trkpt lat="46.109280" lon="4.403970">
						<ele>648</ele>
						<time>2026-07-30T23:35:15Z</time>
					</trkpt>
					<trkpt lat="46.109430" lon="4.403810">
						<ele>650</ele>
						<time>2026-07-30T23:35:40Z</time>
					</trkpt>
					<trkpt lat="46.109550" lon="4.403710">
						<ele>651</ele>
						<time>2026-07-30T23:35:58Z</time>
					</trkpt>
					<trkpt lat="46.109760" lon="4.403570">
						<ele>654</ele>
						<time>2026-07-30T23:36:29Z</time>
					</trkpt>
					<trkpt lat="46.109820" lon="4.403490">
						<ele>655</ele>
						<time>2026-07-30T23:36:40Z</time>
					</trkpt>
					<trkpt lat="46.109850" lon="4.403440">
						<ele>655</ele>
						<time>2026-07-30T23:36:46Z</time>
					</trkpt>
					<trkpt lat="46.109860" lon="4.403360">
						<ele>655</ele>
						<time>2026-07-30T23:36:54Z</time>
					</trkpt>
					<trkpt lat="46.109860" lon="4.403240">
						<ele>656</ele>
						<time>2026-07-30T23:37:05Z</time>
					</trkpt>
					<trkpt lat="46.109830" lon="4.403110">
						<ele>657</ele>
						<time>2026-07-30T23:37:18Z</time>
					</trkpt>
					<trkpt lat="46.109780" lon="4.403020">
						<ele>657</ele>
						<time>2026-07-30T23:37:28Z</time>
					</trkpt>
					<trkpt lat="46.109680" lon="4.402830">
						<ele>658</ele>
						<time>2026-07-30T23:37:50Z</time>
					</trkpt>
					<trkpt lat="46.109610" lon="4.402700">
						<ele>658</ele>
						<time>2026-07-30T23:38:06Z</time>
					</trkpt>
					<trkpt lat="46.109580" lon="4.402590">
						<ele>658</ele>
						<time>2026-07-30T23:38:16Z</time>
					</trkpt>
					<trkpt lat="46.109550" lon="4.402380">
						<ele>659</ele>
						<time>2026-07-30T23:38:36Z</time>
					</trkpt>
					<trkpt lat="46.109660" lon="4.402610">
						<ele>659</ele>
						<time>2026-07-30T23:39:02Z</time>
					</trkpt>
					<trkpt lat="46.109710" lon="4.402710">
						<ele>659</ele>
						<time>2026-07-30T23:39:14Z</time>
					</trkpt>
					<trkpt lat="46.109790" lon="4.402820">
						<ele>659</ele>
						<time>2026-07-30T23:39:28Z</time>
					</trkpt>
					<trkpt lat="46.109850" lon="4.402860">
						<ele>660</ele>
						<time>2026-07-30T23:39:37Z</time>
					</trkpt>
					<trkpt lat="46.110080" lon="4.402940">
						<ele>662</ele>
						<time>2026-07-30T23:40:09Z</time>
					</trkpt>
					<trkpt lat="46.110220" lon="4.403010">
						<ele>663</ele>
						<time>2026-07-30T23:40:29Z</time>
					</trkpt>
					<trkpt lat="46.110310" lon="4.403070">
						<ele>663</ele>
						<time>2026-07-30T23:40:42Z</time>
					</trkpt>
					<trkpt lat="46.110400" lon="4.403190">
						<ele>663</ele>
						<time>2026-07-30T23:40:58Z</time>
					</trkpt>
					<trkpt lat="46.110480" lon="4.403340">
						<ele>663</ele>
						<time>2026-07-30T23:41:16Z</time>
					</trkpt>
					<trkpt lat="46.110640" lon="4.403840">
						<ele>664</ele>
						<time>2026-07-30T23:42:07Z</time>
					</trkpt>
					<trkpt lat="46.110700" lon="4.403980">
						<ele>664</ele>
						<time>2026-07-30T23:42:22Z</time>
					</trkpt>
					<trkpt lat="46.110990" lon="4.404430">
						<ele>668</ele>
						<time>2026-07-30T23:43:19Z</time>
					</trkpt>
					<trkpt lat="46.111450" lon="4.405310">
						<ele>677</ele>
						<time>2026-07-30T23:45:01Z</time>
					</trkpt>
					<trkpt lat="46.111650" lon="4.405600">
						<ele>681</ele>
						<time>2026-07-30T23:45:38Z</time>
					</trkpt>
					<trkpt lat="46.112230" lon="4.406280">
						<ele>684</ele>
						<time>2026-07-30T23:47:18Z</time>
					</trkpt>
					<trkpt lat="46.112360" lon="4.406400">
						<ele>685</ele>
						<time>2026-07-30T23:47:39Z</time>
					</trkpt>
					<trkpt lat="46.112420" lon="4.406440">
						<ele>685</ele>
						<time>2026-07-30T23:47:48Z</time>
					</trkpt>
					<trkpt lat="46.112690" lon="4.406560">
						<ele>684</ele>
						<time>2026-07-30T23:48:25Z</time>
					</trkpt>
					<trkpt lat="46.112850" lon="4.406650">
						<ele>683</ele>
						<time>2026-07-30T23:48:48Z</time>
					</trkpt>
					<trkpt lat="46.112790" lon="4.406510">
						<ele>684</ele>
						<time>2026-07-30T23:49:03Z</time>
					</trkpt>
					<trkpt lat="46.112570" lon="4.406180">
						<ele>690</ele>
						<time>2026-07-30T23:49:46Z</time>
					</trkpt>
					<trkpt lat="46.112530" lon="4.406120">
						<ele>692</ele>
						<time>2026-07-30T23:49:53Z</time>
					</trkpt>
					<trkpt lat="46.112430" lon="4.405880">
						<ele>695</ele>
						<time>2026-07-30T23:50:19Z</time>
					</trkpt>
					<trkpt lat="46.112230" lon="4.405190">
						<ele>693</ele>
						<time>2026-07-30T23:51:29Z</time>
					</trkpt>
					<trkpt lat="46.112200" lon="4.404890">
						<ele>693</ele>
						<time>2026-07-30T23:51:57Z</time>
					</trkpt>
					<trkpt lat="46.112210" lon="4.404540">
						<ele>694</ele>
						<time>2026-07-30T23:52:29Z</time>
					</trkpt>
					<trkpt lat="46.112250" lon="4.403710">
						<ele>697</ele>
						<time>2026-07-30T23:53:46Z</time>
					</trkpt>
					<trkpt lat="46.112260" lon="4.403190">
						<ele>699</ele>
						<time>2026-07-30T23:54:34Z</time>
					</trkpt>
					<trkpt lat="46.112280" lon="4.402990">
						<ele>699</ele>
						<time>2026-07-30T23:54:53Z</time>
					</trkpt>
					<trkpt lat="46.112370" lon="4.402640">
						<ele>699</ele>
						<time>2026-07-30T23:55:27Z</time>
					</trkpt>
					<trkpt lat="46.112450" lon="4.402320">
						<ele>700</ele>
						<time>2026-07-30T23:55:59Z</time>
					</trkpt>
					<trkpt lat="46.112500" lon="4.401440">
						<ele>697</ele>
						<time>2026-07-30T23:57:20Z</time>
					</trkpt>
					<trkpt lat="46.112520" lon="4.400930">
						<ele>696</ele>
						<time>2026-07-30T23:58:08Z</time>
					</trkpt>
					<trkpt lat="46.112510" lon="4.400640">
						<ele>697</ele>
						<time>2026-07-30T23:58:35Z</time>
					</trkpt>
					<trkpt lat="46.112470" lon="4.400350">
						<ele>698</ele>
						<time>2026-07-30T23:59:02Z</time>
					</trkpt>
					<trkpt lat="46.112370" lon="4.399880">
						<ele>697</ele>
						<time>2026-07-30T23:59:47Z</time>
					</trkpt>
					<trkpt lat="46.112340" lon="4.399680">
						<ele>697</ele>
						<time>2026-07-31T00:00:06Z</time>
					</trkpt>
					<trkpt lat="46.112350" lon="4.399330">
						<ele>697</ele>
						<time>2026-07-31T00:00:39Z</time>
					</trkpt>
					<trkpt lat="46.112380" lon="4.398920">
						<ele>698</ele>
						<time>2026-07-31T00:01:17Z</time>
					</trkpt>
					<trkpt lat="46.112410" lon="4.398650">
						<ele>698</ele>
						<time>2026-07-31T00:01:42Z</time>
					</trkpt>
					<trkpt lat="46.112600" lon="4.397790">
						<ele>698</ele>
						<time>2026-07-31T00:03:06Z</time>
					</trkpt>
					<trkpt lat="46.112770" lon="4.396630">
						<ele>692</ele>
						<time>2026-07-31T00:04:55Z</time>
					</trkpt>
					<trkpt lat="46.112780" lon="4.396410">
						<ele>694</ele>
						<time>2026-07-31T00:05:16Z</time>
					</trkpt>
					<trkpt lat="46.112780" lon="4.395610">
						<ele>696</ele>
						<time>2026-07-31T00:06:30Z</time>
					</trkpt>
					<trkpt lat="46.112770" lon="4.395420">
						<ele>696</ele>
						<time>2026-07-31T00:06:47Z</time>
					</trkpt>
					<trkpt lat="46.112660" lon="4.394890">
						<ele>693</ele>
						<time>2026-07-31T00:07:39Z</time>
					</trkpt>
					<trkpt lat="46.112560" lon="4.394270">
						<ele>687</ele>
						<time>2026-07-31T00:08:38Z</time>
					</trkpt>
					<trkpt lat="46.112390" lon="4.393690">
						<ele>676</ele>
						<time>2026-07-31T00:09:36Z</time>
					</trkpt>
					<trkpt lat="46.112280" lon="4.393320">
						<ele>670</ele>
						<time>2026-07-31T00:10:13Z</time>
					</trkpt>
					<trkpt lat="46.112220" lon="4.393130">
						<ele>668</ele>
						<time>2026-07-31T00:10:32Z</time>
					</trkpt>
					<trkpt lat="46.112160" lon="4.392810">
						<ele>664</ele>
						<time>2026-07-31T00:11:03Z</time>
					</trkpt>
					<trkpt lat="46.112150" lon="4.392650">
						<ele>663</ele>
						<time>2026-07-31T00:11:18Z</time>
					</trkpt>
					<trkpt lat="46.112180" lon="4.392480">
						<ele>661</ele>
						<time>2026-07-31T00:11:34Z</time>
					</trkpt>
					<trkpt lat="46.112220" lon="4.392440">
						<ele>661</ele>
						<time>2026-07-31T00:11:41Z</time>
					</trkpt>
					<trkpt lat="46.112370" lon="4.392270">
						<ele>658</ele>
						<time>2026-07-31T00:12:06Z</time>
					</trkpt>
					<trkpt lat="46.112560" lon="4.392100">
						<ele>655</ele>
						<time>2026-07-31T00:12:36Z</time>
					</trkpt>
					<trkpt lat="46.113180" lon="4.391690">
						<ele>648</ele>
						<time>2026-07-31T00:14:07Z</time>
					</trkpt>
					<trkpt lat="46.113500" lon="4.391590">
						<ele>644</ele>
						<time>2026-07-31T00:14:51Z</time>
					</trkpt>
					<trkpt lat="46.113640" lon="4.391600">
						<ele>642</ele>
						<time>2026-07-31T00:15:09Z</time>
					</trkpt>
					<trkpt lat="46.113830" lon="4.391640">
						<ele>640</ele>
						<time>2026-07-31T00:15:35Z</time>
					</trkpt>
					<trkpt lat="46.114040" lon="4.391810">
						<ele>642</ele>
						<time>2026-07-31T00:16:07Z</time>
					</trkpt>
					<trkpt lat="46.114580" lon="4.392160">
						<ele>636</ele>
						<time>2026-07-31T00:17:26Z</time>
					</trkpt>
					<trkpt lat="46.114830" lon="4.392240">
						<ele>628</ele>
						<time>2026-07-31T00:18:00Z</time>
					</trkpt>
					<trkpt lat="46.115000" lon="4.392250">
						<ele>622</ele>
						<time>2026-07-31T00:18:23Z</time>
					</trkpt>
					<trkpt lat="46.115180" lon="4.392230">
						<ele>618</ele>
						<time>2026-07-31T00:18:47Z</time>
					</trkpt>
					<trkpt lat="46.115710" lon="4.392110">
						<ele>605</ele>
						<time>2026-07-31T00:19:59Z</time>
					</trkpt>
					<trkpt lat="46.116090" lon="4.392170">
						<ele>603</ele>
						<time>2026-07-31T00:20:50Z</time>
					</trkpt>
					<trkpt lat="46.116160" lon="4.392180">
						<ele>602</ele>
						<time>2026-07-31T00:20:59Z</time>
					</trkpt>
					<trkpt lat="46.116170" lon="4.392180">
						<ele>602</ele>
						<time>2026-07-31T00:21:00Z</time>
					</trkpt>
					<trkpt lat="46.116640" lon="4.392260">
						<ele>600</ele>
						<time>2026-07-31T00:22:03Z</time>
					</trkpt>
					<trkpt lat="46.117080" lon="4.392300">
						<ele>606</ele>
						<time>2026-07-31T00:23:02Z</time>
					</trkpt>
					<trkpt lat="46.117770" lon="4.392920">
						<ele>625</ele>
						<time>2026-07-31T00:24:51Z</time>
					</trkpt>
					<trkpt lat="46.118400" lon="4.393840">
						<ele>639</ele>
						<time>2026-07-31T00:26:50Z</time>
					</trkpt>
					<trkpt lat="46.118120" lon="4.394390">
						<ele>640</ele>
						<time>2026-07-31T00:27:54Z</time>
					</trkpt>
					<trkpt lat="46.118030" lon="4.394670">
						<ele>640</ele>
						<time>2026-07-31T00:28:22Z</time>
					</trkpt>
					<trkpt lat="46.117980" lon="4.394820">
						<ele>640</ele>
						<time>2026-07-31T00:28:37Z</time>
					</trkpt>
					<trkpt lat="46.117980" lon="4.394930">
						<ele>641</ele>
						<time>2026-07-31T00:28:48Z</time>
					</trkpt>
					<trkpt lat="46.118010" lon="4.395060">
						<ele>642</ele>
						<time>2026-07-31T00:29:00Z</time>
					</trkpt>
					<trkpt lat="46.118050" lon="4.395130">
						<ele>642</ele>
						<time>2026-07-31T00:29:09Z</time>
					</trkpt>
					<trkpt lat="46.118210" lon="4.395220">
						<ele>646</ele>
						<time>2026-07-31T00:29:32Z</time>
					</trkpt>
					<trkpt lat="46.118260" lon="4.395260">
						<ele>647</ele>
						<time>2026-07-31T00:29:39Z</time>
					</trkpt>
					<trkpt lat="46.118310" lon="4.395180">
						<ele>648</ele>
						<time>2026-07-31T00:29:49Z</time>
					</trkpt>
					<trkpt lat="46.118350" lon="4.395160">
						<ele>649</ele>
						<time>2026-07-31T00:29:55Z</time>
					</trkpt>
					<trkpt lat="46.118600" lon="4.395110">
						<ele>652</ele>
						<time>2026-07-31T00:30:29Z</time>
					</trkpt>
					<trkpt lat="46.118810" lon="4.395040">
						<ele>654</ele>
						<time>2026-07-31T00:30:57Z</time>
					</trkpt>
					<trkpt lat="46.118870" lon="4.395040">
						<ele>654</ele>
						<time>2026-07-31T00:31:05Z</time>
					</trkpt>
					<trkpt lat="46.118910" lon="4.395060">
						<ele>655</ele>
						<time>2026-07-31T00:31:11Z</time>
					</trkpt>
					<trkpt lat="46.118950" lon="4.395090">
						<ele>656</ele>
						<time>2026-07-31T00:31:17Z</time>
					</trkpt>
					<trkpt lat="46.119020" lon="4.395190">
						<ele>657</ele>
						<time>2026-07-31T00:31:30Z</time>
					</trkpt>
					<trkpt lat="46.119110" lon="4.395340">
						<ele>659</ele>
						<time>2026-07-31T00:31:49Z</time>
					</trkpt>
					<trkpt lat="46.119310" lon="4.395530">
						<ele>664</ele>
						<time>2026-07-31T00:32:20Z</time>
					</trkpt>
					<trkpt lat="46.119410" lon="4.395650">
						<ele>667</ele>
						<time>2026-07-31T00:32:38Z</time>
					</trkpt>
					<trkpt lat="46.119530" lon="4.395750">
						<ele>670</ele>
						<time>2026-07-31T00:32:56Z</time>
					</trkpt>
					<trkpt lat="46.119870" lon="4.396070">
						<ele>677</ele>
						<time>2026-07-31T00:33:50Z</time>
					</trkpt>
					<trkpt lat="46.120050" lon="4.396210">
						<ele>679</ele>
						<time>2026-07-31T00:34:18Z</time>
					</trkpt>
					<trkpt lat="46.120160" lon="4.396250">
						<ele>679</ele>
						<time>2026-07-31T00:34:33Z</time>
					</trkpt>
					<trkpt lat="46.120390" lon="4.396290">
						<ele>680</ele>
						<time>2026-07-31T00:35:04Z</time>
					</trkpt>
					<trkpt lat="46.120750" lon="4.396440">
						<ele>682</ele>
						<time>2026-07-31T00:35:54Z</time>
					</trkpt>
					<trkpt lat="46.121070" lon="4.396620">
						<ele>686</ele>
						<time>2026-07-31T00:36:40Z</time>
					</trkpt>
					<trkpt lat="46.121520" lon="4.396990">
						<ele>692</ele>
						<time>2026-07-31T00:37:49Z</time>
					</trkpt>
					<trkpt lat="46.121850" lon="4.397360">
						<ele>698</ele>
						<time>2026-07-31T00:38:45Z</time>
					</trkpt>
					<trkpt lat="46.122190" lon="4.397600">
						<ele>702</ele>
						<time>2026-07-31T00:39:35Z</time>
					</trkpt>
					<trkpt lat="46.122400" lon="4.397720">
						<ele>704</ele>
						<time>2026-07-31T00:40:05Z</time>
					</trkpt>
					<trkpt lat="46.122530" lon="4.397780">
						<ele>706</ele>
						<time>2026-07-31T00:40:23Z</time>
					</trkpt>
					<trkpt lat="46.122580" lon="4.397780">
						<ele>707</ele>
						<time>2026-07-31T00:40:30Z</time>
					</trkpt>
					<trkpt lat="46.122640" lon="4.397740">
						<ele>708</ele>
						<time>2026-07-31T00:40:39Z</time>
					</trkpt>
					<trkpt lat="46.122690" lon="4.397740">
						<ele>708</ele>
						<time>2026-07-31T00:40:46Z</time>
					</trkpt>
					<trkpt lat="46.123010" lon="4.397880">
						<ele>713</ele>
						<time>2026-07-31T00:41:30Z</time>
					</trkpt>
					<trkpt lat="46.123110" lon="4.397910">
						<ele>714</ele>
						<time>2026-07-31T00:41:44Z</time>
					</trkpt>
					<trkpt lat="46.123190" lon="4.397940">
						<ele>715</ele>
						<time>2026-07-31T00:41:55Z</time>
					</trkpt>
					<trkpt lat="46.123380" lon="4.398030">
						<ele>718</ele>
						<time>2026-07-31T00:42:22Z</time>
					</trkpt>
					<trkpt lat="46.123890" lon="4.398370">
						<ele>725</ele>
						<time>2026-07-31T00:43:37Z</time>
					</trkpt>
					<trkpt lat="46.124280" lon="4.398580">
						<ele>728</ele>
						<time>2026-07-31T00:44:32Z</time>
					</trkpt>
					<trkpt lat="46.124370" lon="4.398660">
						<ele>727</ele>
						<time>2026-07-31T00:44:46Z</time>
					</trkpt>
					<trkpt lat="46.124510" lon="4.398810">
						<ele>726</ele>
						<time>2026-07-31T00:45:09Z</time>
					</trkpt>
					<trkpt lat="46.124570" lon="4.398870">
						<ele>726</ele>
						<time>2026-07-31T00:45:19Z</time>
					</trkpt>
					<trkpt lat="46.124670" lon="4.399020">
						<ele>725</ele>
						<time>2026-07-31T00:45:38Z</time>
					</trkpt>
					<trkpt lat="46.124970" lon="4.399300">
						<ele>723</ele>
						<time>2026-07-31T00:46:26Z</time>
					</trkpt>
					<trkpt lat="46.125180" lon="4.399540">
						<ele>721</ele>
						<time>2026-07-31T00:47:02Z</time>
					</trkpt>
					<trkpt lat="46.125590" lon="4.399830">
						<ele>717</ele>
						<time>2026-07-31T00:48:03Z</time>
					</trkpt>
					<trkpt lat="46.125860" lon="4.400050">
						<ele>715</ele>
						<time>2026-07-31T00:48:44Z</time>
					</trkpt>
					<trkpt lat="46.126280" lon="4.400450">
						<ele>713</ele>
						<time>2026-07-31T00:49:51Z</time>
					</trkpt>
					<trkpt lat="46.126450" lon="4.400510">
						<ele>712</ele>
						<time>2026-07-31T00:50:15Z</time>
					</trkpt>
					<trkpt lat="46.126720" lon="4.400520">
						<ele>709</ele>
						<time>2026-07-31T00:50:51Z</time>
					</trkpt>
					<trkpt lat="46.127030" lon="4.400530">
						<ele>708</ele>
						<time>2026-07-31T00:51:32Z</time>
					</trkpt>
					<trkpt lat="46.127140" lon="4.400650">
						<ele>708</ele>
						<time>2026-07-31T00:51:51Z</time>
					</trkpt>
					<trkpt lat="46.127340" lon="4.400780">
						<ele>708</ele>
						<time>2026-07-31T00:52:20Z</time>
					</trkpt>
					<trkpt lat="46.127540" lon="4.400880">
						<ele>709</ele>
						<time>2026-07-31T00:52:48Z</time>
					</trkpt>
					<trkpt lat="46.127700" lon="4.400910">
						<ele>710</ele>
						<time>2026-07-31T00:53:10Z</time>
					</trkpt>
					<trkpt lat="46.127840" lon="4.400890">
						<ele>711</ele>
						<time>2026-07-31T00:53:28Z</time>
					</trkpt>
					<trkpt lat="46.127910" lon="4.400860">
						<ele>711</ele>
						<time>2026-07-31T00:53:38Z</time>
					</trkpt>
					<trkpt lat="46.127980" lon="4.400800">
						<ele>711</ele>
						<time>2026-07-31T00:53:49Z</time>
					</trkpt>
					<trkpt lat="46.128140" lon="4.400650">
						<ele>711</ele>
						<time>2026-07-31T00:54:14Z</time>
					</trkpt>
					<trkpt lat="46.128360" lon="4.400390">
						<ele>712</ele>
						<time>2026-07-31T00:54:52Z</time>
					</trkpt>
					<trkpt lat="46.128470" lon="4.400210">
						<ele>713</ele>
						<time>2026-07-31T00:55:15Z</time>
					</trkpt>
					<trkpt lat="46.128610" lon="4.399950">
						<ele>714</ele>
						<time>2026-07-31T00:55:45Z</time>
					</trkpt>
					<trkpt lat="46.128810" lon="4.399520">
						<ele>715</ele>
						<time>2026-07-31T00:56:33Z</time>
					</trkpt>
					<trkpt lat="46.128910" lon="4.399250">
						<ele>716</ele>
						<time>2026-07-31T00:57:01Z</time>
					</trkpt>
					<trkpt lat="46.128990" lon="4.399070">
						<ele>717</ele>
						<time>2026-07-31T00:57:21Z</time>
					</trkpt>
					<trkpt lat="46.129000" lon="4.399060">
						<ele>717</ele>
						<time>2026-07-31T00:57:23Z</time>
					</trkpt>
					</trkseg>
				</trk>
			</gpx>