<?xml version="1.0" encoding="UTF-8"?><gpx xmlns="http://www.topografix.com/GPX/1/1" xmlns:xsi="http://www.w3.org/2001/XMLSchema-instance" version="1.1" creator="Polar Grit X" xsi:schemaLocation="http://www.topografix.com/GPX/1/1 http://www.topografix.com/GPX/1/1/gpx.xsd"><metadata><author><name>Polar</name></author><time>2026-07-29T10:44:29.074Z</time><bounds minlat="46.12821167" minlon="4.39048333" maxlat="46.15711167" maxlon="4.42605167"></bounds></metadata><trk><trkseg><trkpt lat="46.13212" lon="4.39612833"><ele>752.0</ele><time>2026-07-29T07:51:27.263Z</time></trkpt><trkpt lat="46.13211667" lon="4.39613333"><ele>752.0</ele><time>2026-07-29T07:51:28.263Z</time></trkpt><trkpt lat="46.13210833" lon="4.39613667"><ele>751.0</ele><time>2026-07-29T07:51:29.263Z</time></trkpt><trkpt lat="46.13209833" lon="4.39614167"><ele>751.0</ele><time>2026-07-29T07:51:30.263Z</time></trkpt><trkpt lat="46.13208833" lon="4.396145"><ele>750.0</ele><time>2026-07-29T07:51:31.264Z</time></trkpt><trkpt lat="46.132075" lon="4.39615333"><ele>750.0</ele><time>2026-07-29T07:51:32.264Z</time></trkpt><trkpt lat="46.13206333" lon="4.39615833"><ele>750.0</ele><time>2026-07-29T07:51:33.263Z</time></trkpt><trkpt lat="46.13205" lon="4.39616333"><ele>750.0</ele><time>2026-07-29T07:51:34.263Z</time></trkpt><trkpt lat="46.13203833" lon="4.39616833"><ele>750.0</ele><time>2026-07-29T07:51:35.263Z</time></trkpt><trkpt lat="46.13203" lon="4.39617333"><ele>749.0</ele><time>2026-07-29T07:51:36.263Z</time></trkpt><trkpt lat="46.13202167" lon="4.39618667"><ele>749.0</ele><time>2026-07-29T07:51:37.263Z</time></trkpt><trkpt lat="46.13201167" lon="4.396195"><ele>749.0</ele><time>2026-07-29T07:51:38.263Z</time></trkpt><trkpt lat="46.132" lon="4.396195"><ele>749.0</ele><time>2026-07-29T07:51:39.263Z</time></trkpt><trkpt lat="46.13199167" lon="4.396195"><ele>749.0</ele><time>2026-07-29T07:51:40.263Z</time></trkpt><trkpt lat="46.13197833" lon="4.39619833"><ele>749.0</ele><time>2026-07-29T07:51:41.263Z</time></trkpt><trkpt lat="46.13197" lon="4.39620167"><ele>749.0</ele><time>2026-07-29T07:51:42.263Z</time></trkpt><trkpt lat="46.131955" lon="4.39621167"><ele>749.0</ele><time>2026-07-29T07:51:43.263Z</time></trkpt><trkpt lat="46.13194333" lon="4.39622"><ele>749.0</ele><time>2026-07-29T07:51:44.263Z</time></trkpt><trkpt lat="46.13192667" lon="4.396225"><ele>749.0</ele><time>2026-07-29T07:51:45.263Z</time></trkpt><trkpt lat="46.131905" lon="4.39623833"><ele>750.0</ele><time>2026-07-29T07:51:46.263Z</time></trkpt><trkpt lat="46.13188833" lon="4.39624833"><ele>750.0</ele><time>2026-07-29T07:51:47.263Z</time></trkpt><trkpt lat="46.13187" lon="4.396255"><ele>750.0</ele><time>2026-07-29T07:51:48.263Z</time></trkpt><trkpt lat="46.13185167" lon="4.39627"><ele>751.0</ele><time>2026-07-29T07:51:49.263Z</time></trkpt><trkpt lat="46.131835" lon="4.396285"><ele>751.0</ele><time>2026-07-29T07:51:50.264Z</time></trkpt><trkpt lat="46.13182167" lon="4.396305"><ele>752.0</ele><time>2026-07-29T07:51:51.263Z</time></trkpt><trkpt lat="46.13181" lon="4.39631167"><ele>752.0</ele><time>2026-07-29T07:51:52.264Z</time></trkpt><trkpt lat="46.131795" lon="4.39631667"><ele>752.0</ele><time>2026-07-29T07:51:53.263Z</time></trkpt><trkpt lat="46.13178" lon="4.39632667"><ele>752.0</ele><time>2026-07-29T07:51:54.263Z</time></trkpt><trkpt lat="46.13176167" lon="4.39633667"><ele>752.0</ele><time>2026-07-29T07:51:55.263Z</time></trkpt><trkpt lat="46.13174667" lon="4.39634333"><ele>752.0</ele><time>2026-07-29T07:51:56.263Z</time></trkpt><trkpt lat="46.13173167" lon="4.39634667"><ele>752.0</ele><time>2026-07-29T07:51:57.263Z</time></trkpt><trkpt lat="46.13171667" lon="4.39635"><ele>752.0</ele><time>2026-07-29T07:51:58.263Z</time></trkpt><trkpt lat="46.131705" lon="4.39636"><ele>752.0</ele><time>2026-07-29T07:51:59.264Z</time></trkpt><trkpt lat="46.131685" lon="4.39637667"><ele>752.0</ele><time>2026-07-29T07:52:00.263Z</time></trkpt><trkpt lat="46.13167167" lon="4.39638"><ele>752.0</ele><time>2026-07-29T07:52:01.264Z</time></trkpt><trkpt lat="46.13166" lon="4.39638333"><ele>752.0</ele><time>2026-07-29T07:52:02.263Z</time></trkpt><trkpt lat="46.131645" lon="4.39638833"><ele>752.0</ele><time>2026-07-29T07:52:03.263Z</time></trkpt><trkpt lat="46.13163" lon="4.39639"><ele>753.0</ele><time>2026-07-29T07:52:04.263Z</time></trkpt><trkpt lat="46.13161833" lon="4.39638833"><ele>753.0</ele><time>2026-07-29T07:52:05.263Z</time></trkpt><trkpt lat="46.131605" lon="4.396385"><ele>753.0</ele><time>2026-07-29T07:52:06.264Z</time></trkpt><trkpt lat="46.131595" lon="4.39638"><ele>753.0</ele><time>2026-07-29T07:52:07.263Z</time></trkpt><trkpt lat="46.131585" lon="4.39636833"><ele>753.0</ele><time>2026-07-29T07:52:08.263Z</time></trkpt><trkpt lat="46.13157833" lon="4.396355"><ele>752.0</ele><time>2026-07-29T07:52:09.264Z</time></trkpt><trkpt lat="46.13157333" lon="4.39633667"><ele>752.0</ele><time>2026-07-29T07:52:10.264Z</time></trkpt><trkpt lat="46.13156833" lon="4.39631"><ele>752.0</ele><time>2026-07-29T07:52:11.263Z</time></trkpt><trkpt lat="46.13156667" lon="4.396285"><ele>752.0</ele><time>2026-07-29T07:52:12.264Z</time></trkpt><trkpt lat="46.13156833" lon="4.39626667"><ele>751.0</ele><time>2026-07-29T07:52:13.263Z</time></trkpt><trkpt lat="46.13157167" lon="4.39624667"><ele>751.0</ele><time>2026-07-29T07:52:14.263Z</time></trkpt><trkpt lat="46.13157667" lon="4.396225"><ele>751.0</ele><time>2026-07-29T07:52:15.263Z</time></trkpt><trkpt lat="46.13157667" lon="4.396195"><ele>751.0</ele><time>2026-07-29T07:52:16.264Z</time></trkpt><trkpt lat="46.13158167" lon="4.39618"><ele>750.0</ele><time>2026-07-29T07:52:17.264Z</time></trkpt><trkpt lat="46.13159" lon="4.396155"><ele>750.0</ele><time>2026-07-29T07:52:18.263Z</time></trkpt><trkpt lat="46.13159167" lon="4.39612833"><ele>750.0</ele><time>2026-07-29T07:52:19.263Z</time></trkpt><trkpt lat="46.13159333" lon="4.396105"><ele>750.0</ele><time>2026-07-29T07:52:20.263Z</time></trkpt><trkpt lat="46.13159667" lon="4.39608333"><ele>750.0</ele><time>2026-07-29T07:52:21.263Z</time></trkpt><trkpt lat="46.13160333" lon="4.39606167"><ele>750.0</ele><time>2026-07-29T07:52:22.264Z</time></trkpt><trkpt lat="46.131615" lon="4.39603833"><ele>750.0</ele><time>2026-07-29T07:52:23.263Z</time></trkpt><trkpt lat="46.13162167" lon="4.39601667"><ele>750.0</ele><time>2026-07-29T07:52:24.263Z</time></trkpt><trkpt lat="46.13162667" lon="4.39599167"><ele>750.0</ele><time>2026-07-29T07:52:25.263Z</time></trkpt><trkpt lat="46.13163333" lon="4.39597333"><ele>750.0</ele><time>2026-07-29T07:52:26.263Z</time></trkpt><trkpt lat="46.13164333" lon="4.395945"><ele>750.0</ele><time>2026-07-29T07:52:27.264Z</time></trkpt><trkpt lat="46.13165" lon="4.39592167"><ele>750.0</ele><time>2026-07-29T07:52:28.263Z</time></trkpt><trkpt lat="46.13165333" lon="4.395905"><ele>749.0</ele><time>2026-07-29T07:52:29.264Z</time></trkpt><trkpt lat="46.13165833" lon="4.395885"><ele>749.0</ele><time>2026-07-29T07:52:30.263Z</time></trkpt><trkpt lat="46.13166833" lon="4.39585833"><ele>749.0</ele><time>2026-07-29T07:52:31.263Z</time></trkpt><trkpt lat="46.13167833" lon="4.39583667"><ele>748.0</ele><time>2026-07-29T07:52:32.263Z</time></trkpt><trkpt lat="46.13168667" lon="4.39581833"><ele>748.0</ele><time>2026-07-29T07:52:33.263Z</time></trkpt><trkpt lat="46.13169333" lon="4.39579667"><ele>748.0</ele><time>2026-07-29T07:52:34.264Z</time></trkpt><trkpt lat="46.1317" lon="4.39577333"><ele>748.0</ele><time>2026-07-29T07:52:35.264Z</time></trkpt><trkpt lat="46.131705" lon="4.395755"><ele>747.0</ele><time>2026-07-29T07:52:36.264Z</time></trkpt><trkpt lat="46.13171333" lon="4.39573667"><ele>747.0</ele><time>2026-07-29T07:52:37.264Z</time></trkpt><trkpt lat="46.13171833" lon="4.39571333"><ele>746.0</ele><time>2026-07-29T07:52:38.263Z</time></trkpt><trkpt lat="46.13172" lon="4.39568833"><ele>746.0</ele><time>2026-07-29T07:52:39.263Z</time></trkpt><trkpt lat="46.13172333" lon="4.39566"><ele>746.0</ele><time>2026-07-29T07:52:40.263Z</time></trkpt><trkpt lat="46.13173" lon="4.39563667"><ele>746.0</ele><time>2026-07-29T07:52:41.263Z</time></trkpt><trkpt lat="46.13173667" lon="4.39561333"><ele>746.0</ele><time>2026-07-29T07:52:42.263Z</time></trkpt><trkpt lat="46.13174" lon="4.39559167"><ele>745.0</ele><time>2026-07-29T07:52:43.263Z</time></trkpt><trkpt lat="46.13174667" lon="4.39557"><ele>745.0</ele><time>2026-07-29T07:52:44.263Z</time></trkpt><trkpt lat="46.13175167" lon="4.39555"><ele>745.0</ele><time>2026-07-29T07:52:45.264Z</time></trkpt><trkpt lat="46.13175833" lon="4.39553333"><ele>745.0</ele><time>2026-07-29T07:52:46.263Z</time></trkpt><trkpt lat="46.131765" lon="4.395515"><ele>744.0</ele><time>2026-07-29T07:52:47.263Z</time></trkpt><trkpt lat="46.13177333" lon="4.39549333"><ele>744.0</ele><time>2026-07-29T07:52:48.263Z</time></trkpt><trkpt lat="46.13178" lon="4.39546833"><ele>744.0</ele><time>2026-07-29T07:52:49.263Z</time></trkpt><trkpt lat="46.13178667" lon="4.39545333"><ele>744.0</ele><time>2026-07-29T07:52:50.263Z</time></trkpt><trkpt lat="46.131795" lon="4.39543167"><ele>744.0</ele><time>2026-07-29T07:52:51.264Z</time></trkpt><trkpt lat="46.1318" lon="4.39541833"><ele>744.0</ele><time>2026-07-29T07:52:52.264Z</time></trkpt><trkpt lat="46.131805" lon="4.3954"><ele>744.0</ele><time>2026-07-29T07:52:53.263Z</time></trkpt><trkpt lat="46.13181167" lon="4.39538167"><ele>744.0</ele><time>2026-07-29T07:52:54.263Z</time></trkpt><trkpt lat="46.13181667" lon="4.39536333"><ele>744.0</ele><time>2026-07-29T07:52:55.263Z</time></trkpt><trkpt lat="46.13182333" lon="4.39534667"><ele>744.0</ele><time>2026-07-29T07:52:56.263Z</time></trkpt><trkpt lat="46.13183167" lon="4.39533333"><ele>744.0</ele><time>2026-07-29T07:52:57.263Z</time></trkpt><trkpt lat="46.13184" lon="4.39532"><ele>744.0</ele><time>2026-07-29T07:52:58.263Z</time></trkpt><trkpt lat="46.13184667" lon="4.39530333"><ele>744.0</ele><time>2026-07-29T07:52:59.264Z</time></trkpt><trkpt lat="46.13185167" lon="4.395285"><ele>744.0</ele><time>2026-07-29T07:53:00.264Z</time></trkpt><trkpt lat="46.131855" lon="4.39526333"><ele>744.0</ele><time>2026-07-29T07:53:01.263Z</time></trkpt><trkpt lat="46.13185833" lon="4.39524333"><ele>743.0</ele><time>2026-07-29T07:53:02.263Z</time></trkpt><trkpt lat="46.13186" lon="4.39522167"><ele>743.0</ele><time>2026-07-29T07:53:03.263Z</time></trkpt><trkpt lat="46.13186167" lon="4.39519833"><ele>743.0</ele><time>2026-07-29T07:53:04.264Z</time></trkpt><trkpt lat="46.13185833" lon="4.39518333"><ele>742.0</ele><time>2026-07-29T07:53:05.264Z</time></trkpt><trkpt lat="46.13185833" lon="4.39516667"><ele>742.0</ele><time>2026-07-29T07:53:06.263Z</time></trkpt><trkpt lat="46.13185667" lon="4.39514667"><ele>742.0</ele><time>2026-07-29T07:53:07.264Z</time></trkpt><trkpt lat="46.13185167" lon="4.39512667"><ele>742.0</ele><time>2026-07-29T07:53:08.263Z</time></trkpt><trkpt lat="46.13184833" lon="4.39510167"><ele>741.0</ele><time>2026-07-29T07:53:09.263Z</time></trkpt><trkpt lat="46.13185" lon="4.395085"><ele>741.0</ele><time>2026-07-29T07:53:10.263Z</time></trkpt><trkpt lat="46.13185" lon="4.39506167"><ele>741.0</ele><time>2026-07-29T07:53:11.263Z</time></trkpt><trkpt lat="46.131855" lon="4.39503667"><ele>741.0</ele><time>2026-07-29T07:53:12.263Z</time></trkpt><trkpt lat="46.13186167" lon="4.395025"><ele>741.0</ele><time>2026-07-29T07:53:13.264Z</time></trkpt><trkpt lat="46.13186833" lon="4.39500667"><ele>741.0</ele><time>2026-07-29T07:53:14.263Z</time></trkpt><trkpt lat="46.13188" lon="4.39499167"><ele>741.0</ele><time>2026-07-29T07:53:15.264Z</time></trkpt><trkpt lat="46.13189" lon="4.39497833"><ele>741.0</ele><time>2026-07-29T07:53:16.263Z</time></trkpt><trkpt lat="46.13190167" lon="4.394965"><ele>741.0</ele><time>2026-07-29T07:53:17.263Z</time></trkpt><trkpt lat="46.131915" lon="4.39495333"><ele>741.0</ele><time>2026-07-29T07:53:18.264Z</time></trkpt><trkpt lat="46.13192833" lon="4.39493833"><ele>742.0</ele><time>2026-07-29T07:53:19.263Z</time></trkpt><trkpt lat="46.13194167" lon="4.39492833"><ele>742.0</ele><time>2026-07-29T07:53:20.263Z</time></trkpt><trkpt lat="46.13195833" lon="4.39492"><ele>742.0</ele><time>2026-07-29T07:53:21.263Z</time></trkpt><trkpt lat="46.131975" lon="4.39491167"><ele>742.0</ele><time>2026-07-29T07:53:22.263Z</time></trkpt><trkpt lat="46.13199167" lon="4.39490833"><ele>742.0</ele><time>2026-07-29T07:53:23.263Z</time></trkpt><trkpt lat="46.13200667" lon="4.39490167"><ele>742.0</ele><time>2026-07-29T07:53:24.263Z</time></trkpt><trkpt lat="46.13202167" lon="4.394895"><ele>742.0</ele><time>2026-07-29T07:53:25.263Z</time></trkpt><trkpt lat="46.132035" lon="4.394885"><ele>742.0</ele><time>2026-07-29T07:53:26.263Z</time></trkpt><trkpt lat="46.13205" lon="4.39487"><ele>742.0</ele><time>2026-07-29T07:53:27.263Z</time></trkpt><trkpt lat="46.13206" lon="4.39485833"><ele>742.0</ele><time>2026-07-29T07:53:28.263Z</time></trkpt><trkpt lat="46.13207167" lon="4.39484167"><ele>741.0</ele><time>2026-07-29T07:53:29.264Z</time></trkpt><trkpt lat="46.13208333" lon="4.39482667"><ele>741.0</ele><time>2026-07-29T07:53:30.263Z</time></trkpt><trkpt lat="46.13209833" lon="4.39480667"><ele>741.0</ele><time>2026-07-29T07:53:31.263Z</time></trkpt><trkpt lat="46.13211" lon="4.394795"><ele>741.0</ele><time>2026-07-29T07:53:32.263Z</time></trkpt><trkpt lat="46.13212167" lon="4.39478"><ele>741.0</ele><time>2026-07-29T07:53:33.263Z</time></trkpt><trkpt lat="46.13213667" lon="4.39476333"><ele>741.0</ele><time>2026-07-29T07:53:34.263Z</time></trkpt><trkpt lat="46.13215" lon="4.39475333"><ele>740.0</ele><time>2026-07-29T07:53:35.264Z</time></trkpt><trkpt lat="46.132165" lon="4.39474167"><ele>740.0</ele><time>2026-07-29T07:53:36.263Z</time></trkpt><trkpt lat="46.13218" lon="4.394735"><ele>740.0</ele><time>2026-07-29T07:53:37.264Z</time></trkpt><trkpt lat="46.13219333" lon="4.39472833"><ele>739.0</ele><time>2026-07-29T07:53:38.264Z</time></trkpt><trkpt lat="46.13221167" lon="4.39472"><ele>739.0</ele><time>2026-07-29T07:53:39.263Z</time></trkpt><trkpt lat="46.132225" lon="4.39471667"><ele>740.0</ele><time>2026-07-29T07:53:40.263Z</time></trkpt><trkpt lat="46.132225" lon="4.39471667"><ele>740.0</ele><time>2026-07-29T07:53:41.263Z</time></trkpt><trkpt lat="46.13226167" lon="4.39470333"><ele>740.0</ele><time>2026-07-29T07:53:42.263Z</time></trkpt><trkpt lat="46.13228" lon="4.39469833"><ele>740.0</ele><time>2026-07-29T07:53:43.263Z</time></trkpt><trkpt lat="46.13229833" lon="4.39469667"><ele>740.0</ele><time>2026-07-29T07:53:44.263Z</time></trkpt><trkpt lat="46.132315" lon="4.39469667"><ele>739.0</ele><time>2026-07-29T07:53:45.263Z</time></trkpt><trkpt lat="46.13233167" lon="4.39469167"><ele>740.0</ele><time>2026-07-29T07:53:46.263Z</time></trkpt><trkpt lat="46.13234833" lon="4.39469167"><ele>739.0</ele><time>2026-07-29T07:53:47.264Z</time></trkpt><trkpt lat="46.13236" lon="4.39469"><ele>740.0</ele><time>2026-07-29T07:53:48.263Z</time></trkpt><trkpt lat="46.13237833" lon="4.39468667"><ele>739.0</ele><time>2026-07-29T07:53:49.263Z</time></trkpt><trkpt lat="46.13239167" lon="4.39468167"><ele>739.0</ele><time>2026-07-29T07:53:50.263Z</time></trkpt><trkpt lat="46.13240333" lon="4.39467667"><ele>739.0</ele><time>2026-07-29T07:53:51.264Z</time></trkpt><trkpt lat="46.13241667" lon="4.39467167"><ele>739.0</ele><time>2026-07-29T07:53:52.263Z</time></trkpt><trkpt lat="46.13243333" lon="4.394665"><ele>739.0</ele><time>2026-07-29T07:53:53.264Z</time></trkpt><trkpt lat="46.13245" lon="4.39466167"><ele>739.0</ele><time>2026-07-29T07:53:54.264Z</time></trkpt><trkpt lat="46.13246667" lon="4.39466167"><ele>739.0</ele><time>2026-07-29T07:53:55.264Z</time></trkpt><trkpt lat="46.13248333" lon="4.394665"><ele>739.0</ele><time>2026-07-29T07:53:56.264Z</time></trkpt><trkpt lat="46.1325" lon="4.39466667"><ele>739.0</ele><time>2026-07-29T07:53:57.263Z</time></trkpt><trkpt lat="46.132515" lon="4.39467"><ele>739.0</ele><time>2026-07-29T07:53:58.264Z</time></trkpt><trkpt lat="46.13253167" lon="4.394675"><ele>739.0</ele><time>2026-07-29T07:53:59.263Z</time></trkpt><trkpt lat="46.13254667" lon="4.39468"><ele>739.0</ele><time>2026-07-29T07:54:00.263Z</time></trkpt><trkpt lat="46.13256333" lon="4.39468833"><ele>739.0</ele><time>2026-07-29T07:54:01.263Z</time></trkpt><trkpt lat="46.13258" lon="4.39469833"><ele>739.0</ele><time>2026-07-29T07:54:02.264Z</time></trkpt><trkpt lat="46.13259333" lon="4.39470833"><ele>739.0</ele><time>2026-07-29T07:54:03.264Z</time></trkpt><trkpt lat="46.132605" lon="4.39471667"><ele>739.0</ele><time>2026-07-29T07:54:04.263Z</time></trkpt><trkpt lat="46.13262167" lon="4.39472667"><ele>739.0</ele><time>2026-07-29T07:54:05.264Z</time></trkpt><trkpt lat="46.13263333" lon="4.39473667"><ele>739.0</ele><time>2026-07-29T07:54:06.264Z</time></trkpt><trkpt lat="46.13264" lon="4.39474333"><ele>739.0</ele><time>2026-07-29T07:54:07.263Z</time></trkpt><trkpt lat="46.13265333" lon="4.39475333"><ele>739.0</ele><time>2026-07-29T07:54:08.263Z</time></trkpt><trkpt lat="46.13266167" lon="4.39476"><ele>739.0</ele><time>2026-07-29T07:54:09.263Z</time></trkpt><trkpt lat="46.132675" lon="4.39476833"><ele>740.0</ele><time>2026-07-29T07:54:10.263Z</time></trkpt><trkpt lat="46.13268667" lon="4.39477333"><ele>740.0</ele><time>2026-07-29T07:54:11.263Z</time></trkpt><trkpt lat="46.13269833" lon="4.394785"><ele>740.0</ele><time>2026-07-29T07:54:12.263Z</time></trkpt><trkpt lat="46.13270833" lon="4.394795"><ele>741.0</ele><time>2026-07-29T07:54:13.263Z</time></trkpt><trkpt lat="46.13271833" lon="4.39480333"><ele>741.0</ele><time>2026-07-29T07:54:14.263Z</time></trkpt><trkpt lat="46.13272833" lon="4.39481167"><ele>741.0</ele><time>2026-07-29T07:54:15.264Z</time></trkpt><trkpt lat="46.13274" lon="4.39482"><ele>741.0</ele><time>2026-07-29T07:54:16.263Z</time></trkpt><trkpt lat="46.13275167" lon="4.39483167"><ele>741.0</ele><time>2026-07-29T07:54:17.263Z</time></trkpt><trkpt lat="46.13276333" lon="4.39484167"><ele>741.0</ele><time>2026-07-29T07:54:18.263Z</time></trkpt><trkpt lat="46.13277333" lon="4.39485167"><ele>742.0</ele><time>2026-07-29T07:54:19.263Z</time></trkpt><trkpt lat="46.13279" lon="4.39486333"><ele>742.0</ele><time>2026-07-29T07:54:20.263Z</time></trkpt><trkpt lat="46.13279833" lon="4.39487333"><ele>742.0</ele><time>2026-07-29T07:54:21.263Z</time></trkpt><trkpt lat="46.13281167" lon="4.39488167"><ele>742.0</ele><time>2026-07-29T07:54:22.263Z</time></trkpt><trkpt lat="46.13282167" lon="4.39489"><ele>742.0</ele><time>2026-07-29T07:54:23.264Z</time></trkpt><trkpt lat="46.13283167" lon="4.39489833"><ele>742.0</ele><time>2026-07-29T07:54:24.263Z</time></trkpt><trkpt lat="46.132845" lon="4.39491"><ele>742.0</ele><time>2026-07-29T07:54:25.263Z</time></trkpt><trkpt lat="46.132855" lon="4.39492"><ele>742.0</ele><time>2026-07-29T07:54:26.263Z</time></trkpt><trkpt lat="46.13286333" lon="4.39493"><ele>743.0</ele><time>2026-07-29T07:54:27.263Z</time></trkpt><trkpt lat="46.132875" lon="4.39494"><ele>744.0</ele><time>2026-07-29T07:54:28.263Z</time></trkpt><trkpt lat="46.13288667" lon="4.39495167"><ele>745.0</ele><time>2026-07-29T07:54:29.264Z</time></trkpt><trkpt lat="46.13289833" lon="4.394965"><ele>745.0</ele><time>2026-07-29T07:54:30.263Z</time></trkpt><trkpt lat="46.13290833" lon="4.39498"><ele>745.0</ele><time>2026-07-29T07:54:31.263Z</time></trkpt><trkpt lat="46.13291833" lon="4.394995"><ele>745.0</ele><time>2026-07-29T07:54:32.263Z</time></trkpt><trkpt lat="46.13293" lon="4.39501167"><ele>746.0</ele><time>2026-07-29T07:54:33.264Z</time></trkpt><trkpt lat="46.13294" lon="4.395025"><ele>746.0</ele><time>2026-07-29T07:54:34.264Z</time></trkpt><trkpt lat="46.13295167" lon="4.39504167"><ele>746.0</ele><time>2026-07-29T07:54:35.263Z</time></trkpt><trkpt lat="46.13296333" lon="4.39505667"><ele>746.0</ele><time>2026-07-29T07:54:36.263Z</time></trkpt><trkpt lat="46.132975" lon="4.39507"><ele>746.0</ele><time>2026-07-29T07:54:37.263Z</time></trkpt><trkpt lat="46.13299" lon="4.39508333"><ele>746.0</ele><time>2026-07-29T07:54:38.263Z</time></trkpt><trkpt lat="46.133005" lon="4.39510167"><ele>746.0</ele><time>2026-07-29T07:54:39.263Z</time></trkpt><trkpt lat="46.133015" lon="4.395115"><ele>746.0</ele><time>2026-07-29T07:54:40.264Z</time></trkpt><trkpt lat="46.133025" lon="4.39512667"><ele>746.0</ele><time>2026-07-29T07:54:41.263Z</time></trkpt><trkpt lat="46.13303667" lon="4.39514333"><ele>746.0</ele><time>2026-07-29T07:54:42.263Z</time></trkpt><trkpt lat="46.13304833" lon="4.39515667"><ele>747.0</ele><time>2026-07-29T07:54:43.263Z</time></trkpt><trkpt lat="46.13306167" lon="4.39517"><ele>747.0</ele><time>2026-07-29T07:54:44.263Z</time></trkpt><trkpt lat="46.13307333" lon="4.39518"><ele>747.0</ele><time>2026-07-29T07:54:45.263Z</time></trkpt><trkpt lat="46.13308667" lon="4.39519333"><ele>747.0</ele><time>2026-07-29T07:54:46.264Z</time></trkpt><trkpt lat="46.13309833" lon="4.39520833"><ele>748.0</ele><time>2026-07-29T07:54:47.264Z</time></trkpt><trkpt lat="46.13311" lon="4.39522333"><ele>748.0</ele><time>2026-07-29T07:54:48.263Z</time></trkpt><trkpt lat="46.13312" lon="4.39523333"><ele>748.0</ele><time>2026-07-29T07:54:49.264Z</time></trkpt><trkpt lat="46.13313" lon="4.395245"><ele>748.0</ele><time>2026-07-29T07:54:50.263Z</time></trkpt><trkpt lat="46.13314333" lon="4.39525667"><ele>748.0</ele><time>2026-07-29T07:54:51.263Z</time></trkpt><trkpt lat="46.133155" lon="4.39526833"><ele>748.0</ele><time>2026-07-29T07:54:52.263Z</time></trkpt><trkpt lat="46.133165" lon="4.39527667"><ele>748.0</ele><time>2026-07-29T07:54:53.264Z</time></trkpt><trkpt lat="46.13317667" lon="4.39528833"><ele>749.0</ele><time>2026-07-29T07:54:54.263Z</time></trkpt><trkpt lat="46.13318667" lon="4.395295"><ele>749.0</ele><time>2026-07-29T07:54:55.263Z</time></trkpt><trkpt lat="46.13320333" lon="4.39531167"><ele>749.0</ele><time>2026-07-29T07:54:56.264Z</time></trkpt><trkpt lat="46.133215" lon="4.395325"><ele>750.0</ele><time>2026-07-29T07:54:57.263Z</time></trkpt><trkpt lat="46.133225" lon="4.39533667"><ele>750.0</ele><time>2026-07-29T07:54:58.263Z</time></trkpt><trkpt lat="46.13323333" lon="4.395345"><ele>750.0</ele><time>2026-07-29T07:54:59.263Z</time></trkpt><trkpt lat="46.13324" lon="4.39535167"><ele>750.0</ele><time>2026-07-29T07:55:00.264Z</time></trkpt><trkpt lat="46.13324667" lon="4.39536"><ele>751.0</ele><time>2026-07-29T07:55:01.263Z</time></trkpt><trkpt lat="46.13325667" lon="4.39537"><ele>751.0</ele><time>2026-07-29T07:55:02.263Z</time></trkpt><trkpt lat="46.133265" lon="4.39538167"><ele>751.0</ele><time>2026-07-29T07:55:03.264Z</time></trkpt><trkpt lat="46.133275" lon="4.39539333"><ele>752.0</ele><time>2026-07-29T07:55:04.263Z</time></trkpt><trkpt lat="46.13328667" lon="4.39540333"><ele>752.0</ele><time>2026-07-29T07:55:05.263Z</time></trkpt><trkpt lat="46.13329667" lon="4.39541333"><ele>753.0</ele><time>2026-07-29T07:55:06.263Z</time></trkpt><trkpt lat="46.13330833" lon="4.39542333"><ele>753.0</ele><time>2026-07-29T07:55:07.263Z</time></trkpt><trkpt lat="46.13331833" lon="4.39543167"><ele>753.0</ele><time>2026-07-29T07:55:08.263Z</time></trkpt><trkpt lat="46.13333333" lon="4.39544667"><ele>753.0</ele><time>2026-07-29T07:55:09.263Z</time></trkpt><trkpt lat="46.13334333" lon="4.395455"><ele>753.0</ele><time>2026-07-29T07:55:10.263Z</time></trkpt><trkpt lat="46.13335333" lon="4.39546667"><ele>753.0</ele><time>2026-07-29T07:55:11.264Z</time></trkpt><trkpt lat="46.13336667" lon="4.39547833"><ele>753.0</ele><time>2026-07-29T07:55:12.263Z</time></trkpt><trkpt lat="46.13337833" lon="4.39549333"><ele>753.0</ele><time>2026-07-29T07:55:13.263Z</time></trkpt><trkpt lat="46.13338833" lon="4.395515"><ele>753.0</ele><time>2026-07-29T07:55:14.263Z</time></trkpt><trkpt lat="46.13339333" lon="4.39553167"><ele>753.0</ele><time>2026-07-29T07:55:15.263Z</time></trkpt><trkpt lat="46.13340667" lon="4.39555"><ele>753.0</ele><time>2026-07-29T07:55:16.264Z</time></trkpt><trkpt lat="46.13341833" lon="4.39556333"><ele>753.0</ele><time>2026-07-29T07:55:17.263Z</time></trkpt><trkpt lat="46.13343167" lon="4.39557833"><ele>754.0</ele><time>2026-07-29T07:55:18.264Z</time></trkpt><trkpt lat="46.13344667" lon="4.39559833"><ele>754.0</ele><time>2026-07-29T07:55:19.263Z</time></trkpt><trkpt lat="46.13345667" lon="4.39561167"><ele>754.0</ele><time>2026-07-29T07:55:20.263Z</time></trkpt><trkpt lat="46.13346667" lon="4.395625"><ele>754.0</ele><time>2026-07-29T07:55:21.263Z</time></trkpt><trkpt lat="46.13347667" lon="4.395635"><ele>755.0</ele><time>2026-07-29T07:55:22.263Z</time></trkpt><trkpt lat="46.133485" lon="4.39564667"><ele>755.0</ele><time>2026-07-29T07:55:23.263Z</time></trkpt><trkpt lat="46.13349667" lon="4.39565833"><ele>755.0</ele><time>2026-07-29T07:55:24.263Z</time></trkpt><trkpt lat="46.13351" lon="4.39567167"><ele>755.0</ele><time>2026-07-29T07:55:25.264Z</time></trkpt><trkpt lat="46.13352" lon="4.39568333"><ele>755.0</ele><time>2026-07-29T07:55:26.263Z</time></trkpt><trkpt lat="46.13353167" lon="4.39569167"><ele>756.0</ele><time>2026-07-29T07:55:27.263Z</time></trkpt><trkpt lat="46.13354333" lon="4.39569833"><ele>756.0</ele><time>2026-07-29T07:55:28.263Z</time></trkpt><trkpt lat="46.13355833" lon="4.39570333"><ele>756.0</ele><time>2026-07-29T07:55:29.263Z</time></trkpt><trkpt lat="46.13357" lon="4.39571167"><ele>757.0</ele><time>2026-07-29T07:55:30.263Z</time></trkpt><trkpt lat="46.13357" lon="4.39571167"><ele>757.0</ele><time>2026-07-29T07:55:31.263Z</time></trkpt><trkpt lat="46.133595" lon="4.39572333"><ele>758.0</ele><time>2026-07-29T07:55:32.263Z</time></trkpt><trkpt lat="46.13360333" lon="4.39572833"><ele>758.0</ele><time>2026-07-29T07:55:33.264Z</time></trkpt><trkpt lat="46.133615" lon="4.39574"><ele>758.0</ele><time>2026-07-29T07:55:34.263Z</time></trkpt><trkpt lat="46.133625" lon="4.39575167"><ele>758.0</ele><time>2026-07-29T07:55:35.263Z</time></trkpt><trkpt lat="46.13363333" lon="4.39576167"><ele>758.0</ele><time>2026-07-29T07:55:36.263Z</time></trkpt><trkpt lat="46.13364833" lon="4.39577333"><ele>759.0</ele><time>2026-07-29T07:55:37.263Z</time></trkpt><trkpt lat="46.13365833" lon="4.395785"><ele>759.0</ele><time>2026-07-29T07:55:38.263Z</time></trkpt><trkpt lat="46.13367" lon="4.39579667"><ele>760.0</ele><time>2026-07-29T07:55:39.263Z</time></trkpt><trkpt lat="46.133685" lon="4.3958"><ele>760.0</ele><time>2026-07-29T07:55:40.263Z</time></trkpt><trkpt lat="46.13371" lon="4.39581167"><ele>760.0</ele><time>2026-07-29T07:55:41.263Z</time></trkpt><trkpt lat="46.13371667" lon="4.39581833"><ele>760.0</ele><time>2026-07-29T07:55:42.264Z</time></trkpt><trkpt lat="46.13373" lon="4.395825"><ele>761.0</ele><time>2026-07-29T07:55:43.263Z</time></trkpt><trkpt lat="46.13373667" lon="4.39583"><ele>761.0</ele><time>2026-07-29T07:55:44.263Z</time></trkpt><trkpt lat="46.13375167" lon="4.395835"><ele>761.0</ele><time>2026-07-29T07:55:45.263Z</time></trkpt><trkpt lat="46.13376667" lon="4.39583667"><ele>761.0</ele><time>2026-07-29T07:55:46.263Z</time></trkpt><trkpt lat="46.13377833" lon="4.39584167"><ele>762.0</ele><time>2026-07-29T07:55:47.263Z</time></trkpt><trkpt lat="46.13379" lon="4.395855"><ele>762.0</ele><time>2026-07-29T07:55:48.263Z</time></trkpt><trkpt lat="46.13379833" lon="4.395865"><ele>762.0</ele><time>2026-07-29T07:55:49.264Z</time></trkpt><trkpt lat="46.13381" lon="4.39588167"><ele>763.0</ele><time>2026-07-29T07:55:50.263Z</time></trkpt><trkpt lat="46.13381667" lon="4.39589167"><ele>763.0</ele><time>2026-07-29T07:55:51.263Z</time></trkpt><trkpt lat="46.13382833" lon="4.395905"><ele>763.0</ele><time>2026-07-29T07:55:52.263Z</time></trkpt><trkpt lat="46.133835" lon="4.395915"><ele>763.0</ele><time>2026-07-29T07:55:53.263Z</time></trkpt><trkpt lat="46.13384833" lon="4.39592667"><ele>763.0</ele><time>2026-07-29T07:55:54.263Z</time></trkpt><trkpt lat="46.133855" lon="4.39593667"><ele>764.0</ele><time>2026-07-29T07:55:55.263Z</time></trkpt><trkpt lat="46.133865" lon="4.39595"><ele>764.0</ele><time>2026-07-29T07:55:56.263Z</time></trkpt><trkpt lat="46.13387333" lon="4.39596333"><ele>764.0</ele><time>2026-07-29T07:55:57.263Z</time></trkpt><trkpt lat="46.13388333" lon="4.39597833"><ele>764.0</ele><time>2026-07-29T07:55:58.263Z</time></trkpt><trkpt lat="46.133895" lon="4.39599"><ele>765.0</ele><time>2026-07-29T07:55:59.264Z</time></trkpt><trkpt lat="46.13390667" lon="4.39600167"><ele>765.0</ele><time>2026-07-29T07:56:00.263Z</time></trkpt><trkpt lat="46.13392" lon="4.396015"><ele>765.0</ele><time>2026-07-29T07:56:01.263Z</time></trkpt><trkpt lat="46.13393333" lon="4.39603"><ele>765.0</ele><time>2026-07-29T07:56:02.263Z</time></trkpt><trkpt lat="46.13394667" lon="4.39604333"><ele>765.0</ele><time>2026-07-29T07:56:03.263Z</time></trkpt><trkpt lat="46.13396167" lon="4.39605333"><ele>766.0</ele><time>2026-07-29T07:56:04.263Z</time></trkpt><trkpt lat="46.133975" lon="4.39606"><ele>766.0</ele><time>2026-07-29T07:56:05.264Z</time></trkpt><trkpt lat="46.13398667" lon="4.39607"><ele>766.0</ele><time>2026-07-29T07:56:06.264Z</time></trkpt><trkpt lat="46.13400333" lon="4.39607667"><ele>766.0</ele><time>2026-07-29T07:56:07.264Z</time></trkpt><trkpt lat="46.13401167" lon="4.39608333"><ele>766.0</ele><time>2026-07-29T07:56:08.263Z</time></trkpt><trkpt lat="46.13402667" lon="4.39610333"><ele>766.0</ele><time>2026-07-29T07:56:09.263Z</time></trkpt><trkpt lat="46.13404333" lon="4.39611833"><ele>766.0</ele><time>2026-07-29T07:56:10.264Z</time></trkpt><trkpt lat="46.13405667" lon="4.396135"><ele>766.0</ele><time>2026-07-29T07:56:11.263Z</time></trkpt><trkpt lat="46.13406667" lon="4.39614833"><ele>766.0</ele><time>2026-07-29T07:56:12.263Z</time></trkpt><trkpt lat="46.13408" lon="4.396155"><ele>766.0</ele><time>2026-07-29T07:56:13.263Z</time></trkpt><trkpt lat="46.13409667" lon="4.39616667"><ele>766.0</ele><time>2026-07-29T07:56:14.263Z</time></trkpt><trkpt lat="46.13410667" lon="4.39617"><ele>766.0</ele><time>2026-07-29T07:56:15.263Z</time></trkpt><trkpt lat="46.13412167" lon="4.396175"><ele>766.0</ele><time>2026-07-29T07:56:16.263Z</time></trkpt><trkpt lat="46.13412167" lon="4.396175"><ele>766.0</ele><time>2026-07-29T07:56:17.263Z</time></trkpt><trkpt lat="46.13415667" lon="4.39620167"><ele>767.0</ele><time>2026-07-29T07:56:18.263Z</time></trkpt><trkpt lat="46.13416833" lon="4.39621333"><ele>767.0</ele><time>2026-07-29T07:56:19.263Z</time></trkpt><trkpt lat="46.13418333" lon="4.39622667"><ele>767.0</ele><time>2026-07-29T07:56:20.263Z</time></trkpt><trkpt lat="46.134195" lon="4.39623667"><ele>767.0</ele><time>2026-07-29T07:56:21.264Z</time></trkpt><trkpt lat="46.134205" lon="4.39624667"><ele>767.0</ele><time>2026-07-29T07:56:22.263Z</time></trkpt><trkpt lat="46.13422167" lon="4.396255"><ele>767.0</ele><time>2026-07-29T07:56:23.264Z</time></trkpt><trkpt lat="46.134235" lon="4.39625667"><ele>766.0</ele><time>2026-07-29T07:56:24.263Z</time></trkpt><trkpt lat="46.134245" lon="4.39626167"><ele>766.0</ele><time>2026-07-29T07:56:25.264Z</time></trkpt><trkpt lat="46.13425667" lon="4.39627"><ele>766.0</ele><time>2026-07-29T07:56:26.263Z</time></trkpt><trkpt lat="46.13427167" lon="4.396275"><ele>766.0</ele><time>2026-07-29T07:56:27.264Z</time></trkpt><trkpt lat="46.134285" lon="4.39628667"><ele>766.0</ele><time>2026-07-29T07:56:28.263Z</time></trkpt><trkpt lat="46.13430167" lon="4.39630333"><ele>766.0</ele><time>2026-07-29T07:56:29.263Z</time></trkpt><trkpt lat="46.13431333" lon="4.39631"><ele>766.0</ele><time>2026-07-29T07:56:30.263Z</time></trkpt><trkpt lat="46.134325" lon="4.39631833"><ele>766.0</ele><time>2026-07-29T07:56:31.263Z</time></trkpt><trkpt lat="46.13434333" lon="4.396335"><ele>766.0</ele><time>2026-07-29T07:56:32.263Z</time></trkpt><trkpt lat="46.13435833" lon="4.39634"><ele>766.0</ele><time>2026-07-29T07:56:33.264Z</time></trkpt><trkpt lat="46.13436833" lon="4.396345"><ele>766.0</ele><time>2026-07-29T07:56:34.264Z</time></trkpt><trkpt lat="46.13438333" lon="4.396355"><ele>766.0</ele><time>2026-07-29T07:56:35.263Z</time></trkpt><trkpt lat="46.13439833" lon="4.39636333"><ele>766.0</ele><time>2026-07-29T07:56:36.264Z</time></trkpt><trkpt lat="46.13441" lon="4.39637167"><ele>765.0</ele><time>2026-07-29T07:56:37.264Z</time></trkpt><trkpt lat="46.13442333" lon="4.39638"><ele>765.0</ele><time>2026-07-29T07:56:38.263Z</time></trkpt><trkpt lat="46.13443667" lon="4.39638833"><ele>765.0</ele><time>2026-07-29T07:56:39.263Z</time></trkpt><trkpt lat="46.13444833" lon="4.39640167"><ele>764.0</ele><time>2026-07-29T07:56:40.263Z</time></trkpt><trkpt lat="46.13446167" lon="4.39640833"><ele>765.0</ele><time>2026-07-29T07:56:41.263Z</time></trkpt><trkpt lat="46.13448167" lon="4.39641667"><ele>765.0</ele><time>2026-07-29T07:56:42.263Z</time></trkpt><trkpt lat="46.13449667" lon="4.396425"><ele>765.0</ele><time>2026-07-29T07:56:43.263Z</time></trkpt><trkpt lat="46.134515" lon="4.39644"><ele>765.0</ele><time>2026-07-29T07:56:44.263Z</time></trkpt><trkpt lat="46.13453" lon="4.39645"><ele>765.0</ele><time>2026-07-29T07:56:45.263Z</time></trkpt><trkpt lat="46.13454333" lon="4.39646"><ele>765.0</ele><time>2026-07-29T07:56:46.263Z</time></trkpt><trkpt lat="46.13455667" lon="4.39646833"><ele>764.0</ele><time>2026-07-29T07:56:47.264Z</time></trkpt><trkpt lat="46.13457333" lon="4.39647833"><ele>764.0</ele><time>2026-07-29T07:56:48.263Z</time></trkpt><trkpt lat="46.13459167" lon="4.39648667"><ele>765.0</ele><time>2026-07-29T07:56:49.263Z</time></trkpt><trkpt lat="46.13460833" lon="4.396495"><ele>765.0</ele><time>2026-07-29T07:56:50.263Z</time></trkpt><trkpt lat="46.13462667" lon="4.396505"><ele>765.0</ele><time>2026-07-29T07:56:51.263Z</time></trkpt><trkpt lat="46.13464333" lon="4.396515"><ele>766.0</ele><time>2026-07-29T07:56:52.263Z</time></trkpt><trkpt lat="46.13466167" lon="4.39652167"><ele>766.0</ele><time>2026-07-29T07:56:53.263Z</time></trkpt><trkpt lat="46.134675" lon="4.39653"><ele>766.0</ele><time>2026-07-29T07:56:54.264Z</time></trkpt><trkpt lat="46.13468667" lon="4.39653167"><ele>766.0</ele><time>2026-07-29T07:56:55.264Z</time></trkpt><trkpt lat="46.134705" lon="4.39653833"><ele>767.0</ele><time>2026-07-29T07:56:56.263Z</time></trkpt><trkpt lat="46.13471833" lon="4.39654833"><ele>767.0</ele><time>2026-07-29T07:56:57.263Z</time></trkpt><trkpt lat="46.13473" lon="4.396555"><ele>767.0</ele><time>2026-07-29T07:56:58.263Z</time></trkpt><trkpt lat="46.13474833" lon="4.39656333"><ele>767.0</ele><time>2026-07-29T07:56:59.263Z</time></trkpt><trkpt lat="46.134765" lon="4.39657333"><ele>767.0</ele><time>2026-07-29T07:57:00.263Z</time></trkpt><trkpt lat="46.13478167" lon="4.39657833"><ele>767.0</ele><time>2026-07-29T07:57:01.263Z</time></trkpt><trkpt lat="46.13479667" lon="4.39658333"><ele>768.0</ele><time>2026-07-29T07:57:02.263Z</time></trkpt><trkpt lat="46.13480833" lon="4.39658667"><ele>768.0</ele><time>2026-07-29T07:57:03.263Z</time></trkpt><trkpt lat="46.134825" lon="4.39659333"><ele>768.0</ele><time>2026-07-29T07:57:04.263Z</time></trkpt><trkpt lat="46.13484167" lon="4.39659833"><ele>769.0</ele><time>2026-07-29T07:57:05.263Z</time></trkpt><trkpt lat="46.134855" lon="4.396605"><ele>769.0</ele><time>2026-07-29T07:57:06.263Z</time></trkpt><trkpt lat="46.13486667" lon="4.39661333"><ele>769.0</ele><time>2026-07-29T07:57:07.263Z</time></trkpt><trkpt lat="46.13488167" lon="4.39661833"><ele>769.0</ele><time>2026-07-29T07:57:08.264Z</time></trkpt><trkpt lat="46.13489667" lon="4.39662167"><ele>769.0</ele><time>2026-07-29T07:57:09.264Z</time></trkpt><trkpt lat="46.134915" lon="4.39662833"><ele>769.0</ele><time>2026-07-29T07:57:10.264Z</time></trkpt><trkpt lat="46.13492833" lon="4.396635"><ele>770.0</ele><time>2026-07-29T07:57:11.263Z</time></trkpt><trkpt lat="46.13493833" lon="4.396645"><ele>770.0</ele><time>2026-07-29T07:57:12.264Z</time></trkpt><trkpt lat="46.13495333" lon="4.396655"><ele>770.0</ele><time>2026-07-29T07:57:13.264Z</time></trkpt><trkpt lat="46.13496833" lon="4.396665"><ele>769.0</ele><time>2026-07-29T07:57:14.264Z</time></trkpt><trkpt lat="46.13498167" lon="4.39667167"><ele>769.0</ele><time>2026-07-29T07:57:15.263Z</time></trkpt><trkpt lat="46.134995" lon="4.39667667"><ele>769.0</ele><time>2026-07-29T07:57:16.263Z</time></trkpt><trkpt lat="46.13501167" lon="4.396685"><ele>769.0</ele><time>2026-07-29T07:57:17.263Z</time></trkpt><trkpt lat="46.13502667" lon="4.39669167"><ele>769.0</ele><time>2026-07-29T07:57:18.263Z</time></trkpt><trkpt lat="46.13504167" lon="4.39670167"><ele>769.0</ele><time>2026-07-29T07:57:19.263Z</time></trkpt><trkpt lat="46.13505333" lon="4.39670667"><ele>769.0</ele><time>2026-07-29T07:57:20.263Z</time></trkpt><trkpt lat="46.13506167" lon="4.39671333"><ele>768.0</ele><time>2026-07-29T07:57:21.263Z</time></trkpt><trkpt lat="46.13508" lon="4.39672667"><ele>768.0</ele><time>2026-07-29T07:57:22.263Z</time></trkpt><trkpt lat="46.13509167" lon="4.39673667"><ele>768.0</ele><time>2026-07-29T07:57:23.264Z</time></trkpt><trkpt lat="46.13511" lon="4.39674833"><ele>767.0</ele><time>2026-07-29T07:57:24.263Z</time></trkpt><trkpt lat="46.13512167" lon="4.39676"><ele>767.0</ele><time>2026-07-29T07:57:25.263Z</time></trkpt><trkpt lat="46.13513833" lon="4.39677667"><ele>767.0</ele><time>2026-07-29T07:57:26.264Z</time></trkpt><trkpt lat="46.135155" lon="4.39679"><ele>767.0</ele><time>2026-07-29T07:57:27.264Z</time></trkpt><trkpt lat="46.13516667" lon="4.396795"><ele>767.0</ele><time>2026-07-29T07:57:28.264Z</time></trkpt><trkpt lat="46.13518167" lon="4.39680333"><ele>767.0</ele><time>2026-07-29T07:57:29.263Z</time></trkpt><trkpt lat="46.13519167" lon="4.39681833"><ele>766.0</ele><time>2026-07-29T07:57:30.263Z</time></trkpt><trkpt lat="46.13519833" lon="4.39683167"><ele>766.0</ele><time>2026-07-29T07:57:31.264Z</time></trkpt><trkpt lat="46.13521" lon="4.39684167"><ele>766.0</ele><time>2026-07-29T07:57:32.263Z</time></trkpt><trkpt lat="46.13522333" lon="4.39685"><ele>766.0</ele><time>2026-07-29T07:57:33.263Z</time></trkpt><trkpt lat="46.135235" lon="4.39686333"><ele>766.0</ele><time>2026-07-29T07:57:34.263Z</time></trkpt><trkpt lat="46.13524833" lon="4.39687167"><ele>766.0</ele><time>2026-07-29T07:57:35.263Z</time></trkpt><trkpt lat="46.13526" lon="4.39687667"><ele>766.0</ele><time>2026-07-29T07:57:36.263Z</time></trkpt><trkpt lat="46.13527167" lon="4.39687833"><ele>766.0</ele><time>2026-07-29T07:57:37.263Z</time></trkpt><trkpt lat="46.135285" lon="4.39688333"><ele>766.0</ele><time>2026-07-29T07:57:38.263Z</time></trkpt><trkpt lat="46.13529667" lon="4.39689167"><ele>766.0</ele><time>2026-07-29T07:57:39.263Z</time></trkpt><trkpt lat="46.13531667" lon="4.39689833"><ele>766.0</ele><time>2026-07-29T07:57:40.264Z</time></trkpt><trkpt lat="46.13533333" lon="4.39690333"><ele>767.0</ele><time>2026-07-29T07:57:41.263Z</time></trkpt><trkpt lat="46.135355" lon="4.396915"><ele>767.0</ele><time>2026-07-29T07:57:42.263Z</time></trkpt><trkpt lat="46.13537" lon="4.396925"><ele>767.0</ele><time>2026-07-29T07:57:43.264Z</time></trkpt><trkpt lat="46.13538833" lon="4.39693667"><ele>767.0</ele><time>2026-07-29T07:57:44.263Z</time></trkpt><trkpt lat="46.13541" lon="4.39694833"><ele>768.0</ele><time>2026-07-29T07:57:45.263Z</time></trkpt><trkpt lat="46.135425" lon="4.39695833"><ele>768.0</ele><time>2026-07-29T07:57:46.263Z</time></trkpt><trkpt lat="46.13544167" lon="4.39696833"><ele>768.0</ele><time>2026-07-29T07:57:47.263Z</time></trkpt><trkpt lat="46.13545333" lon="4.39697833"><ele>768.0</ele><time>2026-07-29T07:57:48.263Z</time></trkpt><trkpt lat="46.13546833" lon="4.39698833"><ele>768.0</ele><time>2026-07-29T07:57:49.263Z</time></trkpt><trkpt lat="46.13548333" lon="4.397"><ele>769.0</ele><time>2026-07-29T07:57:50.263Z</time></trkpt><trkpt lat="46.1355" lon="4.39701"><ele>769.0</ele><time>2026-07-29T07:57:51.264Z</time></trkpt><trkpt lat="46.13551167" lon="4.39702167"><ele>770.0</ele><time>2026-07-29T07:57:52.264Z</time></trkpt><trkpt lat="46.13552" lon="4.39703833"><ele>770.0</ele><time>2026-07-29T07:57:53.263Z</time></trkpt><trkpt lat="46.13553333" lon="4.39705333"><ele>770.0</ele><time>2026-07-29T07:57:54.263Z</time></trkpt><trkpt lat="46.13554167" lon="4.39706833"><ele>770.0</ele><time>2026-07-29T07:57:55.263Z</time></trkpt><trkpt lat="46.13555167" lon="4.39708"><ele>770.0</ele><time>2026-07-29T07:57:56.263Z</time></trkpt><trkpt lat="46.13556333" lon="4.39709667"><ele>771.0</ele><time>2026-07-29T07:57:57.263Z</time></trkpt><trkpt lat="46.135575" lon="4.39710833"><ele>771.0</ele><time>2026-07-29T07:57:58.263Z</time></trkpt><trkpt lat="46.13558833" lon="4.39712"><ele>771.0</ele><time>2026-07-29T07:57:59.263Z</time></trkpt><trkpt lat="46.13559833" lon="4.39713333"><ele>772.0</ele><time>2026-07-29T07:58:00.263Z</time></trkpt><trkpt lat="46.13561167" lon="4.397145"><ele>772.0</ele><time>2026-07-29T07:58:01.263Z</time></trkpt><trkpt lat="46.135625" lon="4.39715833"><ele>772.0</ele><time>2026-07-29T07:58:02.264Z</time></trkpt><trkpt lat="46.13563833" lon="4.39717167"><ele>773.0</ele><time>2026-07-29T07:58:03.263Z</time></trkpt><trkpt lat="46.13564833" lon="4.39718667"><ele>773.0</ele><time>2026-07-29T07:58:04.264Z</time></trkpt><trkpt lat="46.13565667" lon="4.39720167"><ele>773.0</ele><time>2026-07-29T07:58:05.264Z</time></trkpt><trkpt lat="46.13566333" lon="4.39721833"><ele>774.0</ele><time>2026-07-29T07:58:06.263Z</time></trkpt><trkpt lat="46.13567167" lon="4.397235"><ele>774.0</ele><time>2026-07-29T07:58:07.263Z</time></trkpt><trkpt lat="46.13567667" lon="4.39725833"><ele>774.0</ele><time>2026-07-29T07:58:08.264Z</time></trkpt><trkpt lat="46.135685" lon="4.397275"><ele>774.0</ele><time>2026-07-29T07:58:09.263Z</time></trkpt><trkpt lat="46.13569167" lon="4.39728833"><ele>774.0</ele><time>2026-07-29T07:58:10.263Z</time></trkpt><trkpt lat="46.13569833" lon="4.39730167"><ele>774.0</ele><time>2026-07-29T07:58:11.264Z</time></trkpt><trkpt lat="46.13571" lon="4.39731667"><ele>774.0</ele><time>2026-07-29T07:58:12.263Z</time></trkpt><trkpt lat="46.13572167" lon="4.39733167"><ele>774.0</ele><time>2026-07-29T07:58:13.263Z</time></trkpt><trkpt lat="46.13573333" lon="4.39734833"><ele>774.0</ele><time>2026-07-29T07:58:14.263Z</time></trkpt><trkpt lat="46.13574667" lon="4.39736167"><ele>774.0</ele><time>2026-07-29T07:58:15.263Z</time></trkpt><trkpt lat="46.13575667" lon="4.397375"><ele>775.0</ele><time>2026-07-29T07:58:16.263Z</time></trkpt><trkpt lat="46.13576667" lon="4.39739"><ele>775.0</ele><time>2026-07-29T07:58:17.264Z</time></trkpt><trkpt lat="46.13577167" lon="4.39740667"><ele>775.0</ele><time>2026-07-29T07:58:18.264Z</time></trkpt><trkpt lat="46.13578167" lon="4.39742333"><ele>775.0</ele><time>2026-07-29T07:58:19.264Z</time></trkpt><trkpt lat="46.13579" lon="4.397435"><ele>775.0</ele><time>2026-07-29T07:58:20.263Z</time></trkpt><trkpt lat="46.13579833" lon="4.39744833"><ele>775.0</ele><time>2026-07-29T07:58:21.264Z</time></trkpt><trkpt lat="46.13580667" lon="4.39746167"><ele>775.0</ele><time>2026-07-29T07:58:22.263Z</time></trkpt><trkpt lat="46.135815" lon="4.39747333"><ele>775.0</ele><time>2026-07-29T07:58:23.263Z</time></trkpt><trkpt lat="46.13582333" lon="4.39748833"><ele>775.0</ele><time>2026-07-29T07:58:24.263Z</time></trkpt><trkpt lat="46.13583167" lon="4.3975"><ele>775.0</ele><time>2026-07-29T07:58:25.263Z</time></trkpt><trkpt lat="46.13584" lon="4.39751333"><ele>775.0</ele><time>2026-07-29T07:58:26.263Z</time></trkpt><trkpt lat="46.13585" lon="4.39752167"><ele>776.0</ele><time>2026-07-29T07:58:27.264Z</time></trkpt><trkpt lat="46.13585833" lon="4.39753167"><ele>776.0</ele><time>2026-07-29T07:58:28.264Z</time></trkpt><trkpt lat="46.135865" lon="4.39755"><ele>776.0</ele><time>2026-07-29T07:58:29.263Z</time></trkpt><trkpt lat="46.135875" lon="4.39756333"><ele>776.0</ele><time>2026-07-29T07:58:30.263Z</time></trkpt><trkpt lat="46.135885" lon="4.39757833"><ele>777.0</ele><time>2026-07-29T07:58:31.263Z</time></trkpt><trkpt lat="46.13589833" lon="4.39759333"><ele>777.0</ele><time>2026-07-29T07:58:32.263Z</time></trkpt><trkpt lat="46.13591" lon="4.39761"><ele>777.0</ele><time>2026-07-29T07:58:33.264Z</time></trkpt><trkpt lat="46.135925" lon="4.39762667"><ele>778.0</ele><time>2026-07-29T07:58:34.264Z</time></trkpt><trkpt lat="46.13594" lon="4.39764167"><ele>778.0</ele><time>2026-07-29T07:58:35.263Z</time></trkpt><trkpt lat="46.13595333" lon="4.397655"><ele>778.0</ele><time>2026-07-29T07:58:36.263Z</time></trkpt><trkpt lat="46.135965" lon="4.39767"><ele>778.0</ele><time>2026-07-29T07:58:37.263Z</time></trkpt><trkpt lat="46.13597833" lon="4.397685"><ele>778.0</ele><time>2026-07-29T07:58:38.263Z</time></trkpt><trkpt lat="46.13598833" lon="4.39769833"><ele>778.0</ele><time>2026-07-29T07:58:39.263Z</time></trkpt><trkpt lat="46.13599667" lon="4.39771333"><ele>778.0</ele><time>2026-07-29T07:58:40.263Z</time></trkpt><trkpt lat="46.13601" lon="4.39773167"><ele>778.0</ele><time>2026-07-29T07:58:41.263Z</time></trkpt><trkpt lat="46.13601833" lon="4.397745"><ele>778.0</ele><time>2026-07-29T07:58:42.263Z</time></trkpt><trkpt lat="46.13602667" lon="4.39776333"><ele>778.0</ele><time>2026-07-29T07:58:43.263Z</time></trkpt><trkpt lat="46.13603667" lon="4.39777833"><ele>778.0</ele><time>2026-07-29T07:58:44.263Z</time></trkpt><trkpt lat="46.13604833" lon="4.39779167"><ele>778.0</ele><time>2026-07-29T07:58:45.263Z</time></trkpt><trkpt lat="46.13605667" lon="4.39781"><ele>778.0</ele><time>2026-07-29T07:58:46.263Z</time></trkpt><trkpt lat="46.136065" lon="4.39783"><ele>778.0</ele><time>2026-07-29T07:58:47.263Z</time></trkpt><trkpt lat="46.136075" lon="4.39785"><ele>778.0</ele><time>2026-07-29T07:58:48.263Z</time></trkpt><trkpt lat="46.13608167" lon="4.39787333"><ele>778.0</ele><time>2026-07-29T07:58:49.263Z</time></trkpt><trkpt lat="46.13609333" lon="4.39789"><ele>778.0</ele><time>2026-07-29T07:58:50.264Z</time></trkpt><trkpt lat="46.13610333" lon="4.39790833"><ele>778.0</ele><time>2026-07-29T07:58:51.263Z</time></trkpt><trkpt lat="46.13611333" lon="4.397925"><ele>778.0</ele><time>2026-07-29T07:58:52.263Z</time></trkpt><trkpt lat="46.13612333" lon="4.39794333"><ele>778.0</ele><time>2026-07-29T07:58:53.264Z</time></trkpt><trkpt lat="46.136135" lon="4.39796167"><ele>778.0</ele><time>2026-07-29T07:58:54.264Z</time></trkpt><trkpt lat="46.13614667" lon="4.39798"><ele>778.0</ele><time>2026-07-29T07:58:55.263Z</time></trkpt><trkpt lat="46.13615667" lon="4.39799667"><ele>777.0</ele><time>2026-07-29T07:58:56.263Z</time></trkpt><trkpt lat="46.13616667" lon="4.39801667"><ele>777.0</ele><time>2026-07-29T07:58:57.263Z</time></trkpt><trkpt lat="46.13617667" lon="4.39803333"><ele>777.0</ele><time>2026-07-29T07:58:58.263Z</time></trkpt><trkpt lat="46.13618667" lon="4.39805167"><ele>777.0</ele><time>2026-07-29T07:58:59.263Z</time></trkpt><trkpt lat="46.13619333" lon="4.39807333"><ele>777.0</ele><time>2026-07-29T07:59:00.264Z</time></trkpt><trkpt lat="46.1362" lon="4.39809333"><ele>777.0</ele><time>2026-07-29T07:59:01.263Z</time></trkpt><trkpt lat="46.13621" lon="4.39811333"><ele>777.0</ele><time>2026-07-29T07:59:02.264Z</time></trkpt><trkpt lat="46.13621833" lon="4.39813167"><ele>777.0</ele><time>2026-07-29T07:59:03.264Z</time></trkpt><trkpt lat="46.13623" lon="4.39814833"><ele>778.0</ele><time>2026-07-29T07:59:04.263Z</time></trkpt><trkpt lat="46.13624167" lon="4.398165"><ele>778.0</ele><time>2026-07-29T07:59:05.263Z</time></trkpt><trkpt lat="46.13625333" lon="4.39818167"><ele>779.0</ele><time>2026-07-29T07:59:06.264Z</time></trkpt><trkpt lat="46.136265" lon="4.39819667"><ele>779.0</ele><time>2026-07-29T07:59:07.263Z</time></trkpt><trkpt lat="46.13627333" lon="4.39821667"><ele>780.0</ele><time>2026-07-29T07:59:08.263Z</time></trkpt><trkpt lat="46.13628" lon="4.39823333"><ele>780.0</ele><time>2026-07-29T07:59:09.264Z</time></trkpt><trkpt lat="46.13628833" lon="4.39825167"><ele>780.0</ele><time>2026-07-29T07:59:10.263Z</time></trkpt><trkpt lat="46.136295" lon="4.39826833"><ele>780.0</ele><time>2026-07-29T07:59:11.263Z</time></trkpt><trkpt lat="46.13630333" lon="4.39828333"><ele>781.0</ele><time>2026-07-29T07:59:12.263Z</time></trkpt><trkpt lat="46.13631" lon="4.3983"><ele>781.0</ele><time>2026-07-29T07:59:13.263Z</time></trkpt><trkpt lat="46.13632167" lon="4.398315"><ele>781.0</ele><time>2026-07-29T07:59:14.263Z</time></trkpt><trkpt lat="46.13633333" lon="4.39833333"><ele>781.0</ele><time>2026-07-29T07:59:15.263Z</time></trkpt><trkpt lat="46.13634" lon="4.39835333"><ele>780.0</ele><time>2026-07-29T07:59:16.264Z</time></trkpt><trkpt lat="46.13634833" lon="4.39837"><ele>780.0</ele><time>2026-07-29T07:59:17.264Z</time></trkpt><trkpt lat="46.13636" lon="4.39838667"><ele>781.0</ele><time>2026-07-29T07:59:18.263Z</time></trkpt><trkpt lat="46.13637333" lon="4.39840333"><ele>781.0</ele><time>2026-07-29T07:59:19.264Z</time></trkpt><trkpt lat="46.136385" lon="4.39842167"><ele>781.0</ele><time>2026-07-29T07:59:20.263Z</time></trkpt><trkpt lat="46.13639333" lon="4.39844167"><ele>782.0</ele><time>2026-07-29T07:59:21.264Z</time></trkpt><trkpt lat="46.136405" lon="4.39846167"><ele>782.0</ele><time>2026-07-29T07:59:22.263Z</time></trkpt><trkpt lat="46.136415" lon="4.39847833"><ele>782.0</ele><time>2026-07-29T07:59:23.263Z</time></trkpt><trkpt lat="46.13642667" lon="4.398495"><ele>782.0</ele><time>2026-07-29T07:59:24.264Z</time></trkpt><trkpt lat="46.13643833" lon="4.39851"><ele>782.0</ele><time>2026-07-29T07:59:25.264Z</time></trkpt><trkpt lat="46.13644667" lon="4.39852667"><ele>782.0</ele><time>2026-07-29T07:59:26.263Z</time></trkpt><trkpt lat="46.136455" lon="4.39854167"><ele>782.0</ele><time>2026-07-29T07:59:27.264Z</time></trkpt><trkpt lat="46.13646167" lon="4.39855667"><ele>782.0</ele><time>2026-07-29T07:59:28.263Z</time></trkpt><trkpt lat="46.13647" lon="4.39857"><ele>782.0</ele><time>2026-07-29T07:59:29.263Z</time></trkpt><trkpt lat="46.13648" lon="4.398585"><ele>782.0</ele><time>2026-07-29T07:59:30.264Z</time></trkpt><trkpt lat="46.13649" lon="4.39859833"><ele>782.0</ele><time>2026-07-29T07:59:31.264Z</time></trkpt><trkpt lat="46.1365" lon="4.39861333"><ele>782.0</ele><time>2026-07-29T07:59:32.264Z</time></trkpt><trkpt lat="46.13650833" lon="4.39862833"><ele>782.0</ele><time>2026-07-29T07:59:33.264Z</time></trkpt><trkpt lat="46.13652167" lon="4.398645"><ele>783.0</ele><time>2026-07-29T07:59:34.264Z</time></trkpt><trkpt lat="46.13653167" lon="4.39866333"><ele>782.0</ele><time>2026-07-29T07:59:35.264Z</time></trkpt><trkpt lat="46.136545" lon="4.39868167"><ele>782.0</ele><time>2026-07-29T07:59:36.263Z</time></trkpt><trkpt lat="46.136555" lon="4.39869833"><ele>782.0</ele><time>2026-07-29T07:59:37.263Z</time></trkpt><trkpt lat="46.13656667" lon="4.39871667"><ele>782.0</ele><time>2026-07-29T07:59:38.263Z</time></trkpt><trkpt lat="46.13657333" lon="4.39873667"><ele>782.0</ele><time>2026-07-29T07:59:39.264Z</time></trkpt><trkpt lat="46.136585" lon="4.39875833"><ele>782.0</ele><time>2026-07-29T07:59:40.263Z</time></trkpt><trkpt lat="46.136595" lon="4.39877667"><ele>782.0</ele><time>2026-07-29T07:59:41.264Z</time></trkpt><trkpt lat="46.136605" lon="4.398795"><ele>783.0</ele><time>2026-07-29T07:59:42.263Z</time></trkpt><trkpt lat="46.13661333" lon="4.39881333"><ele>783.0</ele><time>2026-07-29T07:59:43.263Z</time></trkpt><trkpt lat="46.13661833" lon="4.39883"><ele>783.0</ele><time>2026-07-29T07:59:44.264Z</time></trkpt><trkpt lat="46.13662333" lon="4.39884833"><ele>783.0</ele><time>2026-07-29T07:59:45.264Z</time></trkpt><trkpt lat="46.13663" lon="4.39886667"><ele>783.0</ele><time>2026-07-29T07:59:46.263Z</time></trkpt><trkpt lat="46.13664" lon="4.39888333"><ele>782.0</ele><time>2026-07-29T07:59:47.264Z</time></trkpt><trkpt lat="46.13664833" lon="4.3989"><ele>782.0</ele><time>2026-07-29T07:59:48.263Z</time></trkpt><trkpt lat="46.13666" lon="4.39891833"><ele>782.0</ele><time>2026-07-29T07:59:49.264Z</time></trkpt><trkpt lat="46.13667" lon="4.398935"><ele>782.0</ele><time>2026-07-29T07:59:50.263Z</time></trkpt><trkpt lat="46.13668" lon="4.39894833"><ele>782.0</ele><time>2026-07-29T07:59:51.264Z</time></trkpt><trkpt lat="46.13669" lon="4.39896"><ele>782.0</ele><time>2026-07-29T07:59:52.264Z</time></trkpt><trkpt lat="46.13670167" lon="4.39897833"><ele>783.0</ele><time>2026-07-29T07:59:53.263Z</time></trkpt><trkpt lat="46.13671" lon="4.39899333"><ele>783.0</ele><time>2026-07-29T07:59:54.263Z</time></trkpt><trkpt lat="46.13672" lon="4.39900833"><ele>783.0</ele><time>2026-07-29T07:59:55.263Z</time></trkpt><trkpt lat="46.13673" lon="4.39902"><ele>784.0</ele><time>2026-07-29T07:59:56.263Z</time></trkpt><trkpt lat="46.13674167" lon="4.399035"><ele>784.0</ele><time>2026-07-29T07:59:57.263Z</time></trkpt><trkpt lat="46.13675667" lon="4.39904833"><ele>785.0</ele><time>2026-07-29T07:59:58.263Z</time></trkpt><trkpt lat="46.13677" lon="4.39906167"><ele>786.0</ele><time>2026-07-29T07:59:59.263Z</time></trkpt><trkpt lat="46.13678167" lon="4.39907167"><ele>787.0</ele><time>2026-07-29T08:00:00.263Z</time></trkpt><trkpt lat="46.13678833" lon="4.39908"><ele>787.0</ele><time>2026-07-29T08:00:01.263Z</time></trkpt><trkpt lat="46.13679667" lon="4.399095"><ele>787.0</ele><time>2026-07-29T08:00:02.263Z</time></trkpt><trkpt lat="46.13681" lon="4.39911"><ele>788.0</ele><time>2026-07-29T08:00:03.263Z</time></trkpt><trkpt lat="46.13682167" lon="4.39911167"><ele>788.0</ele><time>2026-07-29T08:00:04.263Z</time></trkpt><trkpt lat="46.13683167" lon="4.39912"><ele>788.0</ele><time>2026-07-29T08:00:05.263Z</time></trkpt><trkpt lat="46.13685" lon="4.399135"><ele>789.0</ele><time>2026-07-29T08:00:06.263Z</time></trkpt><trkpt lat="46.13686667" lon="4.39915667"><ele>789.0</ele><time>2026-07-29T08:00:07.263Z</time></trkpt><trkpt lat="46.13688167" lon="4.39917"><ele>789.0</ele><time>2026-07-29T08:00:08.263Z</time></trkpt><trkpt lat="46.136895" lon="4.39918167"><ele>789.0</ele><time>2026-07-29T08:00:09.263Z</time></trkpt><trkpt lat="46.13690667" lon="4.39919333"><ele>790.0</ele><time>2026-07-29T08:00:10.264Z</time></trkpt><trkpt lat="46.13692" lon="4.39920333"><ele>790.0</ele><time>2026-07-29T08:00:11.263Z</time></trkpt><trkpt lat="46.13692667" lon="4.39922333"><ele>790.0</ele><time>2026-07-29T08:00:12.264Z</time></trkpt><trkpt lat="46.13693667" lon="4.39924"><ele>790.0</ele><time>2026-07-29T08:00:13.263Z</time></trkpt><trkpt lat="46.136945" lon="4.39925667"><ele>790.0</ele><time>2026-07-29T08:00:14.263Z</time></trkpt><trkpt lat="46.13695" lon="4.39927333"><ele>790.0</ele><time>2026-07-29T08:00:15.264Z</time></trkpt><trkpt lat="46.136955" lon="4.39929167"><ele>789.0</ele><time>2026-07-29T08:00:16.264Z</time></trkpt><trkpt lat="46.13695833" lon="4.39931"><ele>789.0</ele><time>2026-07-29T08:00:17.264Z</time></trkpt><trkpt lat="46.13696333" lon="4.39932333"><ele>789.0</ele><time>2026-07-29T08:00:18.263Z</time></trkpt><trkpt lat="46.13697167" lon="4.39933667"><ele>789.0</ele><time>2026-07-29T08:00:19.264Z</time></trkpt><trkpt lat="46.13698167" lon="4.39935"><ele>789.0</ele><time>2026-07-29T08:00:20.263Z</time></trkpt><trkpt lat="46.13699333" lon="4.39936167"><ele>789.0</ele><time>2026-07-29T08:00:21.263Z</time></trkpt><trkpt lat="46.13700333" lon="4.39937333"><ele>789.0</ele><time>2026-07-29T08:00:22.263Z</time></trkpt><trkpt lat="46.13701667" lon="4.39938333"><ele>789.0</ele><time>2026-07-29T08:00:23.264Z</time></trkpt><trkpt lat="46.13703" lon="4.399395"><ele>790.0</ele><time>2026-07-29T08:00:24.263Z</time></trkpt><trkpt lat="46.13704333" lon="4.39940667"><ele>790.0</ele><time>2026-07-29T08:00:25.263Z</time></trkpt><trkpt lat="46.13705667" lon="4.39942"><ele>790.0</ele><time>2026-07-29T08:00:26.263Z</time></trkpt><trkpt lat="46.13706833" lon="4.399435"><ele>790.0</ele><time>2026-07-29T08:00:27.263Z</time></trkpt><trkpt lat="46.137085" lon="4.39945167"><ele>790.0</ele><time>2026-07-29T08:00:28.263Z</time></trkpt><trkpt lat="46.13710167" lon="4.39947"><ele>790.0</ele><time>2026-07-29T08:00:29.263Z</time></trkpt><trkpt lat="46.137115" lon="4.39948833"><ele>791.0</ele><time>2026-07-29T08:00:30.263Z</time></trkpt><trkpt lat="46.137125" lon="4.39950333"><ele>791.0</ele><time>2026-07-29T08:00:31.263Z</time></trkpt><trkpt lat="46.13713667" lon="4.39951667"><ele>791.0</ele><time>2026-07-29T08:00:32.264Z</time></trkpt><trkpt lat="46.13714833" lon="4.39953"><ele>791.0</ele><time>2026-07-29T08:00:33.263Z</time></trkpt><trkpt lat="46.13716" lon="4.39954167"><ele>792.0</ele><time>2026-07-29T08:00:34.263Z</time></trkpt><trkpt lat="46.13717167" lon="4.39955333"><ele>792.0</ele><time>2026-07-29T08:00:35.263Z</time></trkpt><trkpt lat="46.13718333" lon="4.399565"><ele>793.0</ele><time>2026-07-29T08:00:36.264Z</time></trkpt><trkpt lat="46.137195" lon="4.399575"><ele>793.0</ele><time>2026-07-29T08:00:37.263Z</time></trkpt><trkpt lat="46.13720833" lon="4.39958167"><ele>793.0</ele><time>2026-07-29T08:00:38.263Z</time></trkpt><trkpt lat="46.13722167" lon="4.39959167"><ele>794.0</ele><time>2026-07-29T08:00:39.263Z</time></trkpt><trkpt lat="46.137235" lon="4.399605"><ele>794.0</ele><time>2026-07-29T08:00:40.263Z</time></trkpt><trkpt lat="46.13724167" lon="4.39961833"><ele>795.0</ele><time>2026-07-29T08:00:41.264Z</time></trkpt><trkpt lat="46.13725333" lon="4.39963"><ele>795.0</ele><time>2026-07-29T08:00:42.263Z</time></trkpt><trkpt lat="46.137265" lon="4.39964"><ele>795.0</ele><time>2026-07-29T08:00:43.263Z</time></trkpt><trkpt lat="46.13727833" lon="4.39965"><ele>795.0</ele><time>2026-07-29T08:00:44.263Z</time></trkpt><trkpt lat="46.13729" lon="4.39966333"><ele>794.0</ele><time>2026-07-29T08:00:45.263Z</time></trkpt><trkpt lat="46.13730333" lon="4.39967167"><ele>794.0</ele><time>2026-07-29T08:00:46.263Z</time></trkpt><trkpt lat="46.137315" lon="4.399685"><ele>793.0</ele><time>2026-07-29T08:00:47.264Z</time></trkpt><trkpt lat="46.137325" lon="4.399695"><ele>793.0</ele><time>2026-07-29T08:00:48.263Z</time></trkpt><trkpt lat="46.137345" lon="4.39970167"><ele>793.0</ele><time>2026-07-29T08:00:49.263Z</time></trkpt><trkpt lat="46.13736333" lon="4.39971"><ele>793.0</ele><time>2026-07-29T08:00:50.263Z</time></trkpt><trkpt lat="46.13737833" lon="4.39971667"><ele>793.0</ele><time>2026-07-29T08:00:51.263Z</time></trkpt><trkpt lat="46.13739167" lon="4.399725"><ele>793.0</ele><time>2026-07-29T08:00:52.263Z</time></trkpt><trkpt lat="46.13740667" lon="4.39973333"><ele>793.0</ele><time>2026-07-29T08:00:53.263Z</time></trkpt><trkpt lat="46.13742" lon="4.39974333"><ele>793.0</ele><time>2026-07-29T08:00:54.263Z</time></trkpt><trkpt lat="46.13743667" lon="4.399745"><ele>793.0</ele><time>2026-07-29T08:00:55.264Z</time></trkpt><trkpt lat="46.137455" lon="4.39975"><ele>794.0</ele><time>2026-07-29T08:00:56.264Z</time></trkpt><trkpt lat="46.13746667" lon="4.39974667"><ele>795.0</ele><time>2026-07-29T08:00:57.264Z</time></trkpt><trkpt lat="46.13747833" lon="4.39974333"><ele>795.0</ele><time>2026-07-29T08:00:58.263Z</time></trkpt><trkpt lat="46.13749" lon="4.39974"><ele>796.0</ele><time>2026-07-29T08:00:59.263Z</time></trkpt><trkpt lat="46.1375" lon="4.39974167"><ele>797.0</ele><time>2026-07-29T08:01:00.263Z</time></trkpt><trkpt lat="46.13751167" lon="4.399745"><ele>797.0</ele><time>2026-07-29T08:01:01.263Z</time></trkpt><trkpt lat="46.13752167" lon="4.39974833"><ele>798.0</ele><time>2026-07-29T08:01:02.263Z</time></trkpt><trkpt lat="46.137535" lon="4.39975"><ele>798.0</ele><time>2026-07-29T08:01:03.263Z</time></trkpt><trkpt lat="46.13755" lon="4.399755"><ele>799.0</ele><time>2026-07-29T08:01:04.263Z</time></trkpt><trkpt lat="46.137565" lon="4.39976"><ele>799.0</ele><time>2026-07-29T08:01:05.264Z</time></trkpt><trkpt lat="46.13758333" lon="4.39976333"><ele>799.0</ele><time>2026-07-29T08:01:06.263Z</time></trkpt><trkpt lat="46.1376" lon="4.399765"><ele>799.0</ele><time>2026-07-29T08:01:07.264Z</time></trkpt><trkpt lat="46.13761833" lon="4.39976667"><ele>799.0</ele><time>2026-07-29T08:01:08.263Z</time></trkpt><trkpt lat="46.13763833" lon="4.39976833"><ele>800.0</ele><time>2026-07-29T08:01:09.264Z</time></trkpt><trkpt lat="46.13765" lon="4.39977"><ele>800.0</ele><time>2026-07-29T08:01:10.263Z</time></trkpt><trkpt lat="46.13766833" lon="4.39977"><ele>800.0</ele><time>2026-07-29T08:01:11.263Z</time></trkpt><trkpt lat="46.13768167" lon="4.39976833"><ele>800.0</ele><time>2026-07-29T08:01:12.263Z</time></trkpt><trkpt lat="46.13769833" lon="4.399765"><ele>800.0</ele><time>2026-07-29T08:01:13.263Z</time></trkpt><trkpt lat="46.13771333" lon="4.39976"><ele>800.0</ele><time>2026-07-29T08:01:14.263Z</time></trkpt><trkpt lat="46.137725" lon="4.399745"><ele>800.0</ele><time>2026-07-29T08:01:15.263Z</time></trkpt><trkpt lat="46.13774" lon="4.39974"><ele>800.0</ele><time>2026-07-29T08:01:16.263Z</time></trkpt><trkpt lat="46.137755" lon="4.39973667"><ele>801.0</ele><time>2026-07-29T08:01:17.264Z</time></trkpt><trkpt lat="46.13777333" lon="4.39973167"><ele>801.0</ele><time>2026-07-29T08:01:18.263Z</time></trkpt><trkpt lat="46.13779333" lon="4.39972667"><ele>801.0</ele><time>2026-07-29T08:01:19.264Z</time></trkpt><trkpt lat="46.13780833" lon="4.39972333"><ele>801.0</ele><time>2026-07-29T08:01:20.264Z</time></trkpt><trkpt lat="46.137825" lon="4.39971833"><ele>801.0</ele><time>2026-07-29T08:01:21.263Z</time></trkpt><trkpt lat="46.13784667" lon="4.39971"><ele>801.0</ele><time>2026-07-29T08:01:22.264Z</time></trkpt><trkpt lat="46.137865" lon="4.39970667"><ele>801.0</ele><time>2026-07-29T08:01:23.264Z</time></trkpt><trkpt lat="46.13788167" lon="4.39970333"><ele>801.0</ele><time>2026-07-29T08:01:24.263Z</time></trkpt><trkpt lat="46.13789667" lon="4.3997"><ele>801.0</ele><time>2026-07-29T08:01:25.263Z</time></trkpt><trkpt lat="46.13791167" lon="4.399695"><ele>800.0</ele><time>2026-07-29T08:01:26.263Z</time></trkpt><trkpt lat="46.13792833" lon="4.39968667"><ele>800.0</ele><time>2026-07-29T08:01:27.264Z</time></trkpt><trkpt lat="46.13794667" lon="4.39968333"><ele>800.0</ele><time>2026-07-29T08:01:28.263Z</time></trkpt><trkpt lat="46.13796333" lon="4.39968"><ele>800.0</ele><time>2026-07-29T08:01:29.263Z</time></trkpt><trkpt lat="46.13797833" lon="4.39967167"><ele>800.0</ele><time>2026-07-29T08:01:30.263Z</time></trkpt><trkpt lat="46.13799667" lon="4.39966833"><ele>800.0</ele><time>2026-07-29T08:01:31.264Z</time></trkpt><trkpt lat="46.13802" lon="4.39966833"><ele>799.0</ele><time>2026-07-29T08:01:32.264Z</time></trkpt><trkpt lat="46.138035" lon="4.39967"><ele>799.0</ele><time>2026-07-29T08:01:33.263Z</time></trkpt><trkpt lat="46.13805167" lon="4.39966667"><ele>798.0</ele><time>2026-07-29T08:01:34.264Z</time></trkpt><trkpt lat="46.13806833" lon="4.39966"><ele>798.0</ele><time>2026-07-29T08:01:35.264Z</time></trkpt><trkpt lat="46.13809167" lon="4.39965167"><ele>798.0</ele><time>2026-07-29T08:01:36.263Z</time></trkpt><trkpt lat="46.13811167" lon="4.39965167"><ele>798.0</ele><time>2026-07-29T08:01:37.263Z</time></trkpt><trkpt lat="46.13813" lon="4.39964833"><ele>798.0</ele><time>2026-07-29T08:01:38.263Z</time></trkpt><trkpt lat="46.13815" lon="4.39964667"><ele>797.0</ele><time>2026-07-29T08:01:39.264Z</time></trkpt><trkpt lat="46.138165" lon="4.39964667"><ele>797.0</ele><time>2026-07-29T08:01:40.263Z</time></trkpt><trkpt lat="46.13818167" lon="4.39964167"><ele>796.0</ele><time>2026-07-29T08:01:41.264Z</time></trkpt><trkpt lat="46.13819833" lon="4.39964167"><ele>796.0</ele><time>2026-07-29T08:01:42.264Z</time></trkpt><trkpt lat="46.138215" lon="4.399645"><ele>795.0</ele><time>2026-07-29T08:01:43.263Z</time></trkpt><trkpt lat="46.13823167" lon="4.399645"><ele>795.0</ele><time>2026-07-29T08:01:44.263Z</time></trkpt><trkpt lat="46.13825167" lon="4.39964667"><ele>795.0</ele><time>2026-07-29T08:01:45.263Z</time></trkpt><trkpt lat="46.13827333" lon="4.39965333"><ele>795.0</ele><time>2026-07-29T08:01:46.264Z</time></trkpt><trkpt lat="46.13828833" lon="4.39965167"><ele>794.0</ele><time>2026-07-29T08:01:47.263Z</time></trkpt><trkpt lat="46.13830833" lon="4.39965333"><ele>794.0</ele><time>2026-07-29T08:01:48.263Z</time></trkpt><trkpt lat="46.138325" lon="4.399655"><ele>794.0</ele><time>2026-07-29T08:01:49.264Z</time></trkpt><trkpt lat="46.13834167" lon="4.39965667"><ele>794.0</ele><time>2026-07-29T08:01:50.263Z</time></trkpt><trkpt lat="46.13835833" lon="4.39965667"><ele>793.0</ele><time>2026-07-29T08:01:51.263Z</time></trkpt><trkpt lat="46.138375" lon="4.39965333"><ele>793.0</ele><time>2026-07-29T08:01:52.264Z</time></trkpt><trkpt lat="46.13839333" lon="4.39965167"><ele>792.0</ele><time>2026-07-29T08:01:53.263Z</time></trkpt><trkpt lat="46.13841" lon="4.39964833"><ele>792.0</ele><time>2026-07-29T08:01:54.263Z</time></trkpt><trkpt lat="46.13842667" lon="4.399645"><ele>792.0</ele><time>2026-07-29T08:01:55.263Z</time></trkpt><trkpt lat="46.13844167" lon="4.39964167"><ele>791.0</ele><time>2026-07-29T08:01:56.264Z</time></trkpt><trkpt lat="46.13845833" lon="4.39963833"><ele>791.0</ele><time>2026-07-29T08:01:57.263Z</time></trkpt><trkpt lat="46.13847333" lon="4.39963667"><ele>791.0</ele><time>2026-07-29T08:01:58.263Z</time></trkpt><trkpt lat="46.13849167" lon="4.39963333"><ele>790.0</ele><time>2026-07-29T08:01:59.263Z</time></trkpt><trkpt lat="46.13851" lon="4.39962833"><ele>790.0</ele><time>2026-07-29T08:02:00.263Z</time></trkpt><trkpt lat="46.138525" lon="4.39963"><ele>791.0</ele><time>2026-07-29T08:02:01.263Z</time></trkpt><trkpt lat="46.13854" lon="4.39963"><ele>791.0</ele><time>2026-07-29T08:02:02.264Z</time></trkpt><trkpt lat="46.138555" lon="4.39963"><ele>791.0</ele><time>2026-07-29T08:02:03.263Z</time></trkpt><trkpt lat="46.13857" lon="4.399625"><ele>791.0</ele><time>2026-07-29T08:02:04.264Z</time></trkpt><trkpt lat="46.13858667" lon="4.39961833"><ele>791.0</ele><time>2026-07-29T08:02:05.264Z</time></trkpt><trkpt lat="46.138605" lon="4.39961"><ele>791.0</ele><time>2026-07-29T08:02:06.263Z</time></trkpt><trkpt lat="46.13862167" lon="4.3996"><ele>792.0</ele><time>2026-07-29T08:02:07.263Z</time></trkpt><trkpt lat="46.138635" lon="4.39959167"><ele>792.0</ele><time>2026-07-29T08:02:08.263Z</time></trkpt><trkpt lat="46.13864833" lon="4.39958833"><ele>793.0</ele><time>2026-07-29T08:02:09.263Z</time></trkpt><trkpt lat="46.13865833" lon="4.39958167"><ele>793.0</ele><time>2026-07-29T08:02:10.263Z</time></trkpt><trkpt lat="46.13867167" lon="4.399575"><ele>794.0</ele><time>2026-07-29T08:02:11.263Z</time></trkpt><trkpt lat="46.13868833" lon="4.39956833"><ele>794.0</ele><time>2026-07-29T08:02:12.264Z</time></trkpt><trkpt lat="46.13869833" lon="4.399555"><ele>794.0</ele><time>2026-07-29T08:02:13.264Z</time></trkpt><trkpt lat="46.13871333" lon="4.399545"><ele>794.0</ele><time>2026-07-29T08:02:14.264Z</time></trkpt><trkpt lat="46.13872833" lon="4.39953667"><ele>794.0</ele><time>2026-07-29T08:02:15.264Z</time></trkpt><trkpt lat="46.138745" lon="4.399525"><ele>795.0</ele><time>2026-07-29T08:02:16.263Z</time></trkpt><trkpt lat="46.13875833" lon="4.399515"><ele>795.0</ele><time>2026-07-29T08:02:17.263Z</time></trkpt><trkpt lat="46.138775" lon="4.39950667"><ele>795.0</ele><time>2026-07-29T08:02:18.263Z</time></trkpt><trkpt lat="46.13879" lon="4.39950167"><ele>795.0</ele><time>2026-07-29T08:02:19.264Z</time></trkpt><trkpt lat="46.13880667" lon="4.399495"><ele>795.0</ele><time>2026-07-29T08:02:20.264Z</time></trkpt><trkpt lat="46.13882" lon="4.399485"><ele>796.0</ele><time>2026-07-29T08:02:21.263Z</time></trkpt><trkpt lat="46.13883" lon="4.39947333"><ele>796.0</ele><time>2026-07-29T08:02:22.263Z</time></trkpt><trkpt lat="46.138845" lon="4.39946667"><ele>796.0</ele><time>2026-07-29T08:02:23.264Z</time></trkpt><trkpt lat="46.13886333" lon="4.399465"><ele>796.0</ele><time>2026-07-29T08:02:24.263Z</time></trkpt><trkpt lat="46.13888" lon="4.39946"><ele>795.0</ele><time>2026-07-29T08:02:25.263Z</time></trkpt><trkpt lat="46.1389" lon="4.399455"><ele>795.0</ele><time>2026-07-29T08:02:26.263Z</time></trkpt><trkpt lat="46.13891667" lon="4.39944667"><ele>795.0</ele><time>2026-07-29T08:02:27.263Z</time></trkpt><trkpt lat="46.13893333" lon="4.39943833"><ele>795.0</ele><time>2026-07-29T08:02:28.263Z</time></trkpt><trkpt lat="46.13895" lon="4.39943167"><ele>795.0</ele><time>2026-07-29T08:02:29.263Z</time></trkpt><trkpt lat="46.138965" lon="4.39942667"><ele>795.0</ele><time>2026-07-29T08:02:30.264Z</time></trkpt><trkpt lat="46.13897833" lon="4.39942"><ele>795.0</ele><time>2026-07-29T08:02:31.263Z</time></trkpt><trkpt lat="46.13899333" lon="4.399415"><ele>795.0</ele><time>2026-07-29T08:02:32.263Z</time></trkpt><trkpt lat="46.13900833" lon="4.39941167"><ele>795.0</ele><time>2026-07-29T08:02:33.263Z</time></trkpt><trkpt lat="46.139025" lon="4.39941"><ele>795.0</ele><time>2026-07-29T08:02:34.263Z</time></trkpt><trkpt lat="46.13904" lon="4.399405"><ele>794.0</ele><time>2026-07-29T08:02:35.263Z</time></trkpt><trkpt lat="46.139055" lon="4.399395"><ele>794.0</ele><time>2026-07-29T08:02:36.264Z</time></trkpt><trkpt lat="46.13907" lon="4.39938333"><ele>794.0</ele><time>2026-07-29T08:02:37.263Z</time></trkpt><trkpt lat="46.13908333" lon="4.39937333"><ele>794.0</ele><time>2026-07-29T08:02:38.263Z</time></trkpt><trkpt lat="46.13909833" lon="4.39936167"><ele>793.0</ele><time>2026-07-29T08:02:39.264Z</time></trkpt><trkpt lat="46.139115" lon="4.39935"><ele>793.0</ele><time>2026-07-29T08:02:40.263Z</time></trkpt><trkpt lat="46.13913167" lon="4.39934333"><ele>793.0</ele><time>2026-07-29T08:02:41.263Z</time></trkpt><trkpt lat="46.13914667" lon="4.39933667"><ele>793.0</ele><time>2026-07-29T08:02:42.263Z</time></trkpt><trkpt lat="46.13916167" lon="4.39932833"><ele>792.0</ele><time>2026-07-29T08:02:43.263Z</time></trkpt><trkpt lat="46.139175" lon="4.39931667"><ele>792.0</ele><time>2026-07-29T08:02:44.263Z</time></trkpt><trkpt lat="46.13918833" lon="4.399305"><ele>792.0</ele><time>2026-07-29T08:02:45.263Z</time></trkpt><trkpt lat="46.1392" lon="4.399295"><ele>792.0</ele><time>2026-07-29T08:02:46.264Z</time></trkpt><trkpt lat="46.13921333" lon="4.39927833"><ele>792.0</ele><time>2026-07-29T08:02:47.263Z</time></trkpt><trkpt lat="46.13922333" lon="4.39926667"><ele>793.0</ele><time>2026-07-29T08:02:48.263Z</time></trkpt><trkpt lat="46.139235" lon="4.39925167"><ele>793.0</ele><time>2026-07-29T08:02:49.263Z</time></trkpt><trkpt lat="46.139245" lon="4.39923333"><ele>793.0</ele><time>2026-07-29T08:02:50.264Z</time></trkpt><trkpt lat="46.13925667" lon="4.39921667"><ele>793.0</ele><time>2026-07-29T08:02:51.263Z</time></trkpt><trkpt lat="46.13926667" lon="4.39919667"><ele>794.0</ele><time>2026-07-29T08:02:52.263Z</time></trkpt><trkpt lat="46.13927667" lon="4.399175"><ele>794.0</ele><time>2026-07-29T08:02:53.263Z</time></trkpt><trkpt lat="46.13928833" lon="4.39915333"><ele>794.0</ele><time>2026-07-29T08:02:54.263Z</time></trkpt><trkpt lat="46.13929833" lon="4.39913333"><ele>794.0</ele><time>2026-07-29T08:02:55.264Z</time></trkpt><trkpt lat="46.13930667" lon="4.39911167"><ele>794.0</ele><time>2026-07-29T08:02:56.263Z</time></trkpt><trkpt lat="46.139315" lon="4.39909167"><ele>794.0</ele><time>2026-07-29T08:02:57.263Z</time></trkpt><trkpt lat="46.13932167" lon="4.39907333"><ele>794.0</ele><time>2026-07-29T08:02:58.264Z</time></trkpt><trkpt lat="46.13933" lon="4.39905333"><ele>794.0</ele><time>2026-07-29T08:02:59.263Z</time></trkpt><trkpt lat="46.139335" lon="4.39903833"><ele>794.0</ele><time>2026-07-29T08:03:00.264Z</time></trkpt><trkpt lat="46.13934333" lon="4.39901667"><ele>794.0</ele><time>2026-07-29T08:03:01.264Z</time></trkpt><trkpt lat="46.13935" lon="4.39899667"><ele>794.0</ele><time>2026-07-29T08:03:02.263Z</time></trkpt><trkpt lat="46.13935833" lon="4.39897"><ele>794.0</ele><time>2026-07-29T08:03:03.263Z</time></trkpt><trkpt lat="46.139365" lon="4.39895167"><ele>794.0</ele><time>2026-07-29T08:03:04.263Z</time></trkpt><trkpt lat="46.13937" lon="4.39893167"><ele>794.0</ele><time>2026-07-29T08:03:05.263Z</time></trkpt><trkpt lat="46.13937667" lon="4.39891167"><ele>793.0</ele><time>2026-07-29T08:03:06.263Z</time></trkpt><trkpt lat="46.13938333" lon="4.39888833"><ele>793.0</ele><time>2026-07-29T08:03:07.263Z</time></trkpt><trkpt lat="46.13938833" lon="4.398865"><ele>793.0</ele><time>2026-07-29T08:03:08.263Z</time></trkpt><trkpt lat="46.13939167" lon="4.39884167"><ele>792.0</ele><time>2026-07-29T08:03:09.263Z</time></trkpt><trkpt lat="46.13939667" lon="4.39882167"><ele>792.0</ele><time>2026-07-29T08:03:10.264Z</time></trkpt><trkpt lat="46.13940333" lon="4.3988"><ele>791.0</ele><time>2026-07-29T08:03:11.263Z</time></trkpt><trkpt lat="46.13940667" lon="4.39877833"><ele>791.0</ele><time>2026-07-29T08:03:12.263Z</time></trkpt><trkpt lat="46.13941167" lon="4.398755"><ele>791.0</ele><time>2026-07-29T08:03:13.264Z</time></trkpt><trkpt lat="46.13941833" lon="4.39873667"><ele>791.0</ele><time>2026-07-29T08:03:14.263Z</time></trkpt><trkpt lat="46.13942333" lon="4.39871667"><ele>791.0</ele><time>2026-07-29T08:03:15.264Z</time></trkpt><trkpt lat="46.13942833" lon="4.39869667"><ele>791.0</ele><time>2026-07-29T08:03:16.263Z</time></trkpt><trkpt lat="46.13943667" lon="4.39867167"><ele>792.0</ele><time>2026-07-29T08:03:17.264Z</time></trkpt><trkpt lat="46.13944333" lon="4.39865667"><ele>792.0</ele><time>2026-07-29T08:03:18.263Z</time></trkpt><trkpt lat="46.13945167" lon="4.39863833"><ele>792.0</ele><time>2026-07-29T08:03:19.263Z</time></trkpt><trkpt lat="46.13946167" lon="4.39861833"><ele>792.0</ele><time>2026-07-29T08:03:20.264Z</time></trkpt><trkpt lat="46.13947" lon="4.398595"><ele>793.0</ele><time>2026-07-29T08:03:21.263Z</time></trkpt><trkpt lat="46.13947833" lon="4.39857333"><ele>793.0</ele><time>2026-07-29T08:03:22.263Z</time></trkpt><trkpt lat="46.13948667" lon="4.39855"><ele>793.0</ele><time>2026-07-29T08:03:23.263Z</time></trkpt><trkpt lat="46.13949" lon="4.39853667"><ele>793.0</ele><time>2026-07-29T08:03:24.263Z</time></trkpt><trkpt lat="46.13949667" lon="4.39851833"><ele>793.0</ele><time>2026-07-29T08:03:25.263Z</time></trkpt><trkpt lat="46.13950167" lon="4.39849833"><ele>793.0</ele><time>2026-07-29T08:03:26.264Z</time></trkpt><trkpt lat="46.13951" lon="4.39848"><ele>793.0</ele><time>2026-07-29T08:03:27.263Z</time></trkpt><trkpt lat="46.13951833" lon="4.39845833"><ele>793.0</ele><time>2026-07-29T08:03:28.264Z</time></trkpt><trkpt lat="46.13952667" lon="4.39843667"><ele>793.0</ele><time>2026-07-29T08:03:29.264Z</time></trkpt><trkpt lat="46.13953667" lon="4.39842"><ele>793.0</ele><time>2026-07-29T08:03:30.264Z</time></trkpt><trkpt lat="46.139555" lon="4.39840667"><ele>793.0</ele><time>2026-07-29T08:03:31.263Z</time></trkpt><trkpt lat="46.13956667" lon="4.39839833"><ele>794.0</ele><time>2026-07-29T08:03:32.263Z</time></trkpt><trkpt lat="46.13958" lon="4.39839833"><ele>794.0</ele><time>2026-07-29T08:03:33.263Z</time></trkpt><trkpt lat="46.13959333" lon="4.39841167"><ele>794.0</ele><time>2026-07-29T08:03:34.263Z</time></trkpt><trkpt lat="46.13960333" lon="4.39843167"><ele>795.0</ele><time>2026-07-29T08:03:35.263Z</time></trkpt><trkpt lat="46.13961333" lon="4.39845333"><ele>795.0</ele><time>2026-07-29T08:03:36.263Z</time></trkpt><trkpt lat="46.13961667" lon="4.39847833"><ele>795.0</ele><time>2026-07-29T08:03:37.263Z</time></trkpt><trkpt lat="46.13962" lon="4.398515"><ele>795.0</ele><time>2026-07-29T08:03:38.264Z</time></trkpt><trkpt lat="46.13962167" lon="4.39854333"><ele>794.0</ele><time>2026-07-29T08:03:39.264Z</time></trkpt><trkpt lat="46.13962667" lon="4.39857333"><ele>794.0</ele><time>2026-07-29T08:03:40.264Z</time></trkpt><trkpt lat="46.139635" lon="4.3986"><ele>794.0</ele><time>2026-07-29T08:03:41.263Z</time></trkpt><trkpt lat="46.13963833" lon="4.398625"><ele>794.0</ele><time>2026-07-29T08:03:42.263Z</time></trkpt><trkpt lat="46.13963833" lon="4.39864333"><ele>795.0</ele><time>2026-07-29T08:03:43.263Z</time></trkpt><trkpt lat="46.13963833" lon="4.398665"><ele>795.0</ele><time>2026-07-29T08:03:44.263Z</time></trkpt><trkpt lat="46.13963833" lon="4.39868333"><ele>795.0</ele><time>2026-07-29T08:03:45.263Z</time></trkpt><trkpt lat="46.13964167" lon="4.39870167"><ele>795.0</ele><time>2026-07-29T08:03:46.263Z</time></trkpt><trkpt lat="46.139645" lon="4.398715"><ele>795.0</ele><time>2026-07-29T08:03:47.263Z</time></trkpt><trkpt lat="46.13965" lon="4.39873167"><ele>796.0</ele><time>2026-07-29T08:03:48.263Z</time></trkpt><trkpt lat="46.13965667" lon="4.39875667"><ele>796.0</ele><time>2026-07-29T08:03:49.263Z</time></trkpt><trkpt lat="46.13966" lon="4.39877333"><ele>797.0</ele><time>2026-07-29T08:03:50.263Z</time></trkpt><trkpt lat="46.13966167" lon="4.39879833"><ele>797.0</ele><time>2026-07-29T08:03:51.263Z</time></trkpt><trkpt lat="46.139665" lon="4.39882"><ele>797.0</ele><time>2026-07-29T08:03:52.263Z</time></trkpt><trkpt lat="46.13966833" lon="4.398835"><ele>798.0</ele><time>2026-07-29T08:03:53.263Z</time></trkpt><trkpt lat="46.13967" lon="4.39885333"><ele>798.0</ele><time>2026-07-29T08:03:54.263Z</time></trkpt><trkpt lat="46.13967167" lon="4.39887"><ele>798.0</ele><time>2026-07-29T08:03:55.263Z</time></trkpt><trkpt lat="46.139675" lon="4.39889"><ele>798.0</ele><time>2026-07-29T08:03:56.264Z</time></trkpt><trkpt lat="46.13967667" lon="4.39890833"><ele>798.0</ele><time>2026-07-29T08:03:57.264Z</time></trkpt><trkpt lat="46.13967833" lon="4.39892333"><ele>798.0</ele><time>2026-07-29T08:03:58.263Z</time></trkpt><trkpt lat="46.13967833" lon="4.39893833"><ele>798.0</ele><time>2026-07-29T08:03:59.263Z</time></trkpt><trkpt lat="46.13968" lon="4.39895333"><ele>798.0</ele><time>2026-07-29T08:04:00.263Z</time></trkpt><trkpt lat="46.13968167" lon="4.39896833"><ele>798.0</ele><time>2026-07-29T08:04:01.263Z</time></trkpt><trkpt lat="46.13968667" lon="4.398985"><ele>799.0</ele><time>2026-07-29T08:04:02.264Z</time></trkpt><trkpt lat="46.13969" lon="4.39899833"><ele>799.0</ele><time>2026-07-29T08:04:03.264Z</time></trkpt><trkpt lat="46.13969333" lon="4.39901167"><ele>799.0</ele><time>2026-07-29T08:04:04.263Z</time></trkpt><trkpt lat="46.13969667" lon="4.39902833"><ele>800.0</ele><time>2026-07-29T08:04:05.263Z</time></trkpt><trkpt lat="46.13970167" lon="4.39904333"><ele>800.0</ele><time>2026-07-29T08:04:06.263Z</time></trkpt><trkpt lat="46.13971" lon="4.39905833"><ele>800.0</ele><time>2026-07-29T08:04:07.263Z</time></trkpt><trkpt lat="46.13971833" lon="4.39907833"><ele>801.0</ele><time>2026-07-29T08:04:08.263Z</time></trkpt><trkpt lat="46.139725" lon="4.39909667"><ele>801.0</ele><time>2026-07-29T08:04:09.263Z</time></trkpt><trkpt lat="46.13973" lon="4.39911333"><ele>801.0</ele><time>2026-07-29T08:04:10.263Z</time></trkpt><trkpt lat="46.13973333" lon="4.39913167"><ele>801.0</ele><time>2026-07-29T08:04:11.263Z</time></trkpt><trkpt lat="46.139735" lon="4.39915"><ele>801.0</ele><time>2026-07-29T08:04:12.264Z</time></trkpt><trkpt lat="46.139735" lon="4.39916667"><ele>802.0</ele><time>2026-07-29T08:04:13.263Z</time></trkpt><trkpt lat="46.13973667" lon="4.39918333"><ele>802.0</ele><time>2026-07-29T08:04:14.263Z</time></trkpt><trkpt lat="46.139735" lon="4.3992"><ele>802.0</ele><time>2026-07-29T08:04:15.264Z</time></trkpt><trkpt lat="46.139735" lon="4.39921833"><ele>802.0</ele><time>2026-07-29T08:04:16.263Z</time></trkpt><trkpt lat="46.13973667" lon="4.39923833"><ele>803.0</ele><time>2026-07-29T08:04:17.263Z</time></trkpt><trkpt lat="46.13973833" lon="4.39925333"><ele>803.0</ele><time>2026-07-29T08:04:18.264Z</time></trkpt><trkpt lat="46.13974" lon="4.39927167"><ele>804.0</ele><time>2026-07-29T08:04:19.263Z</time></trkpt><trkpt lat="46.13974333" lon="4.39929833"><ele>804.0</ele><time>2026-07-29T08:04:20.263Z</time></trkpt><trkpt lat="46.13974833" lon="4.39930667"><ele>805.0</ele><time>2026-07-29T08:04:21.263Z</time></trkpt><trkpt lat="46.13975" lon="4.39932167"><ele>806.0</ele><time>2026-07-29T08:04:22.264Z</time></trkpt><trkpt lat="46.13975" lon="4.39934167"><ele>807.0</ele><time>2026-07-29T08:04:23.264Z</time></trkpt><trkpt lat="46.13975" lon="4.39936167"><ele>808.0</ele><time>2026-07-29T08:04:24.263Z</time></trkpt><trkpt lat="46.13975" lon="4.39938167"><ele>809.0</ele><time>2026-07-29T08:04:25.263Z</time></trkpt><trkpt lat="46.13975" lon="4.399395"><ele>810.0</ele><time>2026-07-29T08:04:26.264Z</time></trkpt><trkpt lat="46.13975333" lon="4.399415"><ele>811.0</ele><time>2026-07-29T08:04:27.263Z</time></trkpt><trkpt lat="46.13975333" lon="4.39942833"><ele>811.0</ele><time>2026-07-29T08:04:28.264Z</time></trkpt><trkpt lat="46.139755" lon="4.39944833"><ele>812.0</ele><time>2026-07-29T08:04:29.263Z</time></trkpt><trkpt lat="46.13976" lon="4.39947"><ele>812.0</ele><time>2026-07-29T08:04:30.263Z</time></trkpt><trkpt lat="46.13976333" lon="4.39949167"><ele>813.0</ele><time>2026-07-29T08:04:31.264Z</time></trkpt><trkpt lat="46.13977167" lon="4.39951"><ele>813.0</ele><time>2026-07-29T08:04:32.264Z</time></trkpt><trkpt lat="46.139775" lon="4.39952667"><ele>813.0</ele><time>2026-07-29T08:04:33.263Z</time></trkpt><trkpt lat="46.13977833" lon="4.399545"><ele>813.0</ele><time>2026-07-29T08:04:34.263Z</time></trkpt><trkpt lat="46.13978" lon="4.39955833"><ele>813.0</ele><time>2026-07-29T08:04:35.263Z</time></trkpt><trkpt lat="46.13978167" lon="4.399575"><ele>813.0</ele><time>2026-07-29T08:04:36.263Z</time></trkpt><trkpt lat="46.139785" lon="4.39959333"><ele>813.0</ele><time>2026-07-29T08:04:37.263Z</time></trkpt><trkpt lat="46.13978833" lon="4.399605"><ele>814.0</ele><time>2026-07-29T08:04:38.263Z</time></trkpt><trkpt lat="46.13978833" lon="4.39962"><ele>814.0</ele><time>2026-07-29T08:04:39.263Z</time></trkpt><trkpt lat="46.13979" lon="4.39963667"><ele>814.0</ele><time>2026-07-29T08:04:40.263Z</time></trkpt><trkpt lat="46.13978833" lon="4.39965333"><ele>814.0</ele><time>2026-07-29T08:04:41.263Z</time></trkpt><trkpt lat="46.13978833" lon="4.39967333"><ele>814.0</ele><time>2026-07-29T08:04:42.263Z</time></trkpt><trkpt lat="46.13978667" lon="4.399695"><ele>814.0</ele><time>2026-07-29T08:04:43.264Z</time></trkpt><trkpt lat="46.139785" lon="4.399715"><ele>814.0</ele><time>2026-07-29T08:04:44.264Z</time></trkpt><trkpt lat="46.139785" lon="4.39972833"><ele>814.0</ele><time>2026-07-29T08:04:45.263Z</time></trkpt><trkpt lat="46.139785" lon="4.39974667"><ele>814.0</ele><time>2026-07-29T08:04:46.264Z</time></trkpt><trkpt lat="46.13978833" lon="4.399765"><ele>814.0</ele><time>2026-07-29T08:04:47.263Z</time></trkpt><trkpt lat="46.13979167" lon="4.39977667"><ele>815.0</ele><time>2026-07-29T08:04:48.263Z</time></trkpt><trkpt lat="46.13979333" lon="4.39979167"><ele>815.0</ele><time>2026-07-29T08:04:49.263Z</time></trkpt><trkpt lat="46.13979333" lon="4.39980833"><ele>815.0</ele><time>2026-07-29T08:04:50.263Z</time></trkpt><trkpt lat="46.13979" lon="4.39983167"><ele>816.0</ele><time>2026-07-29T08:04:51.264Z</time></trkpt><trkpt lat="46.13978667" lon="4.39985"><ele>816.0</ele><time>2026-07-29T08:04:52.264Z</time></trkpt><trkpt lat="46.139785" lon="4.39986667"><ele>817.0</ele><time>2026-07-29T08:04:53.264Z</time></trkpt><trkpt lat="46.13978667" lon="4.399875"><ele>817.0</ele><time>2026-07-29T08:04:54.264Z</time></trkpt><trkpt lat="46.13978667" lon="4.39989167"><ele>817.0</ele><time>2026-07-29T08:04:55.263Z</time></trkpt><trkpt lat="46.13979" lon="4.39990333"><ele>817.0</ele><time>2026-07-29T08:04:56.263Z</time></trkpt><trkpt lat="46.13979333" lon="4.39991667"><ele>817.0</ele><time>2026-07-29T08:04:57.264Z</time></trkpt><trkpt lat="46.13979667" lon="4.39992833"><ele>817.0</ele><time>2026-07-29T08:04:58.264Z</time></trkpt><trkpt lat="46.13979833" lon="4.39994167"><ele>817.0</ele><time>2026-07-29T08:04:59.263Z</time></trkpt><trkpt lat="46.13979667" lon="4.39995333"><ele>817.0</ele><time>2026-07-29T08:05:00.263Z</time></trkpt><trkpt lat="46.13979667" lon="4.39997167"><ele>817.0</ele><time>2026-07-29T08:05:01.263Z</time></trkpt><trkpt lat="46.13979667" lon="4.39999167"><ele>817.0</ele><time>2026-07-29T08:05:02.263Z</time></trkpt><trkpt lat="46.13979833" lon="4.40001"><ele>817.0</ele><time>2026-07-29T08:05:03.264Z</time></trkpt><trkpt lat="46.13979667" lon="4.400025"><ele>817.0</ele><time>2026-07-29T08:05:04.264Z</time></trkpt><trkpt lat="46.13979667" lon="4.40004333"><ele>817.0</ele><time>2026-07-29T08:05:05.263Z</time></trkpt><trkpt lat="46.13979667" lon="4.40006167"><ele>817.0</ele><time>2026-07-29T08:05:06.263Z</time></trkpt><trkpt lat="46.139795" lon="4.40008"><ele>817.0</ele><time>2026-07-29T08:05:07.263Z</time></trkpt><trkpt lat="46.13979333" lon="4.400095"><ele>818.0</ele><time>2026-07-29T08:05:08.263Z</time></trkpt><trkpt lat="46.13979333" lon="4.40011"><ele>818.0</ele><time>2026-07-29T08:05:09.264Z</time></trkpt><trkpt lat="46.13979167" lon="4.40012833"><ele>818.0</ele><time>2026-07-29T08:05:10.263Z</time></trkpt><trkpt lat="46.13979" lon="4.400145"><ele>818.0</ele><time>2026-07-29T08:05:11.263Z</time></trkpt><trkpt lat="46.13979" lon="4.40016167"><ele>818.0</ele><time>2026-07-29T08:05:12.263Z</time></trkpt><trkpt lat="46.13979" lon="4.40017333"><ele>818.0</ele><time>2026-07-29T08:05:13.263Z</time></trkpt><trkpt lat="46.13979167" lon="4.40018833"><ele>818.0</ele><time>2026-07-29T08:05:14.263Z</time></trkpt><trkpt lat="46.13979333" lon="4.40020667"><ele>818.0</ele><time>2026-07-29T08:05:15.263Z</time></trkpt><trkpt lat="46.13979667" lon="4.40022"><ele>818.0</ele><time>2026-07-29T08:05:16.264Z</time></trkpt><trkpt lat="46.13979833" lon="4.40023833"><ele>818.0</ele><time>2026-07-29T08:05:17.263Z</time></trkpt><trkpt lat="46.1398" lon="4.40025333"><ele>818.0</ele><time>2026-07-29T08:05:18.264Z</time></trkpt><trkpt lat="46.13980333" lon="4.40026667"><ele>818.0</ele><time>2026-07-29T08:05:19.263Z</time></trkpt><trkpt lat="46.13980833" lon="4.40027667"><ele>819.0</ele><time>2026-07-29T08:05:20.264Z</time></trkpt><trkpt lat="46.13980833" lon="4.40029167"><ele>819.0</ele><time>2026-07-29T08:05:21.263Z</time></trkpt><trkpt lat="46.13981" lon="4.40030667"><ele>820.0</ele><time>2026-07-29T08:05:22.263Z</time></trkpt><trkpt lat="46.13980833" lon="4.40032"><ele>821.0</ele><time>2026-07-29T08:05:23.263Z</time></trkpt><trkpt lat="46.13980833" lon="4.400335"><ele>821.0</ele><time>2026-07-29T08:05:24.263Z</time></trkpt><trkpt lat="46.13981167" lon="4.40035167"><ele>822.0</ele><time>2026-07-29T08:05:25.264Z</time></trkpt><trkpt lat="46.139815" lon="4.400365"><ele>822.0</ele><time>2026-07-29T08:05:26.264Z</time></trkpt><trkpt lat="46.13982333" lon="4.400375"><ele>823.0</ele><time>2026-07-29T08:05:27.263Z</time></trkpt><trkpt lat="46.13983167" lon="4.40038167"><ele>823.0</ele><time>2026-07-29T08:05:28.264Z</time></trkpt><trkpt lat="46.13983833" lon="4.40038"><ele>824.0</ele><time>2026-07-29T08:05:29.264Z</time></trkpt><trkpt lat="46.13984667" lon="4.40037833"><ele>825.0</ele><time>2026-07-29T08:05:30.263Z</time></trkpt><trkpt lat="46.13985833" lon="4.400375"><ele>825.0</ele><time>2026-07-29T08:05:31.263Z</time></trkpt><trkpt lat="46.13987" lon="4.40037667"><ele>825.0</ele><time>2026-07-29T08:05:32.263Z</time></trkpt><trkpt lat="46.13987833" lon="4.40037333"><ele>825.0</ele><time>2026-07-29T08:05:33.263Z</time></trkpt><trkpt lat="46.13988833" lon="4.40037"><ele>825.0</ele><time>2026-07-29T08:05:34.264Z</time></trkpt><trkpt lat="46.13989333" lon="4.400365"><ele>825.0</ele><time>2026-07-29T08:05:35.263Z</time></trkpt><trkpt lat="46.139895" lon="4.40036333"><ele>825.0</ele><time>2026-07-29T08:05:36.264Z</time></trkpt><trkpt lat="46.13990333" lon="4.40035667"><ele>825.0</ele><time>2026-07-29T08:05:37.263Z</time></trkpt><trkpt lat="46.13991333" lon="4.40034667"><ele>824.0</ele><time>2026-07-29T08:05:38.263Z</time></trkpt><trkpt lat="46.13992167" lon="4.400335"><ele>824.0</ele><time>2026-07-29T08:05:39.263Z</time></trkpt><trkpt lat="46.13993333" lon="4.40032167"><ele>824.0</ele><time>2026-07-29T08:05:40.263Z</time></trkpt><trkpt lat="46.13994667" lon="4.40030667"><ele>824.0</ele><time>2026-07-29T08:05:41.264Z</time></trkpt><trkpt lat="46.13995667" lon="4.40029833"><ele>824.0</ele><time>2026-07-29T08:05:42.263Z</time></trkpt><trkpt lat="46.139965" lon="4.40029"><ele>824.0</ele><time>2026-07-29T08:05:43.264Z</time></trkpt><trkpt lat="46.13997167" lon="4.40028"><ele>824.0</ele><time>2026-07-29T08:05:44.263Z</time></trkpt><trkpt lat="46.13998167" lon="4.40027"><ele>824.0</ele><time>2026-07-29T08:05:45.263Z</time></trkpt><trkpt lat="46.13999167" lon="4.40026"><ele>824.0</ele><time>2026-07-29T08:05:46.263Z</time></trkpt><trkpt lat="46.14" lon="4.40024833"><ele>824.0</ele><time>2026-07-29T08:05:47.264Z</time></trkpt><trkpt lat="46.14001667" lon="4.40023"><ele>824.0</ele><time>2026-07-29T08:05:48.264Z</time></trkpt><trkpt lat="46.14003" lon="4.40021167"><ele>824.0</ele><time>2026-07-29T08:05:49.263Z</time></trkpt><trkpt lat="46.14003667" lon="4.40019833"><ele>824.0</ele><time>2026-07-29T08:05:50.264Z</time></trkpt><trkpt lat="46.14004833" lon="4.40018167"><ele>825.0</ele><time>2026-07-29T08:05:51.263Z</time></trkpt><trkpt lat="46.14006" lon="4.40016667"><ele>825.0</ele><time>2026-07-29T08:05:52.263Z</time></trkpt><trkpt lat="46.14006833" lon="4.40015667"><ele>825.0</ele><time>2026-07-29T08:05:53.263Z</time></trkpt><trkpt lat="46.14007667" lon="4.400145"><ele>825.0</ele><time>2026-07-29T08:05:54.263Z</time></trkpt><trkpt lat="46.140085" lon="4.40013333"><ele>825.0</ele><time>2026-07-29T08:05:55.263Z</time></trkpt><trkpt lat="46.14009333" lon="4.40012"><ele>826.0</ele><time>2026-07-29T08:05:56.264Z</time></trkpt><trkpt lat="46.14010333" lon="4.400105"><ele>826.0</ele><time>2026-07-29T08:05:57.264Z</time></trkpt><trkpt lat="46.14011" lon="4.40009167"><ele>827.0</ele><time>2026-07-29T08:05:58.263Z</time></trkpt><trkpt lat="46.14012" lon="4.40008167"><ele>827.0</ele><time>2026-07-29T08:05:59.263Z</time></trkpt><trkpt lat="46.14013" lon="4.40007167"><ele>827.0</ele><time>2026-07-29T08:06:00.263Z</time></trkpt><trkpt lat="46.14013833" lon="4.40006"><ele>828.0</ele><time>2026-07-29T08:06:01.263Z</time></trkpt><trkpt lat="46.14014667" lon="4.400045"><ele>828.0</ele><time>2026-07-29T08:06:02.264Z</time></trkpt><trkpt lat="46.14015667" lon="4.400035"><ele>829.0</ele><time>2026-07-29T08:06:03.264Z</time></trkpt><trkpt lat="46.14016333" lon="4.40002333"><ele>829.0</ele><time>2026-07-29T08:06:04.263Z</time></trkpt><trkpt lat="46.14017" lon="4.40001167"><ele>830.0</ele><time>2026-07-29T08:06:05.263Z</time></trkpt><trkpt lat="46.140175" lon="4.40000167"><ele>830.0</ele><time>2026-07-29T08:06:06.263Z</time></trkpt><trkpt lat="46.14018667" lon="4.39999333"><ele>830.0</ele><time>2026-07-29T08:06:07.263Z</time></trkpt><trkpt lat="46.140195" lon="4.39998667"><ele>831.0</ele><time>2026-07-29T08:06:08.263Z</time></trkpt><trkpt lat="46.14020333" lon="4.399975"><ele>831.0</ele><time>2026-07-29T08:06:09.264Z</time></trkpt><trkpt lat="46.14020833" lon="4.39996833"><ele>831.0</ele><time>2026-07-29T08:06:10.263Z</time></trkpt><trkpt lat="46.14021667" lon="4.39996167"><ele>831.0</ele><time>2026-07-29T08:06:11.264Z</time></trkpt><trkpt lat="46.140225" lon="4.39995167"><ele>831.0</ele><time>2026-07-29T08:06:12.264Z</time></trkpt><trkpt lat="46.14023167" lon="4.39993333"><ele>832.0</ele><time>2026-07-29T08:06:13.263Z</time></trkpt><trkpt lat="46.14024" lon="4.39992167"><ele>832.0</ele><time>2026-07-29T08:06:14.263Z</time></trkpt><trkpt lat="46.14024833" lon="4.39990167"><ele>833.0</ele><time>2026-07-29T08:06:15.263Z</time></trkpt><trkpt lat="46.14025667" lon="4.39988667"><ele>833.0</ele><time>2026-07-29T08:06:16.264Z</time></trkpt><trkpt lat="46.14026667" lon="4.39988"><ele>833.0</ele><time>2026-07-29T08:06:17.263Z</time></trkpt><trkpt lat="46.140275" lon="4.39987167"><ele>834.0</ele><time>2026-07-29T08:06:18.263Z</time></trkpt><trkpt lat="46.14028333" lon="4.39985833"><ele>834.0</ele><time>2026-07-29T08:06:19.263Z</time></trkpt><trkpt lat="46.14029" lon="4.39985"><ele>834.0</ele><time>2026-07-29T08:06:20.263Z</time></trkpt><trkpt lat="46.14029667" lon="4.39984667"><ele>835.0</ele><time>2026-07-29T08:06:21.263Z</time></trkpt><trkpt lat="46.140305" lon="4.39984333"><ele>835.0</ele><time>2026-07-29T08:06:22.264Z</time></trkpt><trkpt lat="46.14031" lon="4.39983667"><ele>835.0</ele><time>2026-07-29T08:06:23.264Z</time></trkpt><trkpt lat="46.14031667" lon="4.39982667"><ele>835.0</ele><time>2026-07-29T08:06:24.263Z</time></trkpt><trkpt lat="46.14032333" lon="4.39981667"><ele>836.0</ele><time>2026-07-29T08:06:25.264Z</time></trkpt><trkpt lat="46.14033333" lon="4.39981333"><ele>836.0</ele><time>2026-07-29T08:06:26.263Z</time></trkpt><trkpt lat="46.14034667" lon="4.39980833"><ele>836.0</ele><time>2026-07-29T08:06:27.263Z</time></trkpt><trkpt lat="46.14036" lon="4.39980333"><ele>836.0</ele><time>2026-07-29T08:06:28.263Z</time></trkpt><trkpt lat="46.14037333" lon="4.39979833"><ele>836.0</ele><time>2026-07-29T08:06:29.263Z</time></trkpt><trkpt lat="46.14039" lon="4.39979"><ele>836.0</ele><time>2026-07-29T08:06:30.263Z</time></trkpt><trkpt lat="46.14039833" lon="4.39978"><ele>836.0</ele><time>2026-07-29T08:06:31.263Z</time></trkpt><trkpt lat="46.14040833" lon="4.39976"><ele>836.0</ele><time>2026-07-29T08:06:32.263Z</time></trkpt><trkpt lat="46.14041333" lon="4.39974833"><ele>835.0</ele><time>2026-07-29T08:06:33.263Z</time></trkpt><trkpt lat="46.14042" lon="4.39973833"><ele>835.0</ele><time>2026-07-29T08:06:34.264Z</time></trkpt><trkpt lat="46.14042667" lon="4.39972667"><ele>835.0</ele><time>2026-07-29T08:06:35.263Z</time></trkpt><trkpt lat="46.14043333" lon="4.39971833"><ele>836.0</ele><time>2026-07-29T08:06:36.264Z</time></trkpt><trkpt lat="46.14044" lon="4.39970667"><ele>836.0</ele><time>2026-07-29T08:06:37.263Z</time></trkpt><trkpt lat="46.14045" lon="4.39969167"><ele>836.0</ele><time>2026-07-29T08:06:38.264Z</time></trkpt><trkpt lat="46.14046167" lon="4.399675"><ele>836.0</ele><time>2026-07-29T08:06:39.263Z</time></trkpt><trkpt lat="46.14047167" lon="4.39966333"><ele>835.0</ele><time>2026-07-29T08:06:40.263Z</time></trkpt><trkpt lat="46.14048333" lon="4.39965167"><ele>835.0</ele><time>2026-07-29T08:06:41.264Z</time></trkpt><trkpt lat="46.14049167" lon="4.39963833"><ele>835.0</ele><time>2026-07-29T08:06:42.264Z</time></trkpt><trkpt lat="46.14050167" lon="4.39962667"><ele>835.0</ele><time>2026-07-29T08:06:43.263Z</time></trkpt><trkpt lat="46.140515" lon="4.39961"><ele>835.0</ele><time>2026-07-29T08:06:44.263Z</time></trkpt><trkpt lat="46.14052333" lon="4.3996"><ele>835.0</ele><time>2026-07-29T08:06:45.263Z</time></trkpt><trkpt lat="46.140535" lon="4.39959167"><ele>835.0</ele><time>2026-07-29T08:06:46.264Z</time></trkpt><trkpt lat="46.14054833" lon="4.399585"><ele>835.0</ele><time>2026-07-29T08:06:47.263Z</time></trkpt><trkpt lat="46.140565" lon="4.39957667"><ele>835.0</ele><time>2026-07-29T08:06:48.264Z</time></trkpt><trkpt lat="46.14057333" lon="4.39956"><ele>835.0</ele><time>2026-07-29T08:06:49.263Z</time></trkpt><trkpt lat="46.14058167" lon="4.39954667"><ele>835.0</ele><time>2026-07-29T08:06:50.263Z</time></trkpt><trkpt lat="46.14058833" lon="4.39954167"><ele>836.0</ele><time>2026-07-29T08:06:51.264Z</time></trkpt><trkpt lat="46.14059667" lon="4.39954167"><ele>836.0</ele><time>2026-07-29T08:06:52.263Z</time></trkpt><trkpt lat="46.140605" lon="4.399535"><ele>836.0</ele><time>2026-07-29T08:06:53.264Z</time></trkpt><trkpt lat="46.14061333" lon="4.39952333"><ele>836.0</ele><time>2026-07-29T08:06:54.264Z</time></trkpt><trkpt lat="46.14062" lon="4.39950833"><ele>836.0</ele><time>2026-07-29T08:06:55.263Z</time></trkpt><trkpt lat="46.14062667" lon="4.39950167"><ele>836.0</ele><time>2026-07-29T08:06:56.263Z</time></trkpt><trkpt lat="46.14063333" lon="4.399495"><ele>835.0</ele><time>2026-07-29T08:06:57.263Z</time></trkpt><trkpt lat="46.14064167" lon="4.39949"><ele>835.0</ele><time>2026-07-29T08:06:58.263Z</time></trkpt><trkpt lat="46.14065333" lon="4.39948167"><ele>835.0</ele><time>2026-07-29T08:06:59.264Z</time></trkpt><trkpt lat="46.14065833" lon="4.39947333"><ele>835.0</ele><time>2026-07-29T08:07:00.263Z</time></trkpt><trkpt lat="46.14066833" lon="4.399465"><ele>835.0</ele><time>2026-07-29T08:07:01.264Z</time></trkpt><trkpt lat="46.14067333" lon="4.39945833"><ele>836.0</ele><time>2026-07-29T08:07:02.264Z</time></trkpt><trkpt lat="46.14068333" lon="4.39944833"><ele>836.0</ele><time>2026-07-29T08:07:03.263Z</time></trkpt><trkpt lat="46.14069167" lon="4.39943833"><ele>836.0</ele><time>2026-07-29T08:07:04.263Z</time></trkpt><trkpt lat="46.14070167" lon="4.39943"><ele>837.0</ele><time>2026-07-29T08:07:05.263Z</time></trkpt><trkpt lat="46.14070833" lon="4.39941833"><ele>837.0</ele><time>2026-07-29T08:07:06.263Z</time></trkpt><trkpt lat="46.14072167" lon="4.39940667"><ele>838.0</ele><time>2026-07-29T08:07:07.263Z</time></trkpt><trkpt lat="46.14073167" lon="4.39939667"><ele>839.0</ele><time>2026-07-29T08:07:08.263Z</time></trkpt><trkpt lat="46.140735" lon="4.39938667"><ele>840.0</ele><time>2026-07-29T08:07:09.263Z</time></trkpt><trkpt lat="46.14073833" lon="4.39938167"><ele>840.0</ele><time>2026-07-29T08:07:10.263Z</time></trkpt><trkpt lat="46.14074167" lon="4.39936167"><ele>841.0</ele><time>2026-07-29T08:07:11.264Z</time></trkpt><trkpt lat="46.14075167" lon="4.39936167"><ele>841.0</ele><time>2026-07-29T08:07:12.264Z</time></trkpt><trkpt lat="46.14076" lon="4.39935667"><ele>841.0</ele><time>2026-07-29T08:07:13.263Z</time></trkpt><trkpt lat="46.14076833" lon="4.39935"><ele>842.0</ele><time>2026-07-29T08:07:14.263Z</time></trkpt><trkpt lat="46.140775" lon="4.39935"><ele>842.0</ele><time>2026-07-29T08:07:15.263Z</time></trkpt><trkpt lat="46.140785" lon="4.39933833"><ele>843.0</ele><time>2026-07-29T08:07:16.263Z</time></trkpt><trkpt lat="46.140795" lon="4.39932667"><ele>843.0</ele><time>2026-07-29T08:07:17.263Z</time></trkpt><trkpt lat="46.140805" lon="4.39931667"><ele>844.0</ele><time>2026-07-29T08:07:18.263Z</time></trkpt><trkpt lat="46.14081" lon="4.39931167"><ele>844.0</ele><time>2026-07-29T08:07:19.263Z</time></trkpt><trkpt lat="46.14081833" lon="4.39929833"><ele>845.0</ele><time>2026-07-29T08:07:20.263Z</time></trkpt><trkpt lat="46.140825" lon="4.39928833"><ele>845.0</ele><time>2026-07-29T08:07:21.264Z</time></trkpt><trkpt lat="46.14083" lon="4.399275"><ele>846.0</ele><time>2026-07-29T08:07:22.264Z</time></trkpt><trkpt lat="46.14083833" lon="4.39926167"><ele>846.0</ele><time>2026-07-29T08:07:23.263Z</time></trkpt><trkpt lat="46.14084333" lon="4.39925"><ele>846.0</ele><time>2026-07-29T08:07:24.263Z</time></trkpt><trkpt lat="46.14085167" lon="4.39924"><ele>846.0</ele><time>2026-07-29T08:07:25.264Z</time></trkpt><trkpt lat="46.14085333" lon="4.39924"><ele>846.0</ele><time>2026-07-29T08:07:26.263Z</time></trkpt><trkpt lat="46.14086333" lon="4.39923667"><ele>846.0</ele><time>2026-07-29T08:07:27.263Z</time></trkpt><trkpt lat="46.14087667" lon="4.39923167"><ele>846.0</ele><time>2026-07-29T08:07:28.263Z</time></trkpt><trkpt lat="46.14089" lon="4.39921833"><ele>846.0</ele><time>2026-07-29T08:07:29.263Z</time></trkpt><trkpt lat="46.14089833" lon="4.39920833"><ele>846.0</ele><time>2026-07-29T08:07:30.263Z</time></trkpt><trkpt lat="46.14091333" lon="4.399205"><ele>846.0</ele><time>2026-07-29T08:07:31.264Z</time></trkpt><trkpt lat="46.14093" lon="4.399195"><ele>846.0</ele><time>2026-07-29T08:07:32.263Z</time></trkpt><trkpt lat="46.14095167" lon="4.39918667"><ele>846.0</ele><time>2026-07-29T08:07:33.263Z</time></trkpt><trkpt lat="46.14096833" lon="4.39918"><ele>846.0</ele><time>2026-07-29T08:07:34.263Z</time></trkpt><trkpt lat="46.14097667" lon="4.39917"><ele>846.0</ele><time>2026-07-29T08:07:35.264Z</time></trkpt><trkpt lat="46.14099" lon="4.39915667"><ele>846.0</ele><time>2026-07-29T08:07:36.263Z</time></trkpt><trkpt lat="46.141005" lon="4.39914667"><ele>846.0</ele><time>2026-07-29T08:07:37.264Z</time></trkpt><trkpt lat="46.14101167" lon="4.399145"><ele>846.0</ele><time>2026-07-29T08:07:38.263Z</time></trkpt><trkpt lat="46.14101667" lon="4.39914167"><ele>847.0</ele><time>2026-07-29T08:07:39.263Z</time></trkpt><trkpt lat="46.14101667" lon="4.39912667"><ele>847.0</ele><time>2026-07-29T08:07:40.263Z</time></trkpt><trkpt lat="46.14102167" lon="4.39911667"><ele>847.0</ele><time>2026-07-29T08:07:41.263Z</time></trkpt><trkpt lat="46.14103" lon="4.39911333"><ele>847.0</ele><time>2026-07-29T08:07:42.263Z</time></trkpt><trkpt lat="46.14103333" lon="4.399115"><ele>848.0</ele><time>2026-07-29T08:07:43.264Z</time></trkpt><trkpt lat="46.14104667" lon="4.39912167"><ele>848.0</ele><time>2026-07-29T08:07:44.263Z</time></trkpt><trkpt lat="46.14106" lon="4.39913"><ele>849.0</ele><time>2026-07-29T08:07:45.264Z</time></trkpt><trkpt lat="46.141065" lon="4.39913167"><ele>849.0</ele><time>2026-07-29T08:07:46.263Z</time></trkpt><trkpt lat="46.14107" lon="4.399125"><ele>849.0</ele><time>2026-07-29T08:07:47.263Z</time></trkpt><trkpt lat="46.14108" lon="4.39912167"><ele>849.0</ele><time>2026-07-29T08:07:48.263Z</time></trkpt><trkpt lat="46.14109333" lon="4.39911667"><ele>849.0</ele><time>2026-07-29T08:07:49.263Z</time></trkpt><trkpt lat="46.141105" lon="4.39911167"><ele>849.0</ele><time>2026-07-29T08:07:50.263Z</time></trkpt><trkpt lat="46.14111667" lon="4.39910667"><ele>850.0</ele><time>2026-07-29T08:07:51.263Z</time></trkpt><trkpt lat="46.14113" lon="4.399105"><ele>850.0</ele><time>2026-07-29T08:07:52.263Z</time></trkpt><trkpt lat="46.14114333" lon="4.39910833"><ele>850.0</ele><time>2026-07-29T08:07:53.263Z</time></trkpt><trkpt lat="46.14115167" lon="4.3991"><ele>850.0</ele><time>2026-07-29T08:07:54.263Z</time></trkpt><trkpt lat="46.14115667" lon="4.39909167"><ele>850.0</ele><time>2026-07-29T08:07:55.263Z</time></trkpt><trkpt lat="46.14116167" lon="4.39908167"><ele>850.0</ele><time>2026-07-29T08:07:56.263Z</time></trkpt><trkpt lat="46.14117333" lon="4.39907333"><ele>850.0</ele><time>2026-07-29T08:07:57.263Z</time></trkpt><trkpt lat="46.14117833" lon="4.39907"><ele>850.0</ele><time>2026-07-29T08:07:58.263Z</time></trkpt><trkpt lat="46.14118333" lon="4.39905833"><ele>850.0</ele><time>2026-07-29T08:07:59.263Z</time></trkpt><trkpt lat="46.14119167" lon="4.39904833"><ele>850.0</ele><time>2026-07-29T08:08:00.263Z</time></trkpt><trkpt lat="46.1412" lon="4.39904167"><ele>850.0</ele><time>2026-07-29T08:08:01.263Z</time></trkpt><trkpt lat="46.141215" lon="4.39903"><ele>850.0</ele><time>2026-07-29T08:08:02.263Z</time></trkpt><trkpt lat="46.14123" lon="4.399025"><ele>850.0</ele><time>2026-07-29T08:08:03.263Z</time></trkpt><trkpt lat="46.14124667" lon="4.39901167"><ele>850.0</ele><time>2026-07-29T08:08:04.263Z</time></trkpt><trkpt lat="46.14126167" lon="4.399"><ele>851.0</ele><time>2026-07-29T08:08:05.263Z</time></trkpt><trkpt lat="46.141275" lon="4.398995"><ele>851.0</ele><time>2026-07-29T08:08:06.263Z</time></trkpt><trkpt lat="46.141285" lon="4.398985"><ele>852.0</ele><time>2026-07-29T08:08:07.264Z</time></trkpt><trkpt lat="46.14130167" lon="4.398975"><ele>853.0</ele><time>2026-07-29T08:08:08.263Z</time></trkpt><trkpt lat="46.14131" lon="4.39896667"><ele>853.0</ele><time>2026-07-29T08:08:09.263Z</time></trkpt><trkpt lat="46.14132333" lon="4.39896"><ele>853.0</ele><time>2026-07-29T08:08:10.263Z</time></trkpt><trkpt lat="46.14134" lon="4.39895667"><ele>853.0</ele><time>2026-07-29T08:08:11.263Z</time></trkpt><trkpt lat="46.14135" lon="4.39896"><ele>854.0</ele><time>2026-07-29T08:08:12.264Z</time></trkpt><trkpt lat="46.14136833" lon="4.39894833"><ele>854.0</ele><time>2026-07-29T08:08:13.263Z</time></trkpt><trkpt lat="46.14138333" lon="4.39895"><ele>854.0</ele><time>2026-07-29T08:08:14.264Z</time></trkpt><trkpt lat="46.14139667" lon="4.39895333"><ele>854.0</ele><time>2026-07-29T08:08:15.264Z</time></trkpt><trkpt lat="46.14140333" lon="4.39896333"><ele>854.0</ele><time>2026-07-29T08:08:16.263Z</time></trkpt><trkpt lat="46.14141833" lon="4.39899"><ele>853.0</ele><time>2026-07-29T08:08:17.264Z</time></trkpt><trkpt lat="46.14143" lon="4.39900333"><ele>853.0</ele><time>2026-07-29T08:08:18.263Z</time></trkpt><trkpt lat="46.14144167" lon="4.39900667"><ele>853.0</ele><time>2026-07-29T08:08:19.264Z</time></trkpt><trkpt lat="46.14144333" lon="4.39901167"><ele>853.0</ele><time>2026-07-29T08:08:20.263Z</time></trkpt><trkpt lat="46.14145333" lon="4.39902167"><ele>853.0</ele><time>2026-07-29T08:08:21.263Z</time></trkpt><trkpt lat="46.141455" lon="4.39902667"><ele>853.0</ele><time>2026-07-29T08:08:22.263Z</time></trkpt><trkpt lat="46.14145833" lon="4.399035"><ele>853.0</ele><time>2026-07-29T08:08:23.264Z</time></trkpt><trkpt lat="46.14146167" lon="4.39904333"><ele>854.0</ele><time>2026-07-29T08:08:24.264Z</time></trkpt><trkpt lat="46.14146333" lon="4.39904667"><ele>853.0</ele><time>2026-07-29T08:08:25.264Z</time></trkpt><trkpt lat="46.141465" lon="4.39904833"><ele>854.0</ele><time>2026-07-29T08:08:26.263Z</time></trkpt><trkpt lat="46.14146667" lon="4.39905"><ele>854.0</ele><time>2026-07-29T08:08:27.263Z</time></trkpt><trkpt lat="46.14146833" lon="4.39905167"><ele>854.0</ele><time>2026-07-29T08:08:28.263Z</time></trkpt><trkpt lat="46.14147" lon="4.399055"><ele>854.0</ele><time>2026-07-29T08:08:29.263Z</time></trkpt><trkpt lat="46.14147167" lon="4.39905667"><ele>854.0</ele><time>2026-07-29T08:08:30.263Z</time></trkpt><trkpt lat="46.14148" lon="4.399075"><ele>855.0</ele><time>2026-07-29T08:08:31.263Z</time></trkpt><trkpt lat="46.14148333" lon="4.39909833"><ele>855.0</ele><time>2026-07-29T08:08:32.264Z</time></trkpt><trkpt lat="46.14148833" lon="4.39912333"><ele>856.0</ele><time>2026-07-29T08:08:33.263Z</time></trkpt><trkpt lat="46.14149167" lon="4.39913333"><ele>856.0</ele><time>2026-07-29T08:08:34.263Z</time></trkpt><trkpt lat="46.14149" lon="4.39914"><ele>857.0</ele><time>2026-07-29T08:08:35.263Z</time></trkpt><trkpt lat="46.14149" lon="4.39914667"><ele>857.0</ele><time>2026-07-29T08:08:36.263Z</time></trkpt><trkpt lat="46.14149167" lon="4.39915"><ele>858.0</ele><time>2026-07-29T08:08:37.263Z</time></trkpt><trkpt lat="46.14150167" lon="4.39915167"><ele>858.0</ele><time>2026-07-29T08:08:38.263Z</time></trkpt><trkpt lat="46.14151333" lon="4.39915"><ele>859.0</ele><time>2026-07-29T08:08:39.264Z</time></trkpt><trkpt lat="46.141525" lon="4.39914833"><ele>859.0</ele><time>2026-07-29T08:08:40.263Z</time></trkpt><trkpt lat="46.141535" lon="4.39915167"><ele>859.0</ele><time>2026-07-29T08:08:41.264Z</time></trkpt><trkpt lat="46.14154833" lon="4.39915333"><ele>860.0</ele><time>2026-07-29T08:08:42.263Z</time></trkpt><trkpt lat="46.14156" lon="4.39915333"><ele>861.0</ele><time>2026-07-29T08:08:43.264Z</time></trkpt><trkpt lat="46.141575" lon="4.39915167"><ele>862.0</ele><time>2026-07-29T08:08:44.264Z</time></trkpt><trkpt lat="46.14158833" lon="4.39915333"><ele>863.0</ele><time>2026-07-29T08:08:45.263Z</time></trkpt><trkpt lat="46.1416" lon="4.399155"><ele>863.0</ele><time>2026-07-29T08:08:46.263Z</time></trkpt><trkpt lat="46.14161167" lon="4.39916"><ele>863.0</ele><time>2026-07-29T08:08:47.263Z</time></trkpt><trkpt lat="46.141625" lon="4.39916833"><ele>863.0</ele><time>2026-07-29T08:08:48.263Z</time></trkpt><trkpt lat="46.14163333" lon="4.39918"><ele>863.0</ele><time>2026-07-29T08:08:49.263Z</time></trkpt><trkpt lat="46.14164833" lon="4.39919"><ele>863.0</ele><time>2026-07-29T08:08:50.264Z</time></trkpt><trkpt lat="46.141665" lon="4.399195"><ele>863.0</ele><time>2026-07-29T08:08:51.263Z</time></trkpt><trkpt lat="46.14168" lon="4.39919833"><ele>863.0</ele><time>2026-07-29T08:08:52.264Z</time></trkpt><trkpt lat="46.14169333" lon="4.39920167"><ele>863.0</ele><time>2026-07-29T08:08:53.263Z</time></trkpt><trkpt lat="46.14170667" lon="4.39920833"><ele>863.0</ele><time>2026-07-29T08:08:54.263Z</time></trkpt><trkpt lat="46.14172167" lon="4.39921833"><ele>863.0</ele><time>2026-07-29T08:08:55.263Z</time></trkpt><trkpt lat="46.14173333" lon="4.399225"><ele>862.0</ele><time>2026-07-29T08:08:56.263Z</time></trkpt><trkpt lat="46.14174333" lon="4.399235"><ele>862.0</ele><time>2026-07-29T08:08:57.263Z</time></trkpt><trkpt lat="46.141755" lon="4.399235"><ele>862.0</ele><time>2026-07-29T08:08:58.263Z</time></trkpt><trkpt lat="46.14176833" lon="4.39923667"><ele>861.0</ele><time>2026-07-29T08:08:59.263Z</time></trkpt><trkpt lat="46.14178167" lon="4.39923833"><ele>861.0</ele><time>2026-07-29T08:09:00.263Z</time></trkpt><trkpt lat="46.14179667" lon="4.39924167"><ele>861.0</ele><time>2026-07-29T08:09:01.263Z</time></trkpt><trkpt lat="46.14181" lon="4.39924833"><ele>861.0</ele><time>2026-07-29T08:09:02.263Z</time></trkpt><trkpt lat="46.14182833" lon="4.39925667"><ele>861.0</ele><time>2026-07-29T08:09:03.264Z</time></trkpt><trkpt lat="46.14184167" lon="4.39926333"><ele>860.0</ele><time>2026-07-29T08:09:04.263Z</time></trkpt><trkpt lat="46.141855" lon="4.39927167"><ele>860.0</ele><time>2026-07-29T08:09:05.264Z</time></trkpt><trkpt lat="46.14186333" lon="4.39927667"><ele>860.0</ele><time>2026-07-29T08:09:06.263Z</time></trkpt><trkpt lat="46.14187167" lon="4.39928167"><ele>860.0</ele><time>2026-07-29T08:09:07.264Z</time></trkpt><trkpt lat="46.14188" lon="4.39928833"><ele>859.0</ele><time>2026-07-29T08:09:08.263Z</time></trkpt><trkpt lat="46.14188833" lon="4.39929667"><ele>859.0</ele><time>2026-07-29T08:09:09.264Z</time></trkpt><trkpt lat="46.14189667" lon="4.39931"><ele>859.0</ele><time>2026-07-29T08:09:10.264Z</time></trkpt><trkpt lat="46.14190667" lon="4.39932167"><ele>858.0</ele><time>2026-07-29T08:09:11.264Z</time></trkpt><trkpt lat="46.14191333" lon="4.39933333"><ele>858.0</ele><time>2026-07-29T08:09:12.263Z</time></trkpt><trkpt lat="46.141925" lon="4.399345"><ele>858.0</ele><time>2026-07-29T08:09:13.264Z</time></trkpt><trkpt lat="46.14193667" lon="4.39936"><ele>858.0</ele><time>2026-07-29T08:09:14.264Z</time></trkpt><trkpt lat="46.141945" lon="4.39937167"><ele>858.0</ele><time>2026-07-29T08:09:15.263Z</time></trkpt><trkpt lat="46.141955" lon="4.39938167"><ele>858.0</ele><time>2026-07-29T08:09:16.264Z</time></trkpt><trkpt lat="46.14196167" lon="4.39939167"><ele>859.0</ele><time>2026-07-29T08:09:17.263Z</time></trkpt><trkpt lat="46.14196667" lon="4.39940333"><ele>860.0</ele><time>2026-07-29T08:09:18.263Z</time></trkpt><trkpt lat="46.14197333" lon="4.39941833"><ele>860.0</ele><time>2026-07-29T08:09:19.264Z</time></trkpt><trkpt lat="46.14197833" lon="4.399435"><ele>861.0</ele><time>2026-07-29T08:09:20.263Z</time></trkpt><trkpt lat="46.14198333" lon="4.39944833"><ele>862.0</ele><time>2026-07-29T08:09:21.263Z</time></trkpt><trkpt lat="46.14199167" lon="4.39946333"><ele>862.0</ele><time>2026-07-29T08:09:22.263Z</time></trkpt><trkpt lat="46.142" lon="4.39947833"><ele>862.0</ele><time>2026-07-29T08:09:23.263Z</time></trkpt><trkpt lat="46.14200833" lon="4.39949"><ele>862.0</ele><time>2026-07-29T08:09:24.263Z</time></trkpt><trkpt lat="46.14201833" lon="4.39950167"><ele>862.0</ele><time>2026-07-29T08:09:25.264Z</time></trkpt><trkpt lat="46.14202833" lon="4.39951667"><ele>862.0</ele><time>2026-07-29T08:09:26.264Z</time></trkpt><trkpt lat="46.14203833" lon="4.39953"><ele>862.0</ele><time>2026-07-29T08:09:27.263Z</time></trkpt><trkpt lat="46.14204833" lon="4.39954333"><ele>862.0</ele><time>2026-07-29T08:09:28.264Z</time></trkpt><trkpt lat="46.14206" lon="4.39955333"><ele>862.0</ele><time>2026-07-29T08:09:29.264Z</time></trkpt><trkpt lat="46.14206167" lon="4.39955833"><ele>862.0</ele><time>2026-07-29T08:09:30.264Z</time></trkpt><trkpt lat="46.14206833" lon="4.39956833"><ele>862.0</ele><time>2026-07-29T08:09:31.263Z</time></trkpt><trkpt lat="46.14207" lon="4.39957833"><ele>863.0</ele><time>2026-07-29T08:09:32.263Z</time></trkpt><trkpt lat="46.14207" lon="4.39959"><ele>863.0</ele><time>2026-07-29T08:09:33.264Z</time></trkpt><trkpt lat="46.14207167" lon="4.399605"><ele>863.0</ele><time>2026-07-29T08:09:34.263Z</time></trkpt><trkpt lat="46.14207" lon="4.39962167"><ele>863.0</ele><time>2026-07-29T08:09:35.263Z</time></trkpt><trkpt lat="46.14207833" lon="4.39963167"><ele>864.0</ele><time>2026-07-29T08:09:36.263Z</time></trkpt><trkpt lat="46.14208833" lon="4.39964667"><ele>864.0</ele><time>2026-07-29T08:09:37.263Z</time></trkpt><trkpt lat="46.14210167" lon="4.39966167"><ele>864.0</ele><time>2026-07-29T08:09:38.263Z</time></trkpt><trkpt lat="46.14210833" lon="4.399675"><ele>864.0</ele><time>2026-07-29T08:09:39.263Z</time></trkpt><trkpt lat="46.142115" lon="4.39967667"><ele>864.0</ele><time>2026-07-29T08:09:40.264Z</time></trkpt><trkpt lat="46.14212333" lon="4.39967333"><ele>864.0</ele><time>2026-07-29T08:09:41.264Z</time></trkpt><trkpt lat="46.14213" lon="4.39967333"><ele>864.0</ele><time>2026-07-29T08:09:42.263Z</time></trkpt><trkpt lat="46.14214" lon="4.39967333"><ele>863.0</ele><time>2026-07-29T08:09:43.263Z</time></trkpt><trkpt lat="46.14215" lon="4.39966333"><ele>863.0</ele><time>2026-07-29T08:09:44.264Z</time></trkpt><trkpt lat="46.14215667" lon="4.39965333"><ele>862.0</ele><time>2026-07-29T08:09:45.263Z</time></trkpt><trkpt lat="46.14216667" lon="4.39964167"><ele>862.0</ele><time>2026-07-29T08:09:46.264Z</time></trkpt><trkpt lat="46.142175" lon="4.39962833"><ele>862.0</ele><time>2026-07-29T08:09:47.264Z</time></trkpt><trkpt lat="46.142185" lon="4.39961667"><ele>861.0</ele><time>2026-07-29T08:09:48.263Z</time></trkpt><trkpt lat="46.142195" lon="4.39960333"><ele>861.0</ele><time>2026-07-29T08:09:49.263Z</time></trkpt><trkpt lat="46.142205" lon="4.39958667"><ele>860.0</ele><time>2026-07-29T08:09:50.264Z</time></trkpt><trkpt lat="46.14221333" lon="4.399565"><ele>860.0</ele><time>2026-07-29T08:09:51.263Z</time></trkpt><trkpt lat="46.14222" lon="4.39954333"><ele>860.0</ele><time>2026-07-29T08:09:52.263Z</time></trkpt><trkpt lat="46.14222833" lon="4.399525"><ele>859.0</ele><time>2026-07-29T08:09:53.264Z</time></trkpt><trkpt lat="46.14223667" lon="4.39951167"><ele>859.0</ele><time>2026-07-29T08:09:54.264Z</time></trkpt><trkpt lat="46.14224667" lon="4.39949833"><ele>859.0</ele><time>2026-07-29T08:09:55.263Z</time></trkpt><trkpt lat="46.14225333" lon="4.39948333"><ele>859.0</ele><time>2026-07-29T08:09:56.263Z</time></trkpt><trkpt lat="46.14226333" lon="4.39946667"><ele>858.0</ele><time>2026-07-29T08:09:57.263Z</time></trkpt><trkpt lat="46.14227167" lon="4.39945167"><ele>858.0</ele><time>2026-07-29T08:09:58.263Z</time></trkpt><trkpt lat="46.14228" lon="4.39943667"><ele>858.0</ele><time>2026-07-29T08:09:59.263Z</time></trkpt><trkpt lat="46.14229167" lon="4.39941833"><ele>858.0</ele><time>2026-07-29T08:10:00.263Z</time></trkpt><trkpt lat="46.1423" lon="4.399405"><ele>858.0</ele><time>2026-07-29T08:10:01.264Z</time></trkpt><trkpt lat="46.14230833" lon="4.39939"><ele>857.0</ele><time>2026-07-29T08:10:02.263Z</time></trkpt><trkpt lat="46.14231667" lon="4.399375"><ele>857.0</ele><time>2026-07-29T08:10:03.263Z</time></trkpt><trkpt lat="46.14232667" lon="4.39935667"><ele>857.0</ele><time>2026-07-29T08:10:04.264Z</time></trkpt><trkpt lat="46.14233333" lon="4.39934"><ele>857.0</ele><time>2026-07-29T08:10:05.263Z</time></trkpt><trkpt lat="46.14234167" lon="4.399325"><ele>857.0</ele><time>2026-07-29T08:10:06.263Z</time></trkpt><trkpt lat="46.14235167" lon="4.39930833"><ele>858.0</ele><time>2026-07-29T08:10:07.263Z</time></trkpt><trkpt lat="46.14236" lon="4.39928667"><ele>858.0</ele><time>2026-07-29T08:10:08.263Z</time></trkpt><trkpt lat="46.142365" lon="4.39926167"><ele>859.0</ele><time>2026-07-29T08:10:09.263Z</time></trkpt><trkpt lat="46.14237167" lon="4.39924167"><ele>860.0</ele><time>2026-07-29T08:10:10.263Z</time></trkpt><trkpt lat="46.14238" lon="4.39922167"><ele>861.0</ele><time>2026-07-29T08:10:11.263Z</time></trkpt><trkpt lat="46.14238333" lon="4.39921167"><ele>862.0</ele><time>2026-07-29T08:10:12.263Z</time></trkpt><trkpt lat="46.14239167" lon="4.39919833"><ele>863.0</ele><time>2026-07-29T08:10:13.263Z</time></trkpt><trkpt lat="46.1424" lon="4.39918333"><ele>863.0</ele><time>2026-07-29T08:10:14.263Z</time></trkpt><trkpt lat="46.14240833" lon="4.39916667"><ele>864.0</ele><time>2026-07-29T08:10:15.264Z</time></trkpt><trkpt lat="46.142425" lon="4.399135"><ele>865.0</ele><time>2026-07-29T08:10:16.263Z</time></trkpt><trkpt lat="46.142445" lon="4.39911333"><ele>866.0</ele><time>2026-07-29T08:10:17.263Z</time></trkpt><trkpt lat="46.14246667" lon="4.39909"><ele>867.0</ele><time>2026-07-29T08:10:18.263Z</time></trkpt><trkpt lat="46.14247667" lon="4.399075"><ele>868.0</ele><time>2026-07-29T08:10:19.263Z</time></trkpt><trkpt lat="46.14248833" lon="4.39905667"><ele>868.0</ele><time>2026-07-29T08:10:20.263Z</time></trkpt><trkpt lat="46.1425" lon="4.39904167"><ele>869.0</ele><time>2026-07-29T08:10:21.263Z</time></trkpt><trkpt lat="46.14250833" lon="4.39902667"><ele>870.0</ele><time>2026-07-29T08:10:22.263Z</time></trkpt><trkpt lat="46.14251833" lon="4.39900833"><ele>870.0</ele><time>2026-07-29T08:10:23.263Z</time></trkpt><trkpt lat="46.142525" lon="4.398985"><ele>870.0</ele><time>2026-07-29T08:10:24.263Z</time></trkpt><trkpt lat="46.142535" lon="4.39895833"><ele>870.0</ele><time>2026-07-29T08:10:25.263Z</time></trkpt><trkpt lat="46.142545" lon="4.39894333"><ele>870.0</ele><time>2026-07-29T08:10:26.263Z</time></trkpt><trkpt lat="46.14256167" lon="4.39892167"><ele>869.0</ele><time>2026-07-29T08:10:27.263Z</time></trkpt><trkpt lat="46.14257333" lon="4.39890167"><ele>868.0</ele><time>2026-07-29T08:10:28.263Z</time></trkpt><trkpt lat="46.14259" lon="4.398885"><ele>868.0</ele><time>2026-07-29T08:10:29.263Z</time></trkpt><trkpt lat="46.14260167" lon="4.39887333"><ele>867.0</ele><time>2026-07-29T08:10:30.263Z</time></trkpt><trkpt lat="46.142615" lon="4.398865"><ele>866.0</ele><time>2026-07-29T08:10:31.264Z</time></trkpt><trkpt lat="46.14262833" lon="4.398855"><ele>865.0</ele><time>2026-07-29T08:10:32.263Z</time></trkpt><trkpt lat="46.14264333" lon="4.39884167"><ele>865.0</ele><time>2026-07-29T08:10:33.263Z</time></trkpt><trkpt lat="46.14265667" lon="4.39883"><ele>865.0</ele><time>2026-07-29T08:10:34.263Z</time></trkpt><trkpt lat="46.14266833" lon="4.39881167"><ele>865.0</ele><time>2026-07-29T08:10:35.263Z</time></trkpt><trkpt lat="46.14267667" lon="4.39879333"><ele>864.0</ele><time>2026-07-29T08:10:36.264Z</time></trkpt><trkpt lat="46.142685" lon="4.39877833"><ele>864.0</ele><time>2026-07-29T08:10:37.263Z</time></trkpt><trkpt lat="46.14269" lon="4.39875167"><ele>864.0</ele><time>2026-07-29T08:10:38.264Z</time></trkpt><trkpt lat="46.14270167" lon="4.39874333"><ele>864.0</ele><time>2026-07-29T08:10:39.264Z</time></trkpt><trkpt lat="46.142715" lon="4.398725"><ele>863.0</ele><time>2026-07-29T08:10:40.263Z</time></trkpt><trkpt lat="46.14273" lon="4.39871"><ele>863.0</ele><time>2026-07-29T08:10:41.264Z</time></trkpt><trkpt lat="46.142745" lon="4.398695"><ele>863.0</ele><time>2026-07-29T08:10:42.263Z</time></trkpt><trkpt lat="46.14276" lon="4.39868167"><ele>863.0</ele><time>2026-07-29T08:10:43.263Z</time></trkpt><trkpt lat="46.142775" lon="4.39867"><ele>862.0</ele><time>2026-07-29T08:10:44.263Z</time></trkpt><trkpt lat="46.14278833" lon="4.398655"><ele>862.0</ele><time>2026-07-29T08:10:45.263Z</time></trkpt><trkpt lat="46.14279667" lon="4.39864"><ele>862.0</ele><time>2026-07-29T08:10:46.263Z</time></trkpt><trkpt lat="46.142805" lon="4.398625"><ele>862.0</ele><time>2026-07-29T08:10:47.264Z</time></trkpt><trkpt lat="46.14281167" lon="4.39861"><ele>862.0</ele><time>2026-07-29T08:10:48.264Z</time></trkpt><trkpt lat="46.14282" lon="4.398595"><ele>861.0</ele><time>2026-07-29T08:10:49.264Z</time></trkpt><trkpt lat="46.14282333" lon="4.398575"><ele>861.0</ele><time>2026-07-29T08:10:50.263Z</time></trkpt><trkpt lat="46.14282667" lon="4.39855167"><ele>861.0</ele><time>2026-07-29T08:10:51.264Z</time></trkpt><trkpt lat="46.14283667" lon="4.398535"><ele>862.0</ele><time>2026-07-29T08:10:52.263Z</time></trkpt><trkpt lat="46.14284667" lon="4.39852167"><ele>862.0</ele><time>2026-07-29T08:10:53.263Z</time></trkpt><trkpt lat="46.142855" lon="4.39850333"><ele>863.0</ele><time>2026-07-29T08:10:54.263Z</time></trkpt><trkpt lat="46.14286333" lon="4.398485"><ele>863.0</ele><time>2026-07-29T08:10:55.263Z</time></trkpt><trkpt lat="46.14287" lon="4.39846667"><ele>863.0</ele><time>2026-07-29T08:10:56.264Z</time></trkpt><trkpt lat="46.14287833" lon="4.39845"><ele>864.0</ele><time>2026-07-29T08:10:57.263Z</time></trkpt><trkpt lat="46.14288833" lon="4.39843"><ele>864.0</ele><time>2026-07-29T08:10:58.263Z</time></trkpt><trkpt lat="46.14289667" lon="4.39841167"><ele>864.0</ele><time>2026-07-29T08:10:59.264Z</time></trkpt><trkpt lat="46.14290667" lon="4.39839667"><ele>865.0</ele><time>2026-07-29T08:11:00.263Z</time></trkpt><trkpt lat="46.14291667" lon="4.39837667"><ele>865.0</ele><time>2026-07-29T08:11:01.264Z</time></trkpt><trkpt lat="46.14293167" lon="4.39835333"><ele>865.0</ele><time>2026-07-29T08:11:02.263Z</time></trkpt><trkpt lat="46.14294167" lon="4.39833"><ele>866.0</ele><time>2026-07-29T08:11:03.263Z</time></trkpt><trkpt lat="46.14295333" lon="4.39830667"><ele>866.0</ele><time>2026-07-29T08:11:04.263Z</time></trkpt><trkpt lat="46.14297167" lon="4.39826833"><ele>866.0</ele><time>2026-07-29T08:11:05.263Z</time></trkpt><trkpt lat="46.14298667" lon="4.39824333"><ele>867.0</ele><time>2026-07-29T08:11:06.263Z</time></trkpt><trkpt lat="46.14299167" lon="4.398215"><ele>867.0</ele><time>2026-07-29T08:11:07.263Z</time></trkpt><trkpt lat="46.14300167" lon="4.39818833"><ele>867.0</ele><time>2026-07-29T08:11:08.264Z</time></trkpt><trkpt lat="46.14300833" lon="4.39817"><ele>867.0</ele><time>2026-07-29T08:11:09.263Z</time></trkpt><trkpt lat="46.143015" lon="4.39815167"><ele>868.0</ele><time>2026-07-29T08:11:10.263Z</time></trkpt><trkpt lat="46.14302167" lon="4.39813"><ele>868.0</ele><time>2026-07-29T08:11:11.264Z</time></trkpt><trkpt lat="46.14302833" lon="4.39811"><ele>868.0</ele><time>2026-07-29T08:11:12.263Z</time></trkpt><trkpt lat="46.14304" lon="4.39809667"><ele>868.0</ele><time>2026-07-29T08:11:13.263Z</time></trkpt><trkpt lat="46.14305" lon="4.39809333"><ele>868.0</ele><time>2026-07-29T08:11:14.263Z</time></trkpt><trkpt lat="46.14305667" lon="4.39808167"><ele>868.0</ele><time>2026-07-29T08:11:15.264Z</time></trkpt><trkpt lat="46.143065" lon="4.398065"><ele>867.0</ele><time>2026-07-29T08:11:16.263Z</time></trkpt><trkpt lat="46.14307667" lon="4.39804667"><ele>867.0</ele><time>2026-07-29T08:11:17.263Z</time></trkpt><trkpt lat="46.14308667" lon="4.39802667"><ele>866.0</ele><time>2026-07-29T08:11:18.263Z</time></trkpt><trkpt lat="46.14309833" lon="4.39800833"><ele>866.0</ele><time>2026-07-29T08:11:19.263Z</time></trkpt><trkpt lat="46.14311167" lon="4.39800167"><ele>866.0</ele><time>2026-07-29T08:11:20.263Z</time></trkpt><trkpt lat="46.143125" lon="4.39799167"><ele>865.0</ele><time>2026-07-29T08:11:21.264Z</time></trkpt><trkpt lat="46.14313333" lon="4.39797833"><ele>865.0</ele><time>2026-07-29T08:11:22.263Z</time></trkpt><trkpt lat="46.14315" lon="4.39795667"><ele>864.0</ele><time>2026-07-29T08:11:23.263Z</time></trkpt><trkpt lat="46.14316" lon="4.39794167"><ele>864.0</ele><time>2026-07-29T08:11:24.264Z</time></trkpt><trkpt lat="46.14316833" lon="4.39792333"><ele>863.0</ele><time>2026-07-29T08:11:25.263Z</time></trkpt><trkpt lat="46.14317667" lon="4.397905"><ele>863.0</ele><time>2026-07-29T08:11:26.263Z</time></trkpt><trkpt lat="46.14318167" lon="4.397885"><ele>862.0</ele><time>2026-07-29T08:11:27.264Z</time></trkpt><trkpt lat="46.14318667" lon="4.39786833"><ele>862.0</ele><time>2026-07-29T08:11:28.263Z</time></trkpt><trkpt lat="46.14319333" lon="4.39785333"><ele>861.0</ele><time>2026-07-29T08:11:29.263Z</time></trkpt><trkpt lat="46.1432" lon="4.39783667"><ele>861.0</ele><time>2026-07-29T08:11:30.264Z</time></trkpt><trkpt lat="46.14320667" lon="4.39782333"><ele>860.0</ele><time>2026-07-29T08:11:31.263Z</time></trkpt><trkpt lat="46.14321333" lon="4.39780167"><ele>859.0</ele><time>2026-07-29T08:11:32.263Z</time></trkpt><trkpt lat="46.143225" lon="4.39777"><ele>859.0</ele><time>2026-07-29T08:11:33.263Z</time></trkpt><trkpt lat="46.14323" lon="4.39773167"><ele>859.0</ele><time>2026-07-29T08:11:34.263Z</time></trkpt><trkpt lat="46.14323333" lon="4.3977"><ele>858.0</ele><time>2026-07-29T08:11:35.263Z</time></trkpt><trkpt lat="46.143245" lon="4.39768333"><ele>858.0</ele><time>2026-07-29T08:11:36.263Z</time></trkpt><trkpt lat="46.14325833" lon="4.39766833"><ele>858.0</ele><time>2026-07-29T08:11:37.263Z</time></trkpt><trkpt lat="46.14327167" lon="4.39765167"><ele>858.0</ele><time>2026-07-29T08:11:38.263Z</time></trkpt><trkpt lat="46.14328333" lon="4.397635"><ele>858.0</ele><time>2026-07-29T08:11:39.263Z</time></trkpt><trkpt lat="46.14329167" lon="4.39761167"><ele>858.0</ele><time>2026-07-29T08:11:40.263Z</time></trkpt><trkpt lat="46.1433" lon="4.397595"><ele>858.0</ele><time>2026-07-29T08:11:41.263Z</time></trkpt><trkpt lat="46.143305" lon="4.39758167"><ele>858.0</ele><time>2026-07-29T08:11:42.263Z</time></trkpt><trkpt lat="46.14331333" lon="4.39756667"><ele>858.0</ele><time>2026-07-29T08:11:43.263Z</time></trkpt><trkpt lat="46.14332" lon="4.397555"><ele>858.0</ele><time>2026-07-29T08:11:44.263Z</time></trkpt><trkpt lat="46.14332667" lon="4.39754167"><ele>858.0</ele><time>2026-07-29T08:11:45.263Z</time></trkpt><trkpt lat="46.14333333" lon="4.39752667"><ele>857.0</ele><time>2026-07-29T08:11:46.264Z</time></trkpt><trkpt lat="46.14334" lon="4.39751"><ele>856.0</ele><time>2026-07-29T08:11:47.264Z</time></trkpt><trkpt lat="46.143345" lon="4.39748833"><ele>856.0</ele><time>2026-07-29T08:11:48.263Z</time></trkpt><trkpt lat="46.14335333" lon="4.39747333"><ele>855.0</ele><time>2026-07-29T08:11:49.263Z</time></trkpt><trkpt lat="46.14336167" lon="4.397455"><ele>855.0</ele><time>2026-07-29T08:11:50.263Z</time></trkpt><trkpt lat="46.14337333" lon="4.39744333"><ele>854.0</ele><time>2026-07-29T08:11:51.264Z</time></trkpt><trkpt lat="46.14338667" lon="4.39743833"><ele>854.0</ele><time>2026-07-29T08:11:52.263Z</time></trkpt><trkpt lat="46.14339833" lon="4.39743"><ele>854.0</ele><time>2026-07-29T08:11:53.263Z</time></trkpt><trkpt lat="46.14340833" lon="4.39741667"><ele>853.0</ele><time>2026-07-29T08:11:54.263Z</time></trkpt><trkpt lat="46.143415" lon="4.39740333"><ele>853.0</ele><time>2026-07-29T08:11:55.263Z</time></trkpt><trkpt lat="46.14342167" lon="4.39738333"><ele>853.0</ele><time>2026-07-29T08:11:56.263Z</time></trkpt><trkpt lat="46.14342833" lon="4.39736333"><ele>854.0</ele><time>2026-07-29T08:11:57.263Z</time></trkpt><trkpt lat="46.14343667" lon="4.397345"><ele>854.0</ele><time>2026-07-29T08:11:58.263Z</time></trkpt><trkpt lat="46.14344667" lon="4.39733"><ele>855.0</ele><time>2026-07-29T08:11:59.263Z</time></trkpt><trkpt lat="46.14345667" lon="4.39731667"><ele>855.0</ele><time>2026-07-29T08:12:00.263Z</time></trkpt><trkpt lat="46.14346833" lon="4.39730667"><ele>855.0</ele><time>2026-07-29T08:12:01.263Z</time></trkpt><trkpt lat="46.14347667" lon="4.39729"><ele>855.0</ele><time>2026-07-29T08:12:02.263Z</time></trkpt><trkpt lat="46.14348833" lon="4.39727667"><ele>855.0</ele><time>2026-07-29T08:12:03.263Z</time></trkpt><trkpt lat="46.14349333" lon="4.39725667"><ele>855.0</ele><time>2026-07-29T08:12:04.263Z</time></trkpt><trkpt lat="46.14349833" lon="4.39723833"><ele>855.0</ele><time>2026-07-29T08:12:05.263Z</time></trkpt><trkpt lat="46.14350333" lon="4.39722833"><ele>855.0</ele><time>2026-07-29T08:12:06.263Z</time></trkpt><trkpt lat="46.14351333" lon="4.397215"><ele>855.0</ele><time>2026-07-29T08:12:07.263Z</time></trkpt><trkpt lat="46.14351833" lon="4.397195"><ele>855.0</ele><time>2026-07-29T08:12:08.263Z</time></trkpt><trkpt lat="46.14352667" lon="4.39717833"><ele>855.0</ele><time>2026-07-29T08:12:09.263Z</time></trkpt><trkpt lat="46.143535" lon="4.39715833"><ele>855.0</ele><time>2026-07-29T08:12:10.263Z</time></trkpt><trkpt lat="46.14354333" lon="4.39714167"><ele>854.0</ele><time>2026-07-29T08:12:11.263Z</time></trkpt><trkpt lat="46.14355167" lon="4.39712833"><ele>854.0</ele><time>2026-07-29T08:12:12.263Z</time></trkpt><trkpt lat="46.14355833" lon="4.39711167"><ele>854.0</ele><time>2026-07-29T08:12:13.263Z</time></trkpt><trkpt lat="46.14357" lon="4.39709667"><ele>854.0</ele><time>2026-07-29T08:12:14.263Z</time></trkpt><trkpt lat="46.14358" lon="4.39708167"><ele>854.0</ele><time>2026-07-29T08:12:15.264Z</time></trkpt><trkpt lat="46.14359" lon="4.39706167"><ele>854.0</ele><time>2026-07-29T08:12:16.263Z</time></trkpt><trkpt lat="46.14359833" lon="4.39704333"><ele>854.0</ele><time>2026-07-29T08:12:17.263Z</time></trkpt><trkpt lat="46.14360667" lon="4.39702833"><ele>854.0</ele><time>2026-07-29T08:12:18.263Z</time></trkpt><trkpt lat="46.14361833" lon="4.39701833"><ele>855.0</ele><time>2026-07-29T08:12:19.263Z</time></trkpt><trkpt lat="46.14363" lon="4.397005"><ele>855.0</ele><time>2026-07-29T08:12:20.263Z</time></trkpt><trkpt lat="46.14364667" lon="4.39697667"><ele>855.0</ele><time>2026-07-29T08:12:21.263Z</time></trkpt><trkpt lat="46.14365333" lon="4.39694333"><ele>855.0</ele><time>2026-07-29T08:12:22.263Z</time></trkpt><trkpt lat="46.14366" lon="4.39691167"><ele>855.0</ele><time>2026-07-29T08:12:23.263Z</time></trkpt><trkpt lat="46.14367167" lon="4.39689167"><ele>855.0</ele><time>2026-07-29T08:12:24.264Z</time></trkpt><trkpt lat="46.143685" lon="4.39687667"><ele>855.0</ele><time>2026-07-29T08:12:25.263Z</time></trkpt><trkpt lat="46.143695" lon="4.39686"><ele>855.0</ele><time>2026-07-29T08:12:26.263Z</time></trkpt><trkpt lat="46.14370333" lon="4.39684333"><ele>855.0</ele><time>2026-07-29T08:12:27.263Z</time></trkpt><trkpt lat="46.14371167" lon="4.39682333"><ele>856.0</ele><time>2026-07-29T08:12:28.263Z</time></trkpt><trkpt lat="46.14372167" lon="4.39680833"><ele>856.0</ele><time>2026-07-29T08:12:29.264Z</time></trkpt><trkpt lat="46.14373" lon="4.396795"><ele>857.0</ele><time>2026-07-29T08:12:30.263Z</time></trkpt><trkpt lat="46.14374" lon="4.396785"><ele>857.0</ele><time>2026-07-29T08:12:31.263Z</time></trkpt><trkpt lat="46.14375" lon="4.39677"><ele>857.0</ele><time>2026-07-29T08:12:32.263Z</time></trkpt><trkpt lat="46.14376" lon="4.39675167"><ele>857.0</ele><time>2026-07-29T08:12:33.263Z</time></trkpt><trkpt lat="46.14376833" lon="4.39673667"><ele>858.0</ele><time>2026-07-29T08:12:34.263Z</time></trkpt><trkpt lat="46.14377833" lon="4.39672167"><ele>858.0</ele><time>2026-07-29T08:12:35.263Z</time></trkpt><trkpt lat="46.14378833" lon="4.396705"><ele>858.0</ele><time>2026-07-29T08:12:36.263Z</time></trkpt><trkpt lat="46.14379833" lon="4.39669"><ele>857.0</ele><time>2026-07-29T08:12:37.263Z</time></trkpt><trkpt lat="46.14380833" lon="4.39667167"><ele>857.0</ele><time>2026-07-29T08:12:38.263Z</time></trkpt><trkpt lat="46.143815" lon="4.396655"><ele>857.0</ele><time>2026-07-29T08:12:39.263Z</time></trkpt><trkpt lat="46.14382" lon="4.39663833"><ele>857.0</ele><time>2026-07-29T08:12:40.264Z</time></trkpt><trkpt lat="46.14382667" lon="4.39662167"><ele>857.0</ele><time>2026-07-29T08:12:41.263Z</time></trkpt><trkpt lat="46.14383333" lon="4.396605"><ele>857.0</ele><time>2026-07-29T08:12:42.263Z</time></trkpt><trkpt lat="46.14384333" lon="4.39658833"><ele>857.0</ele><time>2026-07-29T08:12:43.264Z</time></trkpt><trkpt lat="46.14385" lon="4.396575"><ele>857.0</ele><time>2026-07-29T08:12:44.264Z</time></trkpt><trkpt lat="46.14385833" lon="4.39655833"><ele>857.0</ele><time>2026-07-29T08:12:45.263Z</time></trkpt><trkpt lat="46.14386833" lon="4.39653833"><ele>856.0</ele><time>2026-07-29T08:12:46.263Z</time></trkpt><trkpt lat="46.143875" lon="4.39651833"><ele>856.0</ele><time>2026-07-29T08:12:47.263Z</time></trkpt><trkpt lat="46.14388" lon="4.3965"><ele>856.0</ele><time>2026-07-29T08:12:48.263Z</time></trkpt><trkpt lat="46.14388667" lon="4.39648"><ele>856.0</ele><time>2026-07-29T08:12:49.263Z</time></trkpt><trkpt lat="46.14389667" lon="4.39645833"><ele>856.0</ele><time>2026-07-29T08:12:50.263Z</time></trkpt><trkpt lat="46.14390833" lon="4.396445"><ele>855.0</ele><time>2026-07-29T08:12:51.263Z</time></trkpt><trkpt lat="46.14392" lon="4.39643333"><ele>855.0</ele><time>2026-07-29T08:12:52.264Z</time></trkpt><trkpt lat="46.14392833" lon="4.39641833"><ele>855.0</ele><time>2026-07-29T08:12:53.263Z</time></trkpt><trkpt lat="46.14393833" lon="4.3964"><ele>855.0</ele><time>2026-07-29T08:12:54.264Z</time></trkpt><trkpt lat="46.14394667" lon="4.39638333"><ele>855.0</ele><time>2026-07-29T08:12:55.263Z</time></trkpt><trkpt lat="46.14396167" lon="4.39635667"><ele>855.0</ele><time>2026-07-29T08:12:56.264Z</time></trkpt><trkpt lat="46.14397" lon="4.39633167"><ele>854.0</ele><time>2026-07-29T08:12:57.263Z</time></trkpt><trkpt lat="46.14398333" lon="4.39631"><ele>854.0</ele><time>2026-07-29T08:12:58.263Z</time></trkpt><trkpt lat="46.14399667" lon="4.39629167"><ele>854.0</ele><time>2026-07-29T08:12:59.264Z</time></trkpt><trkpt lat="46.14400667" lon="4.39626833"><ele>854.0</ele><time>2026-07-29T08:13:00.263Z</time></trkpt><trkpt lat="46.14401667" lon="4.39624833"><ele>854.0</ele><time>2026-07-29T08:13:01.263Z</time></trkpt><trkpt lat="46.144025" lon="4.39623"><ele>854.0</ele><time>2026-07-29T08:13:02.263Z</time></trkpt><trkpt lat="46.14403333" lon="4.39621"><ele>855.0</ele><time>2026-07-29T08:13:03.264Z</time></trkpt><trkpt lat="46.14404333" lon="4.3962"><ele>854.0</ele><time>2026-07-29T08:13:04.263Z</time></trkpt><trkpt lat="46.14405333" lon="4.39618667"><ele>854.0</ele><time>2026-07-29T08:13:05.263Z</time></trkpt><trkpt lat="46.144065" lon="4.39617167"><ele>854.0</ele><time>2026-07-29T08:13:06.263Z</time></trkpt><trkpt lat="46.14407667" lon="4.396155"><ele>853.0</ele><time>2026-07-29T08:13:07.263Z</time></trkpt><trkpt lat="46.14408667" lon="4.39614167"><ele>853.0</ele><time>2026-07-29T08:13:08.263Z</time></trkpt><trkpt lat="46.14409833" lon="4.39612833"><ele>853.0</ele><time>2026-07-29T08:13:09.263Z</time></trkpt><trkpt lat="46.14411167" lon="4.39611833"><ele>853.0</ele><time>2026-07-29T08:13:10.263Z</time></trkpt><trkpt lat="46.14412667" lon="4.39610833"><ele>853.0</ele><time>2026-07-29T08:13:11.263Z</time></trkpt><trkpt lat="46.14414" lon="4.39609333"><ele>853.0</ele><time>2026-07-29T08:13:12.264Z</time></trkpt><trkpt lat="46.14415167" lon="4.396075"><ele>853.0</ele><time>2026-07-29T08:13:13.263Z</time></trkpt><trkpt lat="46.14415667" lon="4.39606167"><ele>853.0</ele><time>2026-07-29T08:13:14.264Z</time></trkpt><trkpt lat="46.144165" lon="4.39604333"><ele>853.0</ele><time>2026-07-29T08:13:15.264Z</time></trkpt><trkpt lat="46.14417333" lon="4.39602333"><ele>853.0</ele><time>2026-07-29T08:13:16.264Z</time></trkpt><trkpt lat="46.14418167" lon="4.396005"><ele>853.0</ele><time>2026-07-29T08:13:17.263Z</time></trkpt><trkpt lat="46.14418833" lon="4.395985"><ele>853.0</ele><time>2026-07-29T08:13:18.263Z</time></trkpt><trkpt lat="46.14419667" lon="4.39596667"><ele>853.0</ele><time>2026-07-29T08:13:19.264Z</time></trkpt><trkpt lat="46.144205" lon="4.39595167"><ele>853.0</ele><time>2026-07-29T08:13:20.263Z</time></trkpt><trkpt lat="46.14421" lon="4.39593333"><ele>852.0</ele><time>2026-07-29T08:13:21.263Z</time></trkpt><trkpt lat="46.14421667" lon="4.39591667"><ele>852.0</ele><time>2026-07-29T08:13:22.264Z</time></trkpt><trkpt lat="46.14422333" lon="4.39589833"><ele>852.0</ele><time>2026-07-29T08:13:23.263Z</time></trkpt><trkpt lat="46.14422833" lon="4.39587833"><ele>852.0</ele><time>2026-07-29T08:13:24.263Z</time></trkpt><trkpt lat="46.14423167" lon="4.39585667"><ele>851.0</ele><time>2026-07-29T08:13:25.263Z</time></trkpt><trkpt lat="46.14423333" lon="4.39583667"><ele>851.0</ele><time>2026-07-29T08:13:26.263Z</time></trkpt><trkpt lat="46.14423667" lon="4.395815"><ele>851.0</ele><time>2026-07-29T08:13:27.264Z</time></trkpt><trkpt lat="46.14424167" lon="4.39579333"><ele>851.0</ele><time>2026-07-29T08:13:28.263Z</time></trkpt><trkpt lat="46.14424333" lon="4.39577167"><ele>851.0</ele><time>2026-07-29T08:13:29.263Z</time></trkpt><trkpt lat="46.14424667" lon="4.39574833"><ele>850.0</ele><time>2026-07-29T08:13:30.263Z</time></trkpt><trkpt lat="46.14425167" lon="4.39572667"><ele>850.0</ele><time>2026-07-29T08:13:31.263Z</time></trkpt><trkpt lat="46.144255" lon="4.39570667"><ele>849.0</ele><time>2026-07-29T08:13:32.263Z</time></trkpt><trkpt lat="46.14426" lon="4.39568333"><ele>849.0</ele><time>2026-07-29T08:13:33.263Z</time></trkpt><trkpt lat="46.144265" lon="4.39566"><ele>848.0</ele><time>2026-07-29T08:13:34.263Z</time></trkpt><trkpt lat="46.14427333" lon="4.39563667"><ele>848.0</ele><time>2026-07-29T08:13:35.263Z</time></trkpt><trkpt lat="46.14428" lon="4.39561333"><ele>848.0</ele><time>2026-07-29T08:13:36.263Z</time></trkpt><trkpt lat="46.14428833" lon="4.39559167"><ele>847.0</ele><time>2026-07-29T08:13:37.263Z</time></trkpt><trkpt lat="46.14429667" lon="4.39557"><ele>847.0</ele><time>2026-07-29T08:13:38.263Z</time></trkpt><trkpt lat="46.14430333" lon="4.395555"><ele>847.0</ele><time>2026-07-29T08:13:39.264Z</time></trkpt><trkpt lat="46.14431" lon="4.39553667"><ele>846.0</ele><time>2026-07-29T08:13:40.263Z</time></trkpt><trkpt lat="46.14431833" lon="4.39552"><ele>846.0</ele><time>2026-07-29T08:13:41.263Z</time></trkpt><trkpt lat="46.14432833" lon="4.3955"><ele>846.0</ele><time>2026-07-29T08:13:42.263Z</time></trkpt><trkpt lat="46.14433667" lon="4.39548"><ele>845.0</ele><time>2026-07-29T08:13:43.263Z</time></trkpt><trkpt lat="46.144345" lon="4.395465"><ele>845.0</ele><time>2026-07-29T08:13:44.264Z</time></trkpt><trkpt lat="46.144355" lon="4.39544333"><ele>845.0</ele><time>2026-07-29T08:13:45.264Z</time></trkpt><trkpt lat="46.14436333" lon="4.39542333"><ele>845.0</ele><time>2026-07-29T08:13:46.264Z</time></trkpt><trkpt lat="46.14437167" lon="4.39540833"><ele>845.0</ele><time>2026-07-29T08:13:47.263Z</time></trkpt><trkpt lat="46.144385" lon="4.39539167"><ele>845.0</ele><time>2026-07-29T08:13:48.264Z</time></trkpt><trkpt lat="46.144395" lon="4.39537"><ele>845.0</ele><time>2026-07-29T08:13:49.263Z</time></trkpt><trkpt lat="46.144405" lon="4.39535167"><ele>845.0</ele><time>2026-07-29T08:13:50.263Z</time></trkpt><trkpt lat="46.14441667" lon="4.39533"><ele>845.0</ele><time>2026-07-29T08:13:51.264Z</time></trkpt><trkpt lat="46.144425" lon="4.39531667"><ele>844.0</ele><time>2026-07-29T08:13:52.263Z</time></trkpt><trkpt lat="46.144435" lon="4.39529833"><ele>844.0</ele><time>2026-07-29T08:13:53.263Z</time></trkpt><trkpt lat="46.144445" lon="4.39528333"><ele>844.0</ele><time>2026-07-29T08:13:54.263Z</time></trkpt><trkpt lat="46.144455" lon="4.39527167"><ele>843.0</ele><time>2026-07-29T08:13:55.264Z</time></trkpt><trkpt lat="46.14446667" lon="4.39526167"><ele>843.0</ele><time>2026-07-29T08:13:56.263Z</time></trkpt><trkpt lat="46.14448167" lon="4.39524167"><ele>842.0</ele><time>2026-07-29T08:13:57.263Z</time></trkpt><trkpt lat="46.14449" lon="4.39522833"><ele>842.0</ele><time>2026-07-29T08:13:58.263Z</time></trkpt><trkpt lat="46.14450167" lon="4.395215"><ele>842.0</ele><time>2026-07-29T08:13:59.263Z</time></trkpt><trkpt lat="46.144515" lon="4.39519667"><ele>842.0</ele><time>2026-07-29T08:14:00.263Z</time></trkpt><trkpt lat="46.14452667" lon="4.39518333"><ele>842.0</ele><time>2026-07-29T08:14:01.263Z</time></trkpt><trkpt lat="46.14453833" lon="4.39517"><ele>842.0</ele><time>2026-07-29T08:14:02.263Z</time></trkpt><trkpt lat="46.144545" lon="4.39516"><ele>841.0</ele><time>2026-07-29T08:14:03.263Z</time></trkpt><trkpt lat="46.14455833" lon="4.39514833"><ele>841.0</ele><time>2026-07-29T08:14:04.263Z</time></trkpt><trkpt lat="46.14456667" lon="4.39514"><ele>841.0</ele><time>2026-07-29T08:14:05.263Z</time></trkpt><trkpt lat="46.14457667" lon="4.395125"><ele>841.0</ele><time>2026-07-29T08:14:06.264Z</time></trkpt><trkpt lat="46.14458167" lon="4.395115"><ele>840.0</ele><time>2026-07-29T08:14:07.264Z</time></trkpt><trkpt lat="46.14459" lon="4.3951"><ele>840.0</ele><time>2026-07-29T08:14:08.263Z</time></trkpt><trkpt lat="46.14459833" lon="4.395085"><ele>840.0</ele><time>2026-07-29T08:14:09.263Z</time></trkpt><trkpt lat="46.14461333" lon="4.395065"><ele>840.0</ele><time>2026-07-29T08:14:10.264Z</time></trkpt><trkpt lat="46.144625" lon="4.39504833"><ele>841.0</ele><time>2026-07-29T08:14:11.263Z</time></trkpt><trkpt lat="46.14463833" lon="4.39503167"><ele>841.0</ele><time>2026-07-29T08:14:12.263Z</time></trkpt><trkpt lat="46.14464833" lon="4.39501833"><ele>841.0</ele><time>2026-07-29T08:14:13.263Z</time></trkpt><trkpt lat="46.14466167" lon="4.39500167"><ele>841.0</ele><time>2026-07-29T08:14:14.264Z</time></trkpt><trkpt lat="46.14467333" lon="4.39498833"><ele>841.0</ele><time>2026-07-29T08:14:15.264Z</time></trkpt><trkpt lat="46.14468333" lon="4.39497667"><ele>841.0</ele><time>2026-07-29T08:14:16.263Z</time></trkpt><trkpt lat="46.14469" lon="4.394965"><ele>840.0</ele><time>2026-07-29T08:14:17.263Z</time></trkpt><trkpt lat="46.14469667" lon="4.39494833"><ele>840.0</ele><time>2026-07-29T08:14:18.263Z</time></trkpt><trkpt lat="46.14470167" lon="4.39493667"><ele>840.0</ele><time>2026-07-29T08:14:19.264Z</time></trkpt><trkpt lat="46.14471167" lon="4.39492167"><ele>839.0</ele><time>2026-07-29T08:14:20.263Z</time></trkpt><trkpt lat="46.14472167" lon="4.39490667"><ele>839.0</ele><time>2026-07-29T08:14:21.263Z</time></trkpt><trkpt lat="46.14473667" lon="4.39489"><ele>839.0</ele><time>2026-07-29T08:14:22.263Z</time></trkpt><trkpt lat="46.14475167" lon="4.39487167"><ele>839.0</ele><time>2026-07-29T08:14:23.264Z</time></trkpt><trkpt lat="46.14476333" lon="4.39485833"><ele>839.0</ele><time>2026-07-29T08:14:24.263Z</time></trkpt><trkpt lat="46.14477333" lon="4.394845"><ele>838.0</ele><time>2026-07-29T08:14:25.263Z</time></trkpt><trkpt lat="46.14478333" lon="4.394835"><ele>838.0</ele><time>2026-07-29T08:14:26.264Z</time></trkpt><trkpt lat="46.14479167" lon="4.39482667"><ele>838.0</ele><time>2026-07-29T08:14:27.264Z</time></trkpt><trkpt lat="46.1448" lon="4.394815"><ele>838.0</ele><time>2026-07-29T08:14:28.263Z</time></trkpt><trkpt lat="46.14481" lon="4.39480667"><ele>838.0</ele><time>2026-07-29T08:14:29.264Z</time></trkpt><trkpt lat="46.14482" lon="4.39479333"><ele>838.0</ele><time>2026-07-29T08:14:30.263Z</time></trkpt><trkpt lat="46.14483167" lon="4.39478167"><ele>837.0</ele><time>2026-07-29T08:14:31.263Z</time></trkpt><trkpt lat="46.14484333" lon="4.39476833"><ele>837.0</ele><time>2026-07-29T08:14:32.264Z</time></trkpt><trkpt lat="46.14485333" lon="4.394755"><ele>837.0</ele><time>2026-07-29T08:14:33.263Z</time></trkpt><trkpt lat="46.144865" lon="4.39473833"><ele>837.0</ele><time>2026-07-29T08:14:34.263Z</time></trkpt><trkpt lat="46.14487333" lon="4.39472167"><ele>837.0</ele><time>2026-07-29T08:14:35.264Z</time></trkpt><trkpt lat="46.14488" lon="4.39470667"><ele>836.0</ele><time>2026-07-29T08:14:36.264Z</time></trkpt><trkpt lat="46.14488833" lon="4.39469167"><ele>836.0</ele><time>2026-07-29T08:14:37.264Z</time></trkpt><trkpt lat="46.14489667" lon="4.39467833"><ele>837.0</ele><time>2026-07-29T08:14:38.264Z</time></trkpt><trkpt lat="46.14490667" lon="4.394665"><ele>837.0</ele><time>2026-07-29T08:14:39.264Z</time></trkpt><trkpt lat="46.14491833" lon="4.39465333"><ele>837.0</ele><time>2026-07-29T08:14:40.264Z</time></trkpt><trkpt lat="46.14492833" lon="4.39464167"><ele>837.0</ele><time>2026-07-29T08:14:41.264Z</time></trkpt><trkpt lat="46.14493833" lon="4.39461833"><ele>837.0</ele><time>2026-07-29T08:14:42.263Z</time></trkpt><trkpt lat="46.14495" lon="4.39460167"><ele>837.0</ele><time>2026-07-29T08:14:43.263Z</time></trkpt><trkpt lat="46.14496167" lon="4.39458667"><ele>836.0</ele><time>2026-07-29T08:14:44.263Z</time></trkpt><trkpt lat="46.14497333" lon="4.39457333"><ele>836.0</ele><time>2026-07-29T08:14:45.263Z</time></trkpt><trkpt lat="46.14498167" lon="4.39456167"><ele>836.0</ele><time>2026-07-29T08:14:46.264Z</time></trkpt><trkpt lat="46.14499" lon="4.39455"><ele>835.0</ele><time>2026-07-29T08:14:47.263Z</time></trkpt><trkpt lat="46.145" lon="4.39453667"><ele>835.0</ele><time>2026-07-29T08:14:48.263Z</time></trkpt><trkpt lat="46.14501333" lon="4.39452333"><ele>835.0</ele><time>2026-07-29T08:14:49.264Z</time></trkpt><trkpt lat="46.14502333" lon="4.39451"><ele>835.0</ele><time>2026-07-29T08:14:50.264Z</time></trkpt><trkpt lat="46.14503167" lon="4.39449167"><ele>834.0</ele><time>2026-07-29T08:14:51.263Z</time></trkpt><trkpt lat="46.14504" lon="4.39447667"><ele>834.0</ele><time>2026-07-29T08:14:52.263Z</time></trkpt><trkpt lat="46.14505" lon="4.39445667"><ele>834.0</ele><time>2026-07-29T08:14:53.263Z</time></trkpt><trkpt lat="46.14505833" lon="4.39444333"><ele>834.0</ele><time>2026-07-29T08:14:54.263Z</time></trkpt><trkpt lat="46.145065" lon="4.39443167"><ele>833.0</ele><time>2026-07-29T08:14:55.263Z</time></trkpt><trkpt lat="46.14507333" lon="4.394415"><ele>832.0</ele><time>2026-07-29T08:14:56.264Z</time></trkpt><trkpt lat="46.14508167" lon="4.3944"><ele>832.0</ele><time>2026-07-29T08:14:57.264Z</time></trkpt><trkpt lat="46.14509167" lon="4.394385"><ele>832.0</ele><time>2026-07-29T08:14:58.263Z</time></trkpt><trkpt lat="46.14510333" lon="4.394375"><ele>831.0</ele><time>2026-07-29T08:14:59.263Z</time></trkpt><trkpt lat="46.14511333" lon="4.39436667"><ele>831.0</ele><time>2026-07-29T08:15:00.264Z</time></trkpt><trkpt lat="46.14512667" lon="4.394355"><ele>830.0</ele><time>2026-07-29T08:15:01.263Z</time></trkpt><trkpt lat="46.145135" lon="4.39434667"><ele>830.0</ele><time>2026-07-29T08:15:02.263Z</time></trkpt><trkpt lat="46.14514667" lon="4.39433667"><ele>830.0</ele><time>2026-07-29T08:15:03.263Z</time></trkpt><trkpt lat="46.145155" lon="4.39432167"><ele>830.0</ele><time>2026-07-29T08:15:04.264Z</time></trkpt><trkpt lat="46.145165" lon="4.39430833"><ele>830.0</ele><time>2026-07-29T08:15:05.263Z</time></trkpt><trkpt lat="46.14517333" lon="4.39429167"><ele>829.0</ele><time>2026-07-29T08:15:06.264Z</time></trkpt><trkpt lat="46.14518333" lon="4.39427333"><ele>829.0</ele><time>2026-07-29T08:15:07.264Z</time></trkpt><trkpt lat="46.14519333" lon="4.39424833"><ele>829.0</ele><time>2026-07-29T08:15:08.263Z</time></trkpt><trkpt lat="46.14520167" lon="4.39423333"><ele>829.0</ele><time>2026-07-29T08:15:09.263Z</time></trkpt><trkpt lat="46.14520833" lon="4.39421333"><ele>829.0</ele><time>2026-07-29T08:15:10.263Z</time></trkpt><trkpt lat="46.145215" lon="4.39419667"><ele>829.0</ele><time>2026-07-29T08:15:11.263Z</time></trkpt><trkpt lat="46.14522333" lon="4.39417833"><ele>829.0</ele><time>2026-07-29T08:15:12.263Z</time></trkpt><trkpt lat="46.14522833" lon="4.39416167"><ele>828.0</ele><time>2026-07-29T08:15:13.264Z</time></trkpt><trkpt lat="46.14523333" lon="4.39413833"><ele>828.0</ele><time>2026-07-29T08:15:14.263Z</time></trkpt><trkpt lat="46.14523667" lon="4.39412667"><ele>828.0</ele><time>2026-07-29T08:15:15.263Z</time></trkpt><trkpt lat="46.14524" lon="4.39411"><ele>828.0</ele><time>2026-07-29T08:15:16.263Z</time></trkpt><trkpt lat="46.145245" lon="4.39409167"><ele>828.0</ele><time>2026-07-29T08:15:17.264Z</time></trkpt><trkpt lat="46.14524833" lon="4.39406833"><ele>827.0</ele><time>2026-07-29T08:15:18.264Z</time></trkpt><trkpt lat="46.14525" lon="4.394045"><ele>827.0</ele><time>2026-07-29T08:15:19.263Z</time></trkpt><trkpt lat="46.14525" lon="4.39402833"><ele>827.0</ele><time>2026-07-29T08:15:20.263Z</time></trkpt><trkpt lat="46.14525" lon="4.39400833"><ele>827.0</ele><time>2026-07-29T08:15:21.264Z</time></trkpt><trkpt lat="46.14524833" lon="4.393985"><ele>826.0</ele><time>2026-07-29T08:15:22.263Z</time></trkpt><trkpt lat="46.145245" lon="4.39396833"><ele>826.0</ele><time>2026-07-29T08:15:23.264Z</time></trkpt><trkpt lat="46.14524333" lon="4.39395333"><ele>825.0</ele><time>2026-07-29T08:15:24.263Z</time></trkpt><trkpt lat="46.14523833" lon="4.39393333"><ele>825.0</ele><time>2026-07-29T08:15:25.263Z</time></trkpt><trkpt lat="46.14523667" lon="4.39391167"><ele>825.0</ele><time>2026-07-29T08:15:26.263Z</time></trkpt><trkpt lat="46.14523333" lon="4.39389333"><ele>825.0</ele><time>2026-07-29T08:15:27.263Z</time></trkpt><trkpt lat="46.14523167" lon="4.39387833"><ele>825.0</ele><time>2026-07-29T08:15:28.263Z</time></trkpt><trkpt lat="46.14522833" lon="4.39386833"><ele>825.0</ele><time>2026-07-29T08:15:29.263Z</time></trkpt><trkpt lat="46.14522667" lon="4.39384667"><ele>825.0</ele><time>2026-07-29T08:15:30.263Z</time></trkpt><trkpt lat="46.145225" lon="4.39382"><ele>825.0</ele><time>2026-07-29T08:15:31.263Z</time></trkpt><trkpt lat="46.145225" lon="4.393805"><ele>825.0</ele><time>2026-07-29T08:15:32.263Z</time></trkpt><trkpt lat="46.14522333" lon="4.39378667"><ele>825.0</ele><time>2026-07-29T08:15:33.263Z</time></trkpt><trkpt lat="46.14522" lon="4.393765"><ele>825.0</ele><time>2026-07-29T08:15:34.263Z</time></trkpt><trkpt lat="46.14521833" lon="4.39374833"><ele>825.0</ele><time>2026-07-29T08:15:35.264Z</time></trkpt><trkpt lat="46.14521667" lon="4.39372667"><ele>825.0</ele><time>2026-07-29T08:15:36.264Z</time></trkpt><trkpt lat="46.145215" lon="4.39370333"><ele>825.0</ele><time>2026-07-29T08:15:37.263Z</time></trkpt><trkpt lat="46.145215" lon="4.39368333"><ele>825.0</ele><time>2026-07-29T08:15:38.263Z</time></trkpt><trkpt lat="46.145215" lon="4.39365833"><ele>824.0</ele><time>2026-07-29T08:15:39.264Z</time></trkpt><trkpt lat="46.14521167" lon="4.39363167"><ele>824.0</ele><time>2026-07-29T08:15:40.264Z</time></trkpt><trkpt lat="46.14521" lon="4.39360667"><ele>825.0</ele><time>2026-07-29T08:15:41.264Z</time></trkpt><trkpt lat="46.14520833" lon="4.393575"><ele>825.0</ele><time>2026-07-29T08:15:42.263Z</time></trkpt><trkpt lat="46.14520667" lon="4.393545"><ele>825.0</ele><time>2026-07-29T08:15:43.263Z</time></trkpt><trkpt lat="46.145205" lon="4.39352167"><ele>825.0</ele><time>2026-07-29T08:15:44.263Z</time></trkpt><trkpt lat="46.14520833" lon="4.39350167"><ele>824.0</ele><time>2026-07-29T08:15:45.263Z</time></trkpt><trkpt lat="46.14521333" lon="4.39349"><ele>824.0</ele><time>2026-07-29T08:15:46.263Z</time></trkpt><trkpt lat="46.145215" lon="4.39348167"><ele>824.0</ele><time>2026-07-29T08:15:47.263Z</time></trkpt><trkpt lat="46.14521833" lon="4.39347"><ele>824.0</ele><time>2026-07-29T08:15:48.263Z</time></trkpt><trkpt lat="46.145225" lon="4.39345667"><ele>824.0</ele><time>2026-07-29T08:15:49.263Z</time></trkpt><trkpt lat="46.145235" lon="4.39344167"><ele>824.0</ele><time>2026-07-29T08:15:50.263Z</time></trkpt><trkpt lat="46.14524167" lon="4.39342333"><ele>823.0</ele><time>2026-07-29T08:15:51.263Z</time></trkpt><trkpt lat="46.145245" lon="4.39341"><ele>823.0</ele><time>2026-07-29T08:15:52.263Z</time></trkpt><trkpt lat="46.14525" lon="4.39339333"><ele>823.0</ele><time>2026-07-29T08:15:53.263Z</time></trkpt><trkpt lat="46.14526" lon="4.39337167"><ele>822.0</ele><time>2026-07-29T08:15:54.263Z</time></trkpt><trkpt lat="46.14526833" lon="4.39334"><ele>822.0</ele><time>2026-07-29T08:15:55.264Z</time></trkpt><trkpt lat="46.14528" lon="4.393335"><ele>822.0</ele><time>2026-07-29T08:15:56.263Z</time></trkpt><trkpt lat="46.14528833" lon="4.39331333"><ele>822.0</ele><time>2026-07-29T08:15:57.263Z</time></trkpt><trkpt lat="46.14529667" lon="4.3933"><ele>822.0</ele><time>2026-07-29T08:15:58.263Z</time></trkpt><trkpt lat="46.145305" lon="4.39328333"><ele>822.0</ele><time>2026-07-29T08:15:59.263Z</time></trkpt><trkpt lat="46.14531833" lon="4.39326167"><ele>822.0</ele><time>2026-07-29T08:16:00.263Z</time></trkpt><trkpt lat="46.14532833" lon="4.39324667"><ele>822.0</ele><time>2026-07-29T08:16:01.264Z</time></trkpt><trkpt lat="46.14534167" lon="4.39323"><ele>822.0</ele><time>2026-07-29T08:16:02.263Z</time></trkpt><trkpt lat="46.14535" lon="4.39321333"><ele>822.0</ele><time>2026-07-29T08:16:03.263Z</time></trkpt><trkpt lat="46.14536" lon="4.39319833"><ele>821.0</ele><time>2026-07-29T08:16:04.263Z</time></trkpt><trkpt lat="46.14536833" lon="4.393185"><ele>821.0</ele><time>2026-07-29T08:16:05.263Z</time></trkpt><trkpt lat="46.145375" lon="4.39317167"><ele>821.0</ele><time>2026-07-29T08:16:06.263Z</time></trkpt><trkpt lat="46.14538333" lon="4.39315833"><ele>821.0</ele><time>2026-07-29T08:16:07.263Z</time></trkpt><trkpt lat="46.14538833" lon="4.39315"><ele>821.0</ele><time>2026-07-29T08:16:08.263Z</time></trkpt><trkpt lat="46.1454" lon="4.39314"><ele>821.0</ele><time>2026-07-29T08:16:09.263Z</time></trkpt><trkpt lat="46.14541" lon="4.39312667"><ele>821.0</ele><time>2026-07-29T08:16:10.264Z</time></trkpt><trkpt lat="46.14541667" lon="4.39311"><ele>821.0</ele><time>2026-07-29T08:16:11.264Z</time></trkpt><trkpt lat="46.14542667" lon="4.39309833"><ele>821.0</ele><time>2026-07-29T08:16:12.263Z</time></trkpt><trkpt lat="46.145435" lon="4.39308"><ele>821.0</ele><time>2026-07-29T08:16:13.263Z</time></trkpt><trkpt lat="46.145445" lon="4.39306"><ele>821.0</ele><time>2026-07-29T08:16:14.263Z</time></trkpt><trkpt lat="46.14545167" lon="4.393045"><ele>821.0</ele><time>2026-07-29T08:16:15.263Z</time></trkpt><trkpt lat="46.14546333" lon="4.39303"><ele>821.0</ele><time>2026-07-29T08:16:16.263Z</time></trkpt><trkpt lat="46.14547667" lon="4.39301"><ele>821.0</ele><time>2026-07-29T08:16:17.264Z</time></trkpt><trkpt lat="46.14549" lon="4.39299167"><ele>821.0</ele><time>2026-07-29T08:16:18.264Z</time></trkpt><trkpt lat="46.1455" lon="4.392985"><ele>821.0</ele><time>2026-07-29T08:16:19.264Z</time></trkpt><trkpt lat="46.14551167" lon="4.39297167"><ele>821.0</ele><time>2026-07-29T08:16:20.263Z</time></trkpt><trkpt lat="46.14552333" lon="4.39295333"><ele>822.0</ele><time>2026-07-29T08:16:21.263Z</time></trkpt><trkpt lat="46.14553167" lon="4.392945"><ele>822.0</ele><time>2026-07-29T08:16:22.263Z</time></trkpt><trkpt lat="46.14554333" lon="4.39293667"><ele>823.0</ele><time>2026-07-29T08:16:23.263Z</time></trkpt><trkpt lat="46.14555667" lon="4.39292167"><ele>823.0</ele><time>2026-07-29T08:16:24.264Z</time></trkpt><trkpt lat="46.145565" lon="4.39290833"><ele>823.0</ele><time>2026-07-29T08:16:25.263Z</time></trkpt><trkpt lat="46.14557167" lon="4.392895"><ele>824.0</ele><time>2026-07-29T08:16:26.264Z</time></trkpt><trkpt lat="46.14558333" lon="4.392875"><ele>824.0</ele><time>2026-07-29T08:16:27.263Z</time></trkpt><trkpt lat="46.14559833" lon="4.392865"><ele>824.0</ele><time>2026-07-29T08:16:28.264Z</time></trkpt><trkpt lat="46.14561" lon="4.392855"><ele>824.0</ele><time>2026-07-29T08:16:29.263Z</time></trkpt><trkpt lat="46.14562333" lon="4.39284333"><ele>823.0</ele><time>2026-07-29T08:16:30.264Z</time></trkpt><trkpt lat="46.14563333" lon="4.39282833"><ele>823.0</ele><time>2026-07-29T08:16:31.263Z</time></trkpt><trkpt lat="46.14564667" lon="4.39281833"><ele>823.0</ele><time>2026-07-29T08:16:32.264Z</time></trkpt><trkpt lat="46.14566" lon="4.39280167"><ele>823.0</ele><time>2026-07-29T08:16:33.263Z</time></trkpt><trkpt lat="46.14567" lon="4.39279167"><ele>823.0</ele><time>2026-07-29T08:16:34.263Z</time></trkpt><trkpt lat="46.14568" lon="4.39278167"><ele>823.0</ele><time>2026-07-29T08:16:35.263Z</time></trkpt><trkpt lat="46.14568833" lon="4.39277167"><ele>823.0</ele><time>2026-07-29T08:16:36.263Z</time></trkpt><trkpt lat="46.14569667" lon="4.39275667"><ele>823.0</ele><time>2026-07-29T08:16:37.263Z</time></trkpt><trkpt lat="46.14570833" lon="4.39274"><ele>823.0</ele><time>2026-07-29T08:16:38.263Z</time></trkpt><trkpt lat="46.14571833" lon="4.39272833"><ele>823.0</ele><time>2026-07-29T08:16:39.263Z</time></trkpt><trkpt lat="46.14572833" lon="4.39271"><ele>823.0</ele><time>2026-07-29T08:16:40.263Z</time></trkpt><trkpt lat="46.14573667" lon="4.39268833"><ele>823.0</ele><time>2026-07-29T08:16:41.263Z</time></trkpt><trkpt lat="46.145745" lon="4.39267333"><ele>823.0</ele><time>2026-07-29T08:16:42.263Z</time></trkpt><trkpt lat="46.145755" lon="4.39266167"><ele>823.0</ele><time>2026-07-29T08:16:43.263Z</time></trkpt><trkpt lat="46.14576833" lon="4.39264667"><ele>823.0</ele><time>2026-07-29T08:16:44.263Z</time></trkpt><trkpt lat="46.14577667" lon="4.39263333"><ele>822.0</ele><time>2026-07-29T08:16:45.263Z</time></trkpt><trkpt lat="46.145785" lon="4.392625"><ele>822.0</ele><time>2026-07-29T08:16:46.263Z</time></trkpt><trkpt lat="46.14579833" lon="4.39261167"><ele>823.0</ele><time>2026-07-29T08:16:47.263Z</time></trkpt><trkpt lat="46.14581667" lon="4.39259167"><ele>823.0</ele><time>2026-07-29T08:16:48.263Z</time></trkpt><trkpt lat="46.14583" lon="4.39257333"><ele>823.0</ele><time>2026-07-29T08:16:49.264Z</time></trkpt><trkpt lat="46.14584" lon="4.39255667"><ele>824.0</ele><time>2026-07-29T08:16:50.264Z</time></trkpt><trkpt lat="46.14584833" lon="4.39254333"><ele>824.0</ele><time>2026-07-29T08:16:51.264Z</time></trkpt><trkpt lat="46.14586167" lon="4.392525"><ele>825.0</ele><time>2026-07-29T08:16:52.264Z</time></trkpt><trkpt lat="46.14587333" lon="4.39250833"><ele>825.0</ele><time>2026-07-29T08:16:53.264Z</time></trkpt><trkpt lat="46.145885" lon="4.392495"><ele>825.0</ele><time>2026-07-29T08:16:54.263Z</time></trkpt><trkpt lat="46.14589333" lon="4.39248167"><ele>825.0</ele><time>2026-07-29T08:16:55.264Z</time></trkpt><trkpt lat="46.145905" lon="4.392465"><ele>825.0</ele><time>2026-07-29T08:16:56.263Z</time></trkpt><trkpt lat="46.14591833" lon="4.39244833"><ele>825.0</ele><time>2026-07-29T08:16:57.263Z</time></trkpt><trkpt lat="46.14592667" lon="4.39243667"><ele>825.0</ele><time>2026-07-29T08:16:58.263Z</time></trkpt><trkpt lat="46.14593833" lon="4.39242333"><ele>825.0</ele><time>2026-07-29T08:16:59.264Z</time></trkpt><trkpt lat="46.145945" lon="4.39241"><ele>824.0</ele><time>2026-07-29T08:17:00.263Z</time></trkpt><trkpt lat="46.14595333" lon="4.392395"><ele>824.0</ele><time>2026-07-29T08:17:01.263Z</time></trkpt><trkpt lat="46.145965" lon="4.39237333"><ele>824.0</ele><time>2026-07-29T08:17:02.264Z</time></trkpt><trkpt lat="46.14597833" lon="4.392355"><ele>823.0</ele><time>2026-07-29T08:17:03.263Z</time></trkpt><trkpt lat="46.14598833" lon="4.39233667"><ele>823.0</ele><time>2026-07-29T08:17:04.263Z</time></trkpt><trkpt lat="46.14600167" lon="4.39232167"><ele>822.0</ele><time>2026-07-29T08:17:05.263Z</time></trkpt><trkpt lat="46.146015" lon="4.39230667"><ele>821.0</ele><time>2026-07-29T08:17:06.263Z</time></trkpt><trkpt lat="46.14602667" lon="4.39229167"><ele>821.0</ele><time>2026-07-29T08:17:07.263Z</time></trkpt><trkpt lat="46.14603833" lon="4.39227333"><ele>820.0</ele><time>2026-07-29T08:17:08.263Z</time></trkpt><trkpt lat="46.14604667" lon="4.39225667"><ele>820.0</ele><time>2026-07-29T08:17:09.264Z</time></trkpt><trkpt lat="46.14605667" lon="4.39223667"><ele>820.0</ele><time>2026-07-29T08:17:10.264Z</time></trkpt><trkpt lat="46.14606833" lon="4.39221833"><ele>820.0</ele><time>2026-07-29T08:17:11.263Z</time></trkpt><trkpt lat="46.14607833" lon="4.39219833"><ele>820.0</ele><time>2026-07-29T08:17:12.263Z</time></trkpt><trkpt lat="46.14608833" lon="4.392185"><ele>820.0</ele><time>2026-07-29T08:17:13.264Z</time></trkpt><trkpt lat="46.146095" lon="4.392175"><ele>819.0</ele><time>2026-07-29T08:17:14.264Z</time></trkpt><trkpt lat="46.1461" lon="4.39215833"><ele>819.0</ele><time>2026-07-29T08:17:15.263Z</time></trkpt><trkpt lat="46.146105" lon="4.39214167"><ele>819.0</ele><time>2026-07-29T08:17:16.264Z</time></trkpt><trkpt lat="46.14611667" lon="4.39212167"><ele>819.0</ele><time>2026-07-29T08:17:17.264Z</time></trkpt><trkpt lat="46.14612333" lon="4.39211167"><ele>819.0</ele><time>2026-07-29T08:17:18.263Z</time></trkpt><trkpt lat="46.146135" lon="4.392095"><ele>820.0</ele><time>2026-07-29T08:17:19.263Z</time></trkpt><trkpt lat="46.146145" lon="4.39207667"><ele>820.0</ele><time>2026-07-29T08:17:20.263Z</time></trkpt><trkpt lat="46.146155" lon="4.39206"><ele>820.0</ele><time>2026-07-29T08:17:21.263Z</time></trkpt><trkpt lat="46.146165" lon="4.39204167"><ele>820.0</ele><time>2026-07-29T08:17:22.263Z</time></trkpt><trkpt lat="46.146175" lon="4.39201833"><ele>820.0</ele><time>2026-07-29T08:17:23.263Z</time></trkpt><trkpt lat="46.14618667" lon="4.39200333"><ele>819.0</ele><time>2026-07-29T08:17:24.264Z</time></trkpt><trkpt lat="46.14619833" lon="4.39198833"><ele>819.0</ele><time>2026-07-29T08:17:25.263Z</time></trkpt><trkpt lat="46.14621333" lon="4.39197667"><ele>819.0</ele><time>2026-07-29T08:17:26.264Z</time></trkpt><trkpt lat="46.14622833" lon="4.39195833"><ele>819.0</ele><time>2026-07-29T08:17:27.263Z</time></trkpt><trkpt lat="46.14624" lon="4.39194"><ele>818.0</ele><time>2026-07-29T08:17:28.263Z</time></trkpt><trkpt lat="46.14624833" lon="4.39192667"><ele>818.0</ele><time>2026-07-29T08:17:29.263Z</time></trkpt><trkpt lat="46.14626333" lon="4.39190667"><ele>818.0</ele><time>2026-07-29T08:17:30.263Z</time></trkpt><trkpt lat="46.14627833" lon="4.39189333"><ele>817.0</ele><time>2026-07-29T08:17:31.263Z</time></trkpt><trkpt lat="46.14628833" lon="4.39188167"><ele>816.0</ele><time>2026-07-29T08:17:32.263Z</time></trkpt><trkpt lat="46.1463" lon="4.39186167"><ele>816.0</ele><time>2026-07-29T08:17:33.263Z</time></trkpt><trkpt lat="46.14630833" lon="4.391845"><ele>816.0</ele><time>2026-07-29T08:17:34.263Z</time></trkpt><trkpt lat="46.146315" lon="4.39182667"><ele>815.0</ele><time>2026-07-29T08:17:35.263Z</time></trkpt><trkpt lat="46.14632167" lon="4.39180833"><ele>815.0</ele><time>2026-07-29T08:17:36.263Z</time></trkpt><trkpt lat="46.14632833" lon="4.391795"><ele>815.0</ele><time>2026-07-29T08:17:37.263Z</time></trkpt><trkpt lat="46.146335" lon="4.39178"><ele>814.0</ele><time>2026-07-29T08:17:38.263Z</time></trkpt><trkpt lat="46.14634" lon="4.39175833"><ele>814.0</ele><time>2026-07-29T08:17:39.264Z</time></trkpt><trkpt lat="46.14634833" lon="4.39173833"><ele>814.0</ele><time>2026-07-29T08:17:40.263Z</time></trkpt><trkpt lat="46.14635667" lon="4.39171833"><ele>814.0</ele><time>2026-07-29T08:17:41.263Z</time></trkpt><trkpt lat="46.14636833" lon="4.39167833"><ele>814.0</ele><time>2026-07-29T08:17:42.263Z</time></trkpt><trkpt lat="46.14638333" lon="4.391655"><ele>814.0</ele><time>2026-07-29T08:17:43.263Z</time></trkpt><trkpt lat="46.1464" lon="4.39164667"><ele>814.0</ele><time>2026-07-29T08:17:44.264Z</time></trkpt><trkpt lat="46.14641667" lon="4.39163167"><ele>814.0</ele><time>2026-07-29T08:17:45.263Z</time></trkpt><trkpt lat="46.146425" lon="4.39161167"><ele>814.0</ele><time>2026-07-29T08:17:46.263Z</time></trkpt><trkpt lat="46.14643167" lon="4.39159"><ele>814.0</ele><time>2026-07-29T08:17:47.263Z</time></trkpt><trkpt lat="46.14643833" lon="4.39157"><ele>813.0</ele><time>2026-07-29T08:17:48.263Z</time></trkpt><trkpt lat="46.14644833" lon="4.39155"><ele>813.0</ele><time>2026-07-29T08:17:49.264Z</time></trkpt><trkpt lat="46.146455" lon="4.39152333"><ele>812.0</ele><time>2026-07-29T08:17:50.263Z</time></trkpt><trkpt lat="46.146465" lon="4.391495"><ele>812.0</ele><time>2026-07-29T08:17:51.263Z</time></trkpt><trkpt lat="46.14647167" lon="4.39148"><ele>812.0</ele><time>2026-07-29T08:17:52.263Z</time></trkpt><trkpt lat="46.14647667" lon="4.39146"><ele>811.0</ele><time>2026-07-29T08:17:53.263Z</time></trkpt><trkpt lat="46.14649" lon="4.39144167"><ele>811.0</ele><time>2026-07-29T08:17:54.263Z</time></trkpt><trkpt lat="46.1465" lon="4.39143"><ele>810.0</ele><time>2026-07-29T08:17:55.263Z</time></trkpt><trkpt lat="46.14651167" lon="4.39141333"><ele>809.0</ele><time>2026-07-29T08:17:56.263Z</time></trkpt><trkpt lat="46.14652333" lon="4.39139833"><ele>809.0</ele><time>2026-07-29T08:17:57.263Z</time></trkpt><trkpt lat="46.14653667" lon="4.39138333"><ele>809.0</ele><time>2026-07-29T08:17:58.263Z</time></trkpt><trkpt lat="46.14654833" lon="4.39136333"><ele>809.0</ele><time>2026-07-29T08:17:59.263Z</time></trkpt><trkpt lat="46.14655667" lon="4.39135"><ele>808.0</ele><time>2026-07-29T08:18:00.263Z</time></trkpt><trkpt lat="46.146565" lon="4.39133167"><ele>809.0</ele><time>2026-07-29T08:18:01.263Z</time></trkpt><trkpt lat="46.14657333" lon="4.39131667"><ele>809.0</ele><time>2026-07-29T08:18:02.264Z</time></trkpt><trkpt lat="46.14658333" lon="4.39130167"><ele>809.0</ele><time>2026-07-29T08:18:03.263Z</time></trkpt><trkpt lat="46.14659" lon="4.39128333"><ele>809.0</ele><time>2026-07-29T08:18:04.263Z</time></trkpt><trkpt lat="46.14659667" lon="4.39126333"><ele>808.0</ele><time>2026-07-29T08:18:05.263Z</time></trkpt><trkpt lat="46.14660167" lon="4.391255"><ele>808.0</ele><time>2026-07-29T08:18:06.263Z</time></trkpt><trkpt lat="46.14660833" lon="4.39124"><ele>808.0</ele><time>2026-07-29T08:18:07.263Z</time></trkpt><trkpt lat="46.14661833" lon="4.391225"><ele>808.0</ele><time>2026-07-29T08:18:08.263Z</time></trkpt><trkpt lat="46.14662667" lon="4.391205"><ele>808.0</ele><time>2026-07-29T08:18:09.264Z</time></trkpt><trkpt lat="46.14663167" lon="4.39119"><ele>808.0</ele><time>2026-07-29T08:18:10.263Z</time></trkpt><trkpt lat="46.14663667" lon="4.391175"><ele>809.0</ele><time>2026-07-29T08:18:11.263Z</time></trkpt><trkpt lat="46.14664333" lon="4.39116167"><ele>809.0</ele><time>2026-07-29T08:18:12.263Z</time></trkpt><trkpt lat="46.14665" lon="4.39114333"><ele>809.0</ele><time>2026-07-29T08:18:13.263Z</time></trkpt><trkpt lat="46.14665667" lon="4.39113333"><ele>808.0</ele><time>2026-07-29T08:18:14.263Z</time></trkpt><trkpt lat="46.14666333" lon="4.39112"><ele>808.0</ele><time>2026-07-29T08:18:15.263Z</time></trkpt><trkpt lat="46.14667167" lon="4.391105"><ele>808.0</ele><time>2026-07-29T08:18:16.263Z</time></trkpt><trkpt lat="46.14668167" lon="4.39108667"><ele>808.0</ele><time>2026-07-29T08:18:17.263Z</time></trkpt><trkpt lat="46.14669" lon="4.39106833"><ele>808.0</ele><time>2026-07-29T08:18:18.264Z</time></trkpt><trkpt lat="46.14669833" lon="4.39104833"><ele>808.0</ele><time>2026-07-29T08:18:19.263Z</time></trkpt><trkpt lat="46.14670833" lon="4.39102833"><ele>808.0</ele><time>2026-07-29T08:18:20.263Z</time></trkpt><trkpt lat="46.146715" lon="4.391005"><ele>808.0</ele><time>2026-07-29T08:18:21.264Z</time></trkpt><trkpt lat="46.14672167" lon="4.390985"><ele>808.0</ele><time>2026-07-29T08:18:22.263Z</time></trkpt><trkpt lat="46.14673" lon="4.39097333"><ele>807.0</ele><time>2026-07-29T08:18:23.263Z</time></trkpt><trkpt lat="46.14673833" lon="4.39096167"><ele>807.0</ele><time>2026-07-29T08:18:24.263Z</time></trkpt><trkpt lat="46.14674833" lon="4.39094667"><ele>807.0</ele><time>2026-07-29T08:18:25.263Z</time></trkpt><trkpt lat="46.14675667" lon="4.39092833"><ele>807.0</ele><time>2026-07-29T08:18:26.264Z</time></trkpt><trkpt lat="46.14676167" lon="4.39091167"><ele>807.0</ele><time>2026-07-29T08:18:27.264Z</time></trkpt><trkpt lat="46.14676667" lon="4.3909"><ele>807.0</ele><time>2026-07-29T08:18:28.264Z</time></trkpt><trkpt lat="46.14677667" lon="4.39088333"><ele>807.0</ele><time>2026-07-29T08:18:29.264Z</time></trkpt><trkpt lat="46.14678667" lon="4.39086667"><ele>807.0</ele><time>2026-07-29T08:18:30.263Z</time></trkpt><trkpt lat="46.14679667" lon="4.39085333"><ele>808.0</ele><time>2026-07-29T08:18:31.263Z</time></trkpt><trkpt lat="46.14680667" lon="4.39083833"><ele>808.0</ele><time>2026-07-29T08:18:32.263Z</time></trkpt><trkpt lat="46.146815" lon="4.39082333"><ele>808.0</ele><time>2026-07-29T08:18:33.263Z</time></trkpt><trkpt lat="46.14682833" lon="4.39080667"><ele>808.0</ele><time>2026-07-29T08:18:34.263Z</time></trkpt><trkpt lat="46.146835" lon="4.39079667"><ele>807.0</ele><time>2026-07-29T08:18:35.263Z</time></trkpt><trkpt lat="46.14684333" lon="4.39077833"><ele>807.0</ele><time>2026-07-29T08:18:36.264Z</time></trkpt><trkpt lat="46.146855" lon="4.39075833"><ele>807.0</ele><time>2026-07-29T08:18:37.263Z</time></trkpt><trkpt lat="46.14686667" lon="4.39073833"><ele>807.0</ele><time>2026-07-29T08:18:38.264Z</time></trkpt><trkpt lat="46.146875" lon="4.39072"><ele>807.0</ele><time>2026-07-29T08:18:39.263Z</time></trkpt><trkpt lat="46.14688167" lon="4.39070833"><ele>807.0</ele><time>2026-07-29T08:18:40.263Z</time></trkpt><trkpt lat="46.14688833" lon="4.39068667"><ele>807.0</ele><time>2026-07-29T08:18:41.264Z</time></trkpt><trkpt lat="46.14689333" lon="4.39066333"><ele>806.0</ele><time>2026-07-29T08:18:42.263Z</time></trkpt><trkpt lat="46.14689667" lon="4.39064"><ele>806.0</ele><time>2026-07-29T08:18:43.263Z</time></trkpt><trkpt lat="46.14690333" lon="4.39062"><ele>805.0</ele><time>2026-07-29T08:18:44.263Z</time></trkpt><trkpt lat="46.14691" lon="4.3906"><ele>805.0</ele><time>2026-07-29T08:18:45.263Z</time></trkpt><trkpt lat="46.14691667" lon="4.39057833"><ele>804.0</ele><time>2026-07-29T08:18:46.263Z</time></trkpt><trkpt lat="46.14692667" lon="4.39055667"><ele>804.0</ele><time>2026-07-29T08:18:47.263Z</time></trkpt><trkpt lat="46.14693" lon="4.39053333"><ele>804.0</ele><time>2026-07-29T08:18:48.263Z</time></trkpt><trkpt lat="46.14693333" lon="4.390515"><ele>804.0</ele><time>2026-07-29T08:18:49.263Z</time></trkpt><trkpt lat="46.14693667" lon="4.390505"><ele>804.0</ele><time>2026-07-29T08:18:50.263Z</time></trkpt><trkpt lat="46.14694667" lon="4.39049"><ele>804.0</ele><time>2026-07-29T08:18:51.263Z</time></trkpt><trkpt lat="46.14695667" lon="4.39048667"><ele>804.0</ele><time>2026-07-29T08:18:52.263Z</time></trkpt><trkpt lat="46.14697333" lon="4.39048333"><ele>803.0</ele><time>2026-07-29T08:18:53.263Z</time></trkpt><trkpt lat="46.14698667" lon="4.39049167"><ele>803.0</ele><time>2026-07-29T08:18:54.263Z</time></trkpt><trkpt lat="46.14699833" lon="4.39050167"><ele>802.0</ele><time>2026-07-29T08:18:55.264Z</time></trkpt><trkpt lat="46.14700833" lon="4.39051333"><ele>801.0</ele><time>2026-07-29T08:18:56.263Z</time></trkpt><trkpt lat="46.14701167" lon="4.39053833"><ele>801.0</ele><time>2026-07-29T08:18:57.263Z</time></trkpt><trkpt lat="46.147015" lon="4.39056"><ele>800.0</ele><time>2026-07-29T08:18:58.263Z</time></trkpt><trkpt lat="46.14701833" lon="4.39057667"><ele>800.0</ele><time>2026-07-29T08:18:59.263Z</time></trkpt><trkpt lat="46.147025" lon="4.39059"><ele>799.0</ele><time>2026-07-29T08:19:00.264Z</time></trkpt><trkpt lat="46.14703" lon="4.39061667"><ele>799.0</ele><time>2026-07-29T08:19:01.264Z</time></trkpt><trkpt lat="46.14703167" lon="4.39063833"><ele>799.0</ele><time>2026-07-29T08:19:02.263Z</time></trkpt><trkpt lat="46.14704" lon="4.39066"><ele>799.0</ele><time>2026-07-29T08:19:03.263Z</time></trkpt><trkpt lat="46.147045" lon="4.39068167"><ele>799.0</ele><time>2026-07-29T08:19:04.263Z</time></trkpt><trkpt lat="46.147055" lon="4.3907"><ele>799.0</ele><time>2026-07-29T08:19:05.263Z</time></trkpt><trkpt lat="46.14706333" lon="4.39072"><ele>799.0</ele><time>2026-07-29T08:19:06.264Z</time></trkpt><trkpt lat="46.14707" lon="4.39073833"><ele>799.0</ele><time>2026-07-29T08:19:07.264Z</time></trkpt><trkpt lat="46.14707833" lon="4.39075667"><ele>799.0</ele><time>2026-07-29T08:19:08.263Z</time></trkpt><trkpt lat="46.147085" lon="4.39077333"><ele>799.0</ele><time>2026-07-29T08:19:09.264Z</time></trkpt><trkpt lat="46.14709167" lon="4.39079167"><ele>799.0</ele><time>2026-07-29T08:19:10.263Z</time></trkpt><trkpt lat="46.14709833" lon="4.39080833"><ele>800.0</ele><time>2026-07-29T08:19:11.264Z</time></trkpt><trkpt lat="46.14710167" lon="4.39082667"><ele>800.0</ele><time>2026-07-29T08:19:12.264Z</time></trkpt><trkpt lat="46.147105" lon="4.39084667"><ele>800.0</ele><time>2026-07-29T08:19:13.263Z</time></trkpt><trkpt lat="46.14710667" lon="4.390865"><ele>800.0</ele><time>2026-07-29T08:19:14.263Z</time></trkpt><trkpt lat="46.14711" lon="4.39088333"><ele>800.0</ele><time>2026-07-29T08:19:15.263Z</time></trkpt><trkpt lat="46.147115" lon="4.39090333"><ele>800.0</ele><time>2026-07-29T08:19:16.263Z</time></trkpt><trkpt lat="46.14712167" lon="4.39092167"><ele>800.0</ele><time>2026-07-29T08:19:17.263Z</time></trkpt><trkpt lat="46.14712833" lon="4.39094167"><ele>801.0</ele><time>2026-07-29T08:19:18.263Z</time></trkpt><trkpt lat="46.14713333" lon="4.39096"><ele>801.0</ele><time>2026-07-29T08:19:19.264Z</time></trkpt><trkpt lat="46.14713667" lon="4.39098"><ele>801.0</ele><time>2026-07-29T08:19:20.263Z</time></trkpt><trkpt lat="46.14714" lon="4.391"><ele>801.0</ele><time>2026-07-29T08:19:21.264Z</time></trkpt><trkpt lat="46.14714167" lon="4.39102"><ele>801.0</ele><time>2026-07-29T08:19:22.263Z</time></trkpt><trkpt lat="46.14714833" lon="4.39103833"><ele>801.0</ele><time>2026-07-29T08:19:23.263Z</time></trkpt><trkpt lat="46.14715" lon="4.39105833"><ele>801.0</ele><time>2026-07-29T08:19:24.264Z</time></trkpt><trkpt lat="46.147155" lon="4.39107667"><ele>801.0</ele><time>2026-07-29T08:19:25.264Z</time></trkpt><trkpt lat="46.14716167" lon="4.39109667"><ele>801.0</ele><time>2026-07-29T08:19:26.263Z</time></trkpt><trkpt lat="46.14716167" lon="4.39111667"><ele>801.0</ele><time>2026-07-29T08:19:27.264Z</time></trkpt><trkpt lat="46.14716167" lon="4.39113667"><ele>801.0</ele><time>2026-07-29T08:19:28.263Z</time></trkpt><trkpt lat="46.14716333" lon="4.39115833"><ele>801.0</ele><time>2026-07-29T08:19:29.264Z</time></trkpt><trkpt lat="46.14716833" lon="4.39118167"><ele>801.0</ele><time>2026-07-29T08:19:30.263Z</time></trkpt><trkpt lat="46.14717" lon="4.39120667"><ele>801.0</ele><time>2026-07-29T08:19:31.263Z</time></trkpt><trkpt lat="46.14717333" lon="4.39123167"><ele>800.0</ele><time>2026-07-29T08:19:32.263Z</time></trkpt><trkpt lat="46.14717833" lon="4.391255"><ele>800.0</ele><time>2026-07-29T08:19:33.263Z</time></trkpt><trkpt lat="46.14718333" lon="4.39127833"><ele>800.0</ele><time>2026-07-29T08:19:34.263Z</time></trkpt><trkpt lat="46.14718833" lon="4.39130167"><ele>800.0</ele><time>2026-07-29T08:19:35.263Z</time></trkpt><trkpt lat="46.14719167" lon="4.39132333"><ele>800.0</ele><time>2026-07-29T08:19:36.263Z</time></trkpt><trkpt lat="46.14719667" lon="4.39134333"><ele>801.0</ele><time>2026-07-29T08:19:37.263Z</time></trkpt><trkpt lat="46.14720333" lon="4.391365"><ele>801.0</ele><time>2026-07-29T08:19:38.263Z</time></trkpt><trkpt lat="46.14720667" lon="4.391385"><ele>801.0</ele><time>2026-07-29T08:19:39.264Z</time></trkpt><trkpt lat="46.14720833" lon="4.39140667"><ele>801.0</ele><time>2026-07-29T08:19:40.263Z</time></trkpt><trkpt lat="46.14720667" lon="4.39142667"><ele>801.0</ele><time>2026-07-29T08:19:41.263Z</time></trkpt><trkpt lat="46.147205" lon="4.39145"><ele>802.0</ele><time>2026-07-29T08:19:42.263Z</time></trkpt><trkpt lat="46.14721" lon="4.39147167"><ele>802.0</ele><time>2026-07-29T08:19:43.264Z</time></trkpt><trkpt lat="46.14721333" lon="4.39149333"><ele>802.0</ele><time>2026-07-29T08:19:44.264Z</time></trkpt><trkpt lat="46.14722" lon="4.39151667"><ele>802.0</ele><time>2026-07-29T08:19:45.263Z</time></trkpt><trkpt lat="46.14722667" lon="4.39154"><ele>802.0</ele><time>2026-07-29T08:19:46.263Z</time></trkpt><trkpt lat="46.14723167" lon="4.391565"><ele>802.0</ele><time>2026-07-29T08:19:47.264Z</time></trkpt><trkpt lat="46.14723333" lon="4.39158833"><ele>803.0</ele><time>2026-07-29T08:19:48.264Z</time></trkpt><trkpt lat="46.14723667" lon="4.39161167"><ele>803.0</ele><time>2026-07-29T08:19:49.264Z</time></trkpt><trkpt lat="46.14724167" lon="4.391635"><ele>803.0</ele><time>2026-07-29T08:19:50.264Z</time></trkpt><trkpt lat="46.14724667" lon="4.391655"><ele>803.0</ele><time>2026-07-29T08:19:51.263Z</time></trkpt><trkpt lat="46.14724833" lon="4.39167667"><ele>803.0</ele><time>2026-07-29T08:19:52.263Z</time></trkpt><trkpt lat="46.14725" lon="4.39169833"><ele>803.0</ele><time>2026-07-29T08:19:53.263Z</time></trkpt><trkpt lat="46.14725167" lon="4.39171667"><ele>803.0</ele><time>2026-07-29T08:19:54.264Z</time></trkpt><trkpt lat="46.14725167" lon="4.39173833"><ele>803.0</ele><time>2026-07-29T08:19:55.263Z</time></trkpt><trkpt lat="46.14725833" lon="4.391755"><ele>804.0</ele><time>2026-07-29T08:19:56.263Z</time></trkpt><trkpt lat="46.14726" lon="4.39177667"><ele>804.0</ele><time>2026-07-29T08:19:57.264Z</time></trkpt><trkpt lat="46.14726667" lon="4.39179833"><ele>804.0</ele><time>2026-07-29T08:19:58.263Z</time></trkpt><trkpt lat="46.14726667" lon="4.39182"><ele>805.0</ele><time>2026-07-29T08:19:59.264Z</time></trkpt><trkpt lat="46.14727333" lon="4.39184333"><ele>805.0</ele><time>2026-07-29T08:20:00.264Z</time></trkpt><trkpt lat="46.14727667" lon="4.391865"><ele>805.0</ele><time>2026-07-29T08:20:01.263Z</time></trkpt><trkpt lat="46.14728" lon="4.39188833"><ele>805.0</ele><time>2026-07-29T08:20:02.263Z</time></trkpt><trkpt lat="46.147285" lon="4.39191"><ele>805.0</ele><time>2026-07-29T08:20:03.263Z</time></trkpt><trkpt lat="46.14728833" lon="4.39193167"><ele>805.0</ele><time>2026-07-29T08:20:04.264Z</time></trkpt><trkpt lat="46.14729167" lon="4.39195333"><ele>805.0</ele><time>2026-07-29T08:20:05.263Z</time></trkpt><trkpt lat="46.14729833" lon="4.39197333"><ele>805.0</ele><time>2026-07-29T08:20:06.264Z</time></trkpt><trkpt lat="46.14730333" lon="4.391995"><ele>805.0</ele><time>2026-07-29T08:20:07.264Z</time></trkpt><trkpt lat="46.14730833" lon="4.39201667"><ele>805.0</ele><time>2026-07-29T08:20:08.264Z</time></trkpt><trkpt lat="46.14730833" lon="4.39203833"><ele>805.0</ele><time>2026-07-29T08:20:09.263Z</time></trkpt><trkpt lat="46.14731333" lon="4.39205667"><ele>805.0</ele><time>2026-07-29T08:20:10.263Z</time></trkpt><trkpt lat="46.147315" lon="4.39207667"><ele>805.0</ele><time>2026-07-29T08:20:11.263Z</time></trkpt><trkpt lat="46.14731833" lon="4.39209667"><ele>805.0</ele><time>2026-07-29T08:20:12.263Z</time></trkpt><trkpt lat="46.14732333" lon="4.392115"><ele>805.0</ele><time>2026-07-29T08:20:13.264Z</time></trkpt><trkpt lat="46.14732833" lon="4.39213667"><ele>805.0</ele><time>2026-07-29T08:20:14.264Z</time></trkpt><trkpt lat="46.14733667" lon="4.39215667"><ele>805.0</ele><time>2026-07-29T08:20:15.263Z</time></trkpt><trkpt lat="46.14734667" lon="4.39217667"><ele>805.0</ele><time>2026-07-29T08:20:16.263Z</time></trkpt><trkpt lat="46.147355" lon="4.39219667"><ele>805.0</ele><time>2026-07-29T08:20:17.263Z</time></trkpt><trkpt lat="46.14736167" lon="4.39221667"><ele>805.0</ele><time>2026-07-29T08:20:18.263Z</time></trkpt><trkpt lat="46.14737" lon="4.39223667"><ele>804.0</ele><time>2026-07-29T08:20:19.263Z</time></trkpt><trkpt lat="46.14737333" lon="4.39225833"><ele>804.0</ele><time>2026-07-29T08:20:20.263Z</time></trkpt><trkpt lat="46.14737833" lon="4.39227833"><ele>804.0</ele><time>2026-07-29T08:20:21.264Z</time></trkpt><trkpt lat="46.14738667" lon="4.39229667"><ele>804.0</ele><time>2026-07-29T08:20:22.263Z</time></trkpt><trkpt lat="46.147395" lon="4.39231167"><ele>804.0</ele><time>2026-07-29T08:20:23.264Z</time></trkpt><trkpt lat="46.14740333" lon="4.39233"><ele>804.0</ele><time>2026-07-29T08:20:24.264Z</time></trkpt><trkpt lat="46.14740833" lon="4.39235167"><ele>804.0</ele><time>2026-07-29T08:20:25.263Z</time></trkpt><trkpt lat="46.14741167" lon="4.39237333"><ele>803.0</ele><time>2026-07-29T08:20:26.264Z</time></trkpt><trkpt lat="46.14742" lon="4.39239333"><ele>803.0</ele><time>2026-07-29T08:20:27.263Z</time></trkpt><trkpt lat="46.14743167" lon="4.39241333"><ele>803.0</ele><time>2026-07-29T08:20:28.263Z</time></trkpt><trkpt lat="46.14743833" lon="4.39243333"><ele>803.0</ele><time>2026-07-29T08:20:29.263Z</time></trkpt><trkpt lat="46.147445" lon="4.39245333"><ele>803.0</ele><time>2026-07-29T08:20:30.263Z</time></trkpt><trkpt lat="46.14744833" lon="4.39247833"><ele>803.0</ele><time>2026-07-29T08:20:31.263Z</time></trkpt><trkpt lat="46.14745333" lon="4.3925"><ele>803.0</ele><time>2026-07-29T08:20:32.263Z</time></trkpt><trkpt lat="46.14745833" lon="4.39252167"><ele>802.0</ele><time>2026-07-29T08:20:33.264Z</time></trkpt><trkpt lat="46.14746333" lon="4.39254333"><ele>802.0</ele><time>2026-07-29T08:20:34.263Z</time></trkpt><trkpt lat="46.14746667" lon="4.392565"><ele>802.0</ele><time>2026-07-29T08:20:35.263Z</time></trkpt><trkpt lat="46.14747167" lon="4.39258167"><ele>802.0</ele><time>2026-07-29T08:20:36.264Z</time></trkpt><trkpt lat="46.14747833" lon="4.39260333"><ele>802.0</ele><time>2026-07-29T08:20:37.263Z</time></trkpt><trkpt lat="46.14748333" lon="4.39262333"><ele>802.0</ele><time>2026-07-29T08:20:38.263Z</time></trkpt><trkpt lat="46.14749" lon="4.392645"><ele>802.0</ele><time>2026-07-29T08:20:39.263Z</time></trkpt><trkpt lat="46.14749667" lon="4.39267"><ele>802.0</ele><time>2026-07-29T08:20:40.264Z</time></trkpt><trkpt lat="46.14750333" lon="4.39269333"><ele>802.0</ele><time>2026-07-29T08:20:41.264Z</time></trkpt><trkpt lat="46.147515" lon="4.39272"><ele>802.0</ele><time>2026-07-29T08:20:42.263Z</time></trkpt><trkpt lat="46.14752167" lon="4.39274167"><ele>803.0</ele><time>2026-07-29T08:20:43.263Z</time></trkpt><trkpt lat="46.14752333" lon="4.39276167"><ele>803.0</ele><time>2026-07-29T08:20:44.263Z</time></trkpt><trkpt lat="46.147525" lon="4.39278167"><ele>803.0</ele><time>2026-07-29T08:20:45.263Z</time></trkpt><trkpt lat="46.147535" lon="4.39279833"><ele>803.0</ele><time>2026-07-29T08:20:46.263Z</time></trkpt><trkpt lat="46.14754167" lon="4.39282"><ele>803.0</ele><time>2026-07-29T08:20:47.263Z</time></trkpt><trkpt lat="46.14754667" lon="4.39284333"><ele>803.0</ele><time>2026-07-29T08:20:48.264Z</time></trkpt><trkpt lat="46.14754333" lon="4.39286333"><ele>803.0</ele><time>2026-07-29T08:20:49.263Z</time></trkpt><trkpt lat="46.14753333" lon="4.39288833"><ele>803.0</ele><time>2026-07-29T08:20:50.263Z</time></trkpt><trkpt lat="46.14753167" lon="4.39291167"><ele>803.0</ele><time>2026-07-29T08:20:51.263Z</time></trkpt><trkpt lat="46.14753167" lon="4.39293667"><ele>803.0</ele><time>2026-07-29T08:20:52.263Z</time></trkpt><trkpt lat="46.14753167" lon="4.39295833"><ele>803.0</ele><time>2026-07-29T08:20:53.264Z</time></trkpt><trkpt lat="46.14753" lon="4.39298167"><ele>803.0</ele><time>2026-07-29T08:20:54.263Z</time></trkpt><trkpt lat="46.14752833" lon="4.39300667"><ele>803.0</ele><time>2026-07-29T08:20:55.263Z</time></trkpt><trkpt lat="46.147525" lon="4.39302833"><ele>803.0</ele><time>2026-07-29T08:20:56.264Z</time></trkpt><trkpt lat="46.14752333" lon="4.39305"><ele>803.0</ele><time>2026-07-29T08:20:57.263Z</time></trkpt><trkpt lat="46.14752167" lon="4.39307167"><ele>803.0</ele><time>2026-07-29T08:20:58.264Z</time></trkpt><trkpt lat="46.14751667" lon="4.39309167"><ele>802.0</ele><time>2026-07-29T08:20:59.263Z</time></trkpt><trkpt lat="46.147515" lon="4.39311167"><ele>802.0</ele><time>2026-07-29T08:21:00.263Z</time></trkpt><trkpt lat="46.14751167" lon="4.39313167"><ele>802.0</ele><time>2026-07-29T08:21:01.263Z</time></trkpt><trkpt lat="46.14751" lon="4.39315167"><ele>802.0</ele><time>2026-07-29T08:21:02.263Z</time></trkpt><trkpt lat="46.14750333" lon="4.39317333"><ele>802.0</ele><time>2026-07-29T08:21:03.263Z</time></trkpt><trkpt lat="46.14749667" lon="4.39319667"><ele>801.0</ele><time>2026-07-29T08:21:04.264Z</time></trkpt><trkpt lat="46.14749" lon="4.39322167"><ele>801.0</ele><time>2026-07-29T08:21:05.263Z</time></trkpt><trkpt lat="46.14748167" lon="4.393245"><ele>800.0</ele><time>2026-07-29T08:21:06.263Z</time></trkpt><trkpt lat="46.147475" lon="4.39326833"><ele>800.0</ele><time>2026-07-29T08:21:07.264Z</time></trkpt><trkpt lat="46.14747" lon="4.39329167"><ele>799.0</ele><time>2026-07-29T08:21:08.263Z</time></trkpt><trkpt lat="46.14746667" lon="4.39331333"><ele>799.0</ele><time>2026-07-29T08:21:09.264Z</time></trkpt><trkpt lat="46.14746167" lon="4.393335"><ele>799.0</ele><time>2026-07-29T08:21:10.264Z</time></trkpt><trkpt lat="46.14745833" lon="4.393355"><ele>799.0</ele><time>2026-07-29T08:21:11.263Z</time></trkpt><trkpt lat="46.14745167" lon="4.393375"><ele>799.0</ele><time>2026-07-29T08:21:12.263Z</time></trkpt><trkpt lat="46.147445" lon="4.39339667"><ele>799.0</ele><time>2026-07-29T08:21:13.263Z</time></trkpt><trkpt lat="46.14743833" lon="4.39342"><ele>799.0</ele><time>2026-07-29T08:21:14.263Z</time></trkpt><trkpt lat="46.147435" lon="4.39344"><ele>799.0</ele><time>2026-07-29T08:21:15.263Z</time></trkpt><trkpt lat="46.14742833" lon="4.39346333"><ele>799.0</ele><time>2026-07-29T08:21:16.263Z</time></trkpt><trkpt lat="46.14742333" lon="4.39348667"><ele>799.0</ele><time>2026-07-29T08:21:17.263Z</time></trkpt><trkpt lat="46.14741833" lon="4.393515"><ele>799.0</ele><time>2026-07-29T08:21:18.263Z</time></trkpt><trkpt lat="46.14741167" lon="4.39353667"><ele>798.0</ele><time>2026-07-29T08:21:19.264Z</time></trkpt><trkpt lat="46.14740333" lon="4.39356"><ele>798.0</ele><time>2026-07-29T08:21:20.263Z</time></trkpt><trkpt lat="46.147395" lon="4.39358333"><ele>798.0</ele><time>2026-07-29T08:21:21.263Z</time></trkpt><trkpt lat="46.14738833" lon="4.39360333"><ele>798.0</ele><time>2026-07-29T08:21:22.263Z</time></trkpt><trkpt lat="46.14738167" lon="4.39362167"><ele>797.0</ele><time>2026-07-29T08:21:23.263Z</time></trkpt><trkpt lat="46.14737333" lon="4.39363833"><ele>797.0</ele><time>2026-07-29T08:21:24.263Z</time></trkpt><trkpt lat="46.14736833" lon="4.39365667"><ele>797.0</ele><time>2026-07-29T08:21:25.264Z</time></trkpt><trkpt lat="46.14736333" lon="4.393675"><ele>797.0</ele><time>2026-07-29T08:21:26.264Z</time></trkpt><trkpt lat="46.14735833" lon="4.39369333"><ele>797.0</ele><time>2026-07-29T08:21:27.264Z</time></trkpt><trkpt lat="46.147355" lon="4.39371333"><ele>796.0</ele><time>2026-07-29T08:21:28.263Z</time></trkpt><trkpt lat="46.14734833" lon="4.39373667"><ele>796.0</ele><time>2026-07-29T08:21:29.263Z</time></trkpt><trkpt lat="46.14734167" lon="4.39375833"><ele>796.0</ele><time>2026-07-29T08:21:30.264Z</time></trkpt><trkpt lat="46.14733833" lon="4.39378333"><ele>796.0</ele><time>2026-07-29T08:21:31.264Z</time></trkpt><trkpt lat="46.14732833" lon="4.39380333"><ele>796.0</ele><time>2026-07-29T08:21:32.263Z</time></trkpt><trkpt lat="46.14732167" lon="4.39382333"><ele>796.0</ele><time>2026-07-29T08:21:33.263Z</time></trkpt><trkpt lat="46.14731333" lon="4.39384167"><ele>796.0</ele><time>2026-07-29T08:21:34.264Z</time></trkpt><trkpt lat="46.147305" lon="4.39386"><ele>796.0</ele><time>2026-07-29T08:21:35.263Z</time></trkpt><trkpt lat="46.14729667" lon="4.39388"><ele>797.0</ele><time>2026-07-29T08:21:36.263Z</time></trkpt><trkpt lat="46.147285" lon="4.3939"><ele>797.0</ele><time>2026-07-29T08:21:37.264Z</time></trkpt><trkpt lat="46.147275" lon="4.39392167"><ele>797.0</ele><time>2026-07-29T08:21:38.263Z</time></trkpt><trkpt lat="46.14726333" lon="4.39394167"><ele>797.0</ele><time>2026-07-29T08:21:39.263Z</time></trkpt><trkpt lat="46.147255" lon="4.39396167"><ele>797.0</ele><time>2026-07-29T08:21:40.263Z</time></trkpt><trkpt lat="46.147245" lon="4.39398333"><ele>797.0</ele><time>2026-07-29T08:21:41.263Z</time></trkpt><trkpt lat="46.14723667" lon="4.39399667"><ele>796.0</ele><time>2026-07-29T08:21:42.263Z</time></trkpt><trkpt lat="46.14722667" lon="4.39401"><ele>796.0</ele><time>2026-07-29T08:21:43.263Z</time></trkpt><trkpt lat="46.14721667" lon="4.394025"><ele>796.0</ele><time>2026-07-29T08:21:44.263Z</time></trkpt><trkpt lat="46.14720333" lon="4.39404"><ele>796.0</ele><time>2026-07-29T08:21:45.263Z</time></trkpt><trkpt lat="46.14719333" lon="4.39405667"><ele>795.0</ele><time>2026-07-29T08:21:46.263Z</time></trkpt><trkpt lat="46.14718167" lon="4.39407333"><ele>795.0</ele><time>2026-07-29T08:21:47.263Z</time></trkpt><trkpt lat="46.14716833" lon="4.39408833"><ele>795.0</ele><time>2026-07-29T08:21:48.263Z</time></trkpt><trkpt lat="46.14715333" lon="4.39410167"><ele>795.0</ele><time>2026-07-29T08:21:49.263Z</time></trkpt><trkpt lat="46.14714" lon="4.394115"><ele>794.0</ele><time>2026-07-29T08:21:50.264Z</time></trkpt><trkpt lat="46.14712667" lon="4.39412833"><ele>794.0</ele><time>2026-07-29T08:21:51.264Z</time></trkpt><trkpt lat="46.14711167" lon="4.394135"><ele>793.0</ele><time>2026-07-29T08:21:52.264Z</time></trkpt><trkpt lat="46.14710167" lon="4.39414333"><ele>793.0</ele><time>2026-07-29T08:21:53.263Z</time></trkpt><trkpt lat="46.14709167" lon="4.394155"><ele>792.0</ele><time>2026-07-29T08:21:54.263Z</time></trkpt><trkpt lat="46.14707833" lon="4.394175"><ele>792.0</ele><time>2026-07-29T08:21:55.263Z</time></trkpt><trkpt lat="46.14706167" lon="4.394195"><ele>792.0</ele><time>2026-07-29T08:21:56.263Z</time></trkpt><trkpt lat="46.14704333" lon="4.394215"><ele>792.0</ele><time>2026-07-29T08:21:57.263Z</time></trkpt><trkpt lat="46.14703" lon="4.394225"><ele>792.0</ele><time>2026-07-29T08:21:58.263Z</time></trkpt><trkpt lat="46.14701833" lon="4.39422667"><ele>792.0</ele><time>2026-07-29T08:21:59.264Z</time></trkpt><trkpt lat="46.147005" lon="4.394235"><ele>792.0</ele><time>2026-07-29T08:22:00.263Z</time></trkpt><trkpt lat="46.14699" lon="4.39424833"><ele>792.0</ele><time>2026-07-29T08:22:01.263Z</time></trkpt><trkpt lat="46.146975" lon="4.39426333"><ele>792.0</ele><time>2026-07-29T08:22:02.263Z</time></trkpt><trkpt lat="46.14696" lon="4.39428"><ele>793.0</ele><time>2026-07-29T08:22:03.264Z</time></trkpt><trkpt lat="46.14694833" lon="4.39429"><ele>793.0</ele><time>2026-07-29T08:22:04.264Z</time></trkpt><trkpt lat="46.146935" lon="4.39430333"><ele>793.0</ele><time>2026-07-29T08:22:05.263Z</time></trkpt><trkpt lat="46.14692167" lon="4.39431667"><ele>793.0</ele><time>2026-07-29T08:22:06.263Z</time></trkpt><trkpt lat="46.14690833" lon="4.39433167"><ele>793.0</ele><time>2026-07-29T08:22:07.263Z</time></trkpt><trkpt lat="46.146895" lon="4.39435"><ele>793.0</ele><time>2026-07-29T08:22:08.263Z</time></trkpt><trkpt lat="46.14688333" lon="4.39436333"><ele>793.0</ele><time>2026-07-29T08:22:09.263Z</time></trkpt><trkpt lat="46.146875" lon="4.39437833"><ele>794.0</ele><time>2026-07-29T08:22:10.264Z</time></trkpt><trkpt lat="46.146865" lon="4.39439667"><ele>794.0</ele><time>2026-07-29T08:22:11.263Z</time></trkpt><trkpt lat="46.14686" lon="4.39441333"><ele>794.0</ele><time>2026-07-29T08:22:12.263Z</time></trkpt><trkpt lat="46.146855" lon="4.39443333"><ele>793.0</ele><time>2026-07-29T08:22:13.264Z</time></trkpt><trkpt lat="46.14685" lon="4.394455"><ele>793.0</ele><time>2026-07-29T08:22:14.263Z</time></trkpt><trkpt lat="46.14684167" lon="4.39447667"><ele>793.0</ele><time>2026-07-29T08:22:15.263Z</time></trkpt><trkpt lat="46.14683333" lon="4.39450167"><ele>793.0</ele><time>2026-07-29T08:22:16.263Z</time></trkpt><trkpt lat="46.14682667" lon="4.39452667"><ele>793.0</ele><time>2026-07-29T08:22:17.263Z</time></trkpt><trkpt lat="46.14682167" lon="4.39455"><ele>792.0</ele><time>2026-07-29T08:22:18.263Z</time></trkpt><trkpt lat="46.14681667" lon="4.39456667"><ele>792.0</ele><time>2026-07-29T08:22:19.263Z</time></trkpt><trkpt lat="46.146805" lon="4.394585"><ele>792.0</ele><time>2026-07-29T08:22:20.264Z</time></trkpt><trkpt lat="46.14679667" lon="4.39460333"><ele>792.0</ele><time>2026-07-29T08:22:21.263Z</time></trkpt><trkpt lat="46.14679" lon="4.39462333"><ele>792.0</ele><time>2026-07-29T08:22:22.263Z</time></trkpt><trkpt lat="46.146785" lon="4.39464"><ele>791.0</ele><time>2026-07-29T08:22:23.263Z</time></trkpt><trkpt lat="46.14678167" lon="4.39466"><ele>791.0</ele><time>2026-07-29T08:22:24.263Z</time></trkpt><trkpt lat="46.146775" lon="4.39468167"><ele>791.0</ele><time>2026-07-29T08:22:25.263Z</time></trkpt><trkpt lat="46.14677167" lon="4.39470167"><ele>791.0</ele><time>2026-07-29T08:22:26.263Z</time></trkpt><trkpt lat="46.14676833" lon="4.39472333"><ele>791.0</ele><time>2026-07-29T08:22:27.263Z</time></trkpt><trkpt lat="46.14676667" lon="4.39474333"><ele>791.0</ele><time>2026-07-29T08:22:28.264Z</time></trkpt><trkpt lat="46.146765" lon="4.39476167"><ele>791.0</ele><time>2026-07-29T08:22:29.263Z</time></trkpt><trkpt lat="46.14676167" lon="4.394785"><ele>791.0</ele><time>2026-07-29T08:22:30.264Z</time></trkpt><trkpt lat="46.14675833" lon="4.39480833"><ele>791.0</ele><time>2026-07-29T08:22:31.263Z</time></trkpt><trkpt lat="46.14675833" lon="4.39483167"><ele>791.0</ele><time>2026-07-29T08:22:32.263Z</time></trkpt><trkpt lat="46.14675833" lon="4.394855"><ele>791.0</ele><time>2026-07-29T08:22:33.263Z</time></trkpt><trkpt lat="46.14676" lon="4.39487667"><ele>790.0</ele><time>2026-07-29T08:22:34.263Z</time></trkpt><trkpt lat="46.14676333" lon="4.39489833"><ele>790.0</ele><time>2026-07-29T08:22:35.263Z</time></trkpt><trkpt lat="46.146765" lon="4.39492"><ele>789.0</ele><time>2026-07-29T08:22:36.263Z</time></trkpt><trkpt lat="46.146765" lon="4.39494333"><ele>789.0</ele><time>2026-07-29T08:22:37.263Z</time></trkpt><trkpt lat="46.14676833" lon="4.39496333"><ele>789.0</ele><time>2026-07-29T08:22:38.263Z</time></trkpt><trkpt lat="46.14677" lon="4.39498167"><ele>788.0</ele><time>2026-07-29T08:22:39.263Z</time></trkpt><trkpt lat="46.14677167" lon="4.395"><ele>788.0</ele><time>2026-07-29T08:22:40.263Z</time></trkpt><trkpt lat="46.14677" lon="4.39501833"><ele>788.0</ele><time>2026-07-29T08:22:41.263Z</time></trkpt><trkpt lat="46.14677" lon="4.39504167"><ele>788.0</ele><time>2026-07-29T08:22:42.263Z</time></trkpt><trkpt lat="46.14677167" lon="4.39506333"><ele>787.0</ele><time>2026-07-29T08:22:43.263Z</time></trkpt><trkpt lat="46.146775" lon="4.395085"><ele>787.0</ele><time>2026-07-29T08:22:44.263Z</time></trkpt><trkpt lat="46.14677833" lon="4.39510667"><ele>787.0</ele><time>2026-07-29T08:22:45.263Z</time></trkpt><trkpt lat="46.146785" lon="4.39512667"><ele>787.0</ele><time>2026-07-29T08:22:46.263Z</time></trkpt><trkpt lat="46.14679167" lon="4.39514833"><ele>787.0</ele><time>2026-07-29T08:22:47.263Z</time></trkpt><trkpt lat="46.1468" lon="4.39517"><ele>787.0</ele><time>2026-07-29T08:22:48.263Z</time></trkpt><trkpt lat="46.14680833" lon="4.39518833"><ele>787.0</ele><time>2026-07-29T08:22:49.263Z</time></trkpt><trkpt lat="46.146815" lon="4.39520833"><ele>787.0</ele><time>2026-07-29T08:22:50.263Z</time></trkpt><trkpt lat="46.14682333" lon="4.395225"><ele>787.0</ele><time>2026-07-29T08:22:51.263Z</time></trkpt><trkpt lat="46.14682833" lon="4.395245"><ele>787.0</ele><time>2026-07-29T08:22:52.263Z</time></trkpt><trkpt lat="46.14683667" lon="4.395265"><ele>787.0</ele><time>2026-07-29T08:22:53.264Z</time></trkpt><trkpt lat="46.14684333" lon="4.39528333"><ele>787.0</ele><time>2026-07-29T08:22:54.263Z</time></trkpt><trkpt lat="46.14684667" lon="4.3953"><ele>787.0</ele><time>2026-07-29T08:22:55.263Z</time></trkpt><trkpt lat="46.14685333" lon="4.39532"><ele>786.0</ele><time>2026-07-29T08:22:56.264Z</time></trkpt><trkpt lat="46.14685667" lon="4.39534333"><ele>786.0</ele><time>2026-07-29T08:22:57.264Z</time></trkpt><trkpt lat="46.14686" lon="4.395365"><ele>786.0</ele><time>2026-07-29T08:22:58.263Z</time></trkpt><trkpt lat="46.14686667" lon="4.395385"><ele>786.0</ele><time>2026-07-29T08:22:59.263Z</time></trkpt><trkpt lat="46.146875" lon="4.39540333"><ele>786.0</ele><time>2026-07-29T08:23:00.263Z</time></trkpt><trkpt lat="46.14688" lon="4.39542"><ele>786.0</ele><time>2026-07-29T08:23:01.264Z</time></trkpt><trkpt lat="46.14688667" lon="4.395445"><ele>786.0</ele><time>2026-07-29T08:23:02.264Z</time></trkpt><trkpt lat="46.14689333" lon="4.39546667"><ele>786.0</ele><time>2026-07-29T08:23:03.263Z</time></trkpt><trkpt lat="46.14689833" lon="4.39548667"><ele>786.0</ele><time>2026-07-29T08:23:04.264Z</time></trkpt><trkpt lat="46.146905" lon="4.39550667"><ele>786.0</ele><time>2026-07-29T08:23:05.263Z</time></trkpt><trkpt lat="46.14691167" lon="4.39552833"><ele>786.0</ele><time>2026-07-29T08:23:06.263Z</time></trkpt><trkpt lat="46.14692167" lon="4.39554333"><ele>786.0</ele><time>2026-07-29T08:23:07.263Z</time></trkpt><trkpt lat="46.14693167" lon="4.39556667"><ele>786.0</ele><time>2026-07-29T08:23:08.264Z</time></trkpt><trkpt lat="46.14694" lon="4.39558333"><ele>786.0</ele><time>2026-07-29T08:23:09.263Z</time></trkpt><trkpt lat="46.146945" lon="4.3956"><ele>786.0</ele><time>2026-07-29T08:23:10.263Z</time></trkpt><trkpt lat="46.146955" lon="4.39561833"><ele>786.0</ele><time>2026-07-29T08:23:11.263Z</time></trkpt><trkpt lat="46.146965" lon="4.395635"><ele>786.0</ele><time>2026-07-29T08:23:12.263Z</time></trkpt><trkpt lat="46.146975" lon="4.395655"><ele>786.0</ele><time>2026-07-29T08:23:13.263Z</time></trkpt><trkpt lat="46.14698667" lon="4.39567167"><ele>786.0</ele><time>2026-07-29T08:23:14.263Z</time></trkpt><trkpt lat="46.14699667" lon="4.39569"><ele>786.0</ele><time>2026-07-29T08:23:15.264Z</time></trkpt><trkpt lat="46.14700667" lon="4.39570833"><ele>786.0</ele><time>2026-07-29T08:23:16.263Z</time></trkpt><trkpt lat="46.147015" lon="4.39572667"><ele>786.0</ele><time>2026-07-29T08:23:17.263Z</time></trkpt><trkpt lat="46.147025" lon="4.39574667"><ele>786.0</ele><time>2026-07-29T08:23:18.264Z</time></trkpt><trkpt lat="46.14703" lon="4.39577167"><ele>786.0</ele><time>2026-07-29T08:23:19.264Z</time></trkpt><trkpt lat="46.14703667" lon="4.39579667"><ele>785.0</ele><time>2026-07-29T08:23:20.263Z</time></trkpt><trkpt lat="46.14704333" lon="4.39582"><ele>785.0</ele><time>2026-07-29T08:23:21.263Z</time></trkpt><trkpt lat="46.14705" lon="4.39584167"><ele>785.0</ele><time>2026-07-29T08:23:22.264Z</time></trkpt><trkpt lat="46.147055" lon="4.395865"><ele>785.0</ele><time>2026-07-29T08:23:23.263Z</time></trkpt><trkpt lat="46.14706167" lon="4.395885"><ele>785.0</ele><time>2026-07-29T08:23:24.264Z</time></trkpt><trkpt lat="46.14706833" lon="4.395905"><ele>785.0</ele><time>2026-07-29T08:23:25.264Z</time></trkpt><trkpt lat="46.14708" lon="4.39592333"><ele>785.0</ele><time>2026-07-29T08:23:26.264Z</time></trkpt><trkpt lat="46.14708667" lon="4.39594667"><ele>785.0</ele><time>2026-07-29T08:23:27.263Z</time></trkpt><trkpt lat="46.147095" lon="4.39596833"><ele>785.0</ele><time>2026-07-29T08:23:28.263Z</time></trkpt><trkpt lat="46.14710667" lon="4.39599167"><ele>785.0</ele><time>2026-07-29T08:23:29.263Z</time></trkpt><trkpt lat="46.14711667" lon="4.39601333"><ele>785.0</ele><time>2026-07-29T08:23:30.263Z</time></trkpt><trkpt lat="46.147125" lon="4.39603667"><ele>785.0</ele><time>2026-07-29T08:23:31.264Z</time></trkpt><trkpt lat="46.14713167" lon="4.39606"><ele>785.0</ele><time>2026-07-29T08:23:32.264Z</time></trkpt><trkpt lat="46.14713833" lon="4.396085"><ele>785.0</ele><time>2026-07-29T08:23:33.263Z</time></trkpt><trkpt lat="46.14715" lon="4.39610667"><ele>785.0</ele><time>2026-07-29T08:23:34.263Z</time></trkpt><trkpt lat="46.14715833" lon="4.39612833"><ele>785.0</ele><time>2026-07-29T08:23:35.263Z</time></trkpt><trkpt lat="46.147165" lon="4.39614833"><ele>785.0</ele><time>2026-07-29T08:23:36.263Z</time></trkpt><trkpt lat="46.14717167" lon="4.39616833"><ele>785.0</ele><time>2026-07-29T08:23:37.263Z</time></trkpt><trkpt lat="46.14717833" lon="4.39618833"><ele>785.0</ele><time>2026-07-29T08:23:38.264Z</time></trkpt><trkpt lat="46.14718667" lon="4.39621"><ele>785.0</ele><time>2026-07-29T08:23:39.263Z</time></trkpt><trkpt lat="46.147195" lon="4.39623167"><ele>784.0</ele><time>2026-07-29T08:23:40.263Z</time></trkpt><trkpt lat="46.14720167" lon="4.396255"><ele>784.0</ele><time>2026-07-29T08:23:41.263Z</time></trkpt><trkpt lat="46.14720833" lon="4.39627667"><ele>784.0</ele><time>2026-07-29T08:23:42.263Z</time></trkpt><trkpt lat="46.14721333" lon="4.39629833"><ele>784.0</ele><time>2026-07-29T08:23:43.263Z</time></trkpt><trkpt lat="46.14721833" lon="4.39631833"><ele>784.0</ele><time>2026-07-29T08:23:44.263Z</time></trkpt><trkpt lat="46.14722333" lon="4.39633833"><ele>784.0</ele><time>2026-07-29T08:23:45.263Z</time></trkpt><trkpt lat="46.14722833" lon="4.39635167"><ele>784.0</ele><time>2026-07-29T08:23:46.264Z</time></trkpt><trkpt lat="46.14724" lon="4.396375"><ele>784.0</ele><time>2026-07-29T08:23:47.263Z</time></trkpt><trkpt lat="46.14725" lon="4.39639333"><ele>784.0</ele><time>2026-07-29T08:23:48.263Z</time></trkpt><trkpt lat="46.14726" lon="4.39641333"><ele>785.0</ele><time>2026-07-29T08:23:49.264Z</time></trkpt><trkpt lat="46.14726833" lon="4.39643667"><ele>785.0</ele><time>2026-07-29T08:23:50.263Z</time></trkpt><trkpt lat="46.14727333" lon="4.39646167"><ele>785.0</ele><time>2026-07-29T08:23:51.263Z</time></trkpt><trkpt lat="46.14727667" lon="4.396485"><ele>785.0</ele><time>2026-07-29T08:23:52.263Z</time></trkpt><trkpt lat="46.14728" lon="4.39650833"><ele>785.0</ele><time>2026-07-29T08:23:53.263Z</time></trkpt><trkpt lat="46.147285" lon="4.39653333"><ele>784.0</ele><time>2026-07-29T08:23:54.263Z</time></trkpt><trkpt lat="46.14729" lon="4.396555"><ele>784.0</ele><time>2026-07-29T08:23:55.263Z</time></trkpt><trkpt lat="46.14729833" lon="4.396575"><ele>784.0</ele><time>2026-07-29T08:23:56.263Z</time></trkpt><trkpt lat="46.14730333" lon="4.396595"><ele>784.0</ele><time>2026-07-29T08:23:57.263Z</time></trkpt><trkpt lat="46.14731" lon="4.39661833"><ele>784.0</ele><time>2026-07-29T08:23:58.263Z</time></trkpt><trkpt lat="46.147315" lon="4.39663833"><ele>783.0</ele><time>2026-07-29T08:23:59.263Z</time></trkpt><trkpt lat="46.14732167" lon="4.39666"><ele>783.0</ele><time>2026-07-29T08:24:00.264Z</time></trkpt><trkpt lat="46.14732667" lon="4.39668"><ele>783.0</ele><time>2026-07-29T08:24:01.263Z</time></trkpt><trkpt lat="46.14733333" lon="4.39670333"><ele>783.0</ele><time>2026-07-29T08:24:02.263Z</time></trkpt><trkpt lat="46.14733833" lon="4.39672333"><ele>783.0</ele><time>2026-07-29T08:24:03.263Z</time></trkpt><trkpt lat="46.14734333" lon="4.396745"><ele>783.0</ele><time>2026-07-29T08:24:04.263Z</time></trkpt><trkpt lat="46.14734667" lon="4.396765"><ele>782.0</ele><time>2026-07-29T08:24:05.263Z</time></trkpt><trkpt lat="46.14735167" lon="4.396785"><ele>782.0</ele><time>2026-07-29T08:24:06.263Z</time></trkpt><trkpt lat="46.14736167" lon="4.39680333"><ele>781.0</ele><time>2026-07-29T08:24:07.263Z</time></trkpt><trkpt lat="46.14736833" lon="4.39682167"><ele>780.0</ele><time>2026-07-29T08:24:08.263Z</time></trkpt><trkpt lat="46.14738" lon="4.396845"><ele>780.0</ele><time>2026-07-29T08:24:09.263Z</time></trkpt><trkpt lat="46.147385" lon="4.39686833"><ele>781.0</ele><time>2026-07-29T08:24:10.263Z</time></trkpt><trkpt lat="46.14739333" lon="4.39689"><ele>781.0</ele><time>2026-07-29T08:24:11.263Z</time></trkpt><trkpt lat="46.147405" lon="4.39690667"><ele>781.0</ele><time>2026-07-29T08:24:12.263Z</time></trkpt><trkpt lat="46.147415" lon="4.39692667"><ele>781.0</ele><time>2026-07-29T08:24:13.263Z</time></trkpt><trkpt lat="46.14742833" lon="4.39694667"><ele>781.0</ele><time>2026-07-29T08:24:14.263Z</time></trkpt><trkpt lat="46.14744" lon="4.39696167"><ele>781.0</ele><time>2026-07-29T08:24:15.263Z</time></trkpt><trkpt lat="46.147455" lon="4.39697667"><ele>781.0</ele><time>2026-07-29T08:24:16.263Z</time></trkpt><trkpt lat="46.14747167" lon="4.39699333"><ele>782.0</ele><time>2026-07-29T08:24:17.263Z</time></trkpt><trkpt lat="46.147485" lon="4.39701"><ele>782.0</ele><time>2026-07-29T08:24:18.263Z</time></trkpt><trkpt lat="46.14749833" lon="4.39703"><ele>782.0</ele><time>2026-07-29T08:24:19.263Z</time></trkpt><trkpt lat="46.14751" lon="4.39705"><ele>782.0</ele><time>2026-07-29T08:24:20.263Z</time></trkpt><trkpt lat="46.14752167" lon="4.39707333"><ele>783.0</ele><time>2026-07-29T08:24:21.263Z</time></trkpt><trkpt lat="46.147535" lon="4.39709333"><ele>783.0</ele><time>2026-07-29T08:24:22.263Z</time></trkpt><trkpt lat="46.14754667" lon="4.39711333"><ele>783.0</ele><time>2026-07-29T08:24:23.263Z</time></trkpt><trkpt lat="46.14755667" lon="4.397125"><ele>783.0</ele><time>2026-07-29T08:24:24.263Z</time></trkpt><trkpt lat="46.14756667" lon="4.39713667"><ele>783.0</ele><time>2026-07-29T08:24:25.263Z</time></trkpt><trkpt lat="46.14757667" lon="4.39715"><ele>783.0</ele><time>2026-07-29T08:24:26.264Z</time></trkpt><trkpt lat="46.14758667" lon="4.397165"><ele>783.0</ele><time>2026-07-29T08:24:27.264Z</time></trkpt><trkpt lat="46.147595" lon="4.39718"><ele>783.0</ele><time>2026-07-29T08:24:28.263Z</time></trkpt><trkpt lat="46.14760667" lon="4.397195"><ele>783.0</ele><time>2026-07-29T08:24:29.263Z</time></trkpt><trkpt lat="46.14761833" lon="4.39721167"><ele>784.0</ele><time>2026-07-29T08:24:30.263Z</time></trkpt><trkpt lat="46.14763" lon="4.39722833"><ele>784.0</ele><time>2026-07-29T08:24:31.263Z</time></trkpt><trkpt lat="46.14764" lon="4.39724333"><ele>784.0</ele><time>2026-07-29T08:24:32.263Z</time></trkpt><trkpt lat="46.14764833" lon="4.39725833"><ele>784.0</ele><time>2026-07-29T08:24:33.264Z</time></trkpt><trkpt lat="46.14765833" lon="4.39727"><ele>784.0</ele><time>2026-07-29T08:24:34.263Z</time></trkpt><trkpt lat="46.147665" lon="4.39728167"><ele>784.0</ele><time>2026-07-29T08:24:35.264Z</time></trkpt><trkpt lat="46.14767167" lon="4.397295"><ele>784.0</ele><time>2026-07-29T08:24:36.264Z</time></trkpt><trkpt lat="46.14768" lon="4.39731"><ele>784.0</ele><time>2026-07-29T08:24:37.263Z</time></trkpt><trkpt lat="46.14769" lon="4.39732333"><ele>784.0</ele><time>2026-07-29T08:24:38.263Z</time></trkpt><trkpt lat="46.14769833" lon="4.39733667"><ele>783.0</ele><time>2026-07-29T08:24:39.263Z</time></trkpt><trkpt lat="46.147715" lon="4.39735667"><ele>783.0</ele><time>2026-07-29T08:24:40.263Z</time></trkpt><trkpt lat="46.14772333" lon="4.39736667"><ele>783.0</ele><time>2026-07-29T08:24:41.263Z</time></trkpt><trkpt lat="46.14773667" lon="4.39737667"><ele>783.0</ele><time>2026-07-29T08:24:42.263Z</time></trkpt><trkpt lat="46.14774833" lon="4.39738833"><ele>783.0</ele><time>2026-07-29T08:24:43.263Z</time></trkpt><trkpt lat="46.14776167" lon="4.39740167"><ele>783.0</ele><time>2026-07-29T08:24:44.263Z</time></trkpt><trkpt lat="46.14777333" lon="4.397415"><ele>783.0</ele><time>2026-07-29T08:24:45.263Z</time></trkpt><trkpt lat="46.147785" lon="4.39743"><ele>783.0</ele><time>2026-07-29T08:24:46.264Z</time></trkpt><trkpt lat="46.147795" lon="4.39744333"><ele>784.0</ele><time>2026-07-29T08:24:47.263Z</time></trkpt><trkpt lat="46.14780667" lon="4.39745833"><ele>784.0</ele><time>2026-07-29T08:24:48.263Z</time></trkpt><trkpt lat="46.14781833" lon="4.39746833"><ele>784.0</ele><time>2026-07-29T08:24:49.263Z</time></trkpt><trkpt lat="46.14782667" lon="4.39746833"><ele>784.0</ele><time>2026-07-29T08:24:50.263Z</time></trkpt><trkpt lat="46.14784667" lon="4.39748"><ele>784.0</ele><time>2026-07-29T08:24:51.264Z</time></trkpt><trkpt lat="46.14786167" lon="4.39748333"><ele>785.0</ele><time>2026-07-29T08:24:52.263Z</time></trkpt><trkpt lat="46.14786833" lon="4.39749833"><ele>785.0</ele><time>2026-07-29T08:24:53.263Z</time></trkpt><trkpt lat="46.147875" lon="4.39751"><ele>786.0</ele><time>2026-07-29T08:24:54.264Z</time></trkpt><trkpt lat="46.14788167" lon="4.39752333"><ele>786.0</ele><time>2026-07-29T08:24:55.263Z</time></trkpt><trkpt lat="46.14789" lon="4.39753833"><ele>786.0</ele><time>2026-07-29T08:24:56.263Z</time></trkpt><trkpt lat="46.14790167" lon="4.39755"><ele>785.0</ele><time>2026-07-29T08:24:57.264Z</time></trkpt><trkpt lat="46.14791167" lon="4.39756333"><ele>785.0</ele><time>2026-07-29T08:24:58.263Z</time></trkpt><trkpt lat="46.147925" lon="4.39757667"><ele>785.0</ele><time>2026-07-29T08:24:59.263Z</time></trkpt><trkpt lat="46.14793833" lon="4.39759"><ele>785.0</ele><time>2026-07-29T08:25:00.263Z</time></trkpt><trkpt lat="46.14795167" lon="4.39760667"><ele>785.0</ele><time>2026-07-29T08:25:01.263Z</time></trkpt><trkpt lat="46.14796" lon="4.39762167"><ele>785.0</ele><time>2026-07-29T08:25:02.263Z</time></trkpt><trkpt lat="46.14797167" lon="4.39763167"><ele>785.0</ele><time>2026-07-29T08:25:03.264Z</time></trkpt><trkpt lat="46.14798167" lon="4.39764667"><ele>784.0</ele><time>2026-07-29T08:25:04.263Z</time></trkpt><trkpt lat="46.14799667" lon="4.397655"><ele>785.0</ele><time>2026-07-29T08:25:05.263Z</time></trkpt><trkpt lat="46.14800833" lon="4.397665"><ele>785.0</ele><time>2026-07-29T08:25:06.263Z</time></trkpt><trkpt lat="46.14801833" lon="4.39767667"><ele>785.0</ele><time>2026-07-29T08:25:07.263Z</time></trkpt><trkpt lat="46.148025" lon="4.39768167"><ele>785.0</ele><time>2026-07-29T08:25:08.263Z</time></trkpt><trkpt lat="46.14804167" lon="4.39769"><ele>784.0</ele><time>2026-07-29T08:25:09.263Z</time></trkpt><trkpt lat="46.148055" lon="4.39769833"><ele>784.0</ele><time>2026-07-29T08:25:10.263Z</time></trkpt><trkpt lat="46.14806833" lon="4.397705"><ele>784.0</ele><time>2026-07-29T08:25:11.264Z</time></trkpt><trkpt lat="46.14808167" lon="4.39771167"><ele>784.0</ele><time>2026-07-29T08:25:12.263Z</time></trkpt><trkpt lat="46.14809167" lon="4.39772667"><ele>784.0</ele><time>2026-07-29T08:25:13.264Z</time></trkpt><trkpt lat="46.1481" lon="4.397735"><ele>784.0</ele><time>2026-07-29T08:25:14.263Z</time></trkpt><trkpt lat="46.14811" lon="4.397745"><ele>784.0</ele><time>2026-07-29T08:25:15.263Z</time></trkpt><trkpt lat="46.14811833" lon="4.39775833"><ele>784.0</ele><time>2026-07-29T08:25:16.263Z</time></trkpt><trkpt lat="46.14813" lon="4.39777167"><ele>784.0</ele><time>2026-07-29T08:25:17.263Z</time></trkpt><trkpt lat="46.14814667" lon="4.39778"><ele>784.0</ele><time>2026-07-29T08:25:18.263Z</time></trkpt><trkpt lat="46.14816333" lon="4.397785"><ele>784.0</ele><time>2026-07-29T08:25:19.263Z</time></trkpt><trkpt lat="46.14817667" lon="4.39779"><ele>785.0</ele><time>2026-07-29T08:25:20.263Z</time></trkpt><trkpt lat="46.148185" lon="4.397795"><ele>785.0</ele><time>2026-07-29T08:25:21.263Z</time></trkpt><trkpt lat="46.14820167" lon="4.39779833"><ele>785.0</ele><time>2026-07-29T08:25:22.263Z</time></trkpt><trkpt lat="46.14822167" lon="4.397805"><ele>786.0</ele><time>2026-07-29T08:25:23.263Z</time></trkpt><trkpt lat="46.14823833" lon="4.39780833"><ele>786.0</ele><time>2026-07-29T08:25:24.263Z</time></trkpt><trkpt lat="46.14825333" lon="4.39782"><ele>786.0</ele><time>2026-07-29T08:25:25.264Z</time></trkpt><trkpt lat="46.14827" lon="4.39782667"><ele>787.0</ele><time>2026-07-29T08:25:26.263Z</time></trkpt><trkpt lat="46.14829167" lon="4.39783"><ele>787.0</ele><time>2026-07-29T08:25:27.263Z</time></trkpt><trkpt lat="46.148305" lon="4.39783667"><ele>788.0</ele><time>2026-07-29T08:25:28.263Z</time></trkpt><trkpt lat="46.148315" lon="4.397845"><ele>788.0</ele><time>2026-07-29T08:25:29.263Z</time></trkpt><trkpt lat="46.14832833" lon="4.39785333"><ele>789.0</ele><time>2026-07-29T08:25:30.263Z</time></trkpt><trkpt lat="46.14833667" lon="4.39786333"><ele>789.0</ele><time>2026-07-29T08:25:31.264Z</time></trkpt><trkpt lat="46.148345" lon="4.39787333"><ele>789.0</ele><time>2026-07-29T08:25:32.264Z</time></trkpt><trkpt lat="46.148355" lon="4.39788167"><ele>789.0</ele><time>2026-07-29T08:25:33.263Z</time></trkpt><trkpt lat="46.14836333" lon="4.39789167"><ele>789.0</ele><time>2026-07-29T08:25:34.263Z</time></trkpt><trkpt lat="46.148375" lon="4.39789667"><ele>789.0</ele><time>2026-07-29T08:25:35.263Z</time></trkpt><trkpt lat="46.14839" lon="4.3979"><ele>788.0</ele><time>2026-07-29T08:25:36.263Z</time></trkpt><trkpt lat="46.148405" lon="4.39790833"><ele>788.0</ele><time>2026-07-29T08:25:37.263Z</time></trkpt><trkpt lat="46.14841833" lon="4.397915"><ele>788.0</ele><time>2026-07-29T08:25:38.263Z</time></trkpt><trkpt lat="46.14843167" lon="4.39791833"><ele>788.0</ele><time>2026-07-29T08:25:39.263Z</time></trkpt><trkpt lat="46.14844667" lon="4.39792"><ele>788.0</ele><time>2026-07-29T08:25:40.263Z</time></trkpt><trkpt lat="46.14845833" lon="4.39792667"><ele>788.0</ele><time>2026-07-29T08:25:41.264Z</time></trkpt><trkpt lat="46.14847" lon="4.39793667"><ele>788.0</ele><time>2026-07-29T08:25:42.263Z</time></trkpt><trkpt lat="46.14848" lon="4.39794833"><ele>788.0</ele><time>2026-07-29T08:25:43.263Z</time></trkpt><trkpt lat="46.14849667" lon="4.39795667"><ele>788.0</ele><time>2026-07-29T08:25:44.263Z</time></trkpt><trkpt lat="46.14851167" lon="4.39796333"><ele>788.0</ele><time>2026-07-29T08:25:45.263Z</time></trkpt><trkpt lat="46.14852667" lon="4.39797"><ele>788.0</ele><time>2026-07-29T08:25:46.263Z</time></trkpt><trkpt lat="46.14853667" lon="4.39797833"><ele>789.0</ele><time>2026-07-29T08:25:47.263Z</time></trkpt><trkpt lat="46.14855" lon="4.39798833"><ele>789.0</ele><time>2026-07-29T08:25:48.263Z</time></trkpt><trkpt lat="46.14856667" lon="4.39800167"><ele>789.0</ele><time>2026-07-29T08:25:49.263Z</time></trkpt><trkpt lat="46.14858333" lon="4.398015"><ele>788.0</ele><time>2026-07-29T08:25:50.263Z</time></trkpt><trkpt lat="46.148595" lon="4.39802667"><ele>788.0</ele><time>2026-07-29T08:25:51.264Z</time></trkpt><trkpt lat="46.14860667" lon="4.39803833"><ele>788.0</ele><time>2026-07-29T08:25:52.264Z</time></trkpt><trkpt lat="46.14862333" lon="4.39805833"><ele>787.0</ele><time>2026-07-29T08:25:53.263Z</time></trkpt><trkpt lat="46.14863333" lon="4.398075"><ele>787.0</ele><time>2026-07-29T08:25:54.263Z</time></trkpt><trkpt lat="46.14865" lon="4.398085"><ele>787.0</ele><time>2026-07-29T08:25:55.263Z</time></trkpt><trkpt lat="46.14866833" lon="4.398095"><ele>786.0</ele><time>2026-07-29T08:25:56.263Z</time></trkpt><trkpt lat="46.14868" lon="4.39810833"><ele>786.0</ele><time>2026-07-29T08:25:57.263Z</time></trkpt><trkpt lat="46.14869167" lon="4.39811833"><ele>785.0</ele><time>2026-07-29T08:25:58.263Z</time></trkpt><trkpt lat="46.14870333" lon="4.39813167"><ele>785.0</ele><time>2026-07-29T08:25:59.263Z</time></trkpt><trkpt lat="46.148715" lon="4.398145"><ele>785.0</ele><time>2026-07-29T08:26:00.264Z</time></trkpt><trkpt lat="46.14872667" lon="4.39815833"><ele>785.0</ele><time>2026-07-29T08:26:01.263Z</time></trkpt><trkpt lat="46.14873833" lon="4.39817"><ele>786.0</ele><time>2026-07-29T08:26:02.264Z</time></trkpt><trkpt lat="46.14875167" lon="4.39818333"><ele>786.0</ele><time>2026-07-29T08:26:03.263Z</time></trkpt><trkpt lat="46.14876667" lon="4.39819667"><ele>786.0</ele><time>2026-07-29T08:26:04.263Z</time></trkpt><trkpt lat="46.14878167" lon="4.39821"><ele>786.0</ele><time>2026-07-29T08:26:05.263Z</time></trkpt><trkpt lat="46.14879667" lon="4.39822667"><ele>786.0</ele><time>2026-07-29T08:26:06.263Z</time></trkpt><trkpt lat="46.14881167" lon="4.39824333"><ele>786.0</ele><time>2026-07-29T08:26:07.263Z</time></trkpt><trkpt lat="46.14882333" lon="4.39825833"><ele>786.0</ele><time>2026-07-29T08:26:08.263Z</time></trkpt><trkpt lat="46.14883833" lon="4.39827333"><ele>785.0</ele><time>2026-07-29T08:26:09.263Z</time></trkpt><trkpt lat="46.14885167" lon="4.39828833"><ele>785.0</ele><time>2026-07-29T08:26:10.264Z</time></trkpt><trkpt lat="46.148865" lon="4.39830333"><ele>785.0</ele><time>2026-07-29T08:26:11.263Z</time></trkpt><trkpt lat="46.14887833" lon="4.39831833"><ele>785.0</ele><time>2026-07-29T08:26:12.263Z</time></trkpt><trkpt lat="46.14888833" lon="4.398335"><ele>784.0</ele><time>2026-07-29T08:26:13.263Z</time></trkpt><trkpt lat="46.14889833" lon="4.398355"><ele>784.0</ele><time>2026-07-29T08:26:14.264Z</time></trkpt><trkpt lat="46.148905" lon="4.398375"><ele>784.0</ele><time>2026-07-29T08:26:15.263Z</time></trkpt><trkpt lat="46.14891" lon="4.39839667"><ele>784.0</ele><time>2026-07-29T08:26:16.264Z</time></trkpt><trkpt lat="46.148915" lon="4.398415"><ele>783.0</ele><time>2026-07-29T08:26:17.263Z</time></trkpt><trkpt lat="46.14892167" lon="4.398435"><ele>783.0</ele><time>2026-07-29T08:26:18.264Z</time></trkpt><trkpt lat="46.14893167" lon="4.39845"><ele>783.0</ele><time>2026-07-29T08:26:19.263Z</time></trkpt><trkpt lat="46.14893333" lon="4.39846167"><ele>783.0</ele><time>2026-07-29T08:26:20.264Z</time></trkpt><trkpt lat="46.148935" lon="4.39848167"><ele>783.0</ele><time>2026-07-29T08:26:21.264Z</time></trkpt><trkpt lat="46.148935" lon="4.39850167"><ele>782.0</ele><time>2026-07-29T08:26:22.263Z</time></trkpt><trkpt lat="46.14893667" lon="4.39852167"><ele>782.0</ele><time>2026-07-29T08:26:23.263Z</time></trkpt><trkpt lat="46.14894" lon="4.398545"><ele>782.0</ele><time>2026-07-29T08:26:24.264Z</time></trkpt><trkpt lat="46.14894667" lon="4.39856833"><ele>782.0</ele><time>2026-07-29T08:26:25.263Z</time></trkpt><trkpt lat="46.14895167" lon="4.398595"><ele>782.0</ele><time>2026-07-29T08:26:26.263Z</time></trkpt><trkpt lat="46.14896333" lon="4.39862"><ele>782.0</ele><time>2026-07-29T08:26:27.263Z</time></trkpt><trkpt lat="46.14897333" lon="4.39864333"><ele>782.0</ele><time>2026-07-29T08:26:28.263Z</time></trkpt><trkpt lat="46.14898" lon="4.398665"><ele>782.0</ele><time>2026-07-29T08:26:29.263Z</time></trkpt><trkpt lat="46.14898667" lon="4.39868167"><ele>782.0</ele><time>2026-07-29T08:26:30.263Z</time></trkpt><trkpt lat="46.14898667" lon="4.39869833"><ele>781.0</ele><time>2026-07-29T08:26:31.263Z</time></trkpt><trkpt lat="46.14899167" lon="4.39871"><ele>781.0</ele><time>2026-07-29T08:26:32.263Z</time></trkpt><trkpt lat="46.149" lon="4.39872333"><ele>781.0</ele><time>2026-07-29T08:26:33.264Z</time></trkpt><trkpt lat="46.14900833" lon="4.398735"><ele>781.0</ele><time>2026-07-29T08:26:34.263Z</time></trkpt><trkpt lat="46.149015" lon="4.39875167"><ele>781.0</ele><time>2026-07-29T08:26:35.263Z</time></trkpt><trkpt lat="46.14901833" lon="4.39877333"><ele>781.0</ele><time>2026-07-29T08:26:36.263Z</time></trkpt><trkpt lat="46.14901833" lon="4.39879167"><ele>780.0</ele><time>2026-07-29T08:26:37.264Z</time></trkpt><trkpt lat="46.14902333" lon="4.39881167"><ele>780.0</ele><time>2026-07-29T08:26:38.263Z</time></trkpt><trkpt lat="46.14903" lon="4.39883"><ele>780.0</ele><time>2026-07-29T08:26:39.263Z</time></trkpt><trkpt lat="46.14903333" lon="4.39885333"><ele>779.0</ele><time>2026-07-29T08:26:40.264Z</time></trkpt><trkpt lat="46.14903833" lon="4.39887833"><ele>779.0</ele><time>2026-07-29T08:26:41.263Z</time></trkpt><trkpt lat="46.14904833" lon="4.39889667"><ele>779.0</ele><time>2026-07-29T08:26:42.263Z</time></trkpt><trkpt lat="46.14905667" lon="4.39891833"><ele>779.0</ele><time>2026-07-29T08:26:43.263Z</time></trkpt><trkpt lat="46.14906333" lon="4.39893333"><ele>779.0</ele><time>2026-07-29T08:26:44.264Z</time></trkpt><trkpt lat="46.14907667" lon="4.39895"><ele>779.0</ele><time>2026-07-29T08:26:45.263Z</time></trkpt><trkpt lat="46.14908833" lon="4.39897"><ele>780.0</ele><time>2026-07-29T08:26:46.263Z</time></trkpt><trkpt lat="46.1491" lon="4.39898167"><ele>780.0</ele><time>2026-07-29T08:26:47.264Z</time></trkpt><trkpt lat="46.14912" lon="4.39899667"><ele>780.0</ele><time>2026-07-29T08:26:48.263Z</time></trkpt><trkpt lat="46.14914333" lon="4.39901333"><ele>780.0</ele><time>2026-07-29T08:26:49.263Z</time></trkpt><trkpt lat="46.14916" lon="4.39902833"><ele>781.0</ele><time>2026-07-29T08:26:50.263Z</time></trkpt><trkpt lat="46.149175" lon="4.39904333"><ele>781.0</ele><time>2026-07-29T08:26:51.264Z</time></trkpt><trkpt lat="46.14918667" lon="4.399055"><ele>781.0</ele><time>2026-07-29T08:26:52.264Z</time></trkpt><trkpt lat="46.14920333" lon="4.39906667"><ele>780.0</ele><time>2026-07-29T08:26:53.263Z</time></trkpt><trkpt lat="46.14921167" lon="4.39908833"><ele>780.0</ele><time>2026-07-29T08:26:54.263Z</time></trkpt><trkpt lat="46.149225" lon="4.39910833"><ele>780.0</ele><time>2026-07-29T08:26:55.263Z</time></trkpt><trkpt lat="46.14924" lon="4.399125"><ele>781.0</ele><time>2026-07-29T08:26:56.263Z</time></trkpt><trkpt lat="46.14924833" lon="4.39913667"><ele>781.0</ele><time>2026-07-29T08:26:57.263Z</time></trkpt><trkpt lat="46.14925667" lon="4.39914833"><ele>781.0</ele><time>2026-07-29T08:26:58.264Z</time></trkpt><trkpt lat="46.14927" lon="4.39916667"><ele>781.0</ele><time>2026-07-29T08:26:59.263Z</time></trkpt><trkpt lat="46.14927667" lon="4.399185"><ele>781.0</ele><time>2026-07-29T08:27:00.264Z</time></trkpt><trkpt lat="46.14928667" lon="4.3992"><ele>781.0</ele><time>2026-07-29T08:27:01.263Z</time></trkpt><trkpt lat="46.14929667" lon="4.39921667"><ele>781.0</ele><time>2026-07-29T08:27:02.263Z</time></trkpt><trkpt lat="46.14931833" lon="4.399235"><ele>782.0</ele><time>2026-07-29T08:27:03.264Z</time></trkpt><trkpt lat="46.14933833" lon="4.39924333"><ele>782.0</ele><time>2026-07-29T08:27:04.263Z</time></trkpt><trkpt lat="46.14935333" lon="4.39925333"><ele>782.0</ele><time>2026-07-29T08:27:05.264Z</time></trkpt><trkpt lat="46.14935833" lon="4.39927167"><ele>782.0</ele><time>2026-07-29T08:27:06.264Z</time></trkpt><trkpt lat="46.14936833" lon="4.39928667"><ele>782.0</ele><time>2026-07-29T08:27:07.263Z</time></trkpt><trkpt lat="46.14937667" lon="4.39930167"><ele>782.0</ele><time>2026-07-29T08:27:08.263Z</time></trkpt><trkpt lat="46.14938333" lon="4.39931333"><ele>782.0</ele><time>2026-07-29T08:27:09.264Z</time></trkpt><trkpt lat="46.14938667" lon="4.39933"><ele>782.0</ele><time>2026-07-29T08:27:10.263Z</time></trkpt><trkpt lat="46.14939" lon="4.399345"><ele>783.0</ele><time>2026-07-29T08:27:11.264Z</time></trkpt><trkpt lat="46.14939167" lon="4.39934667"><ele>783.0</ele><time>2026-07-29T08:27:12.263Z</time></trkpt><trkpt lat="46.14941" lon="4.39935667"><ele>783.0</ele><time>2026-07-29T08:27:13.263Z</time></trkpt><trkpt lat="46.14942833" lon="4.39937667"><ele>783.0</ele><time>2026-07-29T08:27:14.263Z</time></trkpt><trkpt lat="46.14943833" lon="4.3994"><ele>783.0</ele><time>2026-07-29T08:27:15.263Z</time></trkpt><trkpt lat="46.149445" lon="4.39941333"><ele>783.0</ele><time>2026-07-29T08:27:16.263Z</time></trkpt><trkpt lat="46.14945667" lon="4.39942833"><ele>783.0</ele><time>2026-07-29T08:27:17.264Z</time></trkpt><trkpt lat="46.149465" lon="4.39944333"><ele>783.0</ele><time>2026-07-29T08:27:18.263Z</time></trkpt><trkpt lat="46.14946833" lon="4.39945833"><ele>783.0</ele><time>2026-07-29T08:27:19.263Z</time></trkpt><trkpt lat="46.14947" lon="4.39947667"><ele>784.0</ele><time>2026-07-29T08:27:20.263Z</time></trkpt><trkpt lat="46.14947333" lon="4.399495"><ele>784.0</ele><time>2026-07-29T08:27:21.263Z</time></trkpt><trkpt lat="46.14948" lon="4.39952"><ele>784.0</ele><time>2026-07-29T08:27:22.264Z</time></trkpt><trkpt lat="46.14948333" lon="4.39955167"><ele>784.0</ele><time>2026-07-29T08:27:23.264Z</time></trkpt><trkpt lat="46.14948833" lon="4.39958167"><ele>784.0</ele><time>2026-07-29T08:27:24.263Z</time></trkpt><trkpt lat="46.14949667" lon="4.39961833"><ele>784.0</ele><time>2026-07-29T08:27:25.263Z</time></trkpt><trkpt lat="46.14950333" lon="4.39965"><ele>784.0</ele><time>2026-07-29T08:27:26.263Z</time></trkpt><trkpt lat="46.14950667" lon="4.39967833"><ele>784.0</ele><time>2026-07-29T08:27:27.263Z</time></trkpt><trkpt lat="46.1495" lon="4.39970667"><ele>784.0</ele><time>2026-07-29T08:27:28.263Z</time></trkpt><trkpt lat="46.14949167" lon="4.39972833"><ele>785.0</ele><time>2026-07-29T08:27:29.263Z</time></trkpt><trkpt lat="46.14949167" lon="4.39975167"><ele>785.0</ele><time>2026-07-29T08:27:30.263Z</time></trkpt><trkpt lat="46.14949167" lon="4.39977167"><ele>785.0</ele><time>2026-07-29T08:27:31.263Z</time></trkpt><trkpt lat="46.14949" lon="4.39979333"><ele>785.0</ele><time>2026-07-29T08:27:32.263Z</time></trkpt><trkpt lat="46.14948833" lon="4.39981667"><ele>786.0</ele><time>2026-07-29T08:27:33.263Z</time></trkpt><trkpt lat="46.149485" lon="4.39983667"><ele>786.0</ele><time>2026-07-29T08:27:34.263Z</time></trkpt><trkpt lat="46.14948167" lon="4.399855"><ele>786.0</ele><time>2026-07-29T08:27:35.263Z</time></trkpt><trkpt lat="46.14947833" lon="4.39987667"><ele>785.0</ele><time>2026-07-29T08:27:36.263Z</time></trkpt><trkpt lat="46.149475" lon="4.39989833"><ele>785.0</ele><time>2026-07-29T08:27:37.264Z</time></trkpt><trkpt lat="46.149475" lon="4.399915"><ele>785.0</ele><time>2026-07-29T08:27:38.263Z</time></trkpt><trkpt lat="46.14947333" lon="4.39993333"><ele>785.0</ele><time>2026-07-29T08:27:39.264Z</time></trkpt><trkpt lat="46.149475" lon="4.39995"><ele>785.0</ele><time>2026-07-29T08:27:40.263Z</time></trkpt><trkpt lat="46.14947167" lon="4.39997833"><ele>784.0</ele><time>2026-07-29T08:27:41.263Z</time></trkpt><trkpt lat="46.14947" lon="4.39999667"><ele>784.0</ele><time>2026-07-29T08:27:42.263Z</time></trkpt><trkpt lat="46.14946833" lon="4.40002"><ele>784.0</ele><time>2026-07-29T08:27:43.263Z</time></trkpt><trkpt lat="46.14946333" lon="4.40004667"><ele>783.0</ele><time>2026-07-29T08:27:44.263Z</time></trkpt><trkpt lat="46.14946167" lon="4.40006333"><ele>783.0</ele><time>2026-07-29T08:27:45.263Z</time></trkpt><trkpt lat="46.149455" lon="4.40008667"><ele>782.0</ele><time>2026-07-29T08:27:46.264Z</time></trkpt><trkpt lat="46.14945167" lon="4.400115"><ele>782.0</ele><time>2026-07-29T08:27:47.263Z</time></trkpt><trkpt lat="46.14945167" lon="4.400145"><ele>781.0</ele><time>2026-07-29T08:27:48.263Z</time></trkpt><trkpt lat="46.14945167" lon="4.40017167"><ele>781.0</ele><time>2026-07-29T08:27:49.263Z</time></trkpt><trkpt lat="46.14944667" lon="4.40019667"><ele>781.0</ele><time>2026-07-29T08:27:50.263Z</time></trkpt><trkpt lat="46.14944167" lon="4.40021667"><ele>781.0</ele><time>2026-07-29T08:27:51.263Z</time></trkpt><trkpt lat="46.14944333" lon="4.40023333"><ele>781.0</ele><time>2026-07-29T08:27:52.264Z</time></trkpt><trkpt lat="46.14944167" lon="4.40025167"><ele>780.0</ele><time>2026-07-29T08:27:53.263Z</time></trkpt><trkpt lat="46.14943333" lon="4.40027667"><ele>780.0</ele><time>2026-07-29T08:27:54.263Z</time></trkpt><trkpt lat="46.14942667" lon="4.40029833"><ele>780.0</ele><time>2026-07-29T08:27:55.263Z</time></trkpt><trkpt lat="46.14942" lon="4.40032167"><ele>780.0</ele><time>2026-07-29T08:27:56.263Z</time></trkpt><trkpt lat="46.14941167" lon="4.40034667"><ele>780.0</ele><time>2026-07-29T08:27:57.264Z</time></trkpt><trkpt lat="46.14940833" lon="4.40036833"><ele>780.0</ele><time>2026-07-29T08:27:58.263Z</time></trkpt><trkpt lat="46.14941167" lon="4.40039667"><ele>780.0</ele><time>2026-07-29T08:27:59.263Z</time></trkpt><trkpt lat="46.14941667" lon="4.40041833"><ele>780.0</ele><time>2026-07-29T08:28:00.263Z</time></trkpt><trkpt lat="46.14942167" lon="4.40043333"><ele>780.0</ele><time>2026-07-29T08:28:01.263Z</time></trkpt><trkpt lat="46.14942833" lon="4.400445"><ele>780.0</ele><time>2026-07-29T08:28:02.263Z</time></trkpt><trkpt lat="46.14943167" lon="4.400455"><ele>780.0</ele><time>2026-07-29T08:28:03.263Z</time></trkpt><trkpt lat="46.14942667" lon="4.40047"><ele>780.0</ele><time>2026-07-29T08:28:04.263Z</time></trkpt><trkpt lat="46.14941833" lon="4.40049167"><ele>781.0</ele><time>2026-07-29T08:28:05.264Z</time></trkpt><trkpt lat="46.14940833" lon="4.40051333"><ele>781.0</ele><time>2026-07-29T08:28:06.264Z</time></trkpt><trkpt lat="46.149405" lon="4.40053"><ele>781.0</ele><time>2026-07-29T08:28:07.263Z</time></trkpt><trkpt lat="46.149395" lon="4.40054833"><ele>781.0</ele><time>2026-07-29T08:28:08.264Z</time></trkpt><trkpt lat="46.14938833" lon="4.40056333"><ele>781.0</ele><time>2026-07-29T08:28:09.263Z</time></trkpt><trkpt lat="46.14938333" lon="4.40058167"><ele>781.0</ele><time>2026-07-29T08:28:10.263Z</time></trkpt><trkpt lat="46.14938" lon="4.40059667"><ele>781.0</ele><time>2026-07-29T08:28:11.264Z</time></trkpt><trkpt lat="46.14937833" lon="4.40060833"><ele>780.0</ele><time>2026-07-29T08:28:12.263Z</time></trkpt><trkpt lat="46.14936333" lon="4.40062833"><ele>780.0</ele><time>2026-07-29T08:28:13.263Z</time></trkpt><trkpt lat="46.14935167" lon="4.40064167"><ele>780.0</ele><time>2026-07-29T08:28:14.264Z</time></trkpt><trkpt lat="46.14934167" lon="4.40065333"><ele>780.0</ele><time>2026-07-29T08:28:15.263Z</time></trkpt><trkpt lat="46.149335" lon="4.40066833"><ele>779.0</ele><time>2026-07-29T08:28:16.263Z</time></trkpt><trkpt lat="46.14932833" lon="4.400685"><ele>779.0</ele><time>2026-07-29T08:28:17.263Z</time></trkpt><trkpt lat="46.14931833" lon="4.400705"><ele>779.0</ele><time>2026-07-29T08:28:18.264Z</time></trkpt><trkpt lat="46.14931333" lon="4.40072"><ele>779.0</ele><time>2026-07-29T08:28:19.263Z</time></trkpt><trkpt lat="46.14930333" lon="4.40073833"><ele>779.0</ele><time>2026-07-29T08:28:20.263Z</time></trkpt><trkpt lat="46.14929333" lon="4.40075333"><ele>779.0</ele><time>2026-07-29T08:28:21.263Z</time></trkpt><trkpt lat="46.14927667" lon="4.40077333"><ele>779.0</ele><time>2026-07-29T08:28:22.263Z</time></trkpt><trkpt lat="46.14926333" lon="4.40079"><ele>779.0</ele><time>2026-07-29T08:28:23.263Z</time></trkpt><trkpt lat="46.14925167" lon="4.40081333"><ele>779.0</ele><time>2026-07-29T08:28:24.263Z</time></trkpt><trkpt lat="46.14924167" lon="4.40083333"><ele>779.0</ele><time>2026-07-29T08:28:25.263Z</time></trkpt><trkpt lat="46.149235" lon="4.40085167"><ele>779.0</ele><time>2026-07-29T08:28:26.263Z</time></trkpt><trkpt lat="46.14923167" lon="4.40087"><ele>778.0</ele><time>2026-07-29T08:28:27.263Z</time></trkpt><trkpt lat="46.14922" lon="4.40089167"><ele>778.0</ele><time>2026-07-29T08:28:28.264Z</time></trkpt><trkpt lat="46.14921167" lon="4.40090833"><ele>778.0</ele><time>2026-07-29T08:28:29.263Z</time></trkpt><trkpt lat="46.14920833" lon="4.40092833"><ele>778.0</ele><time>2026-07-29T08:28:30.263Z</time></trkpt><trkpt lat="46.14920667" lon="4.40094333"><ele>778.0</ele><time>2026-07-29T08:28:31.263Z</time></trkpt><trkpt lat="46.149205" lon="4.40096167"><ele>778.0</ele><time>2026-07-29T08:28:32.263Z</time></trkpt><trkpt lat="46.149205" lon="4.40098167"><ele>778.0</ele><time>2026-07-29T08:28:33.263Z</time></trkpt><trkpt lat="46.14920333" lon="4.40099667"><ele>778.0</ele><time>2026-07-29T08:28:34.263Z</time></trkpt><trkpt lat="46.149195" lon="4.40101667"><ele>778.0</ele><time>2026-07-29T08:28:35.264Z</time></trkpt><trkpt lat="46.14918167" lon="4.401035"><ele>778.0</ele><time>2026-07-29T08:28:36.263Z</time></trkpt><trkpt lat="46.14916667" lon="4.40105333"><ele>778.0</ele><time>2026-07-29T08:28:37.263Z</time></trkpt><trkpt lat="46.14915167" lon="4.40106833"><ele>778.0</ele><time>2026-07-29T08:28:38.263Z</time></trkpt><trkpt lat="46.14914333" lon="4.40108333"><ele>778.0</ele><time>2026-07-29T08:28:39.263Z</time></trkpt><trkpt lat="46.149135" lon="4.40109833"><ele>778.0</ele><time>2026-07-29T08:28:40.263Z</time></trkpt><trkpt lat="46.14913167" lon="4.40110667"><ele>778.0</ele><time>2026-07-29T08:28:41.263Z</time></trkpt><trkpt lat="46.14912833" lon="4.40112"><ele>778.0</ele><time>2026-07-29T08:28:42.264Z</time></trkpt><trkpt lat="46.149125" lon="4.401135"><ele>778.0</ele><time>2026-07-29T08:28:43.263Z</time></trkpt><trkpt lat="46.14912" lon="4.401155"><ele>778.0</ele><time>2026-07-29T08:28:44.264Z</time></trkpt><trkpt lat="46.14911167" lon="4.401175"><ele>778.0</ele><time>2026-07-29T08:28:45.263Z</time></trkpt><trkpt lat="46.14910167" lon="4.40119167"><ele>778.0</ele><time>2026-07-29T08:28:46.263Z</time></trkpt><trkpt lat="46.14909167" lon="4.40121"><ele>778.0</ele><time>2026-07-29T08:28:47.263Z</time></trkpt><trkpt lat="46.14908833" lon="4.40122833"><ele>777.0</ele><time>2026-07-29T08:28:48.263Z</time></trkpt><trkpt lat="46.14908333" lon="4.401255"><ele>777.0</ele><time>2026-07-29T08:28:49.263Z</time></trkpt><trkpt lat="46.14907333" lon="4.40128167"><ele>776.0</ele><time>2026-07-29T08:28:50.263Z</time></trkpt><trkpt lat="46.14905833" lon="4.40130667"><ele>775.0</ele><time>2026-07-29T08:28:51.263Z</time></trkpt><trkpt lat="46.14903833" lon="4.40132667"><ele>775.0</ele><time>2026-07-29T08:28:52.263Z</time></trkpt><trkpt lat="46.149025" lon="4.40135167"><ele>774.0</ele><time>2026-07-29T08:28:53.263Z</time></trkpt><trkpt lat="46.149015" lon="4.40137333"><ele>774.0</ele><time>2026-07-29T08:28:54.263Z</time></trkpt><trkpt lat="46.14900167" lon="4.40139667"><ele>774.0</ele><time>2026-07-29T08:28:55.264Z</time></trkpt><trkpt lat="46.14899333" lon="4.40142333"><ele>773.0</ele><time>2026-07-29T08:28:56.264Z</time></trkpt><trkpt lat="46.14898333" lon="4.40144833"><ele>773.0</ele><time>2026-07-29T08:28:57.264Z</time></trkpt><trkpt lat="46.14896667" lon="4.40147167"><ele>773.0</ele><time>2026-07-29T08:28:58.264Z</time></trkpt><trkpt lat="46.14894833" lon="4.40149167"><ele>772.0</ele><time>2026-07-29T08:28:59.264Z</time></trkpt><trkpt lat="46.14893333" lon="4.40151667"><ele>772.0</ele><time>2026-07-29T08:29:00.263Z</time></trkpt><trkpt lat="46.14892167" lon="4.40154"><ele>771.0</ele><time>2026-07-29T08:29:01.263Z</time></trkpt><trkpt lat="46.14891667" lon="4.40156167"><ele>770.0</ele><time>2026-07-29T08:29:02.263Z</time></trkpt><trkpt lat="46.14890667" lon="4.40158833"><ele>769.0</ele><time>2026-07-29T08:29:03.263Z</time></trkpt><trkpt lat="46.14890167" lon="4.40159833"><ele>769.0</ele><time>2026-07-29T08:29:04.263Z</time></trkpt><trkpt lat="46.14889833" lon="4.40161333"><ele>768.0</ele><time>2026-07-29T08:29:05.263Z</time></trkpt><trkpt lat="46.14889167" lon="4.40162333"><ele>768.0</ele><time>2026-07-29T08:29:06.264Z</time></trkpt><trkpt lat="46.14888" lon="4.40164333"><ele>768.0</ele><time>2026-07-29T08:29:07.263Z</time></trkpt><trkpt lat="46.148865" lon="4.401665"><ele>768.0</ele><time>2026-07-29T08:29:08.263Z</time></trkpt><trkpt lat="46.14885333" lon="4.40167833"><ele>769.0</ele><time>2026-07-29T08:29:09.263Z</time></trkpt><trkpt lat="46.14883833" lon="4.40169167"><ele>769.0</ele><time>2026-07-29T08:29:10.263Z</time></trkpt><trkpt lat="46.14882667" lon="4.40170667"><ele>769.0</ele><time>2026-07-29T08:29:11.264Z</time></trkpt><trkpt lat="46.148815" lon="4.40172333"><ele>768.0</ele><time>2026-07-29T08:29:12.263Z</time></trkpt><trkpt lat="46.148805" lon="4.40174333"><ele>768.0</ele><time>2026-07-29T08:29:13.263Z</time></trkpt><trkpt lat="46.14879667" lon="4.40176167"><ele>768.0</ele><time>2026-07-29T08:29:14.263Z</time></trkpt><trkpt lat="46.14879167" lon="4.401775"><ele>768.0</ele><time>2026-07-29T08:29:15.263Z</time></trkpt><trkpt lat="46.14878" lon="4.40179333"><ele>768.0</ele><time>2026-07-29T08:29:16.263Z</time></trkpt><trkpt lat="46.148765" lon="4.40181667"><ele>768.0</ele><time>2026-07-29T08:29:17.263Z</time></trkpt><trkpt lat="46.14874833" lon="4.40184667"><ele>768.0</ele><time>2026-07-29T08:29:18.263Z</time></trkpt><trkpt lat="46.14873" lon="4.40186833"><ele>769.0</ele><time>2026-07-29T08:29:19.263Z</time></trkpt><trkpt lat="46.14871833" lon="4.40188167"><ele>769.0</ele><time>2026-07-29T08:29:20.263Z</time></trkpt><trkpt lat="46.14871333" lon="4.40188833"><ele>769.0</ele><time>2026-07-29T08:29:21.263Z</time></trkpt><trkpt lat="46.14870167" lon="4.401905"><ele>770.0</ele><time>2026-07-29T08:29:22.263Z</time></trkpt><trkpt lat="46.14869167" lon="4.40191833"><ele>770.0</ele><time>2026-07-29T08:29:23.263Z</time></trkpt><trkpt lat="46.14868167" lon="4.40192833"><ele>770.0</ele><time>2026-07-29T08:29:24.263Z</time></trkpt><trkpt lat="46.14867" lon="4.40194667"><ele>770.0</ele><time>2026-07-29T08:29:25.263Z</time></trkpt><trkpt lat="46.14865667" lon="4.401965"><ele>770.0</ele><time>2026-07-29T08:29:26.264Z</time></trkpt><trkpt lat="46.14864333" lon="4.401985"><ele>770.0</ele><time>2026-07-29T08:29:27.263Z</time></trkpt><trkpt lat="46.14863333" lon="4.402005"><ele>769.0</ele><time>2026-07-29T08:29:28.263Z</time></trkpt><trkpt lat="46.14862333" lon="4.40202333"><ele>768.0</ele><time>2026-07-29T08:29:29.263Z</time></trkpt><trkpt lat="46.148615" lon="4.40204167"><ele>768.0</ele><time>2026-07-29T08:29:30.264Z</time></trkpt><trkpt lat="46.14860833" lon="4.40206333"><ele>767.0</ele><time>2026-07-29T08:29:31.263Z</time></trkpt><trkpt lat="46.148595" lon="4.40208667"><ele>766.0</ele><time>2026-07-29T08:29:32.263Z</time></trkpt><trkpt lat="46.14858333" lon="4.40210833"><ele>766.0</ele><time>2026-07-29T08:29:33.264Z</time></trkpt><trkpt lat="46.14857167" lon="4.402145"><ele>766.0</ele><time>2026-07-29T08:29:34.263Z</time></trkpt><trkpt lat="46.14856667" lon="4.40218167"><ele>766.0</ele><time>2026-07-29T08:29:35.263Z</time></trkpt><trkpt lat="46.14856167" lon="4.40220667"><ele>766.0</ele><time>2026-07-29T08:29:36.263Z</time></trkpt><trkpt lat="46.14855667" lon="4.40222667"><ele>765.0</ele><time>2026-07-29T08:29:37.263Z</time></trkpt><trkpt lat="46.14855167" lon="4.40224167"><ele>765.0</ele><time>2026-07-29T08:29:38.263Z</time></trkpt><trkpt lat="46.14854833" lon="4.402255"><ele>764.0</ele><time>2026-07-29T08:29:39.263Z</time></trkpt><trkpt lat="46.14854333" lon="4.40226667"><ele>764.0</ele><time>2026-07-29T08:29:40.263Z</time></trkpt><trkpt lat="46.14853333" lon="4.40228"><ele>764.0</ele><time>2026-07-29T08:29:41.263Z</time></trkpt><trkpt lat="46.14852333" lon="4.40230167"><ele>764.0</ele><time>2026-07-29T08:29:42.263Z</time></trkpt><trkpt lat="46.14851833" lon="4.40231333"><ele>763.0</ele><time>2026-07-29T08:29:43.263Z</time></trkpt><trkpt lat="46.14852" lon="4.402325"><ele>763.0</ele><time>2026-07-29T08:29:44.263Z</time></trkpt><trkpt lat="46.14852" lon="4.40233833"><ele>763.0</ele><time>2026-07-29T08:29:45.263Z</time></trkpt><trkpt lat="46.14852" lon="4.40235833"><ele>763.0</ele><time>2026-07-29T08:29:46.263Z</time></trkpt><trkpt lat="46.148515" lon="4.40238"><ele>763.0</ele><time>2026-07-29T08:29:47.263Z</time></trkpt><trkpt lat="46.14851667" lon="4.402395"><ele>763.0</ele><time>2026-07-29T08:29:48.263Z</time></trkpt><trkpt lat="46.14851167" lon="4.40241333"><ele>763.0</ele><time>2026-07-29T08:29:49.263Z</time></trkpt><trkpt lat="46.14851" lon="4.40242667"><ele>763.0</ele><time>2026-07-29T08:29:50.263Z</time></trkpt><trkpt lat="46.14850667" lon="4.40244167"><ele>763.0</ele><time>2026-07-29T08:29:51.263Z</time></trkpt><trkpt lat="46.1485" lon="4.40245667"><ele>762.0</ele><time>2026-07-29T08:29:52.263Z</time></trkpt><trkpt lat="46.14850167" lon="4.402465"><ele>762.0</ele><time>2026-07-29T08:29:53.263Z</time></trkpt><trkpt lat="46.14849833" lon="4.40248333"><ele>762.0</ele><time>2026-07-29T08:29:54.263Z</time></trkpt><trkpt lat="46.14848667" lon="4.40250833"><ele>761.0</ele><time>2026-07-29T08:29:55.263Z</time></trkpt><trkpt lat="46.14847833" lon="4.40252"><ele>761.0</ele><time>2026-07-29T08:29:56.263Z</time></trkpt><trkpt lat="46.14846333" lon="4.40253333"><ele>760.0</ele><time>2026-07-29T08:29:57.263Z</time></trkpt><trkpt lat="46.14844833" lon="4.40254167"><ele>760.0</ele><time>2026-07-29T08:29:58.263Z</time></trkpt><trkpt lat="46.14843" lon="4.40255333"><ele>759.0</ele><time>2026-07-29T08:29:59.263Z</time></trkpt><trkpt lat="46.14841167" lon="4.40256"><ele>759.0</ele><time>2026-07-29T08:30:00.263Z</time></trkpt><trkpt lat="46.14839167" lon="4.40255833"><ele>759.0</ele><time>2026-07-29T08:30:01.263Z</time></trkpt><trkpt lat="46.14837667" lon="4.402555"><ele>759.0</ele><time>2026-07-29T08:30:02.263Z</time></trkpt><trkpt lat="46.14836333" lon="4.40255167"><ele>759.0</ele><time>2026-07-29T08:30:03.263Z</time></trkpt><trkpt lat="46.14834833" lon="4.402545"><ele>759.0</ele><time>2026-07-29T08:30:04.263Z</time></trkpt><trkpt lat="46.148335" lon="4.40254167"><ele>759.0</ele><time>2026-07-29T08:30:05.263Z</time></trkpt><trkpt lat="46.14832167" lon="4.40254"><ele>758.0</ele><time>2026-07-29T08:30:06.264Z</time></trkpt><trkpt lat="46.14830833" lon="4.40254"><ele>758.0</ele><time>2026-07-29T08:30:07.264Z</time></trkpt><trkpt lat="46.14829333" lon="4.40254167"><ele>757.0</ele><time>2026-07-29T08:30:08.263Z</time></trkpt><trkpt lat="46.14828" lon="4.40254667"><ele>757.0</ele><time>2026-07-29T08:30:09.263Z</time></trkpt><trkpt lat="46.14827" lon="4.40255333"><ele>757.0</ele><time>2026-07-29T08:30:10.263Z</time></trkpt><trkpt lat="46.148255" lon="4.40256"><ele>757.0</ele><time>2026-07-29T08:30:11.263Z</time></trkpt><trkpt lat="46.14824333" lon="4.40256333"><ele>757.0</ele><time>2026-07-29T08:30:12.264Z</time></trkpt><trkpt lat="46.14823167" lon="4.402565"><ele>757.0</ele><time>2026-07-29T08:30:13.263Z</time></trkpt><trkpt lat="46.14822167" lon="4.40256667"><ele>756.0</ele><time>2026-07-29T08:30:14.263Z</time></trkpt><trkpt lat="46.148205" lon="4.40257"><ele>756.0</ele><time>2026-07-29T08:30:15.264Z</time></trkpt><trkpt lat="46.14819333" lon="4.40257"><ele>756.0</ele><time>2026-07-29T08:30:16.263Z</time></trkpt><trkpt lat="46.14818" lon="4.40256667"><ele>757.0</ele><time>2026-07-29T08:30:17.263Z</time></trkpt><trkpt lat="46.14816667" lon="4.40256667"><ele>757.0</ele><time>2026-07-29T08:30:18.263Z</time></trkpt><trkpt lat="46.14815333" lon="4.40256667"><ele>757.0</ele><time>2026-07-29T08:30:19.264Z</time></trkpt><trkpt lat="46.14813833" lon="4.40257"><ele>757.0</ele><time>2026-07-29T08:30:20.264Z</time></trkpt><trkpt lat="46.148125" lon="4.40257667"><ele>757.0</ele><time>2026-07-29T08:30:21.263Z</time></trkpt><trkpt lat="46.14811" lon="4.40258167"><ele>757.0</ele><time>2026-07-29T08:30:22.264Z</time></trkpt><trkpt lat="46.1481" lon="4.402585"><ele>758.0</ele><time>2026-07-29T08:30:23.263Z</time></trkpt><trkpt lat="46.14808333" lon="4.40259167"><ele>758.0</ele><time>2026-07-29T08:30:24.263Z</time></trkpt><trkpt lat="46.14807" lon="4.40259333"><ele>758.0</ele><time>2026-07-29T08:30:25.263Z</time></trkpt><trkpt lat="46.14805833" lon="4.40258833"><ele>758.0</ele><time>2026-07-29T08:30:26.263Z</time></trkpt><trkpt lat="46.14804833" lon="4.402585"><ele>758.0</ele><time>2026-07-29T08:30:27.263Z</time></trkpt><trkpt lat="46.148035" lon="4.40258333"><ele>758.0</ele><time>2026-07-29T08:30:28.263Z</time></trkpt><trkpt lat="46.14802" lon="4.40258333"><ele>757.0</ele><time>2026-07-29T08:30:29.263Z</time></trkpt><trkpt lat="46.148005" lon="4.40258833"><ele>757.0</ele><time>2026-07-29T08:30:30.263Z</time></trkpt><trkpt lat="46.14799333" lon="4.402595"><ele>757.0</ele><time>2026-07-29T08:30:31.263Z</time></trkpt><trkpt lat="46.14798167" lon="4.40260167"><ele>757.0</ele><time>2026-07-29T08:30:32.263Z</time></trkpt><trkpt lat="46.14797" lon="4.40260333"><ele>757.0</ele><time>2026-07-29T08:30:33.263Z</time></trkpt><trkpt lat="46.147955" lon="4.40261"><ele>757.0</ele><time>2026-07-29T08:30:34.263Z</time></trkpt><trkpt lat="46.14793667" lon="4.402615"><ele>757.0</ele><time>2026-07-29T08:30:35.263Z</time></trkpt><trkpt lat="46.14792333" lon="4.40261833"><ele>757.0</ele><time>2026-07-29T08:30:36.264Z</time></trkpt><trkpt lat="46.147905" lon="4.40262333"><ele>757.0</ele><time>2026-07-29T08:30:37.263Z</time></trkpt><trkpt lat="46.14789" lon="4.40262333"><ele>757.0</ele><time>2026-07-29T08:30:38.263Z</time></trkpt><trkpt lat="46.147875" lon="4.40262167"><ele>757.0</ele><time>2026-07-29T08:30:39.263Z</time></trkpt><trkpt lat="46.14786333" lon="4.40262333"><ele>757.0</ele><time>2026-07-29T08:30:40.264Z</time></trkpt><trkpt lat="46.14784833" lon="4.40262333"><ele>757.0</ele><time>2026-07-29T08:30:41.263Z</time></trkpt><trkpt lat="46.14783167" lon="4.40262333"><ele>757.0</ele><time>2026-07-29T08:30:42.263Z</time></trkpt><trkpt lat="46.14781667" lon="4.40262667"><ele>757.0</ele><time>2026-07-29T08:30:43.263Z</time></trkpt><trkpt lat="46.147805" lon="4.40263167"><ele>757.0</ele><time>2026-07-29T08:30:44.263Z</time></trkpt><trkpt lat="46.14779333" lon="4.40263667"><ele>757.0</ele><time>2026-07-29T08:30:45.263Z</time></trkpt><trkpt lat="46.14777833" lon="4.40264167"><ele>756.0</ele><time>2026-07-29T08:30:46.263Z</time></trkpt><trkpt lat="46.14776333" lon="4.40264667"><ele>756.0</ele><time>2026-07-29T08:30:47.263Z</time></trkpt><trkpt lat="46.14774833" lon="4.40265"><ele>756.0</ele><time>2026-07-29T08:30:48.263Z</time></trkpt><trkpt lat="46.14773333" lon="4.40265167"><ele>756.0</ele><time>2026-07-29T08:30:49.264Z</time></trkpt><trkpt lat="46.14771833" lon="4.40265333"><ele>755.0</ele><time>2026-07-29T08:30:50.263Z</time></trkpt><trkpt lat="46.14770167" lon="4.40265667"><ele>755.0</ele><time>2026-07-29T08:30:51.263Z</time></trkpt><trkpt lat="46.14768667" lon="4.40266167"><ele>755.0</ele><time>2026-07-29T08:30:52.263Z</time></trkpt><trkpt lat="46.14767333" lon="4.40266667"><ele>755.0</ele><time>2026-07-29T08:30:53.263Z</time></trkpt><trkpt lat="46.14766" lon="4.40267167"><ele>755.0</ele><time>2026-07-29T08:30:54.264Z</time></trkpt><trkpt lat="46.14764667" lon="4.40267667"><ele>755.0</ele><time>2026-07-29T08:30:55.264Z</time></trkpt><trkpt lat="46.14763167" lon="4.40268167"><ele>755.0</ele><time>2026-07-29T08:30:56.263Z</time></trkpt><trkpt lat="46.14761667" lon="4.40268667"><ele>755.0</ele><time>2026-07-29T08:30:57.263Z</time></trkpt><trkpt lat="46.1476" lon="4.40268667"><ele>754.0</ele><time>2026-07-29T08:30:58.263Z</time></trkpt><trkpt lat="46.147585" lon="4.40268833"><ele>754.0</ele><time>2026-07-29T08:30:59.263Z</time></trkpt><trkpt lat="46.14756833" lon="4.40269333"><ele>754.0</ele><time>2026-07-29T08:31:00.263Z</time></trkpt><trkpt lat="46.147555" lon="4.402705"><ele>754.0</ele><time>2026-07-29T08:31:01.263Z</time></trkpt><trkpt lat="46.14754" lon="4.40271333"><ele>754.0</ele><time>2026-07-29T08:31:02.263Z</time></trkpt><trkpt lat="46.14752667" lon="4.402725"><ele>754.0</ele><time>2026-07-29T08:31:03.264Z</time></trkpt><trkpt lat="46.147515" lon="4.40273833"><ele>754.0</ele><time>2026-07-29T08:31:04.263Z</time></trkpt><trkpt lat="46.14750167" lon="4.40274833"><ele>754.0</ele><time>2026-07-29T08:31:05.263Z</time></trkpt><trkpt lat="46.14749" lon="4.40275833"><ele>754.0</ele><time>2026-07-29T08:31:06.264Z</time></trkpt><trkpt lat="46.14747833" lon="4.40277"><ele>754.0</ele><time>2026-07-29T08:31:07.263Z</time></trkpt><trkpt lat="46.14746333" lon="4.40278333"><ele>754.0</ele><time>2026-07-29T08:31:08.264Z</time></trkpt><trkpt lat="46.14745167" lon="4.402795"><ele>754.0</ele><time>2026-07-29T08:31:09.263Z</time></trkpt><trkpt lat="46.14744" lon="4.40280667"><ele>754.0</ele><time>2026-07-29T08:31:10.264Z</time></trkpt><trkpt lat="46.14742833" lon="4.40281667"><ele>754.0</ele><time>2026-07-29T08:31:11.263Z</time></trkpt><trkpt lat="46.14741667" lon="4.402825"><ele>754.0</ele><time>2026-07-29T08:31:12.263Z</time></trkpt><trkpt lat="46.14740833" lon="4.40283"><ele>754.0</ele><time>2026-07-29T08:31:13.263Z</time></trkpt><trkpt lat="46.147395" lon="4.40284"><ele>754.0</ele><time>2026-07-29T08:31:14.263Z</time></trkpt><trkpt lat="46.14738333" lon="4.40285167"><ele>754.0</ele><time>2026-07-29T08:31:15.263Z</time></trkpt><trkpt lat="46.14737167" lon="4.40286333"><ele>753.0</ele><time>2026-07-29T08:31:16.263Z</time></trkpt><trkpt lat="46.14736" lon="4.402875"><ele>753.0</ele><time>2026-07-29T08:31:17.263Z</time></trkpt><trkpt lat="46.14734833" lon="4.402885"><ele>753.0</ele><time>2026-07-29T08:31:18.264Z</time></trkpt><trkpt lat="46.14733833" lon="4.40289667"><ele>753.0</ele><time>2026-07-29T08:31:19.264Z</time></trkpt><trkpt lat="46.14732667" lon="4.40291167"><ele>753.0</ele><time>2026-07-29T08:31:20.263Z</time></trkpt><trkpt lat="46.147315" lon="4.40292667"><ele>753.0</ele><time>2026-07-29T08:31:21.263Z</time></trkpt><trkpt lat="46.14730333" lon="4.402945"><ele>753.0</ele><time>2026-07-29T08:31:22.263Z</time></trkpt><trkpt lat="46.147295" lon="4.40295667"><ele>753.0</ele><time>2026-07-29T08:31:23.263Z</time></trkpt><trkpt lat="46.14728333" lon="4.40297"><ele>753.0</ele><time>2026-07-29T08:31:24.263Z</time></trkpt><trkpt lat="46.14727167" lon="4.40298333"><ele>753.0</ele><time>2026-07-29T08:31:25.263Z</time></trkpt><trkpt lat="46.14726" lon="4.40299667"><ele>753.0</ele><time>2026-07-29T08:31:26.263Z</time></trkpt><trkpt lat="46.14724667" lon="4.40301167"><ele>753.0</ele><time>2026-07-29T08:31:27.263Z</time></trkpt><trkpt lat="46.147235" lon="4.40302667"><ele>753.0</ele><time>2026-07-29T08:31:28.263Z</time></trkpt><trkpt lat="46.14722333" lon="4.403045"><ele>753.0</ele><time>2026-07-29T08:31:29.263Z</time></trkpt><trkpt lat="46.14721167" lon="4.40306333"><ele>753.0</ele><time>2026-07-29T08:31:30.264Z</time></trkpt><trkpt lat="46.14720167" lon="4.40308167"><ele>753.0</ele><time>2026-07-29T08:31:31.263Z</time></trkpt><trkpt lat="46.14719167" lon="4.4031"><ele>753.0</ele><time>2026-07-29T08:31:32.263Z</time></trkpt><trkpt lat="46.14718167" lon="4.40311833"><ele>753.0</ele><time>2026-07-29T08:31:33.263Z</time></trkpt><trkpt lat="46.14717167" lon="4.403135"><ele>752.0</ele><time>2026-07-29T08:31:34.263Z</time></trkpt><trkpt lat="46.147165" lon="4.40315167"><ele>752.0</ele><time>2026-07-29T08:31:35.263Z</time></trkpt><trkpt lat="46.147155" lon="4.40316667"><ele>752.0</ele><time>2026-07-29T08:31:36.263Z</time></trkpt><trkpt lat="46.147145" lon="4.403185"><ele>752.0</ele><time>2026-07-29T08:31:37.263Z</time></trkpt><trkpt lat="46.14713667" lon="4.403205"><ele>752.0</ele><time>2026-07-29T08:31:38.263Z</time></trkpt><trkpt lat="46.14712833" lon="4.40322667"><ele>752.0</ele><time>2026-07-29T08:31:39.263Z</time></trkpt><trkpt lat="46.14711833" lon="4.40324833"><ele>752.0</ele><time>2026-07-29T08:31:40.263Z</time></trkpt><trkpt lat="46.14710833" lon="4.403265"><ele>752.0</ele><time>2026-07-29T08:31:41.263Z</time></trkpt><trkpt lat="46.14709833" lon="4.40327833"><ele>752.0</ele><time>2026-07-29T08:31:42.264Z</time></trkpt><trkpt lat="46.14708667" lon="4.403295"><ele>752.0</ele><time>2026-07-29T08:31:43.263Z</time></trkpt><trkpt lat="46.147075" lon="4.40330833"><ele>752.0</ele><time>2026-07-29T08:31:44.263Z</time></trkpt><trkpt lat="46.14706667" lon="4.403325"><ele>752.0</ele><time>2026-07-29T08:31:45.263Z</time></trkpt><trkpt lat="46.14706" lon="4.40333833"><ele>752.0</ele><time>2026-07-29T08:31:46.264Z</time></trkpt><trkpt lat="46.14705333" lon="4.40335833"><ele>752.0</ele><time>2026-07-29T08:31:47.263Z</time></trkpt><trkpt lat="46.14704667" lon="4.40337667"><ele>752.0</ele><time>2026-07-29T08:31:48.263Z</time></trkpt><trkpt lat="46.14703833" lon="4.403395"><ele>752.0</ele><time>2026-07-29T08:31:49.263Z</time></trkpt><trkpt lat="46.14703167" lon="4.40341333"><ele>752.0</ele><time>2026-07-29T08:31:50.263Z</time></trkpt><trkpt lat="46.14702667" lon="4.40343"><ele>752.0</ele><time>2026-07-29T08:31:51.263Z</time></trkpt><trkpt lat="46.14701833" lon="4.40345"><ele>752.0</ele><time>2026-07-29T08:31:52.263Z</time></trkpt><trkpt lat="46.14701" lon="4.40346667"><ele>752.0</ele><time>2026-07-29T08:31:53.263Z</time></trkpt><trkpt lat="46.14700333" lon="4.403485"><ele>752.0</ele><time>2026-07-29T08:31:54.263Z</time></trkpt><trkpt lat="46.14699833" lon="4.40350333"><ele>752.0</ele><time>2026-07-29T08:31:55.263Z</time></trkpt><trkpt lat="46.14699333" lon="4.40352167"><ele>752.0</ele><time>2026-07-29T08:31:56.263Z</time></trkpt><trkpt lat="46.14698833" lon="4.40353833"><ele>752.0</ele><time>2026-07-29T08:31:57.263Z</time></trkpt><trkpt lat="46.14698333" lon="4.40355667"><ele>752.0</ele><time>2026-07-29T08:31:58.263Z</time></trkpt><trkpt lat="46.14697833" lon="4.403575"><ele>752.0</ele><time>2026-07-29T08:31:59.263Z</time></trkpt><trkpt lat="46.14697" lon="4.40358667"><ele>752.0</ele><time>2026-07-29T08:32:00.263Z</time></trkpt><trkpt lat="46.14696167" lon="4.40359833"><ele>752.0</ele><time>2026-07-29T08:32:01.263Z</time></trkpt><trkpt lat="46.14695333" lon="4.40361333"><ele>751.0</ele><time>2026-07-29T08:32:02.263Z</time></trkpt><trkpt lat="46.14694667" lon="4.40362833"><ele>751.0</ele><time>2026-07-29T08:32:03.263Z</time></trkpt><trkpt lat="46.14694" lon="4.403645"><ele>751.0</ele><time>2026-07-29T08:32:04.263Z</time></trkpt><trkpt lat="46.146935" lon="4.40366167"><ele>750.0</ele><time>2026-07-29T08:32:05.263Z</time></trkpt><trkpt lat="46.14692833" lon="4.40367667"><ele>750.0</ele><time>2026-07-29T08:32:06.264Z</time></trkpt><trkpt lat="46.14692167" lon="4.403695"><ele>750.0</ele><time>2026-07-29T08:32:07.264Z</time></trkpt><trkpt lat="46.14692" lon="4.40371"><ele>750.0</ele><time>2026-07-29T08:32:08.263Z</time></trkpt><trkpt lat="46.14691667" lon="4.40372833"><ele>750.0</ele><time>2026-07-29T08:32:09.263Z</time></trkpt><trkpt lat="46.14691333" lon="4.403745"><ele>749.0</ele><time>2026-07-29T08:32:10.263Z</time></trkpt><trkpt lat="46.14690667" lon="4.40376333"><ele>749.0</ele><time>2026-07-29T08:32:11.263Z</time></trkpt><trkpt lat="46.14689833" lon="4.40378"><ele>749.0</ele><time>2026-07-29T08:32:12.264Z</time></trkpt><trkpt lat="46.14689167" lon="4.403795"><ele>749.0</ele><time>2026-07-29T08:32:13.263Z</time></trkpt><trkpt lat="46.14688333" lon="4.40381167"><ele>749.0</ele><time>2026-07-29T08:32:14.263Z</time></trkpt><trkpt lat="46.14687833" lon="4.40383"><ele>749.0</ele><time>2026-07-29T08:32:15.263Z</time></trkpt><trkpt lat="46.14687333" lon="4.40384833"><ele>749.0</ele><time>2026-07-29T08:32:16.263Z</time></trkpt><trkpt lat="46.14686667" lon="4.40387"><ele>749.0</ele><time>2026-07-29T08:32:17.263Z</time></trkpt><trkpt lat="46.14686167" lon="4.40388833"><ele>749.0</ele><time>2026-07-29T08:32:18.263Z</time></trkpt><trkpt lat="46.14685333" lon="4.40390167"><ele>749.0</ele><time>2026-07-29T08:32:19.263Z</time></trkpt><trkpt lat="46.14684333" lon="4.40391833"><ele>749.0</ele><time>2026-07-29T08:32:20.264Z</time></trkpt><trkpt lat="46.146835" lon="4.40393333"><ele>750.0</ele><time>2026-07-29T08:32:21.263Z</time></trkpt><trkpt lat="46.14682667" lon="4.40394167"><ele>750.0</ele><time>2026-07-29T08:32:22.263Z</time></trkpt><trkpt lat="46.14681667" lon="4.40395167"><ele>750.0</ele><time>2026-07-29T08:32:23.263Z</time></trkpt><trkpt lat="46.14680833" lon="4.403965"><ele>750.0</ele><time>2026-07-29T08:32:24.264Z</time></trkpt><trkpt lat="46.1468" lon="4.40397833"><ele>749.0</ele><time>2026-07-29T08:32:25.264Z</time></trkpt><trkpt lat="46.14679" lon="4.40399167"><ele>749.0</ele><time>2026-07-29T08:32:26.264Z</time></trkpt><trkpt lat="46.14678167" lon="4.40400167"><ele>749.0</ele><time>2026-07-29T08:32:27.264Z</time></trkpt><trkpt lat="46.146775" lon="4.40401"><ele>749.0</ele><time>2026-07-29T08:32:28.263Z</time></trkpt><trkpt lat="46.146765" lon="4.40402167"><ele>748.0</ele><time>2026-07-29T08:32:29.263Z</time></trkpt><trkpt lat="46.14675667" lon="4.40403667"><ele>748.0</ele><time>2026-07-29T08:32:30.263Z</time></trkpt><trkpt lat="46.14674667" lon="4.40404833"><ele>748.0</ele><time>2026-07-29T08:32:31.264Z</time></trkpt><trkpt lat="46.14673833" lon="4.40406"><ele>748.0</ele><time>2026-07-29T08:32:32.263Z</time></trkpt><trkpt lat="46.14673" lon="4.40407333"><ele>748.0</ele><time>2026-07-29T08:32:33.264Z</time></trkpt><trkpt lat="46.14672167" lon="4.40408667"><ele>748.0</ele><time>2026-07-29T08:32:34.264Z</time></trkpt><trkpt lat="46.146715" lon="4.404095"><ele>747.0</ele><time>2026-07-29T08:32:35.264Z</time></trkpt><trkpt lat="46.146705" lon="4.40410167"><ele>747.0</ele><time>2026-07-29T08:32:36.263Z</time></trkpt><trkpt lat="46.14669667" lon="4.40411"><ele>747.0</ele><time>2026-07-29T08:32:37.263Z</time></trkpt><trkpt lat="46.14668833" lon="4.40411833"><ele>747.0</ele><time>2026-07-29T08:32:38.264Z</time></trkpt><trkpt lat="46.14667667" lon="4.40412833"><ele>747.0</ele><time>2026-07-29T08:32:39.263Z</time></trkpt><trkpt lat="46.146665" lon="4.40414"><ele>747.0</ele><time>2026-07-29T08:32:40.263Z</time></trkpt><trkpt lat="46.14665333" lon="4.40414833"><ele>747.0</ele><time>2026-07-29T08:32:41.263Z</time></trkpt><trkpt lat="46.14664167" lon="4.40416"><ele>747.0</ele><time>2026-07-29T08:32:42.264Z</time></trkpt><trkpt lat="46.14663" lon="4.40417167"><ele>747.0</ele><time>2026-07-29T08:32:43.264Z</time></trkpt><trkpt lat="46.14661833" lon="4.40418167"><ele>747.0</ele><time>2026-07-29T08:32:44.263Z</time></trkpt><trkpt lat="46.146605" lon="4.40418667"><ele>747.0</ele><time>2026-07-29T08:32:45.263Z</time></trkpt><trkpt lat="46.146595" lon="4.404195"><ele>747.0</ele><time>2026-07-29T08:32:46.263Z</time></trkpt><trkpt lat="46.14658333" lon="4.40420833"><ele>747.0</ele><time>2026-07-29T08:32:47.263Z</time></trkpt><trkpt lat="46.14657167" lon="4.40421833"><ele>747.0</ele><time>2026-07-29T08:32:48.263Z</time></trkpt><trkpt lat="46.14656167" lon="4.40422667"><ele>747.0</ele><time>2026-07-29T08:32:49.263Z</time></trkpt><trkpt lat="46.14655333" lon="4.404235"><ele>747.0</ele><time>2026-07-29T08:32:50.264Z</time></trkpt><trkpt lat="46.146545" lon="4.40424833"><ele>747.0</ele><time>2026-07-29T08:32:51.263Z</time></trkpt><trkpt lat="46.146535" lon="4.40426167"><ele>747.0</ele><time>2026-07-29T08:32:52.263Z</time></trkpt><trkpt lat="46.146525" lon="4.40427833"><ele>747.0</ele><time>2026-07-29T08:32:53.263Z</time></trkpt><trkpt lat="46.146515" lon="4.40429667"><ele>747.0</ele><time>2026-07-29T08:32:54.263Z</time></trkpt><trkpt lat="46.14650833" lon="4.40431333"><ele>747.0</ele><time>2026-07-29T08:32:55.263Z</time></trkpt><trkpt lat="46.14649833" lon="4.40433167"><ele>748.0</ele><time>2026-07-29T08:32:56.263Z</time></trkpt><trkpt lat="46.14648833" lon="4.40434667"><ele>748.0</ele><time>2026-07-29T08:32:57.263Z</time></trkpt><trkpt lat="46.146475" lon="4.40436167"><ele>748.0</ele><time>2026-07-29T08:32:58.263Z</time></trkpt><trkpt lat="46.14646333" lon="4.40437667"><ele>748.0</ele><time>2026-07-29T08:32:59.263Z</time></trkpt><trkpt lat="46.14645333" lon="4.40438833"><ele>748.0</ele><time>2026-07-29T08:33:00.263Z</time></trkpt><trkpt lat="46.14644333" lon="4.40440333"><ele>748.0</ele><time>2026-07-29T08:33:01.264Z</time></trkpt><trkpt lat="46.146435" lon="4.40441667"><ele>748.0</ele><time>2026-07-29T08:33:02.263Z</time></trkpt><trkpt lat="46.14642333" lon="4.40443167"><ele>749.0</ele><time>2026-07-29T08:33:03.264Z</time></trkpt><trkpt lat="46.14641" lon="4.40444833"><ele>749.0</ele><time>2026-07-29T08:33:04.263Z</time></trkpt><trkpt lat="46.14639833" lon="4.40446833"><ele>749.0</ele><time>2026-07-29T08:33:05.264Z</time></trkpt><trkpt lat="46.14639" lon="4.40448"><ele>749.0</ele><time>2026-07-29T08:33:06.263Z</time></trkpt><trkpt lat="46.14638" lon="4.40449"><ele>749.0</ele><time>2026-07-29T08:33:07.264Z</time></trkpt><trkpt lat="46.14637" lon="4.40450167"><ele>748.0</ele><time>2026-07-29T08:33:08.264Z</time></trkpt><trkpt lat="46.14636" lon="4.40451167"><ele>748.0</ele><time>2026-07-29T08:33:09.263Z</time></trkpt><trkpt lat="46.14634833" lon="4.40452167"><ele>748.0</ele><time>2026-07-29T08:33:10.263Z</time></trkpt><trkpt lat="46.14633833" lon="4.40453167"><ele>749.0</ele><time>2026-07-29T08:33:11.264Z</time></trkpt><trkpt lat="46.14633" lon="4.404545"><ele>748.0</ele><time>2026-07-29T08:33:12.263Z</time></trkpt><trkpt lat="46.14632167" lon="4.404555"><ele>748.0</ele><time>2026-07-29T08:33:13.263Z</time></trkpt><trkpt lat="46.14631333" lon="4.404565"><ele>749.0</ele><time>2026-07-29T08:33:14.263Z</time></trkpt><trkpt lat="46.14630167" lon="4.40457333"><ele>749.0</ele><time>2026-07-29T08:33:15.263Z</time></trkpt><trkpt lat="46.14629333" lon="4.404585"><ele>749.0</ele><time>2026-07-29T08:33:16.263Z</time></trkpt><trkpt lat="46.14628333" lon="4.40459333"><ele>748.0</ele><time>2026-07-29T08:33:17.263Z</time></trkpt><trkpt lat="46.14628" lon="4.40459833"><ele>748.0</ele><time>2026-07-29T08:33:18.263Z</time></trkpt><trkpt lat="46.14627333" lon="4.40461333"><ele>748.0</ele><time>2026-07-29T08:33:19.263Z</time></trkpt><trkpt lat="46.146265" lon="4.40463"><ele>748.0</ele><time>2026-07-29T08:33:20.263Z</time></trkpt><trkpt lat="46.14625833" lon="4.40464"><ele>748.0</ele><time>2026-07-29T08:33:21.263Z</time></trkpt><trkpt lat="46.146255" lon="4.40464833"><ele>748.0</ele><time>2026-07-29T08:33:22.263Z</time></trkpt><trkpt lat="46.146245" lon="4.40466"><ele>748.0</ele><time>2026-07-29T08:33:23.263Z</time></trkpt><trkpt lat="46.14624167" lon="4.40466333"><ele>748.0</ele><time>2026-07-29T08:33:24.263Z</time></trkpt><trkpt lat="46.14624" lon="4.40466333"><ele>748.0</ele><time>2026-07-29T08:33:25.263Z</time></trkpt><trkpt lat="46.14623" lon="4.404675"><ele>748.0</ele><time>2026-07-29T08:33:26.263Z</time></trkpt><trkpt lat="46.14622167" lon="4.40468667"><ele>748.0</ele><time>2026-07-29T08:33:27.263Z</time></trkpt><trkpt lat="46.14620667" lon="4.404695"><ele>748.0</ele><time>2026-07-29T08:33:28.264Z</time></trkpt><trkpt lat="46.14619667" lon="4.4047"><ele>749.0</ele><time>2026-07-29T08:33:29.264Z</time></trkpt><trkpt lat="46.14618333" lon="4.40470667"><ele>749.0</ele><time>2026-07-29T08:33:30.263Z</time></trkpt><trkpt lat="46.14617333" lon="4.40471667"><ele>749.0</ele><time>2026-07-29T08:33:31.263Z</time></trkpt><trkpt lat="46.14616167" lon="4.40472667"><ele>749.0</ele><time>2026-07-29T08:33:32.263Z</time></trkpt><trkpt lat="46.14614833" lon="4.404735"><ele>749.0</ele><time>2026-07-29T08:33:33.263Z</time></trkpt><trkpt lat="46.14613333" lon="4.40474333"><ele>749.0</ele><time>2026-07-29T08:33:34.263Z</time></trkpt><trkpt lat="46.14611667" lon="4.40475167"><ele>749.0</ele><time>2026-07-29T08:33:35.263Z</time></trkpt><trkpt lat="46.14610167" lon="4.40476667"><ele>749.0</ele><time>2026-07-29T08:33:36.263Z</time></trkpt><trkpt lat="46.146085" lon="4.40477833"><ele>750.0</ele><time>2026-07-29T08:33:37.263Z</time></trkpt><trkpt lat="46.14607167" lon="4.40479"><ele>750.0</ele><time>2026-07-29T08:33:38.263Z</time></trkpt><trkpt lat="46.146055" lon="4.404795"><ele>750.0</ele><time>2026-07-29T08:33:39.263Z</time></trkpt><trkpt lat="46.14604167" lon="4.40481667"><ele>750.0</ele><time>2026-07-29T08:33:40.264Z</time></trkpt><trkpt lat="46.146035" lon="4.40483"><ele>750.0</ele><time>2026-07-29T08:33:41.263Z</time></trkpt><trkpt lat="46.14602333" lon="4.40483833"><ele>750.0</ele><time>2026-07-29T08:33:42.263Z</time></trkpt><trkpt lat="46.14600833" lon="4.40484833"><ele>750.0</ele><time>2026-07-29T08:33:43.264Z</time></trkpt><trkpt lat="46.14599167" lon="4.40485667"><ele>750.0</ele><time>2026-07-29T08:33:44.264Z</time></trkpt><trkpt lat="46.14597333" lon="4.40486333"><ele>751.0</ele><time>2026-07-29T08:33:45.263Z</time></trkpt><trkpt lat="46.14595833" lon="4.40486667"><ele>751.0</ele><time>2026-07-29T08:33:46.263Z</time></trkpt><trkpt lat="46.14594667" lon="4.40487167"><ele>751.0</ele><time>2026-07-29T08:33:47.264Z</time></trkpt><trkpt lat="46.14593" lon="4.40488167"><ele>751.0</ele><time>2026-07-29T08:33:48.263Z</time></trkpt><trkpt lat="46.14591167" lon="4.4049"><ele>752.0</ele><time>2026-07-29T08:33:49.263Z</time></trkpt><trkpt lat="46.14589333" lon="4.40492"><ele>752.0</ele><time>2026-07-29T08:33:50.264Z</time></trkpt><trkpt lat="46.14588" lon="4.404925"><ele>752.0</ele><time>2026-07-29T08:33:51.263Z</time></trkpt><trkpt lat="46.145865" lon="4.40493333"><ele>752.0</ele><time>2026-07-29T08:33:52.263Z</time></trkpt><trkpt lat="46.14584833" lon="4.404945"><ele>752.0</ele><time>2026-07-29T08:33:53.263Z</time></trkpt><trkpt lat="46.14583667" lon="4.40495667"><ele>752.0</ele><time>2026-07-29T08:33:54.264Z</time></trkpt><trkpt lat="46.14581833" lon="4.40497"><ele>752.0</ele><time>2026-07-29T08:33:55.263Z</time></trkpt><trkpt lat="46.14580333" lon="4.40498667"><ele>752.0</ele><time>2026-07-29T08:33:56.263Z</time></trkpt><trkpt lat="46.14580333" lon="4.40498667"><ele>752.0</ele><time>2026-07-29T08:33:57.264Z</time></trkpt><trkpt lat="46.145795" lon="4.40499667"><ele>753.0</ele><time>2026-07-29T08:33:58.263Z</time></trkpt><trkpt lat="46.14578167" lon="4.40502"><ele>753.0</ele><time>2026-07-29T08:33:59.264Z</time></trkpt><trkpt lat="46.14577333" lon="4.40503333"><ele>754.0</ele><time>2026-07-29T08:34:00.263Z</time></trkpt><trkpt lat="46.14577333" lon="4.40503333"><ele>754.0</ele><time>2026-07-29T08:34:01.263Z</time></trkpt><trkpt lat="46.14576333" lon="4.40503667"><ele>755.0</ele><time>2026-07-29T08:34:02.263Z</time></trkpt><trkpt lat="46.14576333" lon="4.405035"><ele>755.0</ele><time>2026-07-29T08:34:03.263Z</time></trkpt><trkpt lat="46.14576667" lon="4.40503333"><ele>755.0</ele><time>2026-07-29T08:34:04.263Z</time></trkpt><trkpt lat="46.14576667" lon="4.40503167"><ele>755.0</ele><time>2026-07-29T08:34:05.263Z</time></trkpt><trkpt lat="46.14575167" lon="4.40503833"><ele>755.0</ele><time>2026-07-29T08:34:06.264Z</time></trkpt><trkpt lat="46.14573" lon="4.40505333"><ele>755.0</ele><time>2026-07-29T08:34:07.263Z</time></trkpt><trkpt lat="46.14571167" lon="4.40507"><ele>754.0</ele><time>2026-07-29T08:34:08.263Z</time></trkpt><trkpt lat="46.14569667" lon="4.40507833"><ele>754.0</ele><time>2026-07-29T08:34:09.263Z</time></trkpt><trkpt lat="46.145685" lon="4.40509"><ele>754.0</ele><time>2026-07-29T08:34:10.263Z</time></trkpt><trkpt lat="46.14567833" lon="4.40509667"><ele>754.0</ele><time>2026-07-29T08:34:11.264Z</time></trkpt><trkpt lat="46.14567" lon="4.40510833"><ele>754.0</ele><time>2026-07-29T08:34:12.264Z</time></trkpt><trkpt lat="46.14566" lon="4.40511833"><ele>754.0</ele><time>2026-07-29T08:34:13.263Z</time></trkpt><trkpt lat="46.14564833" lon="4.405135"><ele>754.0</ele><time>2026-07-29T08:34:14.263Z</time></trkpt><trkpt lat="46.14563667" lon="4.40515"><ele>754.0</ele><time>2026-07-29T08:34:15.263Z</time></trkpt><trkpt lat="46.14562667" lon="4.405165"><ele>755.0</ele><time>2026-07-29T08:34:16.263Z</time></trkpt><trkpt lat="46.14561333" lon="4.40517667"><ele>755.0</ele><time>2026-07-29T08:34:17.263Z</time></trkpt><trkpt lat="46.14559667" lon="4.40518833"><ele>755.0</ele><time>2026-07-29T08:34:18.263Z</time></trkpt><trkpt lat="46.145585" lon="4.405195"><ele>755.0</ele><time>2026-07-29T08:34:19.263Z</time></trkpt><trkpt lat="46.14557167" lon="4.40520833"><ele>755.0</ele><time>2026-07-29T08:34:20.263Z</time></trkpt><trkpt lat="46.14555833" lon="4.40522667"><ele>755.0</ele><time>2026-07-29T08:34:21.263Z</time></trkpt><trkpt lat="46.14554" lon="4.40524833"><ele>755.0</ele><time>2026-07-29T08:34:22.263Z</time></trkpt><trkpt lat="46.14553333" lon="4.40527"><ele>755.0</ele><time>2026-07-29T08:34:23.264Z</time></trkpt><trkpt lat="46.145525" lon="4.40529333"><ele>755.0</ele><time>2026-07-29T08:34:24.263Z</time></trkpt><trkpt lat="46.14551667" lon="4.40531167"><ele>755.0</ele><time>2026-07-29T08:34:25.263Z</time></trkpt><trkpt lat="46.145505" lon="4.40532167"><ele>756.0</ele><time>2026-07-29T08:34:26.263Z</time></trkpt><trkpt lat="46.14549" lon="4.40533167"><ele>756.0</ele><time>2026-07-29T08:34:27.263Z</time></trkpt><trkpt lat="46.14546833" lon="4.40534667"><ele>756.0</ele><time>2026-07-29T08:34:28.263Z</time></trkpt><trkpt lat="46.14545333" lon="4.40535333"><ele>756.0</ele><time>2026-07-29T08:34:29.264Z</time></trkpt><trkpt lat="46.14543333" lon="4.40537"><ele>756.0</ele><time>2026-07-29T08:34:30.263Z</time></trkpt><trkpt lat="46.14541667" lon="4.40538167"><ele>756.0</ele><time>2026-07-29T08:34:31.264Z</time></trkpt><trkpt lat="46.1454" lon="4.40539"><ele>757.0</ele><time>2026-07-29T08:34:32.263Z</time></trkpt><trkpt lat="46.14538667" lon="4.40539667"><ele>757.0</ele><time>2026-07-29T08:34:33.264Z</time></trkpt><trkpt lat="46.145375" lon="4.40540333"><ele>757.0</ele><time>2026-07-29T08:34:34.263Z</time></trkpt><trkpt lat="46.14537333" lon="4.40541167"><ele>757.0</ele><time>2026-07-29T08:34:35.263Z</time></trkpt><trkpt lat="46.14536833" lon="4.40542667"><ele>757.0</ele><time>2026-07-29T08:34:36.264Z</time></trkpt><trkpt lat="46.14536667" lon="4.40545"><ele>757.0</ele><time>2026-07-29T08:34:37.263Z</time></trkpt><trkpt lat="46.14535833" lon="4.40546667"><ele>757.0</ele><time>2026-07-29T08:34:38.263Z</time></trkpt><trkpt lat="46.14535" lon="4.405485"><ele>758.0</ele><time>2026-07-29T08:34:39.263Z</time></trkpt><trkpt lat="46.14534167" lon="4.40550167"><ele>758.0</ele><time>2026-07-29T08:34:40.264Z</time></trkpt><trkpt lat="46.14533333" lon="4.40551333"><ele>758.0</ele><time>2026-07-29T08:34:41.263Z</time></trkpt><trkpt lat="46.14531833" lon="4.40554333"><ele>758.0</ele><time>2026-07-29T08:34:42.264Z</time></trkpt><trkpt lat="46.14531167" lon="4.40556667"><ele>758.0</ele><time>2026-07-29T08:34:43.263Z</time></trkpt><trkpt lat="46.14529667" lon="4.40558833"><ele>758.0</ele><time>2026-07-29T08:34:44.264Z</time></trkpt><trkpt lat="46.14528167" lon="4.40561167"><ele>758.0</ele><time>2026-07-29T08:34:45.263Z</time></trkpt><trkpt lat="46.145275" lon="4.40562333"><ele>758.0</ele><time>2026-07-29T08:34:46.263Z</time></trkpt><trkpt lat="46.14528333" lon="4.40563333"><ele>758.0</ele><time>2026-07-29T08:34:47.263Z</time></trkpt><trkpt lat="46.14528" lon="4.40564333"><ele>758.0</ele><time>2026-07-29T08:34:48.264Z</time></trkpt><trkpt lat="46.14527" lon="4.40565333"><ele>758.0</ele><time>2026-07-29T08:34:49.264Z</time></trkpt><trkpt lat="46.14526" lon="4.405665"><ele>758.0</ele><time>2026-07-29T08:34:50.263Z</time></trkpt><trkpt lat="46.14525" lon="4.40568167"><ele>758.0</ele><time>2026-07-29T08:34:51.263Z</time></trkpt><trkpt lat="46.14525333" lon="4.40568833"><ele>758.0</ele><time>2026-07-29T08:34:52.263Z</time></trkpt><trkpt lat="46.14524167" lon="4.40570833"><ele>758.0</ele><time>2026-07-29T08:34:53.263Z</time></trkpt><trkpt lat="46.14523333" lon="4.40572667"><ele>758.0</ele><time>2026-07-29T08:34:54.263Z</time></trkpt><trkpt lat="46.145235" lon="4.40574333"><ele>758.0</ele><time>2026-07-29T08:34:55.264Z</time></trkpt><trkpt lat="46.14523167" lon="4.40576667"><ele>757.0</ele><time>2026-07-29T08:34:56.263Z</time></trkpt><trkpt lat="46.14522833" lon="4.40579167"><ele>757.0</ele><time>2026-07-29T08:34:57.263Z</time></trkpt><trkpt lat="46.14522167" lon="4.405805"><ele>757.0</ele><time>2026-07-29T08:34:58.264Z</time></trkpt><trkpt lat="46.14520833" lon="4.40582167"><ele>757.0</ele><time>2026-07-29T08:34:59.263Z</time></trkpt><trkpt lat="46.14520333" lon="4.40584667"><ele>757.0</ele><time>2026-07-29T08:35:00.263Z</time></trkpt><trkpt lat="46.14519833" lon="4.40586333"><ele>757.0</ele><time>2026-07-29T08:35:01.263Z</time></trkpt><trkpt lat="46.14519167" lon="4.405875"><ele>757.0</ele><time>2026-07-29T08:35:02.263Z</time></trkpt><trkpt lat="46.14518333" lon="4.40588833"><ele>756.0</ele><time>2026-07-29T08:35:03.263Z</time></trkpt><trkpt lat="46.14517333" lon="4.40590833"><ele>756.0</ele><time>2026-07-29T08:35:04.264Z</time></trkpt><trkpt lat="46.145165" lon="4.40592"><ele>756.0</ele><time>2026-07-29T08:35:05.263Z</time></trkpt><trkpt lat="46.145155" lon="4.40593833"><ele>755.0</ele><time>2026-07-29T08:35:06.264Z</time></trkpt><trkpt lat="46.14514333" lon="4.40595333"><ele>755.0</ele><time>2026-07-29T08:35:07.263Z</time></trkpt><trkpt lat="46.145135" lon="4.40596833"><ele>754.0</ele><time>2026-07-29T08:35:08.264Z</time></trkpt><trkpt lat="46.14512833" lon="4.40598333"><ele>753.0</ele><time>2026-07-29T08:35:09.263Z</time></trkpt><trkpt lat="46.14512333" lon="4.406"><ele>753.0</ele><time>2026-07-29T08:35:10.263Z</time></trkpt><trkpt lat="46.14512" lon="4.40601833"><ele>752.0</ele><time>2026-07-29T08:35:11.263Z</time></trkpt><trkpt lat="46.14511" lon="4.406035"><ele>752.0</ele><time>2026-07-29T08:35:12.263Z</time></trkpt><trkpt lat="46.14510333" lon="4.40606167"><ele>752.0</ele><time>2026-07-29T08:35:13.263Z</time></trkpt><trkpt lat="46.14510333" lon="4.40608333"><ele>751.0</ele><time>2026-07-29T08:35:14.264Z</time></trkpt><trkpt lat="46.145095" lon="4.40611167"><ele>751.0</ele><time>2026-07-29T08:35:15.263Z</time></trkpt><trkpt lat="46.14508833" lon="4.40613"><ele>751.0</ele><time>2026-07-29T08:35:16.264Z</time></trkpt><trkpt lat="46.14507667" lon="4.40615833"><ele>750.0</ele><time>2026-07-29T08:35:17.263Z</time></trkpt><trkpt lat="46.14507" lon="4.40617833"><ele>750.0</ele><time>2026-07-29T08:35:18.263Z</time></trkpt><trkpt lat="46.14506333" lon="4.40619667"><ele>750.0</ele><time>2026-07-29T08:35:19.263Z</time></trkpt><trkpt lat="46.14505667" lon="4.40621667"><ele>749.0</ele><time>2026-07-29T08:35:20.263Z</time></trkpt><trkpt lat="46.14504667" lon="4.40623333"><ele>749.0</ele><time>2026-07-29T08:35:21.263Z</time></trkpt><trkpt lat="46.14503833" lon="4.40625167"><ele>748.0</ele><time>2026-07-29T08:35:22.263Z</time></trkpt><trkpt lat="46.14503167" lon="4.40627"><ele>748.0</ele><time>2026-07-29T08:35:23.263Z</time></trkpt><trkpt lat="46.14502667" lon="4.40628833"><ele>747.0</ele><time>2026-07-29T08:35:24.263Z</time></trkpt><trkpt lat="46.14502" lon="4.40630667"><ele>747.0</ele><time>2026-07-29T08:35:25.264Z</time></trkpt><trkpt lat="46.14501167" lon="4.40632333"><ele>747.0</ele><time>2026-07-29T08:35:26.263Z</time></trkpt><trkpt lat="46.14500333" lon="4.40633667"><ele>746.0</ele><time>2026-07-29T08:35:27.264Z</time></trkpt><trkpt lat="46.14499667" lon="4.40635167"><ele>746.0</ele><time>2026-07-29T08:35:28.263Z</time></trkpt><trkpt lat="46.14499" lon="4.40636667"><ele>745.0</ele><time>2026-07-29T08:35:29.263Z</time></trkpt><trkpt lat="46.14498667" lon="4.40638167"><ele>745.0</ele><time>2026-07-29T08:35:30.264Z</time></trkpt><trkpt lat="46.14498" lon="4.40639667"><ele>745.0</ele><time>2026-07-29T08:35:31.264Z</time></trkpt><trkpt lat="46.14497167" lon="4.40641667"><ele>745.0</ele><time>2026-07-29T08:35:32.263Z</time></trkpt><trkpt lat="46.14496333" lon="4.406435"><ele>745.0</ele><time>2026-07-29T08:35:33.264Z</time></trkpt><trkpt lat="46.14495333" lon="4.406455"><ele>745.0</ele><time>2026-07-29T08:35:34.263Z</time></trkpt><trkpt lat="46.144945" lon="4.40647333"><ele>744.0</ele><time>2026-07-29T08:35:35.263Z</time></trkpt><trkpt lat="46.14493667" lon="4.40649167"><ele>744.0</ele><time>2026-07-29T08:35:36.263Z</time></trkpt><trkpt lat="46.14493" lon="4.40651"><ele>743.0</ele><time>2026-07-29T08:35:37.263Z</time></trkpt><trkpt lat="46.14492333" lon="4.40652833"><ele>743.0</ele><time>2026-07-29T08:35:38.264Z</time></trkpt><trkpt lat="46.14492" lon="4.406545"><ele>743.0</ele><time>2026-07-29T08:35:39.263Z</time></trkpt><trkpt lat="46.14491333" lon="4.40656333"><ele>743.0</ele><time>2026-07-29T08:35:40.263Z</time></trkpt><trkpt lat="46.14490667" lon="4.40658"><ele>742.0</ele><time>2026-07-29T08:35:41.263Z</time></trkpt><trkpt lat="46.14489833" lon="4.40659667"><ele>742.0</ele><time>2026-07-29T08:35:42.263Z</time></trkpt><trkpt lat="46.14489" lon="4.40661167"><ele>742.0</ele><time>2026-07-29T08:35:43.263Z</time></trkpt><trkpt lat="46.14488333" lon="4.40662667"><ele>742.0</ele><time>2026-07-29T08:35:44.263Z</time></trkpt><trkpt lat="46.14487333" lon="4.40664667"><ele>742.0</ele><time>2026-07-29T08:35:45.264Z</time></trkpt><trkpt lat="46.14486333" lon="4.40666667"><ele>742.0</ele><time>2026-07-29T08:35:46.263Z</time></trkpt><trkpt lat="46.144855" lon="4.40668667"><ele>742.0</ele><time>2026-07-29T08:35:47.263Z</time></trkpt><trkpt lat="46.14484667" lon="4.406705"><ele>742.0</ele><time>2026-07-29T08:35:48.263Z</time></trkpt><trkpt lat="46.14484" lon="4.40672667"><ele>742.0</ele><time>2026-07-29T08:35:49.264Z</time></trkpt><trkpt lat="46.14483667" lon="4.40674667"><ele>742.0</ele><time>2026-07-29T08:35:50.263Z</time></trkpt><trkpt lat="46.14483" lon="4.40677"><ele>742.0</ele><time>2026-07-29T08:35:51.263Z</time></trkpt><trkpt lat="46.14482333" lon="4.40678833"><ele>742.0</ele><time>2026-07-29T08:35:52.263Z</time></trkpt><trkpt lat="46.144815" lon="4.406805"><ele>741.0</ele><time>2026-07-29T08:35:53.263Z</time></trkpt><trkpt lat="46.14480667" lon="4.40682"><ele>741.0</ele><time>2026-07-29T08:35:54.264Z</time></trkpt><trkpt lat="46.14480167" lon="4.40683667"><ele>741.0</ele><time>2026-07-29T08:35:55.264Z</time></trkpt><trkpt lat="46.14479667" lon="4.406855"><ele>740.0</ele><time>2026-07-29T08:35:56.264Z</time></trkpt><trkpt lat="46.14478833" lon="4.40687"><ele>740.0</ele><time>2026-07-29T08:35:57.263Z</time></trkpt><trkpt lat="46.14478167" lon="4.406885"><ele>740.0</ele><time>2026-07-29T08:35:58.263Z</time></trkpt><trkpt lat="46.14477333" lon="4.4069"><ele>740.0</ele><time>2026-07-29T08:35:59.263Z</time></trkpt><trkpt lat="46.14476333" lon="4.406915"><ele>739.0</ele><time>2026-07-29T08:36:00.263Z</time></trkpt><trkpt lat="46.144755" lon="4.40693"><ele>739.0</ele><time>2026-07-29T08:36:01.263Z</time></trkpt><trkpt lat="46.14474667" lon="4.406945"><ele>738.0</ele><time>2026-07-29T08:36:02.263Z</time></trkpt><trkpt lat="46.14474" lon="4.40696"><ele>738.0</ele><time>2026-07-29T08:36:03.263Z</time></trkpt><trkpt lat="46.14473" lon="4.406975"><ele>738.0</ele><time>2026-07-29T08:36:04.263Z</time></trkpt><trkpt lat="46.144725" lon="4.40698833"><ele>737.0</ele><time>2026-07-29T08:36:05.263Z</time></trkpt><trkpt lat="46.14471833" lon="4.407"><ele>737.0</ele><time>2026-07-29T08:36:06.263Z</time></trkpt><trkpt lat="46.144715" lon="4.40701333"><ele>737.0</ele><time>2026-07-29T08:36:07.263Z</time></trkpt><trkpt lat="46.14470667" lon="4.40703167"><ele>737.0</ele><time>2026-07-29T08:36:08.263Z</time></trkpt><trkpt lat="46.1447" lon="4.40705"><ele>737.0</ele><time>2026-07-29T08:36:09.263Z</time></trkpt><trkpt lat="46.14469333" lon="4.40706833"><ele>737.0</ele><time>2026-07-29T08:36:10.263Z</time></trkpt><trkpt lat="46.14469" lon="4.40708667"><ele>737.0</ele><time>2026-07-29T08:36:11.263Z</time></trkpt><trkpt lat="46.14468" lon="4.40710667"><ele>737.0</ele><time>2026-07-29T08:36:12.264Z</time></trkpt><trkpt lat="46.14466833" lon="4.40712667"><ele>737.0</ele><time>2026-07-29T08:36:13.264Z</time></trkpt><trkpt lat="46.14466333" lon="4.40714667"><ele>738.0</ele><time>2026-07-29T08:36:14.263Z</time></trkpt><trkpt lat="46.14465833" lon="4.407165"><ele>738.0</ele><time>2026-07-29T08:36:15.264Z</time></trkpt><trkpt lat="46.144655" lon="4.407185"><ele>738.0</ele><time>2026-07-29T08:36:16.263Z</time></trkpt><trkpt lat="46.14465" lon="4.40720667"><ele>738.0</ele><time>2026-07-29T08:36:17.263Z</time></trkpt><trkpt lat="46.14464167" lon="4.40722667"><ele>738.0</ele><time>2026-07-29T08:36:18.263Z</time></trkpt><trkpt lat="46.14463667" lon="4.407245"><ele>738.0</ele><time>2026-07-29T08:36:19.263Z</time></trkpt><trkpt lat="46.14462667" lon="4.40726333"><ele>738.0</ele><time>2026-07-29T08:36:20.263Z</time></trkpt><trkpt lat="46.14462" lon="4.407285"><ele>738.0</ele><time>2026-07-29T08:36:21.264Z</time></trkpt><trkpt lat="46.14461333" lon="4.40730167"><ele>738.0</ele><time>2026-07-29T08:36:22.264Z</time></trkpt><trkpt lat="46.14460667" lon="4.40732333"><ele>738.0</ele><time>2026-07-29T08:36:23.263Z</time></trkpt><trkpt lat="46.144605" lon="4.40734167"><ele>738.0</ele><time>2026-07-29T08:36:24.263Z</time></trkpt><trkpt lat="46.14460667" lon="4.40736"><ele>738.0</ele><time>2026-07-29T08:36:25.263Z</time></trkpt><trkpt lat="46.14460667" lon="4.40737833"><ele>739.0</ele><time>2026-07-29T08:36:26.264Z</time></trkpt><trkpt lat="46.14460333" lon="4.40739833"><ele>739.0</ele><time>2026-07-29T08:36:27.263Z</time></trkpt><trkpt lat="46.1446" lon="4.40741833"><ele>740.0</ele><time>2026-07-29T08:36:28.263Z</time></trkpt><trkpt lat="46.14459667" lon="4.40743833"><ele>740.0</ele><time>2026-07-29T08:36:29.263Z</time></trkpt><trkpt lat="46.14462" lon="4.40766833"><ele>735.0</ele><time>2026-07-29T08:48:47.073Z</time></trkpt><trkpt lat="46.14463167" lon="4.40767333"><ele>736.0</ele><time>2026-07-29T08:48:48.073Z</time></trkpt><trkpt lat="46.144645" lon="4.40768333"><ele>736.0</ele><time>2026-07-29T08:48:49.074Z</time></trkpt><trkpt lat="46.14466" lon="4.407695"><ele>736.0</ele><time>2026-07-29T08:48:50.073Z</time></trkpt><trkpt lat="46.144675" lon="4.407705"><ele>737.0</ele><time>2026-07-29T08:48:51.074Z</time></trkpt><trkpt lat="46.14468833" lon="4.407715"><ele>737.0</ele><time>2026-07-29T08:48:52.073Z</time></trkpt><trkpt lat="46.14470333" lon="4.40772333"><ele>737.0</ele><time>2026-07-29T08:48:53.074Z</time></trkpt><trkpt lat="46.144715" lon="4.40773667"><ele>737.0</ele><time>2026-07-29T08:48:54.073Z</time></trkpt><trkpt lat="46.144725" lon="4.40775"><ele>737.0</ele><time>2026-07-29T08:48:55.073Z</time></trkpt><trkpt lat="46.144735" lon="4.40776"><ele>737.0</ele><time>2026-07-29T08:48:56.074Z</time></trkpt><trkpt lat="46.14474667" lon="4.40777333"><ele>737.0</ele><time>2026-07-29T08:48:57.073Z</time></trkpt><trkpt lat="46.14476" lon="4.407785"><ele>737.0</ele><time>2026-07-29T08:48:58.074Z</time></trkpt><trkpt lat="46.144775" lon="4.40779667"><ele>737.0</ele><time>2026-07-29T08:48:59.074Z</time></trkpt><trkpt lat="46.14478667" lon="4.40780833"><ele>736.0</ele><time>2026-07-29T08:49:00.074Z</time></trkpt><trkpt lat="46.14479833" lon="4.40781833"><ele>737.0</ele><time>2026-07-29T08:49:01.073Z</time></trkpt><trkpt lat="46.14481" lon="4.40782833"><ele>736.0</ele><time>2026-07-29T08:49:02.073Z</time></trkpt><trkpt lat="46.14482167" lon="4.407835"><ele>736.0</ele><time>2026-07-29T08:49:03.073Z</time></trkpt><trkpt lat="46.14483" lon="4.407845"><ele>736.0</ele><time>2026-07-29T08:49:04.073Z</time></trkpt><trkpt lat="46.14484" lon="4.40785333"><ele>736.0</ele><time>2026-07-29T08:49:05.073Z</time></trkpt><trkpt lat="46.14485167" lon="4.40786167"><ele>735.0</ele><time>2026-07-29T08:49:06.074Z</time></trkpt><trkpt lat="46.14486333" lon="4.40787"><ele>735.0</ele><time>2026-07-29T08:49:07.074Z</time></trkpt><trkpt lat="46.14487667" lon="4.40788167"><ele>735.0</ele><time>2026-07-29T08:49:08.073Z</time></trkpt><trkpt lat="46.14489" lon="4.40789"><ele>735.0</ele><time>2026-07-29T08:49:09.073Z</time></trkpt><trkpt lat="46.14490167" lon="4.40789667"><ele>734.0</ele><time>2026-07-29T08:49:10.073Z</time></trkpt><trkpt lat="46.14491167" lon="4.407905"><ele>734.0</ele><time>2026-07-29T08:49:11.073Z</time></trkpt><trkpt lat="46.144915" lon="4.40791167"><ele>734.0</ele><time>2026-07-29T08:49:12.073Z</time></trkpt><trkpt lat="46.14492167" lon="4.40792"><ele>734.0</ele><time>2026-07-29T08:49:13.073Z</time></trkpt><trkpt lat="46.14492667" lon="4.407925"><ele>733.0</ele><time>2026-07-29T08:49:14.073Z</time></trkpt><trkpt lat="46.144935" lon="4.40793167"><ele>733.0</ele><time>2026-07-29T08:49:15.074Z</time></trkpt><trkpt lat="46.14494667" lon="4.40794167"><ele>733.0</ele><time>2026-07-29T08:49:16.073Z</time></trkpt><trkpt lat="46.14495833" lon="4.40795333"><ele>732.0</ele><time>2026-07-29T08:49:17.073Z</time></trkpt><trkpt lat="46.14497167" lon="4.407965"><ele>732.0</ele><time>2026-07-29T08:49:18.073Z</time></trkpt><trkpt lat="46.144985" lon="4.40797667"><ele>732.0</ele><time>2026-07-29T08:49:19.074Z</time></trkpt><trkpt lat="46.14499833" lon="4.40799"><ele>732.0</ele><time>2026-07-29T08:49:20.073Z</time></trkpt><trkpt lat="46.14502" lon="4.40800333"><ele>731.0</ele><time>2026-07-29T08:49:21.073Z</time></trkpt><trkpt lat="46.14503833" lon="4.40801333"><ele>731.0</ele><time>2026-07-29T08:49:22.074Z</time></trkpt><trkpt lat="46.14505667" lon="4.40801667"><ele>731.0</ele><time>2026-07-29T08:49:23.073Z</time></trkpt><trkpt lat="46.14506833" lon="4.408025"><ele>731.0</ele><time>2026-07-29T08:49:24.074Z</time></trkpt><trkpt lat="46.14507833" lon="4.40803667"><ele>731.0</ele><time>2026-07-29T08:49:25.074Z</time></trkpt><trkpt lat="46.14508333" lon="4.40804"><ele>731.0</ele><time>2026-07-29T08:49:26.074Z</time></trkpt><trkpt lat="46.14509333" lon="4.40805167"><ele>731.0</ele><time>2026-07-29T08:49:27.073Z</time></trkpt><trkpt lat="46.14510333" lon="4.40806167"><ele>731.0</ele><time>2026-07-29T08:49:28.074Z</time></trkpt><trkpt lat="46.14512" lon="4.40807167"><ele>730.0</ele><time>2026-07-29T08:49:29.074Z</time></trkpt><trkpt lat="46.14512833" lon="4.40808333"><ele>730.0</ele><time>2026-07-29T08:49:30.073Z</time></trkpt><trkpt lat="46.145135" lon="4.40809333"><ele>730.0</ele><time>2026-07-29T08:49:31.073Z</time></trkpt><trkpt lat="46.14514167" lon="4.40810833"><ele>730.0</ele><time>2026-07-29T08:49:32.073Z</time></trkpt><trkpt lat="46.14515" lon="4.40811833"><ele>730.0</ele><time>2026-07-29T08:49:33.073Z</time></trkpt><trkpt lat="46.14515833" lon="4.40812333"><ele>730.0</ele><time>2026-07-29T08:49:34.073Z</time></trkpt><trkpt lat="46.14517" lon="4.40813333"><ele>729.0</ele><time>2026-07-29T08:49:35.073Z</time></trkpt><trkpt lat="46.14518333" lon="4.40814167"><ele>729.0</ele><time>2026-07-29T08:49:36.074Z</time></trkpt><trkpt lat="46.14519833" lon="4.40815167"><ele>728.0</ele><time>2026-07-29T08:49:37.073Z</time></trkpt><trkpt lat="46.14521167" lon="4.40816"><ele>728.0</ele><time>2026-07-29T08:49:38.073Z</time></trkpt><trkpt lat="46.14522667" lon="4.40817167"><ele>727.0</ele><time>2026-07-29T08:49:39.073Z</time></trkpt><trkpt lat="46.14524167" lon="4.40818333"><ele>727.0</ele><time>2026-07-29T08:49:40.073Z</time></trkpt><trkpt lat="46.14525333" lon="4.408195"><ele>726.0</ele><time>2026-07-29T08:49:41.074Z</time></trkpt><trkpt lat="46.14526333" lon="4.408205"><ele>726.0</ele><time>2026-07-29T08:49:42.073Z</time></trkpt><trkpt lat="46.14527167" lon="4.40821833"><ele>725.0</ele><time>2026-07-29T08:49:43.073Z</time></trkpt><trkpt lat="46.14528167" lon="4.40823333"><ele>725.0</ele><time>2026-07-29T08:49:44.073Z</time></trkpt><trkpt lat="46.14529167" lon="4.40824833"><ele>725.0</ele><time>2026-07-29T08:49:45.073Z</time></trkpt><trkpt lat="46.14530167" lon="4.40826333"><ele>725.0</ele><time>2026-07-29T08:49:46.073Z</time></trkpt><trkpt lat="46.14530833" lon="4.40827833"><ele>724.0</ele><time>2026-07-29T08:49:47.073Z</time></trkpt><trkpt lat="46.14531667" lon="4.40829167"><ele>723.0</ele><time>2026-07-29T08:49:48.073Z</time></trkpt><trkpt lat="46.14532333" lon="4.40830167"><ele>722.0</ele><time>2026-07-29T08:49:49.074Z</time></trkpt><trkpt lat="46.14533" lon="4.40831333"><ele>721.0</ele><time>2026-07-29T08:49:50.073Z</time></trkpt><trkpt lat="46.145335" lon="4.40832667"><ele>720.0</ele><time>2026-07-29T08:49:51.074Z</time></trkpt><trkpt lat="46.14534" lon="4.40833833"><ele>719.0</ele><time>2026-07-29T08:49:52.074Z</time></trkpt><trkpt lat="46.14534833" lon="4.40835"><ele>718.0</ele><time>2026-07-29T08:49:53.073Z</time></trkpt><trkpt lat="46.145355" lon="4.40835833"><ele>718.0</ele><time>2026-07-29T08:49:54.073Z</time></trkpt><trkpt lat="46.14536333" lon="4.40837"><ele>718.0</ele><time>2026-07-29T08:49:55.073Z</time></trkpt><trkpt lat="46.14536833" lon="4.40837833"><ele>717.0</ele><time>2026-07-29T08:49:56.073Z</time></trkpt><trkpt lat="46.14537333" lon="4.40839167"><ele>717.0</ele><time>2026-07-29T08:49:57.074Z</time></trkpt><trkpt lat="46.145385" lon="4.40840667"><ele>717.0</ele><time>2026-07-29T08:49:58.074Z</time></trkpt><trkpt lat="46.145395" lon="4.40842167"><ele>717.0</ele><time>2026-07-29T08:49:59.073Z</time></trkpt><trkpt lat="46.145405" lon="4.40843667"><ele>717.0</ele><time>2026-07-29T08:50:00.073Z</time></trkpt><trkpt lat="46.14541833" lon="4.40844833"><ele>717.0</ele><time>2026-07-29T08:50:01.073Z</time></trkpt><trkpt lat="46.14543167" lon="4.408465"><ele>717.0</ele><time>2026-07-29T08:50:02.073Z</time></trkpt><trkpt lat="46.14544667" lon="4.40847833"><ele>717.0</ele><time>2026-07-29T08:50:03.073Z</time></trkpt><trkpt lat="46.14546" lon="4.40849167"><ele>717.0</ele><time>2026-07-29T08:50:04.073Z</time></trkpt><trkpt lat="46.14547167" lon="4.40850667"><ele>717.0</ele><time>2026-07-29T08:50:05.074Z</time></trkpt><trkpt lat="46.14548167" lon="4.40852333"><ele>717.0</ele><time>2026-07-29T08:50:06.073Z</time></trkpt><trkpt lat="46.14548667" lon="4.40854"><ele>717.0</ele><time>2026-07-29T08:50:07.074Z</time></trkpt><trkpt lat="46.14549833" lon="4.408555"><ele>717.0</ele><time>2026-07-29T08:50:08.073Z</time></trkpt><trkpt lat="46.14550833" lon="4.40856833"><ele>717.0</ele><time>2026-07-29T08:50:09.074Z</time></trkpt><trkpt lat="46.145515" lon="4.40858"><ele>717.0</ele><time>2026-07-29T08:50:10.073Z</time></trkpt><trkpt lat="46.14552333" lon="4.40859167"><ele>717.0</ele><time>2026-07-29T08:50:11.074Z</time></trkpt><trkpt lat="46.14553333" lon="4.40860167"><ele>716.0</ele><time>2026-07-29T08:50:12.074Z</time></trkpt><trkpt lat="46.145545" lon="4.40861"><ele>716.0</ele><time>2026-07-29T08:50:13.073Z</time></trkpt><trkpt lat="46.14555833" lon="4.40862"><ele>716.0</ele><time>2026-07-29T08:50:14.073Z</time></trkpt><trkpt lat="46.14556833" lon="4.40863"><ele>716.0</ele><time>2026-07-29T08:50:15.074Z</time></trkpt><trkpt lat="46.14558" lon="4.40864"><ele>716.0</ele><time>2026-07-29T08:50:16.073Z</time></trkpt><trkpt lat="46.14559167" lon="4.40864833"><ele>715.0</ele><time>2026-07-29T08:50:17.073Z</time></trkpt><trkpt lat="46.14561" lon="4.40865833"><ele>715.0</ele><time>2026-07-29T08:50:18.073Z</time></trkpt><trkpt lat="46.14562667" lon="4.40866833"><ele>714.0</ele><time>2026-07-29T08:50:19.074Z</time></trkpt><trkpt lat="46.14564167" lon="4.40867833"><ele>714.0</ele><time>2026-07-29T08:50:20.073Z</time></trkpt><trkpt lat="46.14565167" lon="4.40869"><ele>714.0</ele><time>2026-07-29T08:50:21.073Z</time></trkpt><trkpt lat="46.14566333" lon="4.40870333"><ele>713.0</ele><time>2026-07-29T08:50:22.074Z</time></trkpt><trkpt lat="46.14567333" lon="4.40871667"><ele>713.0</ele><time>2026-07-29T08:50:23.073Z</time></trkpt><trkpt lat="46.14568667" lon="4.40872833"><ele>712.0</ele><time>2026-07-29T08:50:24.073Z</time></trkpt><trkpt lat="46.1457" lon="4.40873833"><ele>712.0</ele><time>2026-07-29T08:50:25.073Z</time></trkpt><trkpt lat="46.14570833" lon="4.40875167"><ele>711.0</ele><time>2026-07-29T08:50:26.074Z</time></trkpt><trkpt lat="46.14572" lon="4.408765"><ele>711.0</ele><time>2026-07-29T08:50:27.074Z</time></trkpt><trkpt lat="46.14572833" lon="4.40878"><ele>710.0</ele><time>2026-07-29T08:50:28.074Z</time></trkpt><trkpt lat="46.14573667" lon="4.408795"><ele>710.0</ele><time>2026-07-29T08:50:29.074Z</time></trkpt><trkpt lat="46.14574667" lon="4.408805"><ele>710.0</ele><time>2026-07-29T08:50:30.074Z</time></trkpt><trkpt lat="46.14575833" lon="4.40881167"><ele>710.0</ele><time>2026-07-29T08:50:31.074Z</time></trkpt><trkpt lat="46.14577167" lon="4.40881667"><ele>710.0</ele><time>2026-07-29T08:50:32.074Z</time></trkpt><trkpt lat="46.14578167" lon="4.40882167"><ele>710.0</ele><time>2026-07-29T08:50:33.074Z</time></trkpt><trkpt lat="46.14579167" lon="4.40883"><ele>710.0</ele><time>2026-07-29T08:50:34.074Z</time></trkpt><trkpt lat="46.1458" lon="4.40884"><ele>710.0</ele><time>2026-07-29T08:50:35.074Z</time></trkpt><trkpt lat="46.14580667" lon="4.40885167"><ele>710.0</ele><time>2026-07-29T08:50:36.073Z</time></trkpt><trkpt lat="46.14581333" lon="4.408865"><ele>710.0</ele><time>2026-07-29T08:50:37.073Z</time></trkpt><trkpt lat="46.14582" lon="4.40888167"><ele>711.0</ele><time>2026-07-29T08:50:38.074Z</time></trkpt><trkpt lat="46.145825" lon="4.40889333"><ele>711.0</ele><time>2026-07-29T08:50:39.074Z</time></trkpt><trkpt lat="46.14583167" lon="4.408905"><ele>711.0</ele><time>2026-07-29T08:50:40.073Z</time></trkpt><trkpt lat="46.14583667" lon="4.40891333"><ele>711.0</ele><time>2026-07-29T08:50:41.073Z</time></trkpt><trkpt lat="46.14584167" lon="4.40892167"><ele>711.0</ele><time>2026-07-29T08:50:42.073Z</time></trkpt><trkpt lat="46.14585" lon="4.40892667"><ele>711.0</ele><time>2026-07-29T08:50:43.074Z</time></trkpt><trkpt lat="46.14585833" lon="4.408925"><ele>710.0</ele><time>2026-07-29T08:50:44.073Z</time></trkpt><trkpt lat="46.14586333" lon="4.40892167"><ele>710.0</ele><time>2026-07-29T08:50:45.074Z</time></trkpt><trkpt lat="46.14587" lon="4.40892167"><ele>710.0</ele><time>2026-07-29T08:50:46.073Z</time></trkpt><trkpt lat="46.14587333" lon="4.40892"><ele>710.0</ele><time>2026-07-29T08:50:47.074Z</time></trkpt><trkpt lat="46.14587833" lon="4.408915"><ele>709.0</ele><time>2026-07-29T08:50:48.074Z</time></trkpt><trkpt lat="46.14588333" lon="4.40890833"><ele>709.0</ele><time>2026-07-29T08:50:49.073Z</time></trkpt><trkpt lat="46.14589167" lon="4.4089"><ele>709.0</ele><time>2026-07-29T08:50:50.073Z</time></trkpt><trkpt lat="46.1459" lon="4.40889"><ele>708.0</ele><time>2026-07-29T08:50:51.073Z</time></trkpt><trkpt lat="46.14590667" lon="4.40887833"><ele>708.0</ele><time>2026-07-29T08:50:52.073Z</time></trkpt><trkpt lat="46.14591333" lon="4.40886667"><ele>707.0</ele><time>2026-07-29T08:50:53.074Z</time></trkpt><trkpt lat="46.145925" lon="4.40885833"><ele>707.0</ele><time>2026-07-29T08:50:54.074Z</time></trkpt><trkpt lat="46.14593167" lon="4.40884333"><ele>707.0</ele><time>2026-07-29T08:50:55.073Z</time></trkpt><trkpt lat="46.14594167" lon="4.40883167"><ele>706.0</ele><time>2026-07-29T08:50:56.074Z</time></trkpt><trkpt lat="46.14595" lon="4.40881333"><ele>706.0</ele><time>2026-07-29T08:50:57.074Z</time></trkpt><trkpt lat="46.14595667" lon="4.40879667"><ele>706.0</ele><time>2026-07-29T08:50:58.074Z</time></trkpt><trkpt lat="46.145965" lon="4.40878"><ele>705.0</ele><time>2026-07-29T08:50:59.073Z</time></trkpt><trkpt lat="46.14598" lon="4.40876333"><ele>705.0</ele><time>2026-07-29T08:51:00.074Z</time></trkpt><trkpt lat="46.145985" lon="4.40874167"><ele>705.0</ele><time>2026-07-29T08:51:01.074Z</time></trkpt><trkpt lat="46.14600167" lon="4.40872333"><ele>705.0</ele><time>2026-07-29T08:51:02.073Z</time></trkpt><trkpt lat="46.146015" lon="4.4087"><ele>705.0</ele><time>2026-07-29T08:51:03.073Z</time></trkpt><trkpt lat="46.14602167" lon="4.40867833"><ele>706.0</ele><time>2026-07-29T08:51:04.074Z</time></trkpt><trkpt lat="46.146035" lon="4.40865833"><ele>706.0</ele><time>2026-07-29T08:51:05.074Z</time></trkpt><trkpt lat="46.146045" lon="4.40864667"><ele>706.0</ele><time>2026-07-29T08:51:06.074Z</time></trkpt><trkpt lat="46.14605" lon="4.40862667"><ele>706.0</ele><time>2026-07-29T08:51:07.074Z</time></trkpt><trkpt lat="46.14605" lon="4.40860167"><ele>706.0</ele><time>2026-07-29T08:51:08.073Z</time></trkpt><trkpt lat="46.14604833" lon="4.40857667"><ele>706.0</ele><time>2026-07-29T08:51:09.073Z</time></trkpt><trkpt lat="46.14605167" lon="4.40855667"><ele>706.0</ele><time>2026-07-29T08:51:10.074Z</time></trkpt><trkpt lat="46.14605167" lon="4.40853833"><ele>705.0</ele><time>2026-07-29T08:51:11.073Z</time></trkpt><trkpt lat="46.146055" lon="4.40851833"><ele>705.0</ele><time>2026-07-29T08:51:12.074Z</time></trkpt><trkpt lat="46.14606167" lon="4.40850333"><ele>705.0</ele><time>2026-07-29T08:51:13.074Z</time></trkpt><trkpt lat="46.14607333" lon="4.40848667"><ele>705.0</ele><time>2026-07-29T08:51:14.073Z</time></trkpt><trkpt lat="46.14608167" lon="4.408465"><ele>705.0</ele><time>2026-07-29T08:51:15.074Z</time></trkpt><trkpt lat="46.14608833" lon="4.408445"><ele>705.0</ele><time>2026-07-29T08:51:16.073Z</time></trkpt><trkpt lat="46.14609833" lon="4.40843667"><ele>705.0</ele><time>2026-07-29T08:51:17.074Z</time></trkpt><trkpt lat="46.14611167" lon="4.40843833"><ele>705.0</ele><time>2026-07-29T08:51:18.074Z</time></trkpt><trkpt lat="46.14612" lon="4.40845333"><ele>704.0</ele><time>2026-07-29T08:51:19.073Z</time></trkpt><trkpt lat="46.14612333" lon="4.40847667"><ele>704.0</ele><time>2026-07-29T08:51:20.073Z</time></trkpt><trkpt lat="46.146125" lon="4.4085"><ele>704.0</ele><time>2026-07-29T08:51:21.073Z</time></trkpt><trkpt lat="46.14612333" lon="4.40852"><ele>704.0</ele><time>2026-07-29T08:51:22.073Z</time></trkpt><trkpt lat="46.146125" lon="4.40853833"><ele>704.0</ele><time>2026-07-29T08:51:23.074Z</time></trkpt><trkpt lat="46.14612667" lon="4.408555"><ele>703.0</ele><time>2026-07-29T08:51:24.074Z</time></trkpt><trkpt lat="46.14613" lon="4.40857167"><ele>703.0</ele><time>2026-07-29T08:51:25.073Z</time></trkpt><trkpt lat="46.14613333" lon="4.408585"><ele>703.0</ele><time>2026-07-29T08:51:26.073Z</time></trkpt><trkpt lat="46.14614" lon="4.408595"><ele>703.0</ele><time>2026-07-29T08:51:27.073Z</time></trkpt><trkpt lat="46.14614667" lon="4.408615"><ele>703.0</ele><time>2026-07-29T08:51:28.073Z</time></trkpt><trkpt lat="46.14615333" lon="4.40863333"><ele>704.0</ele><time>2026-07-29T08:51:29.074Z</time></trkpt><trkpt lat="46.14616167" lon="4.40864667"><ele>704.0</ele><time>2026-07-29T08:51:30.074Z</time></trkpt><trkpt lat="46.14617167" lon="4.40866167"><ele>704.0</ele><time>2026-07-29T08:51:31.073Z</time></trkpt><trkpt lat="46.14617167" lon="4.40867667"><ele>704.0</ele><time>2026-07-29T08:51:32.074Z</time></trkpt><trkpt lat="46.14617333" lon="4.40868833"><ele>705.0</ele><time>2026-07-29T08:51:33.074Z</time></trkpt><trkpt lat="46.146175" lon="4.40870167"><ele>705.0</ele><time>2026-07-29T08:51:34.074Z</time></trkpt><trkpt lat="46.14617833" lon="4.40871667"><ele>705.0</ele><time>2026-07-29T08:51:35.073Z</time></trkpt><trkpt lat="46.14618167" lon="4.40873"><ele>705.0</ele><time>2026-07-29T08:51:36.073Z</time></trkpt><trkpt lat="46.14618333" lon="4.408745"><ele>706.0</ele><time>2026-07-29T08:51:37.073Z</time></trkpt><trkpt lat="46.14617833" lon="4.40876333"><ele>706.0</ele><time>2026-07-29T08:51:38.073Z</time></trkpt><trkpt lat="46.14618167" lon="4.40878"><ele>707.0</ele><time>2026-07-29T08:51:39.074Z</time></trkpt><trkpt lat="46.14619167" lon="4.4088"><ele>707.0</ele><time>2026-07-29T08:51:40.074Z</time></trkpt><trkpt lat="46.14620667" lon="4.40881667"><ele>708.0</ele><time>2026-07-29T08:51:41.074Z</time></trkpt><trkpt lat="46.14621833" lon="4.40883167"><ele>709.0</ele><time>2026-07-29T08:51:42.073Z</time></trkpt><trkpt lat="46.146225" lon="4.408845"><ele>709.0</ele><time>2026-07-29T08:51:43.073Z</time></trkpt><trkpt lat="46.14623167" lon="4.40886"><ele>709.0</ele><time>2026-07-29T08:51:44.074Z</time></trkpt><trkpt lat="46.14623833" lon="4.40887833"><ele>709.0</ele><time>2026-07-29T08:51:45.074Z</time></trkpt><trkpt lat="46.14623833" lon="4.40889667"><ele>709.0</ele><time>2026-07-29T08:51:46.073Z</time></trkpt><trkpt lat="46.14624" lon="4.40891"><ele>709.0</ele><time>2026-07-29T08:51:47.074Z</time></trkpt><trkpt lat="46.14624" lon="4.40892833"><ele>709.0</ele><time>2026-07-29T08:51:48.073Z</time></trkpt><trkpt lat="46.14623667" lon="4.40894833"><ele>708.0</ele><time>2026-07-29T08:51:49.074Z</time></trkpt><trkpt lat="46.14624167" lon="4.408965"><ele>708.0</ele><time>2026-07-29T08:51:50.074Z</time></trkpt><trkpt lat="46.14625167" lon="4.40898"><ele>708.0</ele><time>2026-07-29T08:51:51.073Z</time></trkpt><trkpt lat="46.14626" lon="4.408995"><ele>707.0</ele><time>2026-07-29T08:51:52.074Z</time></trkpt><trkpt lat="46.146265" lon="4.40901"><ele>707.0</ele><time>2026-07-29T08:51:53.074Z</time></trkpt><trkpt lat="46.146265" lon="4.40902833"><ele>707.0</ele><time>2026-07-29T08:51:54.074Z</time></trkpt><trkpt lat="46.14626333" lon="4.40905"><ele>706.0</ele><time>2026-07-29T08:51:55.073Z</time></trkpt><trkpt lat="46.14626833" lon="4.40907167"><ele>706.0</ele><time>2026-07-29T08:51:56.074Z</time></trkpt><trkpt lat="46.14627167" lon="4.40909"><ele>705.0</ele><time>2026-07-29T08:51:57.073Z</time></trkpt><trkpt lat="46.14628167" lon="4.40910833"><ele>705.0</ele><time>2026-07-29T08:51:58.073Z</time></trkpt><trkpt lat="46.146295" lon="4.40913"><ele>705.0</ele><time>2026-07-29T08:51:59.074Z</time></trkpt><trkpt lat="46.14630333" lon="4.40914333"><ele>705.0</ele><time>2026-07-29T08:52:00.074Z</time></trkpt><trkpt lat="46.14631167" lon="4.40915667"><ele>705.0</ele><time>2026-07-29T08:52:01.073Z</time></trkpt><trkpt lat="46.14632" lon="4.40916667"><ele>704.0</ele><time>2026-07-29T08:52:02.073Z</time></trkpt><trkpt lat="46.14632833" lon="4.40918"><ele>704.0</ele><time>2026-07-29T08:52:03.074Z</time></trkpt><trkpt lat="46.146335" lon="4.409195"><ele>705.0</ele><time>2026-07-29T08:52:04.073Z</time></trkpt><trkpt lat="46.14633833" lon="4.40921"><ele>705.0</ele><time>2026-07-29T08:52:05.074Z</time></trkpt><trkpt lat="46.146345" lon="4.409225"><ele>706.0</ele><time>2026-07-29T08:52:06.073Z</time></trkpt><trkpt lat="46.14635167" lon="4.40924"><ele>706.0</ele><time>2026-07-29T08:52:07.074Z</time></trkpt><trkpt lat="46.14635833" lon="4.409255"><ele>706.0</ele><time>2026-07-29T08:52:08.074Z</time></trkpt><trkpt lat="46.14636667" lon="4.40926833"><ele>706.0</ele><time>2026-07-29T08:52:09.074Z</time></trkpt><trkpt lat="46.14637333" lon="4.40928167"><ele>706.0</ele><time>2026-07-29T08:52:10.074Z</time></trkpt><trkpt lat="46.14638" lon="4.40929333"><ele>705.0</ele><time>2026-07-29T08:52:11.074Z</time></trkpt><trkpt lat="46.14639333" lon="4.40930833"><ele>706.0</ele><time>2026-07-29T08:52:12.073Z</time></trkpt><trkpt lat="46.146405" lon="4.40932167"><ele>706.0</ele><time>2026-07-29T08:52:13.074Z</time></trkpt><trkpt lat="46.14641667" lon="4.40933667"><ele>706.0</ele><time>2026-07-29T08:52:14.073Z</time></trkpt><trkpt lat="46.14642833" lon="4.40935333"><ele>706.0</ele><time>2026-07-29T08:52:15.074Z</time></trkpt><trkpt lat="46.14644333" lon="4.40936833"><ele>706.0</ele><time>2026-07-29T08:52:16.073Z</time></trkpt><trkpt lat="46.14646167" lon="4.40938333"><ele>706.0</ele><time>2026-07-29T08:52:17.073Z</time></trkpt><trkpt lat="46.14647" lon="4.40939833"><ele>706.0</ele><time>2026-07-29T08:52:18.073Z</time></trkpt><trkpt lat="46.146475" lon="4.40940833"><ele>705.0</ele><time>2026-07-29T08:52:19.073Z</time></trkpt><trkpt lat="46.14647833" lon="4.40942167"><ele>705.0</ele><time>2026-07-29T08:52:20.074Z</time></trkpt><trkpt lat="46.14648" lon="4.40943167"><ele>704.0</ele><time>2026-07-29T08:52:21.074Z</time></trkpt><trkpt lat="46.146485" lon="4.409445"><ele>704.0</ele><time>2026-07-29T08:52:22.074Z</time></trkpt><trkpt lat="46.14648667" lon="4.409455"><ele>704.0</ele><time>2026-07-29T08:52:23.074Z</time></trkpt><trkpt lat="46.146485" lon="4.40946833"><ele>704.0</ele><time>2026-07-29T08:52:24.074Z</time></trkpt><trkpt lat="46.14648333" lon="4.40948167"><ele>703.0</ele><time>2026-07-29T08:52:25.073Z</time></trkpt><trkpt lat="46.14648333" lon="4.40949167"><ele>703.0</ele><time>2026-07-29T08:52:26.073Z</time></trkpt><trkpt lat="46.14648667" lon="4.40951667"><ele>703.0</ele><time>2026-07-29T08:52:27.073Z</time></trkpt><trkpt lat="46.146495" lon="4.40954"><ele>703.0</ele><time>2026-07-29T08:52:28.074Z</time></trkpt><trkpt lat="46.14651" lon="4.409555"><ele>703.0</ele><time>2026-07-29T08:52:29.074Z</time></trkpt><trkpt lat="46.14652333" lon="4.40955667"><ele>703.0</ele><time>2026-07-29T08:52:30.074Z</time></trkpt><trkpt lat="46.14653167" lon="4.40955333"><ele>703.0</ele><time>2026-07-29T08:52:31.073Z</time></trkpt><trkpt lat="46.14653833" lon="4.40956167"><ele>703.0</ele><time>2026-07-29T08:52:32.073Z</time></trkpt><trkpt lat="46.14655" lon="4.40957"><ele>703.0</ele><time>2026-07-29T08:52:33.074Z</time></trkpt><trkpt lat="46.14656333" lon="4.409575"><ele>703.0</ele><time>2026-07-29T08:52:34.073Z</time></trkpt><trkpt lat="46.14657833" lon="4.409585"><ele>703.0</ele><time>2026-07-29T08:52:35.073Z</time></trkpt><trkpt lat="46.14659833" lon="4.40959333"><ele>703.0</ele><time>2026-07-29T08:52:36.073Z</time></trkpt><trkpt lat="46.14661333" lon="4.40960833"><ele>702.0</ele><time>2026-07-29T08:52:37.074Z</time></trkpt><trkpt lat="46.14663333" lon="4.40962167"><ele>702.0</ele><time>2026-07-29T08:52:38.073Z</time></trkpt><trkpt lat="46.14665333" lon="4.40963"><ele>702.0</ele><time>2026-07-29T08:52:39.073Z</time></trkpt><trkpt lat="46.14667333" lon="4.40963833"><ele>702.0</ele><time>2026-07-29T08:52:40.074Z</time></trkpt><trkpt lat="46.14668667" lon="4.409645"><ele>702.0</ele><time>2026-07-29T08:52:41.073Z</time></trkpt><trkpt lat="46.14669667" lon="4.409655"><ele>702.0</ele><time>2026-07-29T08:52:42.073Z</time></trkpt><trkpt lat="46.14671" lon="4.40967167"><ele>702.0</ele><time>2026-07-29T08:52:43.073Z</time></trkpt><trkpt lat="46.14672167" lon="4.40968333"><ele>702.0</ele><time>2026-07-29T08:52:44.074Z</time></trkpt><trkpt lat="46.14673333" lon="4.409695"><ele>702.0</ele><time>2026-07-29T08:52:45.073Z</time></trkpt><trkpt lat="46.14674833" lon="4.40970167"><ele>702.0</ele><time>2026-07-29T08:52:46.073Z</time></trkpt><trkpt lat="46.14676167" lon="4.40971"><ele>702.0</ele><time>2026-07-29T08:52:47.074Z</time></trkpt><trkpt lat="46.14677667" lon="4.40972167"><ele>702.0</ele><time>2026-07-29T08:52:48.074Z</time></trkpt><trkpt lat="46.146785" lon="4.40972833"><ele>702.0</ele><time>2026-07-29T08:52:49.073Z</time></trkpt><trkpt lat="46.14679167" lon="4.409735"><ele>701.0</ele><time>2026-07-29T08:52:50.074Z</time></trkpt><trkpt lat="46.14679333" lon="4.409745"><ele>701.0</ele><time>2026-07-29T08:52:51.073Z</time></trkpt><trkpt lat="46.14679833" lon="4.40975667"><ele>701.0</ele><time>2026-07-29T08:52:52.073Z</time></trkpt><trkpt lat="46.14680667" lon="4.40976667"><ele>700.0</ele><time>2026-07-29T08:52:53.074Z</time></trkpt><trkpt lat="46.14681333" lon="4.40977667"><ele>700.0</ele><time>2026-07-29T08:52:54.073Z</time></trkpt><trkpt lat="46.14682167" lon="4.40978667"><ele>699.0</ele><time>2026-07-29T08:52:55.073Z</time></trkpt><trkpt lat="46.146835" lon="4.409795"><ele>699.0</ele><time>2026-07-29T08:52:56.074Z</time></trkpt><trkpt lat="46.14684333" lon="4.40980667"><ele>699.0</ele><time>2026-07-29T08:52:57.073Z</time></trkpt><trkpt lat="46.14685167" lon="4.409815"><ele>699.0</ele><time>2026-07-29T08:52:58.073Z</time></trkpt><trkpt lat="46.14686333" lon="4.40982833"><ele>699.0</ele><time>2026-07-29T08:52:59.073Z</time></trkpt><trkpt lat="46.14687167" lon="4.40984333"><ele>699.0</ele><time>2026-07-29T08:53:00.073Z</time></trkpt><trkpt lat="46.14687833" lon="4.40985833"><ele>699.0</ele><time>2026-07-29T08:53:01.073Z</time></trkpt><trkpt lat="46.146885" lon="4.40987333"><ele>699.0</ele><time>2026-07-29T08:53:02.073Z</time></trkpt><trkpt lat="46.1469" lon="4.40988667"><ele>699.0</ele><time>2026-07-29T08:53:03.073Z</time></trkpt><trkpt lat="46.14691" lon="4.40990167"><ele>698.0</ele><time>2026-07-29T08:53:04.073Z</time></trkpt><trkpt lat="46.14692167" lon="4.40991667"><ele>698.0</ele><time>2026-07-29T08:53:05.073Z</time></trkpt><trkpt lat="46.14693333" lon="4.40992667"><ele>697.0</ele><time>2026-07-29T08:53:06.073Z</time></trkpt><trkpt lat="46.14694833" lon="4.40994"><ele>696.0</ele><time>2026-07-29T08:53:07.074Z</time></trkpt><trkpt lat="46.14696333" lon="4.40995"><ele>696.0</ele><time>2026-07-29T08:53:08.074Z</time></trkpt><trkpt lat="46.14698833" lon="4.409965"><ele>696.0</ele><time>2026-07-29T08:53:09.073Z</time></trkpt><trkpt lat="46.14700667" lon="4.40997667"><ele>695.0</ele><time>2026-07-29T08:53:10.074Z</time></trkpt><trkpt lat="46.147015" lon="4.40999333"><ele>695.0</ele><time>2026-07-29T08:53:11.073Z</time></trkpt><trkpt lat="46.14702167" lon="4.41"><ele>695.0</ele><time>2026-07-29T08:53:12.073Z</time></trkpt><trkpt lat="46.14703" lon="4.41000833"><ele>694.0</ele><time>2026-07-29T08:53:13.074Z</time></trkpt><trkpt lat="46.14703667" lon="4.41001833"><ele>694.0</ele><time>2026-07-29T08:53:14.073Z</time></trkpt><trkpt lat="46.14704333" lon="4.410025"><ele>694.0</ele><time>2026-07-29T08:53:15.073Z</time></trkpt><trkpt lat="46.14704667" lon="4.41003167"><ele>694.0</ele><time>2026-07-29T08:53:16.073Z</time></trkpt><trkpt lat="46.14705167" lon="4.41003333"><ele>694.0</ele><time>2026-07-29T08:53:17.073Z</time></trkpt><trkpt lat="46.14706333" lon="4.41003667"><ele>694.0</ele><time>2026-07-29T08:53:18.073Z</time></trkpt><trkpt lat="46.147075" lon="4.41004167"><ele>695.0</ele><time>2026-07-29T08:53:19.073Z</time></trkpt><trkpt lat="46.14708667" lon="4.41005"><ele>695.0</ele><time>2026-07-29T08:53:20.073Z</time></trkpt><trkpt lat="46.14709833" lon="4.41006167"><ele>696.0</ele><time>2026-07-29T08:53:21.073Z</time></trkpt><trkpt lat="46.14710667" lon="4.41007167"><ele>696.0</ele><time>2026-07-29T08:53:22.073Z</time></trkpt><trkpt lat="46.14711333" lon="4.41007833"><ele>697.0</ele><time>2026-07-29T08:53:23.073Z</time></trkpt><trkpt lat="46.14711667" lon="4.41008833"><ele>697.0</ele><time>2026-07-29T08:53:24.074Z</time></trkpt><trkpt lat="46.14713" lon="4.4101"><ele>698.0</ele><time>2026-07-29T08:53:25.074Z</time></trkpt><trkpt lat="46.14714833" lon="4.410125"><ele>698.0</ele><time>2026-07-29T08:53:26.074Z</time></trkpt><trkpt lat="46.14716167" lon="4.41013833"><ele>698.0</ele><time>2026-07-29T08:53:27.074Z</time></trkpt><trkpt lat="46.14717" lon="4.41015"><ele>698.0</ele><time>2026-07-29T08:53:28.073Z</time></trkpt><trkpt lat="46.14718167" lon="4.41016"><ele>698.0</ele><time>2026-07-29T08:53:29.073Z</time></trkpt><trkpt lat="46.14718833" lon="4.41016333"><ele>697.0</ele><time>2026-07-29T08:53:30.074Z</time></trkpt><trkpt lat="46.14719" lon="4.410165"><ele>697.0</ele><time>2026-07-29T08:53:31.073Z</time></trkpt><trkpt lat="46.14719667" lon="4.41017333"><ele>697.0</ele><time>2026-07-29T08:53:32.074Z</time></trkpt><trkpt lat="46.14721" lon="4.41018167"><ele>697.0</ele><time>2026-07-29T08:53:33.073Z</time></trkpt><trkpt lat="46.14722" lon="4.41018333"><ele>697.0</ele><time>2026-07-29T08:53:34.073Z</time></trkpt><trkpt lat="46.14721833" lon="4.410185"><ele>697.0</ele><time>2026-07-29T08:53:35.074Z</time></trkpt><trkpt lat="46.14722667" lon="4.41019"><ele>697.0</ele><time>2026-07-29T08:53:36.073Z</time></trkpt><trkpt lat="46.147235" lon="4.410195"><ele>697.0</ele><time>2026-07-29T08:53:37.073Z</time></trkpt><trkpt lat="46.14723833" lon="4.41019833"><ele>696.0</ele><time>2026-07-29T08:53:38.073Z</time></trkpt><trkpt lat="46.14724333" lon="4.41020167"><ele>696.0</ele><time>2026-07-29T08:53:39.074Z</time></trkpt><trkpt lat="46.147255" lon="4.41021"><ele>696.0</ele><time>2026-07-29T08:53:40.073Z</time></trkpt><trkpt lat="46.14725833" lon="4.410215"><ele>695.0</ele><time>2026-07-29T08:53:41.074Z</time></trkpt><trkpt lat="46.14726333" lon="4.41021833"><ele>695.0</ele><time>2026-07-29T08:53:42.073Z</time></trkpt><trkpt lat="46.14727833" lon="4.41023667"><ele>695.0</ele><time>2026-07-29T08:53:43.073Z</time></trkpt><trkpt lat="46.14728667" lon="4.41025833"><ele>695.0</ele><time>2026-07-29T08:53:44.073Z</time></trkpt><trkpt lat="46.14729167" lon="4.41028167"><ele>695.0</ele><time>2026-07-29T08:53:45.074Z</time></trkpt><trkpt lat="46.14729333" lon="4.41030333"><ele>695.0</ele><time>2026-07-29T08:53:46.073Z</time></trkpt><trkpt lat="46.14729667" lon="4.41031667"><ele>695.0</ele><time>2026-07-29T08:53:47.073Z</time></trkpt><trkpt lat="46.1473" lon="4.41031833"><ele>694.0</ele><time>2026-07-29T08:53:48.073Z</time></trkpt><trkpt lat="46.147305" lon="4.410325"><ele>694.0</ele><time>2026-07-29T08:53:49.073Z</time></trkpt><trkpt lat="46.147305" lon="4.41033"><ele>694.0</ele><time>2026-07-29T08:53:50.073Z</time></trkpt><trkpt lat="46.14730667" lon="4.41033833"><ele>694.0</ele><time>2026-07-29T08:53:51.073Z</time></trkpt><trkpt lat="46.14731667" lon="4.41035"><ele>693.0</ele><time>2026-07-29T08:53:52.074Z</time></trkpt><trkpt lat="46.147335" lon="4.41036167"><ele>693.0</ele><time>2026-07-29T08:53:53.074Z</time></trkpt><trkpt lat="46.14734667" lon="4.41037167"><ele>693.0</ele><time>2026-07-29T08:53:54.073Z</time></trkpt><trkpt lat="46.14735" lon="4.41038"><ele>692.0</ele><time>2026-07-29T08:53:55.074Z</time></trkpt><trkpt lat="46.14735167" lon="4.410385"><ele>692.0</ele><time>2026-07-29T08:53:56.073Z</time></trkpt><trkpt lat="46.147365" lon="4.41039167"><ele>692.0</ele><time>2026-07-29T08:53:57.073Z</time></trkpt><trkpt lat="46.14738167" lon="4.41040167"><ele>692.0</ele><time>2026-07-29T08:53:58.074Z</time></trkpt><trkpt lat="46.1474" lon="4.41041333"><ele>691.0</ele><time>2026-07-29T08:53:59.074Z</time></trkpt><trkpt lat="46.147415" lon="4.41042833"><ele>691.0</ele><time>2026-07-29T08:54:00.074Z</time></trkpt><trkpt lat="46.14743167" lon="4.410445"><ele>691.0</ele><time>2026-07-29T08:54:01.073Z</time></trkpt><trkpt lat="46.14744" lon="4.410455"><ele>691.0</ele><time>2026-07-29T08:54:02.074Z</time></trkpt><trkpt lat="46.14744833" lon="4.41046"><ele>691.0</ele><time>2026-07-29T08:54:03.074Z</time></trkpt><trkpt lat="46.14746" lon="4.41046833"><ele>690.0</ele><time>2026-07-29T08:54:04.074Z</time></trkpt><trkpt lat="46.14747833" lon="4.41048"><ele>690.0</ele><time>2026-07-29T08:54:05.073Z</time></trkpt><trkpt lat="46.1475" lon="4.41048833"><ele>690.0</ele><time>2026-07-29T08:54:06.074Z</time></trkpt><trkpt lat="46.14752833" lon="4.41049833"><ele>691.0</ele><time>2026-07-29T08:54:07.073Z</time></trkpt><trkpt lat="46.14753167" lon="4.41050667"><ele>691.0</ele><time>2026-07-29T08:54:08.074Z</time></trkpt><trkpt lat="46.14753833" lon="4.41052333"><ele>691.0</ele><time>2026-07-29T08:54:09.074Z</time></trkpt><trkpt lat="46.14754833" lon="4.41053167"><ele>690.0</ele><time>2026-07-29T08:54:10.073Z</time></trkpt><trkpt lat="46.14755167" lon="4.410535"><ele>690.0</ele><time>2026-07-29T08:54:11.074Z</time></trkpt><trkpt lat="46.14756333" lon="4.41054167"><ele>689.0</ele><time>2026-07-29T08:54:12.073Z</time></trkpt><trkpt lat="46.14758" lon="4.410555"><ele>689.0</ele><time>2026-07-29T08:54:13.073Z</time></trkpt><trkpt lat="46.14759" lon="4.410565"><ele>689.0</ele><time>2026-07-29T08:54:14.074Z</time></trkpt><trkpt lat="46.14759167" lon="4.41057833"><ele>689.0</ele><time>2026-07-29T08:54:15.074Z</time></trkpt><trkpt lat="46.14759" lon="4.41058667"><ele>688.0</ele><time>2026-07-29T08:54:16.074Z</time></trkpt><trkpt lat="46.147595" lon="4.41059167"><ele>688.0</ele><time>2026-07-29T08:54:17.073Z</time></trkpt><trkpt lat="46.14760167" lon="4.41059833"><ele>688.0</ele><time>2026-07-29T08:54:18.073Z</time></trkpt><trkpt lat="46.14761" lon="4.41060667"><ele>688.0</ele><time>2026-07-29T08:54:19.073Z</time></trkpt><trkpt lat="46.14761833" lon="4.41061667"><ele>688.0</ele><time>2026-07-29T08:54:20.073Z</time></trkpt><trkpt lat="46.14762333" lon="4.41063"><ele>687.0</ele><time>2026-07-29T08:54:21.073Z</time></trkpt><trkpt lat="46.147625" lon="4.41064333"><ele>687.0</ele><time>2026-07-29T08:54:22.073Z</time></trkpt><trkpt lat="46.14762" lon="4.41065333"><ele>686.0</ele><time>2026-07-29T08:54:23.074Z</time></trkpt><trkpt lat="46.14761333" lon="4.410665"><ele>686.0</ele><time>2026-07-29T08:54:24.073Z</time></trkpt><trkpt lat="46.14761167" lon="4.41067833"><ele>685.0</ele><time>2026-07-29T08:54:25.073Z</time></trkpt><trkpt lat="46.14761167" lon="4.410685"><ele>685.0</ele><time>2026-07-29T08:54:26.073Z</time></trkpt><trkpt lat="46.147615" lon="4.41069333"><ele>685.0</ele><time>2026-07-29T08:54:27.074Z</time></trkpt><trkpt lat="46.14762333" lon="4.41070667"><ele>684.0</ele><time>2026-07-29T08:54:28.074Z</time></trkpt><trkpt lat="46.147625" lon="4.41071667"><ele>683.0</ele><time>2026-07-29T08:54:29.074Z</time></trkpt><trkpt lat="46.14763" lon="4.41072833"><ele>683.0</ele><time>2026-07-29T08:54:30.073Z</time></trkpt><trkpt lat="46.14763333" lon="4.41073333"><ele>682.0</ele><time>2026-07-29T08:54:31.074Z</time></trkpt><trkpt lat="46.14764333" lon="4.41074"><ele>681.0</ele><time>2026-07-29T08:54:32.074Z</time></trkpt><trkpt lat="46.14766167" lon="4.41075167"><ele>681.0</ele><time>2026-07-29T08:54:33.074Z</time></trkpt><trkpt lat="46.14768" lon="4.410765"><ele>680.0</ele><time>2026-07-29T08:54:34.073Z</time></trkpt><trkpt lat="46.14769333" lon="4.41078333"><ele>680.0</ele><time>2026-07-29T08:54:35.074Z</time></trkpt><trkpt lat="46.14770833" lon="4.41080333"><ele>680.0</ele><time>2026-07-29T08:54:36.074Z</time></trkpt><trkpt lat="46.14772" lon="4.410825"><ele>680.0</ele><time>2026-07-29T08:54:37.074Z</time></trkpt><trkpt lat="46.147735" lon="4.41084"><ele>680.0</ele><time>2026-07-29T08:54:38.073Z</time></trkpt><trkpt lat="46.147745" lon="4.41084667"><ele>680.0</ele><time>2026-07-29T08:54:39.073Z</time></trkpt><trkpt lat="46.14775333" lon="4.410855"><ele>679.0</ele><time>2026-07-29T08:54:40.073Z</time></trkpt><trkpt lat="46.147765" lon="4.410865"><ele>679.0</ele><time>2026-07-29T08:54:41.073Z</time></trkpt><trkpt lat="46.14778167" lon="4.41087333"><ele>679.0</ele><time>2026-07-29T08:54:42.073Z</time></trkpt><trkpt lat="46.14779333" lon="4.41087"><ele>679.0</ele><time>2026-07-29T08:54:43.074Z</time></trkpt><trkpt lat="46.14780167" lon="4.41086333"><ele>679.0</ele><time>2026-07-29T08:54:44.073Z</time></trkpt><trkpt lat="46.147805" lon="4.41086333"><ele>679.0</ele><time>2026-07-29T08:54:45.074Z</time></trkpt><trkpt lat="46.14781" lon="4.41086833"><ele>679.0</ele><time>2026-07-29T08:54:46.074Z</time></trkpt><trkpt lat="46.14781833" lon="4.41088"><ele>678.0</ele><time>2026-07-29T08:54:47.074Z</time></trkpt><trkpt lat="46.14783" lon="4.41089167"><ele>678.0</ele><time>2026-07-29T08:54:48.073Z</time></trkpt><trkpt lat="46.14784333" lon="4.410905"><ele>677.0</ele><time>2026-07-29T08:54:49.073Z</time></trkpt><trkpt lat="46.14785" lon="4.41091667"><ele>677.0</ele><time>2026-07-29T08:54:50.074Z</time></trkpt><trkpt lat="46.14785833" lon="4.41093833"><ele>677.0</ele><time>2026-07-29T08:54:51.073Z</time></trkpt><trkpt lat="46.14787833" lon="4.41096333"><ele>676.0</ele><time>2026-07-29T08:54:52.073Z</time></trkpt><trkpt lat="46.147895" lon="4.410975"><ele>676.0</ele><time>2026-07-29T08:54:53.073Z</time></trkpt><trkpt lat="46.14791333" lon="4.41099"><ele>676.0</ele><time>2026-07-29T08:54:54.073Z</time></trkpt><trkpt lat="46.14793167" lon="4.41099833"><ele>675.0</ele><time>2026-07-29T08:54:55.074Z</time></trkpt><trkpt lat="46.14794167" lon="4.411015"><ele>675.0</ele><time>2026-07-29T08:54:56.073Z</time></trkpt><trkpt lat="46.14794833" lon="4.411025"><ele>675.0</ele><time>2026-07-29T08:54:57.073Z</time></trkpt><trkpt lat="46.14795333" lon="4.41103333"><ele>675.0</ele><time>2026-07-29T08:54:58.073Z</time></trkpt><trkpt lat="46.14796167" lon="4.41104167"><ele>674.0</ele><time>2026-07-29T08:54:59.073Z</time></trkpt><trkpt lat="46.14796833" lon="4.41105333"><ele>675.0</ele><time>2026-07-29T08:55:00.073Z</time></trkpt><trkpt lat="46.147975" lon="4.411055"><ele>675.0</ele><time>2026-07-29T08:55:01.073Z</time></trkpt><trkpt lat="46.14797667" lon="4.41106"><ele>675.0</ele><time>2026-07-29T08:55:02.074Z</time></trkpt><trkpt lat="46.14798333" lon="4.41105667"><ele>675.0</ele><time>2026-07-29T08:55:03.074Z</time></trkpt><trkpt lat="46.14799667" lon="4.411065"><ele>675.0</ele><time>2026-07-29T08:55:04.073Z</time></trkpt><trkpt lat="46.14801667" lon="4.41108167"><ele>675.0</ele><time>2026-07-29T08:55:05.074Z</time></trkpt><trkpt lat="46.14802167" lon="4.41108833"><ele>675.0</ele><time>2026-07-29T08:55:06.073Z</time></trkpt><trkpt lat="46.14802667" lon="4.41109333"><ele>675.0</ele><time>2026-07-29T08:55:07.074Z</time></trkpt><trkpt lat="46.14805" lon="4.41110667"><ele>675.0</ele><time>2026-07-29T08:55:08.073Z</time></trkpt><trkpt lat="46.14806333" lon="4.41111333"><ele>675.0</ele><time>2026-07-29T08:55:09.073Z</time></trkpt><trkpt lat="46.14808167" lon="4.41112833"><ele>674.0</ele><time>2026-07-29T08:55:10.073Z</time></trkpt><trkpt lat="46.148095" lon="4.41114167"><ele>673.0</ele><time>2026-07-29T08:55:11.074Z</time></trkpt><trkpt lat="46.14809833" lon="4.41115833"><ele>673.0</ele><time>2026-07-29T08:55:12.074Z</time></trkpt><trkpt lat="46.14809333" lon="4.41118167"><ele>672.0</ele><time>2026-07-29T08:55:13.074Z</time></trkpt><trkpt lat="46.1481" lon="4.411195"><ele>672.0</ele><time>2026-07-29T08:55:14.073Z</time></trkpt><trkpt lat="46.148115" lon="4.411205"><ele>672.0</ele><time>2026-07-29T08:55:15.073Z</time></trkpt><trkpt lat="46.14813167" lon="4.41121667"><ele>672.0</ele><time>2026-07-29T08:55:16.073Z</time></trkpt><trkpt lat="46.14815167" lon="4.41122833"><ele>671.0</ele><time>2026-07-29T08:55:17.074Z</time></trkpt><trkpt lat="46.14817" lon="4.41123833"><ele>671.0</ele><time>2026-07-29T08:55:18.074Z</time></trkpt><trkpt lat="46.14818167" lon="4.41125"><ele>671.0</ele><time>2026-07-29T08:55:19.074Z</time></trkpt><trkpt lat="46.14819667" lon="4.41127"><ele>670.0</ele><time>2026-07-29T08:55:20.074Z</time></trkpt><trkpt lat="46.14821333" lon="4.41128833"><ele>669.0</ele><time>2026-07-29T08:55:21.073Z</time></trkpt><trkpt lat="46.14823667" lon="4.41130833"><ele>669.0</ele><time>2026-07-29T08:55:22.074Z</time></trkpt><trkpt lat="46.148255" lon="4.41132333"><ele>668.0</ele><time>2026-07-29T08:55:23.074Z</time></trkpt><trkpt lat="46.14827333" lon="4.41134"><ele>668.0</ele><time>2026-07-29T08:55:24.074Z</time></trkpt><trkpt lat="46.14828667" lon="4.41134833"><ele>667.0</ele><time>2026-07-29T08:55:25.073Z</time></trkpt><trkpt lat="46.1483" lon="4.41136"><ele>666.0</ele><time>2026-07-29T08:55:26.073Z</time></trkpt><trkpt lat="46.14830833" lon="4.41136667"><ele>665.0</ele><time>2026-07-29T08:55:27.073Z</time></trkpt><trkpt lat="46.14831667" lon="4.41136667"><ele>665.0</ele><time>2026-07-29T08:55:28.074Z</time></trkpt><trkpt lat="46.14833" lon="4.41136667"><ele>665.0</ele><time>2026-07-29T08:55:29.073Z</time></trkpt><trkpt lat="46.14834333" lon="4.41136667"><ele>664.0</ele><time>2026-07-29T08:55:30.073Z</time></trkpt><trkpt lat="46.14836" lon="4.41136667"><ele>664.0</ele><time>2026-07-29T08:55:31.073Z</time></trkpt><trkpt lat="46.14837" lon="4.41136167"><ele>664.0</ele><time>2026-07-29T08:55:32.073Z</time></trkpt><trkpt lat="46.14838167" lon="4.41135667"><ele>664.0</ele><time>2026-07-29T08:55:33.073Z</time></trkpt><trkpt lat="46.14839333" lon="4.41135167"><ele>663.0</ele><time>2026-07-29T08:55:34.074Z</time></trkpt><trkpt lat="46.148405" lon="4.41134333"><ele>663.0</ele><time>2026-07-29T08:55:35.074Z</time></trkpt><trkpt lat="46.14842" lon="4.411345"><ele>663.0</ele><time>2026-07-29T08:55:36.073Z</time></trkpt><trkpt lat="46.14843" lon="4.41134833"><ele>662.0</ele><time>2026-07-29T08:55:37.073Z</time></trkpt><trkpt lat="46.148435" lon="4.41134667"><ele>661.0</ele><time>2026-07-29T08:55:38.073Z</time></trkpt><trkpt lat="46.14843833" lon="4.411345"><ele>661.0</ele><time>2026-07-29T08:55:39.074Z</time></trkpt><trkpt lat="46.14844667" lon="4.411345"><ele>660.0</ele><time>2026-07-29T08:55:40.073Z</time></trkpt><trkpt lat="46.14845333" lon="4.411345"><ele>659.0</ele><time>2026-07-29T08:55:41.074Z</time></trkpt><trkpt lat="46.14846167" lon="4.41134333"><ele>658.0</ele><time>2026-07-29T08:55:42.074Z</time></trkpt><trkpt lat="46.14846833" lon="4.41134667"><ele>658.0</ele><time>2026-07-29T08:55:43.074Z</time></trkpt><trkpt lat="46.14847833" lon="4.41135167"><ele>657.0</ele><time>2026-07-29T08:55:44.073Z</time></trkpt><trkpt lat="46.14848833" lon="4.41135833"><ele>656.0</ele><time>2026-07-29T08:55:45.074Z</time></trkpt><trkpt lat="46.14849833" lon="4.41136167"><ele>655.0</ele><time>2026-07-29T08:55:46.073Z</time></trkpt><trkpt lat="46.14851167" lon="4.41136667"><ele>654.0</ele><time>2026-07-29T08:55:47.074Z</time></trkpt><trkpt lat="46.14851833" lon="4.41137167"><ele>653.0</ele><time>2026-07-29T08:55:48.073Z</time></trkpt><trkpt lat="46.14852833" lon="4.41137833"><ele>652.0</ele><time>2026-07-29T08:55:49.073Z</time></trkpt><trkpt lat="46.14854" lon="4.41138667"><ele>651.0</ele><time>2026-07-29T08:55:50.074Z</time></trkpt><trkpt lat="46.14855" lon="4.411395"><ele>650.0</ele><time>2026-07-29T08:55:51.074Z</time></trkpt><trkpt lat="46.14855833" lon="4.41140167"><ele>649.0</ele><time>2026-07-29T08:55:52.073Z</time></trkpt><trkpt lat="46.14857333" lon="4.41141167"><ele>648.0</ele><time>2026-07-29T08:55:53.073Z</time></trkpt><trkpt lat="46.14858333" lon="4.41142"><ele>647.0</ele><time>2026-07-29T08:55:54.073Z</time></trkpt><trkpt lat="46.14859667" lon="4.41143167"><ele>647.0</ele><time>2026-07-29T08:55:55.073Z</time></trkpt><trkpt lat="46.1486" lon="4.41144667"><ele>646.0</ele><time>2026-07-29T08:55:56.073Z</time></trkpt><trkpt lat="46.14861" lon="4.41145333"><ele>645.0</ele><time>2026-07-29T08:55:57.073Z</time></trkpt><trkpt lat="46.14862" lon="4.41146167"><ele>645.0</ele><time>2026-07-29T08:55:58.073Z</time></trkpt><trkpt lat="46.14863167" lon="4.41147333"><ele>644.0</ele><time>2026-07-29T08:55:59.073Z</time></trkpt><trkpt lat="46.14864333" lon="4.41148667"><ele>644.0</ele><time>2026-07-29T08:56:00.073Z</time></trkpt><trkpt lat="46.14865167" lon="4.41150167"><ele>643.0</ele><time>2026-07-29T08:56:01.074Z</time></trkpt><trkpt lat="46.14866167" lon="4.411515"><ele>643.0</ele><time>2026-07-29T08:56:02.073Z</time></trkpt><trkpt lat="46.14867" lon="4.41152833"><ele>643.0</ele><time>2026-07-29T08:56:03.074Z</time></trkpt><trkpt lat="46.14867833" lon="4.411545"><ele>643.0</ele><time>2026-07-29T08:56:04.073Z</time></trkpt><trkpt lat="46.14868667" lon="4.41156"><ele>643.0</ele><time>2026-07-29T08:56:05.074Z</time></trkpt><trkpt lat="46.14869333" lon="4.411575"><ele>642.0</ele><time>2026-07-29T08:56:06.073Z</time></trkpt><trkpt lat="46.14870167" lon="4.41159"><ele>642.0</ele><time>2026-07-29T08:56:07.074Z</time></trkpt><trkpt lat="46.148715" lon="4.41160167"><ele>642.0</ele><time>2026-07-29T08:56:08.073Z</time></trkpt><trkpt lat="46.14872667" lon="4.41161167"><ele>642.0</ele><time>2026-07-29T08:56:09.073Z</time></trkpt><trkpt lat="46.14873833" lon="4.411625"><ele>642.0</ele><time>2026-07-29T08:56:10.073Z</time></trkpt><trkpt lat="46.14875" lon="4.41163667"><ele>641.0</ele><time>2026-07-29T08:56:11.073Z</time></trkpt><trkpt lat="46.148765" lon="4.41165167"><ele>642.0</ele><time>2026-07-29T08:56:12.074Z</time></trkpt><trkpt lat="46.148775" lon="4.41166167"><ele>642.0</ele><time>2026-07-29T08:56:13.073Z</time></trkpt><trkpt lat="46.14878667" lon="4.41167167"><ele>642.0</ele><time>2026-07-29T08:56:14.073Z</time></trkpt><trkpt lat="46.1488" lon="4.41168"><ele>641.0</ele><time>2026-07-29T08:56:15.074Z</time></trkpt><trkpt lat="46.14881833" lon="4.41169"><ele>641.0</ele><time>2026-07-29T08:56:16.074Z</time></trkpt><trkpt lat="46.14883333" lon="4.41169667"><ele>640.0</ele><time>2026-07-29T08:56:17.073Z</time></trkpt><trkpt lat="46.14884667" lon="4.411705"><ele>639.0</ele><time>2026-07-29T08:56:18.073Z</time></trkpt><trkpt lat="46.14886167" lon="4.411715"><ele>639.0</ele><time>2026-07-29T08:56:19.073Z</time></trkpt><trkpt lat="46.14887667" lon="4.41172167"><ele>638.0</ele><time>2026-07-29T08:56:20.073Z</time></trkpt><trkpt lat="46.14889" lon="4.41172667"><ele>638.0</ele><time>2026-07-29T08:56:21.073Z</time></trkpt><trkpt lat="46.14890333" lon="4.411735"><ele>638.0</ele><time>2026-07-29T08:56:22.073Z</time></trkpt><trkpt lat="46.14891333" lon="4.41174333"><ele>638.0</ele><time>2026-07-29T08:56:23.073Z</time></trkpt><trkpt lat="46.148925" lon="4.41175333"><ele>638.0</ele><time>2026-07-29T08:56:24.074Z</time></trkpt><trkpt lat="46.148935" lon="4.41176"><ele>638.0</ele><time>2026-07-29T08:56:25.073Z</time></trkpt><trkpt lat="46.14894667" lon="4.41176667"><ele>637.0</ele><time>2026-07-29T08:56:26.073Z</time></trkpt><trkpt lat="46.14895833" lon="4.411775"><ele>637.0</ele><time>2026-07-29T08:56:27.073Z</time></trkpt><trkpt lat="46.14896833" lon="4.41178333"><ele>636.0</ele><time>2026-07-29T08:56:28.073Z</time></trkpt><trkpt lat="46.14897833" lon="4.41179167"><ele>636.0</ele><time>2026-07-29T08:56:29.073Z</time></trkpt><trkpt lat="46.14898667" lon="4.411795"><ele>635.0</ele><time>2026-07-29T08:56:30.073Z</time></trkpt><trkpt lat="46.14899667" lon="4.41180333"><ele>635.0</ele><time>2026-07-29T08:56:31.073Z</time></trkpt><trkpt lat="46.14900833" lon="4.41180833"><ele>635.0</ele><time>2026-07-29T08:56:32.074Z</time></trkpt><trkpt lat="46.14902" lon="4.41182167"><ele>634.0</ele><time>2026-07-29T08:56:33.073Z</time></trkpt><trkpt lat="46.14903" lon="4.41183667"><ele>634.0</ele><time>2026-07-29T08:56:34.074Z</time></trkpt><trkpt lat="46.14904" lon="4.41185333"><ele>633.0</ele><time>2026-07-29T08:56:35.073Z</time></trkpt><trkpt lat="46.14904667" lon="4.41187"><ele>633.0</ele><time>2026-07-29T08:56:36.073Z</time></trkpt><trkpt lat="46.149055" lon="4.41188"><ele>633.0</ele><time>2026-07-29T08:56:37.073Z</time></trkpt><trkpt lat="46.149065" lon="4.41189667"><ele>633.0</ele><time>2026-07-29T08:56:38.074Z</time></trkpt><trkpt lat="46.149075" lon="4.41191"><ele>633.0</ele><time>2026-07-29T08:56:39.074Z</time></trkpt><trkpt lat="46.14908833" lon="4.41191833"><ele>633.0</ele><time>2026-07-29T08:56:40.073Z</time></trkpt><trkpt lat="46.149105" lon="4.41193"><ele>633.0</ele><time>2026-07-29T08:56:41.074Z</time></trkpt><trkpt lat="46.14911667" lon="4.41194"><ele>633.0</ele><time>2026-07-29T08:56:42.073Z</time></trkpt><trkpt lat="46.14912833" lon="4.41195"><ele>634.0</ele><time>2026-07-29T08:56:43.073Z</time></trkpt><trkpt lat="46.14914" lon="4.41196333"><ele>634.0</ele><time>2026-07-29T08:56:44.073Z</time></trkpt><trkpt lat="46.149155" lon="4.41197667"><ele>634.0</ele><time>2026-07-29T08:56:45.074Z</time></trkpt><trkpt lat="46.14916667" lon="4.41199167"><ele>633.0</ele><time>2026-07-29T08:56:46.074Z</time></trkpt><trkpt lat="46.14917667" lon="4.41200333"><ele>633.0</ele><time>2026-07-29T08:56:47.074Z</time></trkpt><trkpt lat="46.149185" lon="4.41201667"><ele>632.0</ele><time>2026-07-29T08:56:48.073Z</time></trkpt><trkpt lat="46.149195" lon="4.41202333"><ele>632.0</ele><time>2026-07-29T08:56:49.073Z</time></trkpt><trkpt lat="46.14920667" lon="4.41203167"><ele>631.0</ele><time>2026-07-29T08:56:50.074Z</time></trkpt><trkpt lat="46.14921667" lon="4.41204167"><ele>631.0</ele><time>2026-07-29T08:56:51.073Z</time></trkpt><trkpt lat="46.14922833" lon="4.41205333"><ele>630.0</ele><time>2026-07-29T08:56:52.073Z</time></trkpt><trkpt lat="46.14923833" lon="4.41206167"><ele>630.0</ele><time>2026-07-29T08:56:53.074Z</time></trkpt><trkpt lat="46.14925333" lon="4.41207333"><ele>630.0</ele><time>2026-07-29T08:56:54.074Z</time></trkpt><trkpt lat="46.14926833" lon="4.41208333"><ele>630.0</ele><time>2026-07-29T08:56:55.073Z</time></trkpt><trkpt lat="46.14928" lon="4.41209333"><ele>630.0</ele><time>2026-07-29T08:56:56.074Z</time></trkpt><trkpt lat="46.14929" lon="4.412105"><ele>630.0</ele><time>2026-07-29T08:56:57.073Z</time></trkpt><trkpt lat="46.14930167" lon="4.41211667"><ele>630.0</ele><time>2026-07-29T08:56:58.074Z</time></trkpt><trkpt lat="46.149315" lon="4.41212833"><ele>630.0</ele><time>2026-07-29T08:56:59.074Z</time></trkpt><trkpt lat="46.14932667" lon="4.41213833"><ele>630.0</ele><time>2026-07-29T08:57:00.073Z</time></trkpt><trkpt lat="46.14934" lon="4.41214667"><ele>630.0</ele><time>2026-07-29T08:57:01.074Z</time></trkpt><trkpt lat="46.14935" lon="4.41215333"><ele>630.0</ele><time>2026-07-29T08:57:02.074Z</time></trkpt><trkpt lat="46.14936333" lon="4.41216333"><ele>630.0</ele><time>2026-07-29T08:57:03.073Z</time></trkpt><trkpt lat="46.149375" lon="4.41216833"><ele>630.0</ele><time>2026-07-29T08:57:04.074Z</time></trkpt><trkpt lat="46.14939" lon="4.412175"><ele>630.0</ele><time>2026-07-29T08:57:05.074Z</time></trkpt><trkpt lat="46.14940167" lon="4.41217833"><ele>630.0</ele><time>2026-07-29T08:57:06.073Z</time></trkpt><trkpt lat="46.14941" lon="4.41217667"><ele>630.0</ele><time>2026-07-29T08:57:07.073Z</time></trkpt><trkpt lat="46.14942333" lon="4.412175"><ele>630.0</ele><time>2026-07-29T08:57:08.074Z</time></trkpt><trkpt lat="46.149435" lon="4.41217333"><ele>629.0</ele><time>2026-07-29T08:57:09.073Z</time></trkpt><trkpt lat="46.14944833" lon="4.41217167"><ele>629.0</ele><time>2026-07-29T08:57:10.073Z</time></trkpt><trkpt lat="46.14946667" lon="4.41216667"><ele>629.0</ele><time>2026-07-29T08:57:11.073Z</time></trkpt><trkpt lat="46.14948167" lon="4.41216167"><ele>628.0</ele><time>2026-07-29T08:57:12.073Z</time></trkpt><trkpt lat="46.14949333" lon="4.41215667"><ele>628.0</ele><time>2026-07-29T08:57:13.074Z</time></trkpt><trkpt lat="46.14950833" lon="4.412155"><ele>627.0</ele><time>2026-07-29T08:57:14.073Z</time></trkpt><trkpt lat="46.14952667" lon="4.412155"><ele>627.0</ele><time>2026-07-29T08:57:15.074Z</time></trkpt><trkpt lat="46.14954167" lon="4.41215667"><ele>627.0</ele><time>2026-07-29T08:57:16.074Z</time></trkpt><trkpt lat="46.14955667" lon="4.41215833"><ele>627.0</ele><time>2026-07-29T08:57:17.073Z</time></trkpt><trkpt lat="46.14957333" lon="4.41215667"><ele>626.0</ele><time>2026-07-29T08:57:18.074Z</time></trkpt><trkpt lat="46.14958667" lon="4.41216167"><ele>626.0</ele><time>2026-07-29T08:57:19.074Z</time></trkpt><trkpt lat="46.149595" lon="4.41216167"><ele>626.0</ele><time>2026-07-29T08:57:20.073Z</time></trkpt><trkpt lat="46.14960167" lon="4.41215833"><ele>626.0</ele><time>2026-07-29T08:57:21.074Z</time></trkpt><trkpt lat="46.14961333" lon="4.41215333"><ele>625.0</ele><time>2026-07-29T08:57:22.073Z</time></trkpt><trkpt lat="46.149625" lon="4.41215167"><ele>625.0</ele><time>2026-07-29T08:57:23.073Z</time></trkpt><trkpt lat="46.14963667" lon="4.41214833"><ele>625.0</ele><time>2026-07-29T08:57:24.074Z</time></trkpt><trkpt lat="46.149645" lon="4.41214333"><ele>624.0</ele><time>2026-07-29T08:57:25.074Z</time></trkpt><trkpt lat="46.149655" lon="4.41213833"><ele>624.0</ele><time>2026-07-29T08:57:26.073Z</time></trkpt><trkpt lat="46.149665" lon="4.41214"><ele>624.0</ele><time>2026-07-29T08:57:27.074Z</time></trkpt><trkpt lat="46.149675" lon="4.412145"><ele>623.0</ele><time>2026-07-29T08:57:28.074Z</time></trkpt><trkpt lat="46.14968" lon="4.41215"><ele>623.0</ele><time>2026-07-29T08:57:29.073Z</time></trkpt><trkpt lat="46.14968667" lon="4.412155"><ele>623.0</ele><time>2026-07-29T08:57:30.074Z</time></trkpt><trkpt lat="46.1497" lon="4.412165"><ele>623.0</ele><time>2026-07-29T08:57:31.073Z</time></trkpt><trkpt lat="46.14971333" lon="4.41217167"><ele>623.0</ele><time>2026-07-29T08:57:32.074Z</time></trkpt><trkpt lat="46.14971667" lon="4.41217333"><ele>623.0</ele><time>2026-07-29T08:57:33.073Z</time></trkpt><trkpt lat="46.14972667" lon="4.41217667"><ele>623.0</ele><time>2026-07-29T08:57:34.074Z</time></trkpt><trkpt lat="46.14973833" lon="4.41217833"><ele>623.0</ele><time>2026-07-29T08:57:35.073Z</time></trkpt><trkpt lat="46.14975333" lon="4.41218"><ele>623.0</ele><time>2026-07-29T08:57:36.074Z</time></trkpt><trkpt lat="46.14977" lon="4.41218167"><ele>623.0</ele><time>2026-07-29T08:57:37.074Z</time></trkpt><trkpt lat="46.149785" lon="4.41218167"><ele>622.0</ele><time>2026-07-29T08:57:38.073Z</time></trkpt><trkpt lat="46.149805" lon="4.41218167"><ele>622.0</ele><time>2026-07-29T08:57:39.074Z</time></trkpt><trkpt lat="46.14982667" lon="4.41218167"><ele>621.0</ele><time>2026-07-29T08:57:40.073Z</time></trkpt><trkpt lat="46.14984333" lon="4.41217833"><ele>621.0</ele><time>2026-07-29T08:57:41.073Z</time></trkpt><trkpt lat="46.14985667" lon="4.412175"><ele>621.0</ele><time>2026-07-29T08:57:42.074Z</time></trkpt><trkpt lat="46.14987167" lon="4.41217333"><ele>620.0</ele><time>2026-07-29T08:57:43.074Z</time></trkpt><trkpt lat="46.14988833" lon="4.41217167"><ele>620.0</ele><time>2026-07-29T08:57:44.074Z</time></trkpt><trkpt lat="46.149905" lon="4.41217"><ele>620.0</ele><time>2026-07-29T08:57:45.073Z</time></trkpt><trkpt lat="46.14992" lon="4.41216667"><ele>620.0</ele><time>2026-07-29T08:57:46.074Z</time></trkpt><trkpt lat="46.14993333" lon="4.41216"><ele>619.0</ele><time>2026-07-29T08:57:47.073Z</time></trkpt><trkpt lat="46.14994667" lon="4.412155"><ele>619.0</ele><time>2026-07-29T08:57:48.073Z</time></trkpt><trkpt lat="46.14996167" lon="4.41214833"><ele>619.0</ele><time>2026-07-29T08:57:49.073Z</time></trkpt><trkpt lat="46.14997833" lon="4.412145"><ele>619.0</ele><time>2026-07-29T08:57:50.073Z</time></trkpt><trkpt lat="46.14999167" lon="4.41213833"><ele>619.0</ele><time>2026-07-29T08:57:51.073Z</time></trkpt><trkpt lat="46.15000833" lon="4.412135"><ele>619.0</ele><time>2026-07-29T08:57:52.073Z</time></trkpt><trkpt lat="46.15002167" lon="4.41213167"><ele>619.0</ele><time>2026-07-29T08:57:53.073Z</time></trkpt><trkpt lat="46.150035" lon="4.41212833"><ele>619.0</ele><time>2026-07-29T08:57:54.073Z</time></trkpt><trkpt lat="46.15005" lon="4.41212167"><ele>619.0</ele><time>2026-07-29T08:57:55.073Z</time></trkpt><trkpt lat="46.15006167" lon="4.41211333"><ele>619.0</ele><time>2026-07-29T08:57:56.073Z</time></trkpt><trkpt lat="46.15007667" lon="4.412105"><ele>618.0</ele><time>2026-07-29T08:57:57.074Z</time></trkpt><trkpt lat="46.150095" lon="4.41209833"><ele>618.0</ele><time>2026-07-29T08:57:58.073Z</time></trkpt><trkpt lat="46.15010833" lon="4.41209333"><ele>618.0</ele><time>2026-07-29T08:57:59.074Z</time></trkpt><trkpt lat="46.150125" lon="4.41208833"><ele>617.0</ele><time>2026-07-29T08:58:00.073Z</time></trkpt><trkpt lat="46.15014833" lon="4.41209"><ele>617.0</ele><time>2026-07-29T08:58:01.073Z</time></trkpt><trkpt lat="46.15015667" lon="4.41208667"><ele>616.0</ele><time>2026-07-29T08:58:02.073Z</time></trkpt><trkpt lat="46.15016833" lon="4.412075"><ele>616.0</ele><time>2026-07-29T08:58:03.073Z</time></trkpt><trkpt lat="46.15018167" lon="4.41206833"><ele>615.0</ele><time>2026-07-29T08:58:04.074Z</time></trkpt><trkpt lat="46.15019667" lon="4.41206167"><ele>615.0</ele><time>2026-07-29T08:58:05.073Z</time></trkpt><trkpt lat="46.15021167" lon="4.41205333"><ele>615.0</ele><time>2026-07-29T08:58:06.074Z</time></trkpt><trkpt lat="46.15023167" lon="4.41204333"><ele>615.0</ele><time>2026-07-29T08:58:07.073Z</time></trkpt><trkpt lat="46.150245" lon="4.41203833"><ele>615.0</ele><time>2026-07-29T08:58:08.074Z</time></trkpt><trkpt lat="46.15026" lon="4.41203667"><ele>615.0</ele><time>2026-07-29T08:58:09.073Z</time></trkpt><trkpt lat="46.150275" lon="4.41203333"><ele>615.0</ele><time>2026-07-29T08:58:10.073Z</time></trkpt><trkpt lat="46.15028833" lon="4.41202833"><ele>615.0</ele><time>2026-07-29T08:58:11.073Z</time></trkpt><trkpt lat="46.15030667" lon="4.41203"><ele>614.0</ele><time>2026-07-29T08:58:12.073Z</time></trkpt><trkpt lat="46.15032167" lon="4.41202"><ele>614.0</ele><time>2026-07-29T08:58:13.074Z</time></trkpt><trkpt lat="46.15034167" lon="4.41201"><ele>614.0</ele><time>2026-07-29T08:58:14.073Z</time></trkpt><trkpt lat="46.15035333" lon="4.41199333"><ele>614.0</ele><time>2026-07-29T08:58:15.074Z</time></trkpt><trkpt lat="46.15037" lon="4.41198333"><ele>614.0</ele><time>2026-07-29T08:58:16.073Z</time></trkpt><trkpt lat="46.15039" lon="4.41197333"><ele>614.0</ele><time>2026-07-29T08:58:17.074Z</time></trkpt><trkpt lat="46.15040333" lon="4.41197167"><ele>614.0</ele><time>2026-07-29T08:58:18.074Z</time></trkpt><trkpt lat="46.15041167" lon="4.411965"><ele>614.0</ele><time>2026-07-29T08:58:19.073Z</time></trkpt><trkpt lat="46.15042667" lon="4.41196167"><ele>614.0</ele><time>2026-07-29T08:58:20.074Z</time></trkpt><trkpt lat="46.15044" lon="4.41195667"><ele>613.0</ele><time>2026-07-29T08:58:21.073Z</time></trkpt><trkpt lat="46.15045167" lon="4.41195"><ele>613.0</ele><time>2026-07-29T08:58:22.074Z</time></trkpt><trkpt lat="46.150465" lon="4.41193833"><ele>612.0</ele><time>2026-07-29T08:58:23.073Z</time></trkpt><trkpt lat="46.15047667" lon="4.41192833"><ele>612.0</ele><time>2026-07-29T08:58:24.073Z</time></trkpt><trkpt lat="46.15049" lon="4.41192"><ele>612.0</ele><time>2026-07-29T08:58:25.074Z</time></trkpt><trkpt lat="46.15050167" lon="4.41191"><ele>611.0</ele><time>2026-07-29T08:58:26.074Z</time></trkpt><trkpt lat="46.15051167" lon="4.41189667"><ele>611.0</ele><time>2026-07-29T08:58:27.074Z</time></trkpt><trkpt lat="46.15052333" lon="4.41188333"><ele>610.0</ele><time>2026-07-29T08:58:28.074Z</time></trkpt><trkpt lat="46.15053333" lon="4.41187"><ele>610.0</ele><time>2026-07-29T08:58:29.073Z</time></trkpt><trkpt lat="46.15054167" lon="4.41185833"><ele>609.0</ele><time>2026-07-29T08:58:30.073Z</time></trkpt><trkpt lat="46.15055" lon="4.41184833"><ele>609.0</ele><time>2026-07-29T08:58:31.074Z</time></trkpt><trkpt lat="46.15056167" lon="4.41184"><ele>609.0</ele><time>2026-07-29T08:58:32.073Z</time></trkpt><trkpt lat="46.15057333" lon="4.41182667"><ele>609.0</ele><time>2026-07-29T08:58:33.074Z</time></trkpt><trkpt lat="46.15058833" lon="4.411815"><ele>609.0</ele><time>2026-07-29T08:58:34.073Z</time></trkpt><trkpt lat="46.15060667" lon="4.41179667"><ele>609.0</ele><time>2026-07-29T08:58:35.074Z</time></trkpt><trkpt lat="46.15061667" lon="4.41177167"><ele>609.0</ele><time>2026-07-29T08:58:36.074Z</time></trkpt><trkpt lat="46.15062833" lon="4.41175833"><ele>610.0</ele><time>2026-07-29T08:58:37.073Z</time></trkpt><trkpt lat="46.150655" lon="4.41175"><ele>610.0</ele><time>2026-07-29T08:58:38.074Z</time></trkpt><trkpt lat="46.15067167" lon="4.41174167"><ele>610.0</ele><time>2026-07-29T08:58:39.074Z</time></trkpt><trkpt lat="46.150685" lon="4.41172167"><ele>611.0</ele><time>2026-07-29T08:58:40.073Z</time></trkpt><trkpt lat="46.15069167" lon="4.41171167"><ele>611.0</ele><time>2026-07-29T08:58:41.073Z</time></trkpt><trkpt lat="46.150705" lon="4.411705"><ele>612.0</ele><time>2026-07-29T08:58:42.074Z</time></trkpt><trkpt lat="46.15071667" lon="4.41169333"><ele>612.0</ele><time>2026-07-29T08:58:43.073Z</time></trkpt><trkpt lat="46.15073167" lon="4.41168833"><ele>612.0</ele><time>2026-07-29T08:58:44.074Z</time></trkpt><trkpt lat="46.15075167" lon="4.411695"><ele>611.0</ele><time>2026-07-29T08:58:45.074Z</time></trkpt><trkpt lat="46.15077333" lon="4.41169333"><ele>611.0</ele><time>2026-07-29T08:58:46.073Z</time></trkpt><trkpt lat="46.15079" lon="4.41168667"><ele>611.0</ele><time>2026-07-29T08:58:47.073Z</time></trkpt><trkpt lat="46.15080333" lon="4.41167667"><ele>611.0</ele><time>2026-07-29T08:58:48.074Z</time></trkpt><trkpt lat="46.15081833" lon="4.41166833"><ele>611.0</ele><time>2026-07-29T08:58:49.074Z</time></trkpt><trkpt lat="46.15083167" lon="4.41165667"><ele>611.0</ele><time>2026-07-29T08:58:50.073Z</time></trkpt><trkpt lat="46.150845" lon="4.411645"><ele>610.0</ele><time>2026-07-29T08:58:51.074Z</time></trkpt><trkpt lat="46.15085833" lon="4.41163"><ele>610.0</ele><time>2026-07-29T08:58:52.073Z</time></trkpt><trkpt lat="46.15087" lon="4.41161667"><ele>609.0</ele><time>2026-07-29T08:58:53.074Z</time></trkpt><trkpt lat="46.15088333" lon="4.411605"><ele>609.0</ele><time>2026-07-29T08:58:54.074Z</time></trkpt><trkpt lat="46.150895" lon="4.411595"><ele>608.0</ele><time>2026-07-29T08:58:55.073Z</time></trkpt><trkpt lat="46.15090333" lon="4.41157667"><ele>608.0</ele><time>2026-07-29T08:58:56.073Z</time></trkpt><trkpt lat="46.15091" lon="4.41156"><ele>607.0</ele><time>2026-07-29T08:58:57.073Z</time></trkpt><trkpt lat="46.15091667" lon="4.41153667"><ele>607.0</ele><time>2026-07-29T08:58:58.074Z</time></trkpt><trkpt lat="46.15092667" lon="4.41152833"><ele>607.0</ele><time>2026-07-29T08:58:59.073Z</time></trkpt><trkpt lat="46.150935" lon="4.411515"><ele>606.0</ele><time>2026-07-29T08:59:00.073Z</time></trkpt><trkpt lat="46.15094" lon="4.41149"><ele>607.0</ele><time>2026-07-29T08:59:01.073Z</time></trkpt><trkpt lat="46.150955" lon="4.41147"><ele>607.0</ele><time>2026-07-29T08:59:02.073Z</time></trkpt><trkpt lat="46.15096667" lon="4.41145667"><ele>607.0</ele><time>2026-07-29T08:59:03.073Z</time></trkpt><trkpt lat="46.15097667" lon="4.41143833"><ele>607.0</ele><time>2026-07-29T08:59:04.074Z</time></trkpt><trkpt lat="46.15099" lon="4.41142"><ele>607.0</ele><time>2026-07-29T08:59:05.073Z</time></trkpt><trkpt lat="46.15100167" lon="4.4114"><ele>608.0</ele><time>2026-07-29T08:59:06.074Z</time></trkpt><trkpt lat="46.15101167" lon="4.411385"><ele>608.0</ele><time>2026-07-29T08:59:07.073Z</time></trkpt><trkpt lat="46.151015" lon="4.41136667"><ele>608.0</ele><time>2026-07-29T08:59:08.073Z</time></trkpt><trkpt lat="46.15101667" lon="4.41134833"><ele>608.0</ele><time>2026-07-29T08:59:09.074Z</time></trkpt><trkpt lat="46.15102167" lon="4.411335"><ele>608.0</ele><time>2026-07-29T08:59:10.073Z</time></trkpt><trkpt lat="46.15102333" lon="4.41132"><ele>609.0</ele><time>2026-07-29T08:59:11.074Z</time></trkpt><trkpt lat="46.15103167" lon="4.41130667"><ele>609.0</ele><time>2026-07-29T08:59:12.073Z</time></trkpt><trkpt lat="46.15103833" lon="4.41129"><ele>609.0</ele><time>2026-07-29T08:59:13.074Z</time></trkpt><trkpt lat="46.15104167" lon="4.41127833"><ele>609.0</ele><time>2026-07-29T08:59:14.073Z</time></trkpt><trkpt lat="46.15105167" lon="4.41126167"><ele>609.0</ele><time>2026-07-29T08:59:15.074Z</time></trkpt><trkpt lat="46.15105167" lon="4.41123333"><ele>609.0</ele><time>2026-07-29T08:59:16.074Z</time></trkpt><trkpt lat="46.15106" lon="4.41121167"><ele>609.0</ele><time>2026-07-29T08:59:17.073Z</time></trkpt><trkpt lat="46.15106833" lon="4.41119667"><ele>610.0</ele><time>2026-07-29T08:59:18.074Z</time></trkpt><trkpt lat="46.15107167" lon="4.41117833"><ele>610.0</ele><time>2026-07-29T08:59:19.073Z</time></trkpt><trkpt lat="46.15107667" lon="4.41115833"><ele>611.0</ele><time>2026-07-29T08:59:20.074Z</time></trkpt><trkpt lat="46.15109" lon="4.41114833"><ele>611.0</ele><time>2026-07-29T08:59:21.073Z</time></trkpt><trkpt lat="46.15110333" lon="4.41114167"><ele>611.0</ele><time>2026-07-29T08:59:22.074Z</time></trkpt><trkpt lat="46.15111333" lon="4.41112833"><ele>612.0</ele><time>2026-07-29T08:59:23.074Z</time></trkpt><trkpt lat="46.151125" lon="4.411115"><ele>612.0</ele><time>2026-07-29T08:59:24.074Z</time></trkpt><trkpt lat="46.151135" lon="4.41109667"><ele>613.0</ele><time>2026-07-29T08:59:25.074Z</time></trkpt><trkpt lat="46.15114333" lon="4.41107667"><ele>613.0</ele><time>2026-07-29T08:59:26.073Z</time></trkpt><trkpt lat="46.15114833" lon="4.41105333"><ele>613.0</ele><time>2026-07-29T08:59:27.074Z</time></trkpt><trkpt lat="46.15115833" lon="4.41103667"><ele>613.0</ele><time>2026-07-29T08:59:28.073Z</time></trkpt><trkpt lat="46.15117" lon="4.41102333"><ele>613.0</ele><time>2026-07-29T08:59:29.074Z</time></trkpt><trkpt lat="46.15117833" lon="4.41100333"><ele>613.0</ele><time>2026-07-29T08:59:30.074Z</time></trkpt><trkpt lat="46.15118167" lon="4.410985"><ele>613.0</ele><time>2026-07-29T08:59:31.073Z</time></trkpt><trkpt lat="46.151185" lon="4.41096833"><ele>613.0</ele><time>2026-07-29T08:59:32.074Z</time></trkpt><trkpt lat="46.15119167" lon="4.410955"><ele>613.0</ele><time>2026-07-29T08:59:33.073Z</time></trkpt><trkpt lat="46.15119667" lon="4.41094333"><ele>612.0</ele><time>2026-07-29T08:59:34.073Z</time></trkpt><trkpt lat="46.151205" lon="4.41093333"><ele>612.0</ele><time>2026-07-29T08:59:35.073Z</time></trkpt><trkpt lat="46.15121667" lon="4.41092667"><ele>612.0</ele><time>2026-07-29T08:59:36.073Z</time></trkpt><trkpt lat="46.151225" lon="4.41091667"><ele>612.0</ele><time>2026-07-29T08:59:37.073Z</time></trkpt><trkpt lat="46.15123667" lon="4.410905"><ele>611.0</ele><time>2026-07-29T08:59:38.074Z</time></trkpt><trkpt lat="46.151245" lon="4.41088833"><ele>611.0</ele><time>2026-07-29T08:59:39.074Z</time></trkpt><trkpt lat="46.15125167" lon="4.41087167"><ele>611.0</ele><time>2026-07-29T08:59:40.073Z</time></trkpt><trkpt lat="46.151255" lon="4.41085167"><ele>610.0</ele><time>2026-07-29T08:59:41.073Z</time></trkpt><trkpt lat="46.15126333" lon="4.41082833"><ele>610.0</ele><time>2026-07-29T08:59:42.073Z</time></trkpt><trkpt lat="46.15127" lon="4.41080833"><ele>610.0</ele><time>2026-07-29T08:59:43.074Z</time></trkpt><trkpt lat="46.15128167" lon="4.41079"><ele>610.0</ele><time>2026-07-29T08:59:44.073Z</time></trkpt><trkpt lat="46.15129167" lon="4.41077"><ele>609.0</ele><time>2026-07-29T08:59:45.074Z</time></trkpt><trkpt lat="46.1513" lon="4.41074833"><ele>609.0</ele><time>2026-07-29T08:59:46.073Z</time></trkpt><trkpt lat="46.15129833" lon="4.41071833"><ele>609.0</ele><time>2026-07-29T08:59:47.074Z</time></trkpt><trkpt lat="46.15128" lon="4.41068167"><ele>609.0</ele><time>2026-07-29T08:59:48.074Z</time></trkpt><trkpt lat="46.15128333" lon="4.41065667"><ele>609.0</ele><time>2026-07-29T08:59:49.073Z</time></trkpt><trkpt lat="46.15128667" lon="4.41063667"><ele>609.0</ele><time>2026-07-29T08:59:50.073Z</time></trkpt><trkpt lat="46.15129167" lon="4.41061"><ele>608.0</ele><time>2026-07-29T08:59:51.073Z</time></trkpt><trkpt lat="46.15128833" lon="4.41058167"><ele>608.0</ele><time>2026-07-29T08:59:52.074Z</time></trkpt><trkpt lat="46.15128833" lon="4.41055667"><ele>608.0</ele><time>2026-07-29T08:59:53.073Z</time></trkpt><trkpt lat="46.15129167" lon="4.410535"><ele>608.0</ele><time>2026-07-29T08:59:54.074Z</time></trkpt><trkpt lat="46.15130667" lon="4.41051333"><ele>608.0</ele><time>2026-07-29T08:59:55.073Z</time></trkpt><trkpt lat="46.15131333" lon="4.41048833"><ele>608.0</ele><time>2026-07-29T08:59:56.074Z</time></trkpt><trkpt lat="46.15131167" lon="4.41046333"><ele>608.0</ele><time>2026-07-29T08:59:57.074Z</time></trkpt><trkpt lat="46.15131167" lon="4.41044"><ele>608.0</ele><time>2026-07-29T08:59:58.074Z</time></trkpt><trkpt lat="46.15131333" lon="4.41042167"><ele>608.0</ele><time>2026-07-29T08:59:59.074Z</time></trkpt><trkpt lat="46.151315" lon="4.41040333"><ele>607.0</ele><time>2026-07-29T09:00:00.074Z</time></trkpt><trkpt lat="46.15132333" lon="4.41039833"><ele>607.0</ele><time>2026-07-29T09:00:01.073Z</time></trkpt><trkpt lat="46.15133833" lon="4.41039"><ele>607.0</ele><time>2026-07-29T09:00:02.073Z</time></trkpt><trkpt lat="46.15135" lon="4.41038167"><ele>607.0</ele><time>2026-07-29T09:00:03.074Z</time></trkpt><trkpt lat="46.15135667" lon="4.41037333"><ele>607.0</ele><time>2026-07-29T09:00:04.073Z</time></trkpt><trkpt lat="46.15137167" lon="4.41036833"><ele>607.0</ele><time>2026-07-29T09:00:05.074Z</time></trkpt><trkpt lat="46.15138" lon="4.41036167"><ele>607.0</ele><time>2026-07-29T09:00:06.073Z</time></trkpt><trkpt lat="46.15139667" lon="4.41035833"><ele>607.0</ele><time>2026-07-29T09:00:07.073Z</time></trkpt><trkpt lat="46.15140667" lon="4.41034833"><ele>607.0</ele><time>2026-07-29T09:00:08.073Z</time></trkpt><trkpt lat="46.15141167" lon="4.410345"><ele>607.0</ele><time>2026-07-29T09:00:09.073Z</time></trkpt><trkpt lat="46.15142333" lon="4.410345"><ele>607.0</ele><time>2026-07-29T09:00:10.074Z</time></trkpt><trkpt lat="46.15143833" lon="4.41033667"><ele>607.0</ele><time>2026-07-29T09:00:11.073Z</time></trkpt><trkpt lat="46.15146" lon="4.41033167"><ele>608.0</ele><time>2026-07-29T09:00:12.073Z</time></trkpt><trkpt lat="46.15148167" lon="4.410325"><ele>608.0</ele><time>2026-07-29T09:00:13.074Z</time></trkpt><trkpt lat="46.15150333" lon="4.41031333"><ele>608.0</ele><time>2026-07-29T09:00:14.073Z</time></trkpt><trkpt lat="46.151525" lon="4.41029667"><ele>609.0</ele><time>2026-07-29T09:00:15.073Z</time></trkpt><trkpt lat="46.15155" lon="4.41027833"><ele>609.0</ele><time>2026-07-29T09:00:16.073Z</time></trkpt><trkpt lat="46.15157167" lon="4.41026833"><ele>609.0</ele><time>2026-07-29T09:00:17.073Z</time></trkpt><trkpt lat="46.15158833" lon="4.41026"><ele>609.0</ele><time>2026-07-29T09:00:18.074Z</time></trkpt><trkpt lat="46.15160333" lon="4.41024333"><ele>610.0</ele><time>2026-07-29T09:00:19.073Z</time></trkpt><trkpt lat="46.15162167" lon="4.41022833"><ele>610.0</ele><time>2026-07-29T09:00:20.073Z</time></trkpt><trkpt lat="46.151635" lon="4.41021667"><ele>610.0</ele><time>2026-07-29T09:00:21.073Z</time></trkpt><trkpt lat="46.15165167" lon="4.41021167"><ele>610.0</ele><time>2026-07-29T09:00:22.073Z</time></trkpt><trkpt lat="46.151665" lon="4.41020333"><ele>610.0</ele><time>2026-07-29T09:00:23.073Z</time></trkpt><trkpt lat="46.15167333" lon="4.41018833"><ele>610.0</ele><time>2026-07-29T09:00:24.073Z</time></trkpt><trkpt lat="46.151695" lon="4.41018"><ele>610.0</ele><time>2026-07-29T09:00:25.073Z</time></trkpt><trkpt lat="46.151705" lon="4.41016833"><ele>610.0</ele><time>2026-07-29T09:00:26.073Z</time></trkpt><trkpt lat="46.15172" lon="4.41016167"><ele>610.0</ele><time>2026-07-29T09:00:27.074Z</time></trkpt><trkpt lat="46.15173167" lon="4.41015333"><ele>610.0</ele><time>2026-07-29T09:00:28.074Z</time></trkpt><trkpt lat="46.15175167" lon="4.41014833"><ele>610.0</ele><time>2026-07-29T09:00:29.073Z</time></trkpt><trkpt lat="46.15176667" lon="4.41014"><ele>610.0</ele><time>2026-07-29T09:00:30.074Z</time></trkpt><trkpt lat="46.15178333" lon="4.410135"><ele>610.0</ele><time>2026-07-29T09:00:31.073Z</time></trkpt><trkpt lat="46.151805" lon="4.41013333"><ele>610.0</ele><time>2026-07-29T09:00:32.074Z</time></trkpt><trkpt lat="46.15182833" lon="4.41014"><ele>610.0</ele><time>2026-07-29T09:00:33.074Z</time></trkpt><trkpt lat="46.15185167" lon="4.41014833"><ele>610.0</ele><time>2026-07-29T09:00:34.074Z</time></trkpt><trkpt lat="46.15187" lon="4.41014833"><ele>610.0</ele><time>2026-07-29T09:00:35.073Z</time></trkpt><trkpt lat="46.151885" lon="4.41014833"><ele>610.0</ele><time>2026-07-29T09:00:36.074Z</time></trkpt><trkpt lat="46.151905" lon="4.410145"><ele>610.0</ele><time>2026-07-29T09:00:37.074Z</time></trkpt><trkpt lat="46.15192" lon="4.41014"><ele>610.0</ele><time>2026-07-29T09:00:38.073Z</time></trkpt><trkpt lat="46.15193" lon="4.41012833"><ele>610.0</ele><time>2026-07-29T09:00:39.074Z</time></trkpt><trkpt lat="46.15194333" lon="4.41012167"><ele>610.0</ele><time>2026-07-29T09:00:40.073Z</time></trkpt><trkpt lat="46.15195667" lon="4.41011667"><ele>610.0</ele><time>2026-07-29T09:00:41.074Z</time></trkpt><trkpt lat="46.15197" lon="4.410115"><ele>610.0</ele><time>2026-07-29T09:00:42.073Z</time></trkpt><trkpt lat="46.15197833" lon="4.41010667"><ele>610.0</ele><time>2026-07-29T09:00:43.073Z</time></trkpt><trkpt lat="46.15199167" lon="4.4101"><ele>610.0</ele><time>2026-07-29T09:00:44.074Z</time></trkpt><trkpt lat="46.152005" lon="4.41009667"><ele>610.0</ele><time>2026-07-29T09:00:45.074Z</time></trkpt><trkpt lat="46.15201667" lon="4.41009667"><ele>610.0</ele><time>2026-07-29T09:00:46.073Z</time></trkpt><trkpt lat="46.15202667" lon="4.41009667"><ele>610.0</ele><time>2026-07-29T09:00:47.074Z</time></trkpt><trkpt lat="46.15203833" lon="4.41009333"><ele>611.0</ele><time>2026-07-29T09:00:48.074Z</time></trkpt><trkpt lat="46.15204833" lon="4.41008667"><ele>611.0</ele><time>2026-07-29T09:00:49.073Z</time></trkpt><trkpt lat="46.15206167" lon="4.41008167"><ele>611.0</ele><time>2026-07-29T09:00:50.073Z</time></trkpt><trkpt lat="46.15208" lon="4.41007333"><ele>611.0</ele><time>2026-07-29T09:00:51.073Z</time></trkpt><trkpt lat="46.152105" lon="4.410085"><ele>611.0</ele><time>2026-07-29T09:00:52.074Z</time></trkpt><trkpt lat="46.15211833" lon="4.41009167"><ele>611.0</ele><time>2026-07-29T09:00:53.074Z</time></trkpt><trkpt lat="46.15213" lon="4.41009"><ele>611.0</ele><time>2026-07-29T09:00:54.073Z</time></trkpt><trkpt lat="46.152135" lon="4.41008333"><ele>611.0</ele><time>2026-07-29T09:00:55.074Z</time></trkpt><trkpt lat="46.15214" lon="4.41007833"><ele>611.0</ele><time>2026-07-29T09:00:56.073Z</time></trkpt><trkpt lat="46.15214667" lon="4.41007833"><ele>611.0</ele><time>2026-07-29T09:00:57.074Z</time></trkpt><trkpt lat="46.15215667" lon="4.41007833"><ele>611.0</ele><time>2026-07-29T09:00:58.073Z</time></trkpt><trkpt lat="46.15216667" lon="4.410075"><ele>611.0</ele><time>2026-07-29T09:00:59.074Z</time></trkpt><trkpt lat="46.152175" lon="4.41006833"><ele>611.0</ele><time>2026-07-29T09:01:00.073Z</time></trkpt><trkpt lat="46.152185" lon="4.410065"><ele>611.0</ele><time>2026-07-29T09:01:01.074Z</time></trkpt><trkpt lat="46.152195" lon="4.410065"><ele>611.0</ele><time>2026-07-29T09:01:02.074Z</time></trkpt><trkpt lat="46.15220833" lon="4.41006167"><ele>611.0</ele><time>2026-07-29T09:01:03.074Z</time></trkpt><trkpt lat="46.15222333" lon="4.41006"><ele>611.0</ele><time>2026-07-29T09:01:04.074Z</time></trkpt><trkpt lat="46.15223833" lon="4.41006167"><ele>611.0</ele><time>2026-07-29T09:01:05.073Z</time></trkpt><trkpt lat="46.15225167" lon="4.41005833"><ele>611.0</ele><time>2026-07-29T09:01:06.074Z</time></trkpt><trkpt lat="46.15226333" lon="4.41005"><ele>611.0</ele><time>2026-07-29T09:01:07.073Z</time></trkpt><trkpt lat="46.15228" lon="4.41002833"><ele>611.0</ele><time>2026-07-29T09:01:08.074Z</time></trkpt><trkpt lat="46.15229667" lon="4.41001833"><ele>611.0</ele><time>2026-07-29T09:01:09.074Z</time></trkpt><trkpt lat="46.15230667" lon="4.41001833"><ele>611.0</ele><time>2026-07-29T09:01:10.073Z</time></trkpt><trkpt lat="46.15231833" lon="4.41001667"><ele>611.0</ele><time>2026-07-29T09:01:11.074Z</time></trkpt><trkpt lat="46.15233167" lon="4.41001167"><ele>611.0</ele><time>2026-07-29T09:01:12.074Z</time></trkpt><trkpt lat="46.15234167" lon="4.41000333"><ele>611.0</ele><time>2026-07-29T09:01:13.073Z</time></trkpt><trkpt lat="46.152355" lon="4.409995"><ele>611.0</ele><time>2026-07-29T09:01:14.074Z</time></trkpt><trkpt lat="46.15236833" lon="4.40999333"><ele>611.0</ele><time>2026-07-29T09:01:15.074Z</time></trkpt><trkpt lat="46.15237833" lon="4.40999833"><ele>611.0</ele><time>2026-07-29T09:01:16.073Z</time></trkpt><trkpt lat="46.15239333" lon="4.410005"><ele>611.0</ele><time>2026-07-29T09:01:17.074Z</time></trkpt><trkpt lat="46.15240333" lon="4.41000667"><ele>611.0</ele><time>2026-07-29T09:01:18.074Z</time></trkpt><trkpt lat="46.15241833" lon="4.41000833"><ele>611.0</ele><time>2026-07-29T09:01:19.073Z</time></trkpt><trkpt lat="46.152425" lon="4.41000333"><ele>610.0</ele><time>2026-07-29T09:01:20.073Z</time></trkpt><trkpt lat="46.15243333" lon="4.41000167"><ele>610.0</ele><time>2026-07-29T09:01:21.074Z</time></trkpt><trkpt lat="46.15244" lon="4.409995"><ele>610.0</ele><time>2026-07-29T09:01:22.074Z</time></trkpt><trkpt lat="46.15244833" lon="4.40999"><ele>611.0</ele><time>2026-07-29T09:01:23.073Z</time></trkpt><trkpt lat="46.15246333" lon="4.40999"><ele>611.0</ele><time>2026-07-29T09:01:24.073Z</time></trkpt><trkpt lat="46.15247833" lon="4.40998833"><ele>611.0</ele><time>2026-07-29T09:01:25.073Z</time></trkpt><trkpt lat="46.15249333" lon="4.40998667"><ele>611.0</ele><time>2026-07-29T09:01:26.073Z</time></trkpt><trkpt lat="46.15250667" lon="4.40997833"><ele>611.0</ele><time>2026-07-29T09:01:27.073Z</time></trkpt><trkpt lat="46.15252" lon="4.40997"><ele>611.0</ele><time>2026-07-29T09:01:28.073Z</time></trkpt><trkpt lat="46.15253667" lon="4.409965"><ele>611.0</ele><time>2026-07-29T09:01:29.074Z</time></trkpt><trkpt lat="46.15255333" lon="4.40996167"><ele>612.0</ele><time>2026-07-29T09:01:30.073Z</time></trkpt><trkpt lat="46.152575" lon="4.40995833"><ele>612.0</ele><time>2026-07-29T09:01:31.073Z</time></trkpt><trkpt lat="46.15259667" lon="4.40995667"><ele>612.0</ele><time>2026-07-29T09:01:32.074Z</time></trkpt><trkpt lat="46.15261333" lon="4.40995333"><ele>612.0</ele><time>2026-07-29T09:01:33.073Z</time></trkpt><trkpt lat="46.15262833" lon="4.40994667"><ele>612.0</ele><time>2026-07-29T09:01:34.073Z</time></trkpt><trkpt lat="46.15263833" lon="4.40994"><ele>613.0</ele><time>2026-07-29T09:01:35.073Z</time></trkpt><trkpt lat="46.15265333" lon="4.40994"><ele>613.0</ele><time>2026-07-29T09:01:36.073Z</time></trkpt><trkpt lat="46.15267" lon="4.40994"><ele>613.0</ele><time>2026-07-29T09:01:37.073Z</time></trkpt><trkpt lat="46.15268833" lon="4.40993833"><ele>614.0</ele><time>2026-07-29T09:01:38.073Z</time></trkpt><trkpt lat="46.15270333" lon="4.40993833"><ele>614.0</ele><time>2026-07-29T09:01:39.074Z</time></trkpt><trkpt lat="46.15272" lon="4.40994"><ele>614.0</ele><time>2026-07-29T09:01:40.074Z</time></trkpt><trkpt lat="46.152735" lon="4.40994"><ele>614.0</ele><time>2026-07-29T09:01:41.074Z</time></trkpt><trkpt lat="46.15275167" lon="4.40994"><ele>614.0</ele><time>2026-07-29T09:01:42.073Z</time></trkpt><trkpt lat="46.15276833" lon="4.409935"><ele>614.0</ele><time>2026-07-29T09:01:43.074Z</time></trkpt><trkpt lat="46.15278" lon="4.40992333"><ele>614.0</ele><time>2026-07-29T09:01:44.073Z</time></trkpt><trkpt lat="46.15279167" lon="4.40991333"><ele>615.0</ele><time>2026-07-29T09:01:45.073Z</time></trkpt><trkpt lat="46.15280167" lon="4.40990167"><ele>615.0</ele><time>2026-07-29T09:01:46.073Z</time></trkpt><trkpt lat="46.15280833" lon="4.40988"><ele>615.0</ele><time>2026-07-29T09:01:47.074Z</time></trkpt><trkpt lat="46.152815" lon="4.40986333"><ele>615.0</ele><time>2026-07-29T09:01:48.074Z</time></trkpt><trkpt lat="46.15283" lon="4.40985"><ele>615.0</ele><time>2026-07-29T09:01:49.073Z</time></trkpt><trkpt lat="46.15284333" lon="4.40984333"><ele>616.0</ele><time>2026-07-29T09:01:50.073Z</time></trkpt><trkpt lat="46.15285833" lon="4.40983833"><ele>616.0</ele><time>2026-07-29T09:01:51.074Z</time></trkpt><trkpt lat="46.15287667" lon="4.40983667"><ele>616.0</ele><time>2026-07-29T09:01:52.074Z</time></trkpt><trkpt lat="46.15289333" lon="4.40983833"><ele>616.0</ele><time>2026-07-29T09:01:53.074Z</time></trkpt><trkpt lat="46.152905" lon="4.409835"><ele>616.0</ele><time>2026-07-29T09:01:54.074Z</time></trkpt><trkpt lat="46.15292" lon="4.40983167"><ele>616.0</ele><time>2026-07-29T09:01:55.074Z</time></trkpt><trkpt lat="46.152935" lon="4.40983167"><ele>616.0</ele><time>2026-07-29T09:01:56.073Z</time></trkpt><trkpt lat="46.15295" lon="4.40982167"><ele>616.0</ele><time>2026-07-29T09:01:57.074Z</time></trkpt><trkpt lat="46.15296333" lon="4.40981833"><ele>616.0</ele><time>2026-07-29T09:01:58.074Z</time></trkpt><trkpt lat="46.15297333" lon="4.40981333"><ele>616.0</ele><time>2026-07-29T09:01:59.073Z</time></trkpt><trkpt lat="46.15298333" lon="4.40980667"><ele>616.0</ele><time>2026-07-29T09:02:00.073Z</time></trkpt><trkpt lat="46.15299833" lon="4.40980833"><ele>617.0</ele><time>2026-07-29T09:02:01.073Z</time></trkpt><trkpt lat="46.15301667" lon="4.40980833"><ele>617.0</ele><time>2026-07-29T09:02:02.073Z</time></trkpt><trkpt lat="46.15302667" lon="4.40980333"><ele>617.0</ele><time>2026-07-29T09:02:03.073Z</time></trkpt><trkpt lat="46.15303833" lon="4.409795"><ele>617.0</ele><time>2026-07-29T09:02:04.074Z</time></trkpt><trkpt lat="46.15304667" lon="4.40978333"><ele>618.0</ele><time>2026-07-29T09:02:05.074Z</time></trkpt><trkpt lat="46.15306" lon="4.40978"><ele>618.0</ele><time>2026-07-29T09:02:06.073Z</time></trkpt><trkpt lat="46.15306667" lon="4.40976667"><ele>618.0</ele><time>2026-07-29T09:02:07.074Z</time></trkpt><trkpt lat="46.153075" lon="4.40976667"><ele>618.0</ele><time>2026-07-29T09:02:08.074Z</time></trkpt><trkpt lat="46.15307833" lon="4.40974667"><ele>618.0</ele><time>2026-07-29T09:02:09.073Z</time></trkpt><trkpt lat="46.15308333" lon="4.40973333"><ele>619.0</ele><time>2026-07-29T09:02:10.074Z</time></trkpt><trkpt lat="46.15310167" lon="4.40973333"><ele>619.0</ele><time>2026-07-29T09:02:11.074Z</time></trkpt><trkpt lat="46.15311833" lon="4.40973833"><ele>619.0</ele><time>2026-07-29T09:02:12.074Z</time></trkpt><trkpt lat="46.15313667" lon="4.40974667"><ele>618.0</ele><time>2026-07-29T09:02:13.073Z</time></trkpt><trkpt lat="46.15315167" lon="4.40974333"><ele>618.0</ele><time>2026-07-29T09:02:14.074Z</time></trkpt><trkpt lat="46.15316167" lon="4.40973833"><ele>618.0</ele><time>2026-07-29T09:02:15.074Z</time></trkpt><trkpt lat="46.15317333" lon="4.40973167"><ele>618.0</ele><time>2026-07-29T09:02:16.074Z</time></trkpt><trkpt lat="46.153185" lon="4.40972333"><ele>618.0</ele><time>2026-07-29T09:02:17.074Z</time></trkpt><trkpt lat="46.15319333" lon="4.409715"><ele>618.0</ele><time>2026-07-29T09:02:18.073Z</time></trkpt><trkpt lat="46.15320167" lon="4.40970667"><ele>618.0</ele><time>2026-07-29T09:02:19.074Z</time></trkpt><trkpt lat="46.15321333" lon="4.4097"><ele>619.0</ele><time>2026-07-29T09:02:20.074Z</time></trkpt><trkpt lat="46.15322333" lon="4.40969167"><ele>619.0</ele><time>2026-07-29T09:02:21.073Z</time></trkpt><trkpt lat="46.153235" lon="4.409685"><ele>619.0</ele><time>2026-07-29T09:02:22.073Z</time></trkpt><trkpt lat="46.15324333" lon="4.40967667"><ele>619.0</ele><time>2026-07-29T09:02:23.074Z</time></trkpt><trkpt lat="46.15325333" lon="4.409675"><ele>620.0</ele><time>2026-07-29T09:02:24.074Z</time></trkpt><trkpt lat="46.153265" lon="4.40967333"><ele>620.0</ele><time>2026-07-29T09:02:25.074Z</time></trkpt><trkpt lat="46.15327833" lon="4.40966833"><ele>620.0</ele><time>2026-07-29T09:02:26.073Z</time></trkpt><trkpt lat="46.15328833" lon="4.409665"><ele>620.0</ele><time>2026-07-29T09:02:27.074Z</time></trkpt><trkpt lat="46.15330167" lon="4.40966"><ele>620.0</ele><time>2026-07-29T09:02:28.074Z</time></trkpt><trkpt lat="46.15331667" lon="4.40965167"><ele>620.0</ele><time>2026-07-29T09:02:29.073Z</time></trkpt><trkpt lat="46.15332833" lon="4.409645"><ele>620.0</ele><time>2026-07-29T09:02:30.074Z</time></trkpt><trkpt lat="46.15334333" lon="4.40963833"><ele>620.0</ele><time>2026-07-29T09:02:31.074Z</time></trkpt><trkpt lat="46.153365" lon="4.40963833"><ele>620.0</ele><time>2026-07-29T09:02:32.074Z</time></trkpt><trkpt lat="46.15338667" lon="4.40963667"><ele>620.0</ele><time>2026-07-29T09:02:33.073Z</time></trkpt><trkpt lat="46.15341167" lon="4.40963667"><ele>620.0</ele><time>2026-07-29T09:02:34.073Z</time></trkpt><trkpt lat="46.15342833" lon="4.40962333"><ele>621.0</ele><time>2026-07-29T09:02:35.073Z</time></trkpt><trkpt lat="46.15344" lon="4.40960833"><ele>621.0</ele><time>2026-07-29T09:02:36.073Z</time></trkpt><trkpt lat="46.15345333" lon="4.409595"><ele>621.0</ele><time>2026-07-29T09:02:37.074Z</time></trkpt><trkpt lat="46.15346333" lon="4.40958167"><ele>622.0</ele><time>2026-07-29T09:02:38.073Z</time></trkpt><trkpt lat="46.15348" lon="4.409575"><ele>622.0</ele><time>2026-07-29T09:02:39.074Z</time></trkpt><trkpt lat="46.15349333" lon="4.40957"><ele>622.0</ele><time>2026-07-29T09:02:40.074Z</time></trkpt><trkpt lat="46.15350167" lon="4.409565"><ele>622.0</ele><time>2026-07-29T09:02:41.073Z</time></trkpt><trkpt lat="46.15351167" lon="4.409565"><ele>622.0</ele><time>2026-07-29T09:02:42.074Z</time></trkpt><trkpt lat="46.15351833" lon="4.40956667"><ele>623.0</ele><time>2026-07-29T09:02:43.073Z</time></trkpt><trkpt lat="46.153535" lon="4.40956"><ele>623.0</ele><time>2026-07-29T09:02:44.074Z</time></trkpt><trkpt lat="46.15354667" lon="4.40955833"><ele>623.0</ele><time>2026-07-29T09:02:45.074Z</time></trkpt><trkpt lat="46.15356" lon="4.40955833"><ele>623.0</ele><time>2026-07-29T09:02:46.074Z</time></trkpt><trkpt lat="46.15357333" lon="4.40956167"><ele>624.0</ele><time>2026-07-29T09:02:47.074Z</time></trkpt><trkpt lat="46.15358833" lon="4.40956"><ele>624.0</ele><time>2026-07-29T09:02:48.073Z</time></trkpt><trkpt lat="46.15360333" lon="4.40955833"><ele>624.0</ele><time>2026-07-29T09:02:49.073Z</time></trkpt><trkpt lat="46.15362" lon="4.40956"><ele>624.0</ele><time>2026-07-29T09:02:50.074Z</time></trkpt><trkpt lat="46.15363833" lon="4.40956"><ele>623.0</ele><time>2026-07-29T09:02:51.073Z</time></trkpt><trkpt lat="46.153655" lon="4.40955667"><ele>623.0</ele><time>2026-07-29T09:02:52.074Z</time></trkpt><trkpt lat="46.15367" lon="4.40954833"><ele>622.0</ele><time>2026-07-29T09:02:53.074Z</time></trkpt><trkpt lat="46.15368333" lon="4.40954167"><ele>622.0</ele><time>2026-07-29T09:02:54.074Z</time></trkpt><trkpt lat="46.15370333" lon="4.40953"><ele>622.0</ele><time>2026-07-29T09:02:55.074Z</time></trkpt><trkpt lat="46.15371333" lon="4.40952667"><ele>622.0</ele><time>2026-07-29T09:02:56.074Z</time></trkpt><trkpt lat="46.15373333" lon="4.40954833"><ele>622.0</ele><time>2026-07-29T09:02:57.073Z</time></trkpt><trkpt lat="46.15374" lon="4.40955"><ele>621.0</ele><time>2026-07-29T09:02:58.073Z</time></trkpt><trkpt lat="46.15375167" lon="4.40955167"><ele>621.0</ele><time>2026-07-29T09:02:59.073Z</time></trkpt><trkpt lat="46.15375667" lon="4.40955167"><ele>622.0</ele><time>2026-07-29T09:03:00.073Z</time></trkpt><trkpt lat="46.15376" lon="4.40955333"><ele>622.0</ele><time>2026-07-29T09:03:01.073Z</time></trkpt><trkpt lat="46.15377667" lon="4.40954833"><ele>622.0</ele><time>2026-07-29T09:03:02.074Z</time></trkpt><trkpt lat="46.15379" lon="4.40954"><ele>622.0</ele><time>2026-07-29T09:03:03.074Z</time></trkpt><trkpt lat="46.15380833" lon="4.40954333"><ele>622.0</ele><time>2026-07-29T09:03:04.074Z</time></trkpt><trkpt lat="46.15382667" lon="4.40955"><ele>622.0</ele><time>2026-07-29T09:03:05.073Z</time></trkpt><trkpt lat="46.15384667" lon="4.40954833"><ele>622.0</ele><time>2026-07-29T09:03:06.073Z</time></trkpt><trkpt lat="46.15387" lon="4.40955333"><ele>623.0</ele><time>2026-07-29T09:03:07.073Z</time></trkpt><trkpt lat="46.15388667" lon="4.40955667"><ele>623.0</ele><time>2026-07-29T09:03:08.074Z</time></trkpt><trkpt lat="46.15390333" lon="4.40956167"><ele>623.0</ele><time>2026-07-29T09:03:09.073Z</time></trkpt><trkpt lat="46.15391667" lon="4.40957"><ele>623.0</ele><time>2026-07-29T09:03:10.074Z</time></trkpt><trkpt lat="46.15393" lon="4.40957667"><ele>623.0</ele><time>2026-07-29T09:03:11.074Z</time></trkpt><trkpt lat="46.15394833" lon="4.40958667"><ele>623.0</ele><time>2026-07-29T09:03:12.074Z</time></trkpt><trkpt lat="46.15396167" lon="4.40959833"><ele>623.0</ele><time>2026-07-29T09:03:13.073Z</time></trkpt><trkpt lat="46.15397667" lon="4.409605"><ele>622.0</ele><time>2026-07-29T09:03:14.073Z</time></trkpt><trkpt lat="46.15399" lon="4.40961333"><ele>622.0</ele><time>2026-07-29T09:03:15.074Z</time></trkpt><trkpt lat="46.15401167" lon="4.40961667"><ele>622.0</ele><time>2026-07-29T09:03:16.074Z</time></trkpt><trkpt lat="46.15403" lon="4.409625"><ele>622.0</ele><time>2026-07-29T09:03:17.073Z</time></trkpt><trkpt lat="46.154045" lon="4.409635"><ele>622.0</ele><time>2026-07-29T09:03:18.074Z</time></trkpt><trkpt lat="46.15406333" lon="4.40964833"><ele>622.0</ele><time>2026-07-29T09:03:19.074Z</time></trkpt><trkpt lat="46.15407833" lon="4.40966"><ele>622.0</ele><time>2026-07-29T09:03:20.073Z</time></trkpt><trkpt lat="46.15409" lon="4.40967167"><ele>622.0</ele><time>2026-07-29T09:03:21.074Z</time></trkpt><trkpt lat="46.15410333" lon="4.40968667"><ele>622.0</ele><time>2026-07-29T09:03:22.074Z</time></trkpt><trkpt lat="46.15411667" lon="4.40969833"><ele>622.0</ele><time>2026-07-29T09:03:23.074Z</time></trkpt><trkpt lat="46.15413" lon="4.40971333"><ele>623.0</ele><time>2026-07-29T09:03:24.073Z</time></trkpt><trkpt lat="46.15414" lon="4.40972833"><ele>623.0</ele><time>2026-07-29T09:03:25.073Z</time></trkpt><trkpt lat="46.15415333" lon="4.40975"><ele>623.0</ele><time>2026-07-29T09:03:26.073Z</time></trkpt><trkpt lat="46.15416333" lon="4.40976167"><ele>623.0</ele><time>2026-07-29T09:03:27.074Z</time></trkpt><trkpt lat="46.15417833" lon="4.40978333"><ele>623.0</ele><time>2026-07-29T09:03:28.073Z</time></trkpt><trkpt lat="46.15418667" lon="4.40979833"><ele>624.0</ele><time>2026-07-29T09:03:29.073Z</time></trkpt><trkpt lat="46.1542" lon="4.40981667"><ele>624.0</ele><time>2026-07-29T09:03:30.074Z</time></trkpt><trkpt lat="46.15421" lon="4.409835"><ele>624.0</ele><time>2026-07-29T09:03:31.073Z</time></trkpt><trkpt lat="46.15422167" lon="4.409855"><ele>624.0</ele><time>2026-07-29T09:03:32.073Z</time></trkpt><trkpt lat="46.15423" lon="4.40987667"><ele>624.0</ele><time>2026-07-29T09:03:33.074Z</time></trkpt><trkpt lat="46.15423833" lon="4.4099"><ele>625.0</ele><time>2026-07-29T09:03:34.074Z</time></trkpt><trkpt lat="46.154245" lon="4.40992"><ele>625.0</ele><time>2026-07-29T09:03:35.073Z</time></trkpt><trkpt lat="46.15425167" lon="4.40994333"><ele>625.0</ele><time>2026-07-29T09:03:36.073Z</time></trkpt><trkpt lat="46.15425667" lon="4.40996667"><ele>626.0</ele><time>2026-07-29T09:03:37.073Z</time></trkpt><trkpt lat="46.15426333" lon="4.40999167"><ele>626.0</ele><time>2026-07-29T09:03:38.073Z</time></trkpt><trkpt lat="46.15427167" lon="4.41001333"><ele>626.0</ele><time>2026-07-29T09:03:39.073Z</time></trkpt><trkpt lat="46.15427833" lon="4.41003167"><ele>626.0</ele><time>2026-07-29T09:03:40.073Z</time></trkpt><trkpt lat="46.154285" lon="4.41005167"><ele>627.0</ele><time>2026-07-29T09:03:41.073Z</time></trkpt><trkpt lat="46.15429333" lon="4.41007667"><ele>627.0</ele><time>2026-07-29T09:03:42.074Z</time></trkpt><trkpt lat="46.1543" lon="4.41009667"><ele>627.0</ele><time>2026-07-29T09:03:43.074Z</time></trkpt><trkpt lat="46.15431167" lon="4.41012"><ele>628.0</ele><time>2026-07-29T09:03:44.073Z</time></trkpt><trkpt lat="46.15431167" lon="4.41014167"><ele>628.0</ele><time>2026-07-29T09:03:45.073Z</time></trkpt><trkpt lat="46.15431167" lon="4.41016667"><ele>627.0</ele><time>2026-07-29T09:03:46.074Z</time></trkpt><trkpt lat="46.15431167" lon="4.41018833"><ele>627.0</ele><time>2026-07-29T09:03:47.074Z</time></trkpt><trkpt lat="46.154315" lon="4.410205"><ele>627.0</ele><time>2026-07-29T09:03:48.074Z</time></trkpt><trkpt lat="46.15432" lon="4.41022833"><ele>626.0</ele><time>2026-07-29T09:03:49.074Z</time></trkpt><trkpt lat="46.15432167" lon="4.41024667"><ele>625.0</ele><time>2026-07-29T09:03:50.073Z</time></trkpt><trkpt lat="46.15432167" lon="4.41027"><ele>625.0</ele><time>2026-07-29T09:03:51.073Z</time></trkpt><trkpt lat="46.15432333" lon="4.41029833"><ele>625.0</ele><time>2026-07-29T09:03:52.074Z</time></trkpt><trkpt lat="46.15432167" lon="4.41032833"><ele>625.0</ele><time>2026-07-29T09:03:53.073Z</time></trkpt><trkpt lat="46.154325" lon="4.41035333"><ele>625.0</ele><time>2026-07-29T09:03:54.074Z</time></trkpt><trkpt lat="46.15432833" lon="4.41037833"><ele>624.0</ele><time>2026-07-29T09:03:55.074Z</time></trkpt><trkpt lat="46.15433" lon="4.410395"><ele>624.0</ele><time>2026-07-29T09:03:56.073Z</time></trkpt><trkpt lat="46.15433667" lon="4.41041667"><ele>624.0</ele><time>2026-07-29T09:03:57.073Z</time></trkpt><trkpt lat="46.15434" lon="4.41044333"><ele>623.0</ele><time>2026-07-29T09:03:58.074Z</time></trkpt><trkpt lat="46.154345" lon="4.410465"><ele>623.0</ele><time>2026-07-29T09:03:59.074Z</time></trkpt><trkpt lat="46.15435" lon="4.41048833"><ele>623.0</ele><time>2026-07-29T09:04:00.074Z</time></trkpt><trkpt lat="46.154355" lon="4.41050833"><ele>624.0</ele><time>2026-07-29T09:04:01.074Z</time></trkpt><trkpt lat="46.15435833" lon="4.41052667"><ele>624.0</ele><time>2026-07-29T09:04:02.073Z</time></trkpt><trkpt lat="46.154365" lon="4.410545"><ele>624.0</ele><time>2026-07-29T09:04:03.074Z</time></trkpt><trkpt lat="46.15437167" lon="4.410565"><ele>625.0</ele><time>2026-07-29T09:04:04.073Z</time></trkpt><trkpt lat="46.15437333" lon="4.41058333"><ele>625.0</ele><time>2026-07-29T09:04:05.073Z</time></trkpt><trkpt lat="46.15438" lon="4.4106"><ele>626.0</ele><time>2026-07-29T09:04:06.074Z</time></trkpt><trkpt lat="46.15438833" lon="4.41061333"><ele>626.0</ele><time>2026-07-29T09:04:07.073Z</time></trkpt><trkpt lat="46.15439667" lon="4.41063"><ele>626.0</ele><time>2026-07-29T09:04:08.074Z</time></trkpt><trkpt lat="46.15440333" lon="4.410645"><ele>627.0</ele><time>2026-07-29T09:04:09.073Z</time></trkpt><trkpt lat="46.15441167" lon="4.41065833"><ele>627.0</ele><time>2026-07-29T09:04:10.074Z</time></trkpt><trkpt lat="46.15442" lon="4.41067167"><ele>627.0</ele><time>2026-07-29T09:04:11.073Z</time></trkpt><trkpt lat="46.15442833" lon="4.41068"><ele>627.0</ele><time>2026-07-29T09:04:12.073Z</time></trkpt><trkpt lat="46.15443167" lon="4.41068333"><ele>627.0</ele><time>2026-07-29T09:04:13.074Z</time></trkpt><trkpt lat="46.154435" lon="4.41068667"><ele>627.0</ele><time>2026-07-29T09:04:14.073Z</time></trkpt><trkpt lat="46.154445" lon="4.410695"><ele>627.0</ele><time>2026-07-29T09:04:15.074Z</time></trkpt><trkpt lat="46.15445167" lon="4.41070167"><ele>627.0</ele><time>2026-07-29T09:04:16.073Z</time></trkpt><trkpt lat="46.15446333" lon="4.41071"><ele>627.0</ele><time>2026-07-29T09:04:17.073Z</time></trkpt><trkpt lat="46.154475" lon="4.41071833"><ele>626.0</ele><time>2026-07-29T09:04:18.073Z</time></trkpt><trkpt lat="46.15448667" lon="4.410725"><ele>626.0</ele><time>2026-07-29T09:04:19.074Z</time></trkpt><trkpt lat="46.15449833" lon="4.41073167"><ele>625.0</ele><time>2026-07-29T09:04:20.074Z</time></trkpt><trkpt lat="46.15450833" lon="4.41074"><ele>625.0</ele><time>2026-07-29T09:04:21.074Z</time></trkpt><trkpt lat="46.15452" lon="4.41074333"><ele>625.0</ele><time>2026-07-29T09:04:22.073Z</time></trkpt><trkpt lat="46.15453667" lon="4.410745"><ele>625.0</ele><time>2026-07-29T09:04:23.073Z</time></trkpt><trkpt lat="46.15455167" lon="4.41074667"><ele>625.0</ele><time>2026-07-29T09:04:24.073Z</time></trkpt><trkpt lat="46.15457" lon="4.41074"><ele>625.0</ele><time>2026-07-29T09:04:25.073Z</time></trkpt><trkpt lat="46.154585" lon="4.410735"><ele>625.0</ele><time>2026-07-29T09:04:26.073Z</time></trkpt><trkpt lat="46.15459667" lon="4.41073667"><ele>625.0</ele><time>2026-07-29T09:04:27.073Z</time></trkpt><trkpt lat="46.15460833" lon="4.41073667"><ele>625.0</ele><time>2026-07-29T09:04:28.074Z</time></trkpt><trkpt lat="46.15461667" lon="4.41073833"><ele>625.0</ele><time>2026-07-29T09:04:29.074Z</time></trkpt><trkpt lat="46.15463" lon="4.410735"><ele>625.0</ele><time>2026-07-29T09:04:30.073Z</time></trkpt><trkpt lat="46.154645" lon="4.41073167"><ele>626.0</ele><time>2026-07-29T09:04:31.074Z</time></trkpt><trkpt lat="46.15465833" lon="4.410725"><ele>626.0</ele><time>2026-07-29T09:04:32.074Z</time></trkpt><trkpt lat="46.15467333" lon="4.41072333"><ele>626.0</ele><time>2026-07-29T09:04:33.073Z</time></trkpt><trkpt lat="46.15468667" lon="4.41072833"><ele>626.0</ele><time>2026-07-29T09:04:34.073Z</time></trkpt><trkpt lat="46.15469667" lon="4.41073667"><ele>626.0</ele><time>2026-07-29T09:04:35.073Z</time></trkpt><trkpt lat="46.154705" lon="4.41074333"><ele>626.0</ele><time>2026-07-29T09:04:36.073Z</time></trkpt><trkpt lat="46.154715" lon="4.41074667"><ele>626.0</ele><time>2026-07-29T09:04:37.073Z</time></trkpt><trkpt lat="46.15472167" lon="4.41074667"><ele>626.0</ele><time>2026-07-29T09:04:38.073Z</time></trkpt><trkpt lat="46.15473" lon="4.410745"><ele>626.0</ele><time>2026-07-29T09:04:39.073Z</time></trkpt><trkpt lat="46.15473833" lon="4.41074167"><ele>625.0</ele><time>2026-07-29T09:04:40.073Z</time></trkpt><trkpt lat="46.15475167" lon="4.410745"><ele>625.0</ele><time>2026-07-29T09:04:41.074Z</time></trkpt><trkpt lat="46.154765" lon="4.410745"><ele>625.0</ele><time>2026-07-29T09:04:42.073Z</time></trkpt><trkpt lat="46.15477833" lon="4.410745"><ele>625.0</ele><time>2026-07-29T09:04:43.073Z</time></trkpt><trkpt lat="46.154795" lon="4.41074333"><ele>625.0</ele><time>2026-07-29T09:04:44.074Z</time></trkpt><trkpt lat="46.154815" lon="4.41074333"><ele>624.0</ele><time>2026-07-29T09:04:45.074Z</time></trkpt><trkpt lat="46.15483" lon="4.41074"><ele>624.0</ele><time>2026-07-29T09:04:46.074Z</time></trkpt><trkpt lat="46.15484667" lon="4.41073333"><ele>624.0</ele><time>2026-07-29T09:04:47.074Z</time></trkpt><trkpt lat="46.15486167" lon="4.41072833"><ele>624.0</ele><time>2026-07-29T09:04:48.073Z</time></trkpt><trkpt lat="46.15487667" lon="4.41072167"><ele>624.0</ele><time>2026-07-29T09:04:49.074Z</time></trkpt><trkpt lat="46.15489167" lon="4.41071333"><ele>624.0</ele><time>2026-07-29T09:04:50.073Z</time></trkpt><trkpt lat="46.15490667" lon="4.41070167"><ele>623.0</ele><time>2026-07-29T09:04:51.074Z</time></trkpt><trkpt lat="46.15492167" lon="4.41069167"><ele>623.0</ele><time>2026-07-29T09:04:52.073Z</time></trkpt><trkpt lat="46.15494" lon="4.41068333"><ele>623.0</ele><time>2026-07-29T09:04:53.074Z</time></trkpt><trkpt lat="46.15495833" lon="4.410675"><ele>623.0</ele><time>2026-07-29T09:04:54.074Z</time></trkpt><trkpt lat="46.15497167" lon="4.410665"><ele>623.0</ele><time>2026-07-29T09:04:55.073Z</time></trkpt><trkpt lat="46.15498333" lon="4.41066167"><ele>623.0</ele><time>2026-07-29T09:04:56.073Z</time></trkpt><trkpt lat="46.15499333" lon="4.410655"><ele>623.0</ele><time>2026-07-29T09:04:57.074Z</time></trkpt><trkpt lat="46.15500167" lon="4.41065"><ele>622.0</ele><time>2026-07-29T09:04:58.073Z</time></trkpt><trkpt lat="46.15501167" lon="4.41064667"><ele>622.0</ele><time>2026-07-29T09:04:59.073Z</time></trkpt><trkpt lat="46.155025" lon="4.41064333"><ele>622.0</ele><time>2026-07-29T09:05:00.074Z</time></trkpt><trkpt lat="46.15503667" lon="4.41064167"><ele>622.0</ele><time>2026-07-29T09:05:01.073Z</time></trkpt><trkpt lat="46.15504833" lon="4.41063667"><ele>623.0</ele><time>2026-07-29T09:05:02.073Z</time></trkpt><trkpt lat="46.15506167" lon="4.41063167"><ele>623.0</ele><time>2026-07-29T09:05:03.074Z</time></trkpt><trkpt lat="46.15507667" lon="4.41062333"><ele>623.0</ele><time>2026-07-29T09:05:04.074Z</time></trkpt><trkpt lat="46.15509" lon="4.410615"><ele>623.0</ele><time>2026-07-29T09:05:05.073Z</time></trkpt><trkpt lat="46.15510167" lon="4.41061"><ele>623.0</ele><time>2026-07-29T09:05:06.074Z</time></trkpt><trkpt lat="46.15511833" lon="4.41060333"><ele>623.0</ele><time>2026-07-29T09:05:07.074Z</time></trkpt><trkpt lat="46.15513833" lon="4.41059333"><ele>623.0</ele><time>2026-07-29T09:05:08.073Z</time></trkpt><trkpt lat="46.15516833" lon="4.410595"><ele>623.0</ele><time>2026-07-29T09:05:09.074Z</time></trkpt><trkpt lat="46.15518833" lon="4.41059333"><ele>623.0</ele><time>2026-07-29T09:05:10.074Z</time></trkpt><trkpt lat="46.15520667" lon="4.41058833"><ele>623.0</ele><time>2026-07-29T09:05:11.074Z</time></trkpt><trkpt lat="46.155225" lon="4.41057833"><ele>623.0</ele><time>2026-07-29T09:05:12.073Z</time></trkpt><trkpt lat="46.15523667" lon="4.41057167"><ele>623.0</ele><time>2026-07-29T09:05:13.073Z</time></trkpt><trkpt lat="46.15525167" lon="4.41056667"><ele>623.0</ele><time>2026-07-29T09:05:14.074Z</time></trkpt><trkpt lat="46.15526833" lon="4.41056333"><ele>623.0</ele><time>2026-07-29T09:05:15.074Z</time></trkpt><trkpt lat="46.155285" lon="4.41055833"><ele>623.0</ele><time>2026-07-29T09:05:16.073Z</time></trkpt><trkpt lat="46.15530167" lon="4.410555"><ele>623.0</ele><time>2026-07-29T09:05:17.073Z</time></trkpt><trkpt lat="46.15531667" lon="4.41055167"><ele>622.0</ele><time>2026-07-29T09:05:18.073Z</time></trkpt><trkpt lat="46.15533167" lon="4.41055"><ele>622.0</ele><time>2026-07-29T09:05:19.074Z</time></trkpt><trkpt lat="46.155345" lon="4.410545"><ele>622.0</ele><time>2026-07-29T09:05:20.073Z</time></trkpt><trkpt lat="46.15535667" lon="4.41054333"><ele>622.0</ele><time>2026-07-29T09:05:21.073Z</time></trkpt><trkpt lat="46.15537" lon="4.41054167"><ele>622.0</ele><time>2026-07-29T09:05:22.074Z</time></trkpt><trkpt lat="46.155385" lon="4.41053833"><ele>622.0</ele><time>2026-07-29T09:05:23.073Z</time></trkpt><trkpt lat="46.1554" lon="4.41053667"><ele>621.0</ele><time>2026-07-29T09:05:24.074Z</time></trkpt><trkpt lat="46.155415" lon="4.41053333"><ele>622.0</ele><time>2026-07-29T09:05:25.074Z</time></trkpt><trkpt lat="46.15543" lon="4.41053"><ele>622.0</ele><time>2026-07-29T09:05:26.073Z</time></trkpt><trkpt lat="46.155445" lon="4.41052833"><ele>622.0</ele><time>2026-07-29T09:05:27.074Z</time></trkpt><trkpt lat="46.15546" lon="4.41052667"><ele>622.0</ele><time>2026-07-29T09:05:28.073Z</time></trkpt><trkpt lat="46.15547667" lon="4.41052333"><ele>622.0</ele><time>2026-07-29T09:05:29.073Z</time></trkpt><trkpt lat="46.15549167" lon="4.41052"><ele>622.0</ele><time>2026-07-29T09:05:30.074Z</time></trkpt><trkpt lat="46.15550833" lon="4.41051833"><ele>622.0</ele><time>2026-07-29T09:05:31.074Z</time></trkpt><trkpt lat="46.15552333" lon="4.41051833"><ele>622.0</ele><time>2026-07-29T09:05:32.073Z</time></trkpt><trkpt lat="46.15554" lon="4.41051833"><ele>621.0</ele><time>2026-07-29T09:05:33.073Z</time></trkpt><trkpt lat="46.155555" lon="4.41051667"><ele>621.0</ele><time>2026-07-29T09:05:34.073Z</time></trkpt><trkpt lat="46.15557" lon="4.41051667"><ele>621.0</ele><time>2026-07-29T09:05:35.074Z</time></trkpt><trkpt lat="46.15558667" lon="4.41051667"><ele>621.0</ele><time>2026-07-29T09:05:36.073Z</time></trkpt><trkpt lat="46.15560333" lon="4.41052"><ele>622.0</ele><time>2026-07-29T09:05:37.074Z</time></trkpt><trkpt lat="46.15561667" lon="4.41052333"><ele>622.0</ele><time>2026-07-29T09:05:38.074Z</time></trkpt><trkpt lat="46.15562833" lon="4.41052667"><ele>622.0</ele><time>2026-07-29T09:05:39.073Z</time></trkpt><trkpt lat="46.15564667" lon="4.41053"><ele>622.0</ele><time>2026-07-29T09:05:40.074Z</time></trkpt><trkpt lat="46.15566167" lon="4.41053"><ele>622.0</ele><time>2026-07-29T09:05:41.073Z</time></trkpt><trkpt lat="46.155675" lon="4.41053"><ele>622.0</ele><time>2026-07-29T09:05:42.073Z</time></trkpt><trkpt lat="46.15569" lon="4.41052667"><ele>622.0</ele><time>2026-07-29T09:05:43.074Z</time></trkpt><trkpt lat="46.155705" lon="4.410525"><ele>623.0</ele><time>2026-07-29T09:05:44.073Z</time></trkpt><trkpt lat="46.15572" lon="4.41052"><ele>623.0</ele><time>2026-07-29T09:05:45.074Z</time></trkpt><trkpt lat="46.15573833" lon="4.41051833"><ele>623.0</ele><time>2026-07-29T09:05:46.073Z</time></trkpt><trkpt lat="46.15575667" lon="4.41051833"><ele>622.0</ele><time>2026-07-29T09:05:47.073Z</time></trkpt><trkpt lat="46.15577667" lon="4.410525"><ele>622.0</ele><time>2026-07-29T09:05:48.074Z</time></trkpt><trkpt lat="46.155795" lon="4.41053"><ele>622.0</ele><time>2026-07-29T09:05:49.073Z</time></trkpt><trkpt lat="46.15581167" lon="4.41053167"><ele>622.0</ele><time>2026-07-29T09:05:50.073Z</time></trkpt><trkpt lat="46.15582667" lon="4.41052667"><ele>622.0</ele><time>2026-07-29T09:05:51.074Z</time></trkpt><trkpt lat="46.15583833" lon="4.41051833"><ele>623.0</ele><time>2026-07-29T09:05:52.073Z</time></trkpt><trkpt lat="46.15585" lon="4.410515"><ele>623.0</ele><time>2026-07-29T09:05:53.073Z</time></trkpt><trkpt lat="46.15586167" lon="4.41051167"><ele>623.0</ele><time>2026-07-29T09:05:54.073Z</time></trkpt><trkpt lat="46.15587167" lon="4.41051167"><ele>623.0</ele><time>2026-07-29T09:05:55.073Z</time></trkpt><trkpt lat="46.155885" lon="4.41050667"><ele>623.0</ele><time>2026-07-29T09:05:56.074Z</time></trkpt><trkpt lat="46.155895" lon="4.4105"><ele>623.0</ele><time>2026-07-29T09:05:57.073Z</time></trkpt><trkpt lat="46.155905" lon="4.41049667"><ele>624.0</ele><time>2026-07-29T09:05:58.073Z</time></trkpt><trkpt lat="46.15591667" lon="4.41049833"><ele>624.0</ele><time>2026-07-29T09:05:59.073Z</time></trkpt><trkpt lat="46.155935" lon="4.41049667"><ele>624.0</ele><time>2026-07-29T09:06:00.074Z</time></trkpt><trkpt lat="46.15595333" lon="4.410495"><ele>624.0</ele><time>2026-07-29T09:06:01.074Z</time></trkpt><trkpt lat="46.15597" lon="4.41049333"><ele>624.0</ele><time>2026-07-29T09:06:02.073Z</time></trkpt><trkpt lat="46.15598333" lon="4.41049"><ele>624.0</ele><time>2026-07-29T09:06:03.073Z</time></trkpt><trkpt lat="46.15599833" lon="4.410485"><ele>624.0</ele><time>2026-07-29T09:06:04.074Z</time></trkpt><trkpt lat="46.15601167" lon="4.41048333"><ele>624.0</ele><time>2026-07-29T09:06:05.074Z</time></trkpt><trkpt lat="46.15602667" lon="4.41048167"><ele>624.0</ele><time>2026-07-29T09:06:06.073Z</time></trkpt><trkpt lat="46.15603833" lon="4.410485"><ele>624.0</ele><time>2026-07-29T09:06:07.073Z</time></trkpt><trkpt lat="46.15605333" lon="4.41048833"><ele>624.0</ele><time>2026-07-29T09:06:08.073Z</time></trkpt><trkpt lat="46.15606833" lon="4.41049"><ele>624.0</ele><time>2026-07-29T09:06:09.073Z</time></trkpt><trkpt lat="46.15608833" lon="4.41048667"><ele>624.0</ele><time>2026-07-29T09:06:10.073Z</time></trkpt><trkpt lat="46.15610833" lon="4.410475"><ele>624.0</ele><time>2026-07-29T09:06:11.073Z</time></trkpt><trkpt lat="46.15612167" lon="4.41046833"><ele>624.0</ele><time>2026-07-29T09:06:12.073Z</time></trkpt><trkpt lat="46.15612833" lon="4.41046167"><ele>624.0</ele><time>2026-07-29T09:06:13.073Z</time></trkpt><trkpt lat="46.15613833" lon="4.41046"><ele>624.0</ele><time>2026-07-29T09:06:14.073Z</time></trkpt><trkpt lat="46.15615" lon="4.41045167"><ele>624.0</ele><time>2026-07-29T09:06:15.073Z</time></trkpt><trkpt lat="46.15616333" lon="4.41044833"><ele>625.0</ele><time>2026-07-29T09:06:16.073Z</time></trkpt><trkpt lat="46.15617833" lon="4.410445"><ele>625.0</ele><time>2026-07-29T09:06:17.073Z</time></trkpt><trkpt lat="46.15619333" lon="4.41044167"><ele>625.0</ele><time>2026-07-29T09:06:18.073Z</time></trkpt><trkpt lat="46.15620667" lon="4.41044"><ele>625.0</ele><time>2026-07-29T09:06:19.074Z</time></trkpt><trkpt lat="46.15622" lon="4.41043167"><ele>626.0</ele><time>2026-07-29T09:06:20.073Z</time></trkpt><trkpt lat="46.15623167" lon="4.41043"><ele>626.0</ele><time>2026-07-29T09:06:21.073Z</time></trkpt><trkpt lat="46.15624167" lon="4.410425"><ele>626.0</ele><time>2026-07-29T09:06:22.073Z</time></trkpt><trkpt lat="46.15625333" lon="4.41042333"><ele>626.0</ele><time>2026-07-29T09:06:23.074Z</time></trkpt><trkpt lat="46.156265" lon="4.41041833"><ele>626.0</ele><time>2026-07-29T09:06:24.073Z</time></trkpt><trkpt lat="46.15627833" lon="4.41041667"><ele>626.0</ele><time>2026-07-29T09:06:25.074Z</time></trkpt><trkpt lat="46.15629167" lon="4.41041833"><ele>626.0</ele><time>2026-07-29T09:06:26.074Z</time></trkpt><trkpt lat="46.156305" lon="4.41041833"><ele>626.0</ele><time>2026-07-29T09:06:27.074Z</time></trkpt><trkpt lat="46.156315" lon="4.41041667"><ele>626.0</ele><time>2026-07-29T09:06:28.073Z</time></trkpt><trkpt lat="46.15632833" lon="4.410415"><ele>626.0</ele><time>2026-07-29T09:06:29.074Z</time></trkpt><trkpt lat="46.15634167" lon="4.41041667"><ele>626.0</ele><time>2026-07-29T09:06:30.073Z</time></trkpt><trkpt lat="46.15635167" lon="4.41041833"><ele>626.0</ele><time>2026-07-29T09:06:31.073Z</time></trkpt><trkpt lat="46.15636333" lon="4.41042"><ele>626.0</ele><time>2026-07-29T09:06:32.074Z</time></trkpt><trkpt lat="46.15637333" lon="4.41041833"><ele>626.0</ele><time>2026-07-29T09:06:33.074Z</time></trkpt><trkpt lat="46.156385" lon="4.41041667"><ele>626.0</ele><time>2026-07-29T09:06:34.074Z</time></trkpt><trkpt lat="46.15639667" lon="4.410415"><ele>627.0</ele><time>2026-07-29T09:06:35.073Z</time></trkpt><trkpt lat="46.156405" lon="4.41041667"><ele>627.0</ele><time>2026-07-29T09:06:36.074Z</time></trkpt><trkpt lat="46.15642167" lon="4.41041667"><ele>627.0</ele><time>2026-07-29T09:06:37.074Z</time></trkpt><trkpt lat="46.15643333" lon="4.41041667"><ele>627.0</ele><time>2026-07-29T09:06:38.074Z</time></trkpt><trkpt lat="46.156445" lon="4.410415"><ele>628.0</ele><time>2026-07-29T09:06:39.073Z</time></trkpt><trkpt lat="46.156455" lon="4.410415"><ele>628.0</ele><time>2026-07-29T09:06:40.073Z</time></trkpt><trkpt lat="46.15646833" lon="4.41041333"><ele>628.0</ele><time>2026-07-29T09:06:41.074Z</time></trkpt><trkpt lat="46.15647833" lon="4.41041333"><ele>628.0</ele><time>2026-07-29T09:06:42.074Z</time></trkpt><trkpt lat="46.15649" lon="4.41041333"><ele>629.0</ele><time>2026-07-29T09:06:43.074Z</time></trkpt><trkpt lat="46.15650167" lon="4.41041167"><ele>629.0</ele><time>2026-07-29T09:06:44.073Z</time></trkpt><trkpt lat="46.15651167" lon="4.41041167"><ele>629.0</ele><time>2026-07-29T09:06:45.074Z</time></trkpt><trkpt lat="46.15652333" lon="4.41041167"><ele>629.0</ele><time>2026-07-29T09:06:46.073Z</time></trkpt><trkpt lat="46.15653833" lon="4.41041"><ele>629.0</ele><time>2026-07-29T09:06:47.073Z</time></trkpt><trkpt lat="46.156555" lon="4.41040833"><ele>629.0</ele><time>2026-07-29T09:06:48.073Z</time></trkpt><trkpt lat="46.15656833" lon="4.41041"><ele>629.0</ele><time>2026-07-29T09:06:49.073Z</time></trkpt><trkpt lat="46.15658333" lon="4.41041167"><ele>629.0</ele><time>2026-07-29T09:06:50.073Z</time></trkpt><trkpt lat="46.15659667" lon="4.41041167"><ele>629.0</ele><time>2026-07-29T09:06:51.074Z</time></trkpt><trkpt lat="46.15661167" lon="4.41041333"><ele>629.0</ele><time>2026-07-29T09:06:52.074Z</time></trkpt><trkpt lat="46.15663333" lon="4.41041167"><ele>629.0</ele><time>2026-07-29T09:06:53.074Z</time></trkpt><trkpt lat="46.15664667" lon="4.41041167"><ele>629.0</ele><time>2026-07-29T09:06:54.073Z</time></trkpt><trkpt lat="46.15666167" lon="4.41040833"><ele>630.0</ele><time>2026-07-29T09:06:55.074Z</time></trkpt><trkpt lat="46.15667333" lon="4.410405"><ele>630.0</ele><time>2026-07-29T09:06:56.074Z</time></trkpt><trkpt lat="46.15668833" lon="4.41040167"><ele>630.0</ele><time>2026-07-29T09:06:57.073Z</time></trkpt><trkpt lat="46.15670167" lon="4.410405"><ele>630.0</ele><time>2026-07-29T09:06:58.073Z</time></trkpt><trkpt lat="46.15671333" lon="4.41040833"><ele>630.0</ele><time>2026-07-29T09:06:59.073Z</time></trkpt><trkpt lat="46.156725" lon="4.410405"><ele>631.0</ele><time>2026-07-29T09:07:00.074Z</time></trkpt><trkpt lat="46.15673833" lon="4.41040333"><ele>631.0</ele><time>2026-07-29T09:07:01.073Z</time></trkpt><trkpt lat="46.15675167" lon="4.41040333"><ele>631.0</ele><time>2026-07-29T09:07:02.074Z</time></trkpt><trkpt lat="46.15676667" lon="4.41040667"><ele>631.0</ele><time>2026-07-29T09:07:03.074Z</time></trkpt><trkpt lat="46.15678167" lon="4.41041167"><ele>632.0</ele><time>2026-07-29T09:07:04.073Z</time></trkpt><trkpt lat="46.156795" lon="4.41042"><ele>632.0</ele><time>2026-07-29T09:07:05.073Z</time></trkpt><trkpt lat="46.15680833" lon="4.41043167"><ele>633.0</ele><time>2026-07-29T09:07:06.073Z</time></trkpt><trkpt lat="46.15682167" lon="4.41044333"><ele>633.0</ele><time>2026-07-29T09:07:07.073Z</time></trkpt><trkpt lat="46.15683667" lon="4.410455"><ele>633.0</ele><time>2026-07-29T09:07:08.074Z</time></trkpt><trkpt lat="46.15685" lon="4.41047"><ele>633.0</ele><time>2026-07-29T09:07:09.074Z</time></trkpt><trkpt lat="46.15686167" lon="4.41048167"><ele>634.0</ele><time>2026-07-29T09:07:10.073Z</time></trkpt><trkpt lat="46.15687167" lon="4.41049167"><ele>634.0</ele><time>2026-07-29T09:07:11.073Z</time></trkpt><trkpt lat="46.15688" lon="4.4105"><ele>634.0</ele><time>2026-07-29T09:07:12.073Z</time></trkpt><trkpt lat="46.15689167" lon="4.41051167"><ele>634.0</ele><time>2026-07-29T09:07:13.073Z</time></trkpt><trkpt lat="46.15690167" lon="4.410525"><ele>634.0</ele><time>2026-07-29T09:07:14.074Z</time></trkpt><trkpt lat="46.15691333" lon="4.41054"><ele>634.0</ele><time>2026-07-29T09:07:15.074Z</time></trkpt><trkpt lat="46.156925" lon="4.41055167"><ele>634.0</ele><time>2026-07-29T09:07:16.073Z</time></trkpt><trkpt lat="46.156935" lon="4.41056333"><ele>633.0</ele><time>2026-07-29T09:07:17.073Z</time></trkpt><trkpt lat="46.15694" lon="4.41057167"><ele>633.0</ele><time>2026-07-29T09:07:18.074Z</time></trkpt><trkpt lat="46.15695" lon="4.410585"><ele>633.0</ele><time>2026-07-29T09:07:19.074Z</time></trkpt><trkpt lat="46.15696167" lon="4.41059833"><ele>633.0</ele><time>2026-07-29T09:07:20.073Z</time></trkpt><trkpt lat="46.15697333" lon="4.41061167"><ele>634.0</ele><time>2026-07-29T09:07:21.073Z</time></trkpt><trkpt lat="46.15698667" lon="4.41062667"><ele>634.0</ele><time>2026-07-29T09:07:22.073Z</time></trkpt><trkpt lat="46.15699833" lon="4.41064"><ele>634.0</ele><time>2026-07-29T09:07:23.073Z</time></trkpt><trkpt lat="46.15701" lon="4.41065167"><ele>634.0</ele><time>2026-07-29T09:07:24.073Z</time></trkpt><trkpt lat="46.15702" lon="4.41066667"><ele>634.0</ele><time>2026-07-29T09:07:25.073Z</time></trkpt><trkpt lat="46.15703333" lon="4.41068333"><ele>635.0</ele><time>2026-07-29T09:07:26.074Z</time></trkpt><trkpt lat="46.157045" lon="4.41069833"><ele>635.0</ele><time>2026-07-29T09:07:27.073Z</time></trkpt><trkpt lat="46.15705667" lon="4.41071"><ele>635.0</ele><time>2026-07-29T09:07:28.073Z</time></trkpt><trkpt lat="46.15707167" lon="4.41072167"><ele>635.0</ele><time>2026-07-29T09:07:29.074Z</time></trkpt><trkpt lat="46.15708" lon="4.410735"><ele>635.0</ele><time>2026-07-29T09:07:30.074Z</time></trkpt><trkpt lat="46.15709667" lon="4.41075167"><ele>636.0</ele><time>2026-07-29T09:07:31.074Z</time></trkpt><trkpt lat="46.15710833" lon="4.41076833"><ele>636.0</ele><time>2026-07-29T09:07:32.074Z</time></trkpt><trkpt lat="46.15711167" lon="4.41078833"><ele>636.0</ele><time>2026-07-29T09:07:33.073Z</time></trkpt><trkpt lat="46.15711167" lon="4.4108"><ele>637.0</ele><time>2026-07-29T09:07:34.074Z</time></trkpt><trkpt lat="46.15710667" lon="4.41081333"><ele>637.0</ele><time>2026-07-29T09:07:35.073Z</time></trkpt><trkpt lat="46.15710333" lon="4.41083"><ele>637.0</ele><time>2026-07-29T09:07:36.074Z</time></trkpt><trkpt lat="46.15709333" lon="4.41084833"><ele>637.0</ele><time>2026-07-29T09:07:37.073Z</time></trkpt><trkpt lat="46.15708333" lon="4.41087333"><ele>638.0</ele><time>2026-07-29T09:07:38.074Z</time></trkpt><trkpt lat="46.15707167" lon="4.41089"><ele>638.0</ele><time>2026-07-29T09:07:39.073Z</time></trkpt><trkpt lat="46.15705333" lon="4.41090167"><ele>638.0</ele><time>2026-07-29T09:07:40.074Z</time></trkpt><trkpt lat="46.157035" lon="4.41092"><ele>638.0</ele><time>2026-07-29T09:07:41.074Z</time></trkpt><trkpt lat="46.15703" lon="4.410935"><ele>638.0</ele><time>2026-07-29T09:07:42.073Z</time></trkpt><trkpt lat="46.15702167" lon="4.41095333"><ele>638.0</ele><time>2026-07-29T09:07:43.073Z</time></trkpt><trkpt lat="46.157015" lon="4.410965"><ele>638.0</ele><time>2026-07-29T09:07:44.074Z</time></trkpt><trkpt lat="46.15700333" lon="4.41098333"><ele>638.0</ele><time>2026-07-29T09:07:45.073Z</time></trkpt><trkpt lat="46.15699333" lon="4.41099833"><ele>638.0</ele><time>2026-07-29T09:07:46.073Z</time></trkpt><trkpt lat="46.15698" lon="4.411015"><ele>638.0</ele><time>2026-07-29T09:07:47.074Z</time></trkpt><trkpt lat="46.15697167" lon="4.41102833"><ele>638.0</ele><time>2026-07-29T09:07:48.073Z</time></trkpt><trkpt lat="46.15696333" lon="4.41104"><ele>638.0</ele><time>2026-07-29T09:07:49.073Z</time></trkpt><trkpt lat="46.156955" lon="4.41105333"><ele>638.0</ele><time>2026-07-29T09:07:50.074Z</time></trkpt><trkpt lat="46.15694333" lon="4.41106833"><ele>638.0</ele><time>2026-07-29T09:07:51.074Z</time></trkpt><trkpt lat="46.15693333" lon="4.41108333"><ele>638.0</ele><time>2026-07-29T09:07:52.073Z</time></trkpt><trkpt lat="46.15692167" lon="4.411095"><ele>638.0</ele><time>2026-07-29T09:07:53.073Z</time></trkpt><trkpt lat="46.15691167" lon="4.41111"><ele>637.0</ele><time>2026-07-29T09:07:54.074Z</time></trkpt><trkpt lat="46.1569" lon="4.41113167"><ele>637.0</ele><time>2026-07-29T09:07:55.074Z</time></trkpt><trkpt lat="46.15689" lon="4.41114667"><ele>637.0</ele><time>2026-07-29T09:07:56.073Z</time></trkpt><trkpt lat="46.15688167" lon="4.41116333"><ele>638.0</ele><time>2026-07-29T09:07:57.073Z</time></trkpt><trkpt lat="46.15687667" lon="4.41117667"><ele>638.0</ele><time>2026-07-29T09:07:58.074Z</time></trkpt><trkpt lat="46.15686667" lon="4.41119667"><ele>638.0</ele><time>2026-07-29T09:07:59.073Z</time></trkpt><trkpt lat="46.15685833" lon="4.41121"><ele>638.0</ele><time>2026-07-29T09:08:00.073Z</time></trkpt><trkpt lat="46.15684667" lon="4.41122833"><ele>638.0</ele><time>2026-07-29T09:08:01.073Z</time></trkpt><trkpt lat="46.15683667" lon="4.41124"><ele>638.0</ele><time>2026-07-29T09:08:02.073Z</time></trkpt><trkpt lat="46.15682667" lon="4.411255"><ele>638.0</ele><time>2026-07-29T09:08:03.074Z</time></trkpt><trkpt lat="46.15681333" lon="4.41127333"><ele>638.0</ele><time>2026-07-29T09:08:04.074Z</time></trkpt><trkpt lat="46.156805" lon="4.41129"><ele>638.0</ele><time>2026-07-29T09:08:05.074Z</time></trkpt><trkpt lat="46.15679667" lon="4.41130667"><ele>638.0</ele><time>2026-07-29T09:08:06.073Z</time></trkpt><trkpt lat="46.15678667" lon="4.41132333"><ele>638.0</ele><time>2026-07-29T09:08:07.073Z</time></trkpt><trkpt lat="46.15677833" lon="4.41134"><ele>638.0</ele><time>2026-07-29T09:08:08.073Z</time></trkpt><trkpt lat="46.15677" lon="4.41135667"><ele>638.0</ele><time>2026-07-29T09:08:09.073Z</time></trkpt><trkpt lat="46.15676" lon="4.41137167"><ele>638.0</ele><time>2026-07-29T09:08:10.073Z</time></trkpt><trkpt lat="46.15675" lon="4.41138833"><ele>638.0</ele><time>2026-07-29T09:08:11.073Z</time></trkpt><trkpt lat="46.15674167" lon="4.41140167"><ele>638.0</ele><time>2026-07-29T09:08:12.073Z</time></trkpt><trkpt lat="46.15672833" lon="4.41142"><ele>638.0</ele><time>2026-07-29T09:08:13.073Z</time></trkpt><trkpt lat="46.15671667" lon="4.41143667"><ele>638.0</ele><time>2026-07-29T09:08:14.074Z</time></trkpt><trkpt lat="46.15670833" lon="4.41145167"><ele>638.0</ele><time>2026-07-29T09:08:15.073Z</time></trkpt><trkpt lat="46.15670167" lon="4.41146667"><ele>638.0</ele><time>2026-07-29T09:08:16.074Z</time></trkpt><trkpt lat="46.15669" lon="4.41148833"><ele>639.0</ele><time>2026-07-29T09:08:17.073Z</time></trkpt><trkpt lat="46.15668333" lon="4.41150167"><ele>639.0</ele><time>2026-07-29T09:08:18.073Z</time></trkpt><trkpt lat="46.15667333" lon="4.41151833"><ele>639.0</ele><time>2026-07-29T09:08:19.073Z</time></trkpt><trkpt lat="46.156665" lon="4.411535"><ele>640.0</ele><time>2026-07-29T09:08:20.074Z</time></trkpt><trkpt lat="46.15665333" lon="4.41155167"><ele>640.0</ele><time>2026-07-29T09:08:21.074Z</time></trkpt><trkpt lat="46.156645" lon="4.41157"><ele>640.0</ele><time>2026-07-29T09:08:22.073Z</time></trkpt><trkpt lat="46.15663333" lon="4.411585"><ele>640.0</ele><time>2026-07-29T09:08:23.073Z</time></trkpt><trkpt lat="46.15662333" lon="4.4116"><ele>640.0</ele><time>2026-07-29T09:08:24.073Z</time></trkpt><trkpt lat="46.156615" lon="4.411615"><ele>640.0</ele><time>2026-07-29T09:08:25.073Z</time></trkpt><trkpt lat="46.156605" lon="4.41163"><ele>640.0</ele><time>2026-07-29T09:08:26.073Z</time></trkpt><trkpt lat="46.15659333" lon="4.41164667"><ele>640.0</ele><time>2026-07-29T09:08:27.073Z</time></trkpt><trkpt lat="46.156585" lon="4.41166"><ele>640.0</ele><time>2026-07-29T09:08:28.073Z</time></trkpt><trkpt lat="46.15657667" lon="4.411675"><ele>640.0</ele><time>2026-07-29T09:08:29.073Z</time></trkpt><trkpt lat="46.15656667" lon="4.41168667"><ele>639.0</ele><time>2026-07-29T09:08:30.074Z</time></trkpt><trkpt lat="46.15655833" lon="4.41169833"><ele>639.0</ele><time>2026-07-29T09:08:31.073Z</time></trkpt><trkpt lat="46.15654667" lon="4.41171167"><ele>639.0</ele><time>2026-07-29T09:08:32.073Z</time></trkpt><trkpt lat="46.15653667" lon="4.41172167"><ele>639.0</ele><time>2026-07-29T09:08:33.074Z</time></trkpt><trkpt lat="46.15653" lon="4.41173167"><ele>640.0</ele><time>2026-07-29T09:08:34.073Z</time></trkpt><trkpt lat="46.15652" lon="4.411745"><ele>640.0</ele><time>2026-07-29T09:08:35.074Z</time></trkpt><trkpt lat="46.15651167" lon="4.41175833"><ele>640.0</ele><time>2026-07-29T09:08:36.073Z</time></trkpt><trkpt lat="46.15650167" lon="4.41177167"><ele>640.0</ele><time>2026-07-29T09:08:37.073Z</time></trkpt><trkpt lat="46.15649167" lon="4.41178167"><ele>640.0</ele><time>2026-07-29T09:08:38.074Z</time></trkpt><trkpt lat="46.15648333" lon="4.41179167"><ele>640.0</ele><time>2026-07-29T09:08:39.074Z</time></trkpt><trkpt lat="46.15647333" lon="4.411805"><ele>640.0</ele><time>2026-07-29T09:08:40.073Z</time></trkpt><trkpt lat="46.15646833" lon="4.41182"><ele>640.0</ele><time>2026-07-29T09:08:41.073Z</time></trkpt><trkpt lat="46.156465" lon="4.41183833"><ele>641.0</ele><time>2026-07-29T09:08:42.073Z</time></trkpt><trkpt lat="46.15646" lon="4.41185167"><ele>641.0</ele><time>2026-07-29T09:08:43.073Z</time></trkpt><trkpt lat="46.15645333" lon="4.41186667"><ele>641.0</ele><time>2026-07-29T09:08:44.073Z</time></trkpt><trkpt lat="46.156445" lon="4.411885"><ele>641.0</ele><time>2026-07-29T09:08:45.073Z</time></trkpt><trkpt lat="46.15643833" lon="4.4119"><ele>641.0</ele><time>2026-07-29T09:08:46.074Z</time></trkpt><trkpt lat="46.15643333" lon="4.411915"><ele>641.0</ele><time>2026-07-29T09:08:47.074Z</time></trkpt><trkpt lat="46.15643" lon="4.41192833"><ele>642.0</ele><time>2026-07-29T09:08:48.073Z</time></trkpt><trkpt lat="46.15642333" lon="4.41194333"><ele>641.0</ele><time>2026-07-29T09:08:49.073Z</time></trkpt><trkpt lat="46.15642" lon="4.41195833"><ele>642.0</ele><time>2026-07-29T09:08:50.074Z</time></trkpt><trkpt lat="46.15641667" lon="4.41197333"><ele>642.0</ele><time>2026-07-29T09:08:51.074Z</time></trkpt><trkpt lat="46.15641333" lon="4.41198333"><ele>643.0</ele><time>2026-07-29T09:08:52.073Z</time></trkpt><trkpt lat="46.156405" lon="4.411995"><ele>643.0</ele><time>2026-07-29T09:08:53.074Z</time></trkpt><trkpt lat="46.15639667" lon="4.41200833"><ele>643.0</ele><time>2026-07-29T09:08:54.074Z</time></trkpt><trkpt lat="46.15639" lon="4.41202167"><ele>643.0</ele><time>2026-07-29T09:08:55.073Z</time></trkpt><trkpt lat="46.156385" lon="4.412035"><ele>644.0</ele><time>2026-07-29T09:08:56.074Z</time></trkpt><trkpt lat="46.15638167" lon="4.41205167"><ele>644.0</ele><time>2026-07-29T09:08:57.074Z</time></trkpt><trkpt lat="46.15637667" lon="4.41206667"><ele>644.0</ele><time>2026-07-29T09:08:58.074Z</time></trkpt><trkpt lat="46.15637" lon="4.41208"><ele>645.0</ele><time>2026-07-29T09:08:59.073Z</time></trkpt><trkpt lat="46.156365" lon="4.412095"><ele>645.0</ele><time>2026-07-29T09:09:00.074Z</time></trkpt><trkpt lat="46.15636" lon="4.412105"><ele>645.0</ele><time>2026-07-29T09:09:01.073Z</time></trkpt><trkpt lat="46.15635667" lon="4.41212167"><ele>645.0</ele><time>2026-07-29T09:09:02.074Z</time></trkpt><trkpt lat="46.15635333" lon="4.41214167"><ele>646.0</ele><time>2026-07-29T09:09:03.073Z</time></trkpt><trkpt lat="46.15634667" lon="4.41216333"><ele>646.0</ele><time>2026-07-29T09:09:04.074Z</time></trkpt><trkpt lat="46.15634167" lon="4.41217667"><ele>646.0</ele><time>2026-07-29T09:09:05.073Z</time></trkpt><trkpt lat="46.15633333" lon="4.41218833"><ele>646.0</ele><time>2026-07-29T09:09:06.074Z</time></trkpt><trkpt lat="46.15632833" lon="4.41220833"><ele>647.0</ele><time>2026-07-29T09:09:07.073Z</time></trkpt><trkpt lat="46.156325" lon="4.41222167"><ele>647.0</ele><time>2026-07-29T09:09:08.074Z</time></trkpt><trkpt lat="46.15632333" lon="4.41223333"><ele>647.0</ele><time>2026-07-29T09:09:09.074Z</time></trkpt><trkpt lat="46.15632167" lon="4.41225"><ele>647.0</ele><time>2026-07-29T09:09:10.073Z</time></trkpt><trkpt lat="46.15632" lon="4.41226667"><ele>647.0</ele><time>2026-07-29T09:09:11.074Z</time></trkpt><trkpt lat="46.15631833" lon="4.41228167"><ele>647.0</ele><time>2026-07-29T09:09:12.074Z</time></trkpt><trkpt lat="46.15631333" lon="4.412295"><ele>647.0</ele><time>2026-07-29T09:09:13.073Z</time></trkpt><trkpt lat="46.15630833" lon="4.41230833"><ele>646.0</ele><time>2026-07-29T09:09:14.074Z</time></trkpt><trkpt lat="46.156305" lon="4.41232"><ele>646.0</ele><time>2026-07-29T09:09:15.073Z</time></trkpt><trkpt lat="46.1563" lon="4.41234"><ele>646.0</ele><time>2026-07-29T09:09:16.073Z</time></trkpt><trkpt lat="46.15629333" lon="4.41235667"><ele>646.0</ele><time>2026-07-29T09:09:17.074Z</time></trkpt><trkpt lat="46.15628667" lon="4.41236833"><ele>646.0</ele><time>2026-07-29T09:09:18.074Z</time></trkpt><trkpt lat="46.15628" lon="4.41237833"><ele>646.0</ele><time>2026-07-29T09:09:19.073Z</time></trkpt><trkpt lat="46.156275" lon="4.412385"><ele>646.0</ele><time>2026-07-29T09:09:20.073Z</time></trkpt><trkpt lat="46.15626833" lon="4.41239833"><ele>647.0</ele><time>2026-07-29T09:09:21.074Z</time></trkpt><trkpt lat="46.15626167" lon="4.41241"><ele>647.0</ele><time>2026-07-29T09:09:22.073Z</time></trkpt><trkpt lat="46.15625667" lon="4.41241833"><ele>647.0</ele><time>2026-07-29T09:09:23.073Z</time></trkpt><trkpt lat="46.15625167" lon="4.41243167"><ele>647.0</ele><time>2026-07-29T09:09:24.073Z</time></trkpt><trkpt lat="46.15624833" lon="4.412445"><ele>647.0</ele><time>2026-07-29T09:09:25.073Z</time></trkpt><trkpt lat="46.15624333" lon="4.41246"><ele>647.0</ele><time>2026-07-29T09:09:26.073Z</time></trkpt><trkpt lat="46.15623667" lon="4.412475"><ele>647.0</ele><time>2026-07-29T09:09:27.074Z</time></trkpt><trkpt lat="46.15623" lon="4.41248833"><ele>647.0</ele><time>2026-07-29T09:09:28.073Z</time></trkpt><trkpt lat="46.15622333" lon="4.41250333"><ele>647.0</ele><time>2026-07-29T09:09:29.073Z</time></trkpt><trkpt lat="46.156215" lon="4.41251833"><ele>647.0</ele><time>2026-07-29T09:09:30.074Z</time></trkpt><trkpt lat="46.15620833" lon="4.41253167"><ele>647.0</ele><time>2026-07-29T09:09:31.073Z</time></trkpt><trkpt lat="46.15620333" lon="4.41254167"><ele>647.0</ele><time>2026-07-29T09:09:32.073Z</time></trkpt><trkpt lat="46.15619833" lon="4.41255333"><ele>648.0</ele><time>2026-07-29T09:09:33.073Z</time></trkpt><trkpt lat="46.15619333" lon="4.41256833"><ele>648.0</ele><time>2026-07-29T09:09:34.074Z</time></trkpt><trkpt lat="46.15618833" lon="4.41257833"><ele>647.0</ele><time>2026-07-29T09:09:35.073Z</time></trkpt><trkpt lat="46.156185" lon="4.41258833"><ele>647.0</ele><time>2026-07-29T09:09:36.074Z</time></trkpt><trkpt lat="46.15618" lon="4.41260167"><ele>648.0</ele><time>2026-07-29T09:09:37.074Z</time></trkpt><trkpt lat="46.15617333" lon="4.41261167"><ele>648.0</ele><time>2026-07-29T09:09:38.074Z</time></trkpt><trkpt lat="46.15616833" lon="4.41262"><ele>648.0</ele><time>2026-07-29T09:09:39.073Z</time></trkpt><trkpt lat="46.15616333" lon="4.41263333"><ele>648.0</ele><time>2026-07-29T09:09:40.073Z</time></trkpt><trkpt lat="46.15616" lon="4.41264333"><ele>648.0</ele><time>2026-07-29T09:09:41.073Z</time></trkpt><trkpt lat="46.15615333" lon="4.41265833"><ele>649.0</ele><time>2026-07-29T09:09:42.073Z</time></trkpt><trkpt lat="46.15615" lon="4.41267"><ele>649.0</ele><time>2026-07-29T09:09:43.073Z</time></trkpt><trkpt lat="46.15614333" lon="4.41268167"><ele>648.0</ele><time>2026-07-29T09:09:44.074Z</time></trkpt><trkpt lat="46.15613833" lon="4.41269"><ele>648.0</ele><time>2026-07-29T09:09:45.073Z</time></trkpt><trkpt lat="46.15613167" lon="4.41269833"><ele>648.0</ele><time>2026-07-29T09:09:46.073Z</time></trkpt><trkpt lat="46.156125" lon="4.41271167"><ele>648.0</ele><time>2026-07-29T09:09:47.073Z</time></trkpt><trkpt lat="46.15612" lon="4.41272"><ele>649.0</ele><time>2026-07-29T09:09:48.073Z</time></trkpt><trkpt lat="46.15611333" lon="4.41273167"><ele>649.0</ele><time>2026-07-29T09:09:49.074Z</time></trkpt><trkpt lat="46.15610833" lon="4.41274667"><ele>649.0</ele><time>2026-07-29T09:09:50.073Z</time></trkpt><trkpt lat="46.15610667" lon="4.41275833"><ele>650.0</ele><time>2026-07-29T09:09:51.074Z</time></trkpt><trkpt lat="46.15610167" lon="4.41277167"><ele>650.0</ele><time>2026-07-29T09:09:52.073Z</time></trkpt><trkpt lat="46.15609333" lon="4.412785"><ele>650.0</ele><time>2026-07-29T09:09:53.073Z</time></trkpt><trkpt lat="46.15608667" lon="4.41279833"><ele>651.0</ele><time>2026-07-29T09:09:54.074Z</time></trkpt><trkpt lat="46.15608" lon="4.41281167"><ele>651.0</ele><time>2026-07-29T09:09:55.073Z</time></trkpt><trkpt lat="46.15607333" lon="4.412825"><ele>652.0</ele><time>2026-07-29T09:09:56.074Z</time></trkpt><trkpt lat="46.15606833" lon="4.412835"><ele>652.0</ele><time>2026-07-29T09:09:57.073Z</time></trkpt><trkpt lat="46.15606333" lon="4.41284667"><ele>652.0</ele><time>2026-07-29T09:09:58.073Z</time></trkpt><trkpt lat="46.15606" lon="4.41286167"><ele>653.0</ele><time>2026-07-29T09:09:59.074Z</time></trkpt><trkpt lat="46.15605667" lon="4.41287333"><ele>653.0</ele><time>2026-07-29T09:10:00.074Z</time></trkpt><trkpt lat="46.15605" lon="4.41288667"><ele>653.0</ele><time>2026-07-29T09:10:01.073Z</time></trkpt><trkpt lat="46.15604667" lon="4.41289833"><ele>654.0</ele><time>2026-07-29T09:10:02.073Z</time></trkpt><trkpt lat="46.15604167" lon="4.41291"><ele>654.0</ele><time>2026-07-29T09:10:03.073Z</time></trkpt><trkpt lat="46.156035" lon="4.41292333"><ele>654.0</ele><time>2026-07-29T09:10:04.074Z</time></trkpt><trkpt lat="46.15602833" lon="4.41293333"><ele>654.0</ele><time>2026-07-29T09:10:05.074Z</time></trkpt><trkpt lat="46.15602167" lon="4.41294833"><ele>654.0</ele><time>2026-07-29T09:10:06.074Z</time></trkpt><trkpt lat="46.15601333" lon="4.41296833"><ele>654.0</ele><time>2026-07-29T09:10:07.073Z</time></trkpt><trkpt lat="46.15600667" lon="4.41298333"><ele>654.0</ele><time>2026-07-29T09:10:08.074Z</time></trkpt><trkpt lat="46.15599833" lon="4.41299333"><ele>654.0</ele><time>2026-07-29T09:10:09.074Z</time></trkpt><trkpt lat="46.15599" lon="4.41300667"><ele>654.0</ele><time>2026-07-29T09:10:10.073Z</time></trkpt><trkpt lat="46.15598333" lon="4.41302333"><ele>653.0</ele><time>2026-07-29T09:10:11.073Z</time></trkpt><trkpt lat="46.15597667" lon="4.413035"><ele>653.0</ele><time>2026-07-29T09:10:12.074Z</time></trkpt><trkpt lat="46.15597167" lon="4.41304833"><ele>653.0</ele><time>2026-07-29T09:10:13.074Z</time></trkpt><trkpt lat="46.15596833" lon="4.41306"><ele>654.0</ele><time>2026-07-29T09:10:14.073Z</time></trkpt><trkpt lat="46.15596333" lon="4.41307167"><ele>654.0</ele><time>2026-07-29T09:10:15.073Z</time></trkpt><trkpt lat="46.15596" lon="4.413085"><ele>654.0</ele><time>2026-07-29T09:10:16.074Z</time></trkpt><trkpt lat="46.15595667" lon="4.41309667"><ele>654.0</ele><time>2026-07-29T09:10:17.073Z</time></trkpt><trkpt lat="46.15595333" lon="4.41310667"><ele>654.0</ele><time>2026-07-29T09:10:18.073Z</time></trkpt><trkpt lat="46.15594667" lon="4.41312"><ele>654.0</ele><time>2026-07-29T09:10:19.073Z</time></trkpt><trkpt lat="46.15593833" lon="4.41313333"><ele>654.0</ele><time>2026-07-29T09:10:20.074Z</time></trkpt><trkpt lat="46.15593333" lon="4.41314667"><ele>654.0</ele><time>2026-07-29T09:10:21.074Z</time></trkpt><trkpt lat="46.15592667" lon="4.41316"><ele>654.0</ele><time>2026-07-29T09:10:22.073Z</time></trkpt><trkpt lat="46.15592" lon="4.41317167"><ele>655.0</ele><time>2026-07-29T09:10:23.074Z</time></trkpt><trkpt lat="46.15591167" lon="4.41318667"><ele>655.0</ele><time>2026-07-29T09:10:24.073Z</time></trkpt><trkpt lat="46.15590667" lon="4.4132"><ele>656.0</ele><time>2026-07-29T09:10:25.073Z</time></trkpt><trkpt lat="46.15590333" lon="4.41321333"><ele>656.0</ele><time>2026-07-29T09:10:26.073Z</time></trkpt><trkpt lat="46.15589833" lon="4.41322333"><ele>657.0</ele><time>2026-07-29T09:10:27.074Z</time></trkpt><trkpt lat="46.15589167" lon="4.41324167"><ele>657.0</ele><time>2026-07-29T09:10:28.074Z</time></trkpt><trkpt lat="46.155885" lon="4.41325667"><ele>657.0</ele><time>2026-07-29T09:10:29.073Z</time></trkpt><trkpt lat="46.15587833" lon="4.41327"><ele>658.0</ele><time>2026-07-29T09:10:30.074Z</time></trkpt><trkpt lat="46.15587333" lon="4.41328333"><ele>658.0</ele><time>2026-07-29T09:10:31.074Z</time></trkpt><trkpt lat="46.15586667" lon="4.413295"><ele>658.0</ele><time>2026-07-29T09:10:32.074Z</time></trkpt><trkpt lat="46.155865" lon="4.413305"><ele>658.0</ele><time>2026-07-29T09:10:33.073Z</time></trkpt><trkpt lat="46.15586" lon="4.41331667"><ele>658.0</ele><time>2026-07-29T09:10:34.074Z</time></trkpt><trkpt lat="46.15585667" lon="4.41333167"><ele>658.0</ele><time>2026-07-29T09:10:35.073Z</time></trkpt><trkpt lat="46.155855" lon="4.413345"><ele>658.0</ele><time>2026-07-29T09:10:36.073Z</time></trkpt><trkpt lat="46.15585" lon="4.41336667"><ele>659.0</ele><time>2026-07-29T09:10:37.073Z</time></trkpt><trkpt lat="46.15584833" lon="4.41338167"><ele>659.0</ele><time>2026-07-29T09:10:38.073Z</time></trkpt><trkpt lat="46.15584167" lon="4.41339667"><ele>660.0</ele><time>2026-07-29T09:10:39.074Z</time></trkpt><trkpt lat="46.15583667" lon="4.41340667"><ele>660.0</ele><time>2026-07-29T09:10:40.073Z</time></trkpt><trkpt lat="46.15583167" lon="4.41342"><ele>660.0</ele><time>2026-07-29T09:10:41.074Z</time></trkpt><trkpt lat="46.15582333" lon="4.41343333"><ele>660.0</ele><time>2026-07-29T09:10:42.073Z</time></trkpt><trkpt lat="46.15581667" lon="4.41344333"><ele>660.0</ele><time>2026-07-29T09:10:43.074Z</time></trkpt><trkpt lat="46.15581333" lon="4.41344667"><ele>660.0</ele><time>2026-07-29T09:10:44.074Z</time></trkpt><trkpt lat="46.15580833" lon="4.41345167"><ele>660.0</ele><time>2026-07-29T09:10:45.073Z</time></trkpt><trkpt lat="46.15580167" lon="4.41345667"><ele>660.0</ele><time>2026-07-29T09:10:46.074Z</time></trkpt><trkpt lat="46.15579667" lon="4.41346333"><ele>660.0</ele><time>2026-07-29T09:10:47.073Z</time></trkpt><trkpt lat="46.15579333" lon="4.413475"><ele>660.0</ele><time>2026-07-29T09:10:48.074Z</time></trkpt><trkpt lat="46.15578667" lon="4.41349"><ele>659.0</ele><time>2026-07-29T09:10:49.074Z</time></trkpt><trkpt lat="46.15577833" lon="4.41350167"><ele>659.0</ele><time>2026-07-29T09:10:50.074Z</time></trkpt><trkpt lat="46.15577" lon="4.41351667"><ele>659.0</ele><time>2026-07-29T09:10:51.073Z</time></trkpt><trkpt lat="46.15576333" lon="4.41352833"><ele>660.0</ele><time>2026-07-29T09:10:52.073Z</time></trkpt><trkpt lat="46.15576" lon="4.41354"><ele>660.0</ele><time>2026-07-29T09:10:53.073Z</time></trkpt><trkpt lat="46.155755" lon="4.41355167"><ele>660.0</ele><time>2026-07-29T09:10:54.074Z</time></trkpt><trkpt lat="46.15575" lon="4.41356333"><ele>661.0</ele><time>2026-07-29T09:10:55.073Z</time></trkpt><trkpt lat="46.15575" lon="4.413575"><ele>661.0</ele><time>2026-07-29T09:10:56.073Z</time></trkpt><trkpt lat="46.15574167" lon="4.41358667"><ele>662.0</ele><time>2026-07-29T09:10:57.074Z</time></trkpt><trkpt lat="46.15573833" lon="4.4136"><ele>662.0</ele><time>2026-07-29T09:10:58.074Z</time></trkpt><trkpt lat="46.15573" lon="4.41361833"><ele>662.0</ele><time>2026-07-29T09:10:59.073Z</time></trkpt><trkpt lat="46.15572333" lon="4.41363333"><ele>663.0</ele><time>2026-07-29T09:11:00.073Z</time></trkpt><trkpt lat="46.15571667" lon="4.41364833"><ele>663.0</ele><time>2026-07-29T09:11:01.073Z</time></trkpt><trkpt lat="46.15571333" lon="4.41366167"><ele>664.0</ele><time>2026-07-29T09:11:02.073Z</time></trkpt><trkpt lat="46.15571" lon="4.413675"><ele>664.0</ele><time>2026-07-29T09:11:03.073Z</time></trkpt><trkpt lat="46.15570167" lon="4.41369"><ele>664.0</ele><time>2026-07-29T09:11:04.073Z</time></trkpt><trkpt lat="46.15569333" lon="4.4137"><ele>665.0</ele><time>2026-07-29T09:11:05.073Z</time></trkpt><trkpt lat="46.15568167" lon="4.41370833"><ele>665.0</ele><time>2026-07-29T09:11:06.073Z</time></trkpt><trkpt lat="46.15567167" lon="4.41371667"><ele>665.0</ele><time>2026-07-29T09:11:07.073Z</time></trkpt><trkpt lat="46.15566167" lon="4.41372833"><ele>665.0</ele><time>2026-07-29T09:11:08.074Z</time></trkpt><trkpt lat="46.15565" lon="4.41374"><ele>666.0</ele><time>2026-07-29T09:11:09.074Z</time></trkpt><trkpt lat="46.15564" lon="4.413765"><ele>666.0</ele><time>2026-07-29T09:11:10.074Z</time></trkpt><trkpt lat="46.15563333" lon="4.41377667"><ele>667.0</ele><time>2026-07-29T09:11:11.073Z</time></trkpt><trkpt lat="46.15562833" lon="4.41378667"><ele>667.0</ele><time>2026-07-29T09:11:12.074Z</time></trkpt><trkpt lat="46.155625" lon="4.41379833"><ele>668.0</ele><time>2026-07-29T09:11:13.073Z</time></trkpt><trkpt lat="46.15562" lon="4.41381667"><ele>668.0</ele><time>2026-07-29T09:11:14.074Z</time></trkpt><trkpt lat="46.15561167" lon="4.41382667"><ele>669.0</ele><time>2026-07-29T09:11:15.074Z</time></trkpt><trkpt lat="46.15560333" lon="4.41384"><ele>669.0</ele><time>2026-07-29T09:11:16.073Z</time></trkpt><trkpt lat="46.155595" lon="4.41385833"><ele>669.0</ele><time>2026-07-29T09:11:17.074Z</time></trkpt><trkpt lat="46.155585" lon="4.413875"><ele>670.0</ele><time>2026-07-29T09:11:18.073Z</time></trkpt><trkpt lat="46.15557833" lon="4.41388"><ele>670.0</ele><time>2026-07-29T09:11:19.073Z</time></trkpt><trkpt lat="46.15557" lon="4.41388667"><ele>670.0</ele><time>2026-07-29T09:11:20.073Z</time></trkpt><trkpt lat="46.15556" lon="4.413895"><ele>671.0</ele><time>2026-07-29T09:11:21.073Z</time></trkpt><trkpt lat="46.15554667" lon="4.4139"><ele>671.0</ele><time>2026-07-29T09:11:22.074Z</time></trkpt><trkpt lat="46.15553333" lon="4.41390333"><ele>672.0</ele><time>2026-07-29T09:11:23.074Z</time></trkpt><trkpt lat="46.15552667" lon="4.41391"><ele>672.0</ele><time>2026-07-29T09:11:24.073Z</time></trkpt><trkpt lat="46.15552167" lon="4.41391333"><ele>673.0</ele><time>2026-07-29T09:11:25.073Z</time></trkpt><trkpt lat="46.15551333" lon="4.41392833"><ele>673.0</ele><time>2026-07-29T09:11:26.073Z</time></trkpt><trkpt lat="46.15550333" lon="4.41393667"><ele>674.0</ele><time>2026-07-29T09:11:27.073Z</time></trkpt><trkpt lat="46.1555" lon="4.413945"><ele>674.0</ele><time>2026-07-29T09:11:28.073Z</time></trkpt><trkpt lat="46.15549833" lon="4.41394833"><ele>674.0</ele><time>2026-07-29T09:11:29.073Z</time></trkpt><trkpt lat="46.155495" lon="4.41395667"><ele>675.0</ele><time>2026-07-29T09:11:30.074Z</time></trkpt><trkpt lat="46.15549" lon="4.41397"><ele>675.0</ele><time>2026-07-29T09:11:31.074Z</time></trkpt><trkpt lat="46.155485" lon="4.41398167"><ele>675.0</ele><time>2026-07-29T09:11:32.073Z</time></trkpt><trkpt lat="46.15548167" lon="4.41398667"><ele>675.0</ele><time>2026-07-29T09:11:33.074Z</time></trkpt><trkpt lat="46.15547333" lon="4.41399"><ele>675.0</ele><time>2026-07-29T09:11:34.073Z</time></trkpt><trkpt lat="46.15546833" lon="4.413995"><ele>674.0</ele><time>2026-07-29T09:11:35.073Z</time></trkpt><trkpt lat="46.15546167" lon="4.41399833"><ele>674.0</ele><time>2026-07-29T09:11:36.073Z</time></trkpt><trkpt lat="46.155455" lon="4.41400333"><ele>674.0</ele><time>2026-07-29T09:11:37.074Z</time></trkpt><trkpt lat="46.15545" lon="4.41400833"><ele>674.0</ele><time>2026-07-29T09:11:38.074Z</time></trkpt><trkpt lat="46.155445" lon="4.41401667"><ele>674.0</ele><time>2026-07-29T09:11:39.073Z</time></trkpt><trkpt lat="46.15544" lon="4.41402833"><ele>674.0</ele><time>2026-07-29T09:11:40.074Z</time></trkpt><trkpt lat="46.15543667" lon="4.41404167"><ele>675.0</ele><time>2026-07-29T09:11:41.074Z</time></trkpt><trkpt lat="46.15543167" lon="4.41404833"><ele>675.0</ele><time>2026-07-29T09:11:42.074Z</time></trkpt><trkpt lat="46.155425" lon="4.41405167"><ele>675.0</ele><time>2026-07-29T09:11:43.073Z</time></trkpt><trkpt lat="46.15541833" lon="4.41405667"><ele>675.0</ele><time>2026-07-29T09:11:44.074Z</time></trkpt><trkpt lat="46.15541" lon="4.414055"><ele>675.0</ele><time>2026-07-29T09:11:45.074Z</time></trkpt><trkpt lat="46.15540667" lon="4.41405667"><ele>675.0</ele><time>2026-07-29T09:11:46.073Z</time></trkpt><trkpt lat="46.15540167" lon="4.414065"><ele>675.0</ele><time>2026-07-29T09:11:47.074Z</time></trkpt><trkpt lat="46.15539333" lon="4.41407667"><ele>674.0</ele><time>2026-07-29T09:11:48.073Z</time></trkpt><trkpt lat="46.155385" lon="4.41409167"><ele>674.0</ele><time>2026-07-29T09:11:49.074Z</time></trkpt><trkpt lat="46.15537667" lon="4.41410333"><ele>674.0</ele><time>2026-07-29T09:11:50.073Z</time></trkpt><trkpt lat="46.15536" lon="4.414135"><ele>674.0</ele><time>2026-07-29T09:11:51.074Z</time></trkpt><trkpt lat="46.15534833" lon="4.41415167"><ele>674.0</ele><time>2026-07-29T09:11:52.073Z</time></trkpt><trkpt lat="46.15533667" lon="4.41415833"><ele>674.0</ele><time>2026-07-29T09:11:53.074Z</time></trkpt><trkpt lat="46.155325" lon="4.41416667"><ele>674.0</ele><time>2026-07-29T09:11:54.074Z</time></trkpt><trkpt lat="46.15531833" lon="4.41416833"><ele>674.0</ele><time>2026-07-29T09:11:55.074Z</time></trkpt><trkpt lat="46.15531" lon="4.41417333"><ele>674.0</ele><time>2026-07-29T09:11:56.074Z</time></trkpt><trkpt lat="46.155295" lon="4.41417167"><ele>674.0</ele><time>2026-07-29T09:11:57.073Z</time></trkpt><trkpt lat="46.15528833" lon="4.41416667"><ele>674.0</ele><time>2026-07-29T09:11:58.073Z</time></trkpt><trkpt lat="46.15528" lon="4.41417333"><ele>675.0</ele><time>2026-07-29T09:11:59.073Z</time></trkpt><trkpt lat="46.15527333" lon="4.41418667"><ele>675.0</ele><time>2026-07-29T09:12:00.074Z</time></trkpt><trkpt lat="46.15526667" lon="4.41419667"><ele>675.0</ele><time>2026-07-29T09:12:01.073Z</time></trkpt><trkpt lat="46.15526" lon="4.41421333"><ele>674.0</ele><time>2026-07-29T09:12:02.074Z</time></trkpt><trkpt lat="46.15525167" lon="4.41422333"><ele>674.0</ele><time>2026-07-29T09:12:03.074Z</time></trkpt><trkpt lat="46.15524667" lon="4.41423333"><ele>674.0</ele><time>2026-07-29T09:12:04.073Z</time></trkpt><trkpt lat="46.15524333" lon="4.41424"><ele>674.0</ele><time>2026-07-29T09:12:05.074Z</time></trkpt><trkpt lat="46.15523667" lon="4.41424833"><ele>674.0</ele><time>2026-07-29T09:12:06.073Z</time></trkpt><trkpt lat="46.15522667" lon="4.41425667"><ele>674.0</ele><time>2026-07-29T09:12:07.073Z</time></trkpt><trkpt lat="46.15521833" lon="4.41426333"><ele>674.0</ele><time>2026-07-29T09:12:08.073Z</time></trkpt><trkpt lat="46.15521" lon="4.41427167"><ele>674.0</ele><time>2026-07-29T09:12:09.074Z</time></trkpt><trkpt lat="46.15520167" lon="4.41428333"><ele>674.0</ele><time>2026-07-29T09:12:10.073Z</time></trkpt><trkpt lat="46.15519667" lon="4.41429167"><ele>674.0</ele><time>2026-07-29T09:12:11.074Z</time></trkpt><trkpt lat="46.15518667" lon="4.41429833"><ele>674.0</ele><time>2026-07-29T09:12:12.073Z</time></trkpt><trkpt lat="46.15517833" lon="4.41430667"><ele>674.0</ele><time>2026-07-29T09:12:13.073Z</time></trkpt><trkpt lat="46.15517167" lon="4.41431333"><ele>675.0</ele><time>2026-07-29T09:12:14.074Z</time></trkpt><trkpt lat="46.15516167" lon="4.41432167"><ele>675.0</ele><time>2026-07-29T09:12:15.074Z</time></trkpt><trkpt lat="46.15515333" lon="4.41433"><ele>676.0</ele><time>2026-07-29T09:12:16.073Z</time></trkpt><trkpt lat="46.15514833" lon="4.41434"><ele>677.0</ele><time>2026-07-29T09:12:17.074Z</time></trkpt><trkpt lat="46.15514667" lon="4.41435333"><ele>677.0</ele><time>2026-07-29T09:12:18.074Z</time></trkpt><trkpt lat="46.155145" lon="4.41436333"><ele>677.0</ele><time>2026-07-29T09:12:19.073Z</time></trkpt><trkpt lat="46.15514167" lon="4.414375"><ele>677.0</ele><time>2026-07-29T09:12:20.073Z</time></trkpt><trkpt lat="46.15513833" lon="4.41438833"><ele>677.0</ele><time>2026-07-29T09:12:21.073Z</time></trkpt><trkpt lat="46.15513333" lon="4.41439833"><ele>677.0</ele><time>2026-07-29T09:12:22.074Z</time></trkpt><trkpt lat="46.15512667" lon="4.41441167"><ele>677.0</ele><time>2026-07-29T09:12:23.074Z</time></trkpt><trkpt lat="46.15511833" lon="4.41442333"><ele>677.0</ele><time>2026-07-29T09:12:24.074Z</time></trkpt><trkpt lat="46.15511" lon="4.414435"><ele>677.0</ele><time>2026-07-29T09:12:25.073Z</time></trkpt><trkpt lat="46.155105" lon="4.41444833"><ele>677.0</ele><time>2026-07-29T09:12:26.074Z</time></trkpt><trkpt lat="46.15510333" lon="4.41446"><ele>677.0</ele><time>2026-07-29T09:12:27.073Z</time></trkpt><trkpt lat="46.1551" lon="4.41447333"><ele>677.0</ele><time>2026-07-29T09:12:28.073Z</time></trkpt><trkpt lat="46.15509333" lon="4.41448167"><ele>677.0</ele><time>2026-07-29T09:12:29.073Z</time></trkpt><trkpt lat="46.155085" lon="4.41449"><ele>677.0</ele><time>2026-07-29T09:12:30.074Z</time></trkpt><trkpt lat="46.15508" lon="4.41450333"><ele>677.0</ele><time>2026-07-29T09:12:31.073Z</time></trkpt><trkpt lat="46.15507333" lon="4.414515"><ele>677.0</ele><time>2026-07-29T09:12:32.074Z</time></trkpt><trkpt lat="46.155065" lon="4.41453167"><ele>677.0</ele><time>2026-07-29T09:12:33.073Z</time></trkpt><trkpt lat="46.15505667" lon="4.41454333"><ele>677.0</ele><time>2026-07-29T09:12:34.073Z</time></trkpt><trkpt lat="46.15504833" lon="4.41455167"><ele>677.0</ele><time>2026-07-29T09:12:35.073Z</time></trkpt><trkpt lat="46.15504" lon="4.41456167"><ele>677.0</ele><time>2026-07-29T09:12:36.074Z</time></trkpt><trkpt lat="46.15503167" lon="4.41457333"><ele>677.0</ele><time>2026-07-29T09:12:37.074Z</time></trkpt><trkpt lat="46.155025" lon="4.41458833"><ele>678.0</ele><time>2026-07-29T09:12:38.073Z</time></trkpt><trkpt lat="46.15502" lon="4.4146"><ele>678.0</ele><time>2026-07-29T09:12:39.074Z</time></trkpt><trkpt lat="46.155015" lon="4.41461333"><ele>678.0</ele><time>2026-07-29T09:12:40.073Z</time></trkpt><trkpt lat="46.15501" lon="4.41463167"><ele>678.0</ele><time>2026-07-29T09:12:41.074Z</time></trkpt><trkpt lat="46.15500333" lon="4.41465"><ele>677.0</ele><time>2026-07-29T09:12:42.073Z</time></trkpt><trkpt lat="46.15499833" lon="4.41466667"><ele>677.0</ele><time>2026-07-29T09:12:43.074Z</time></trkpt><trkpt lat="46.15499167" lon="4.41468333"><ele>677.0</ele><time>2026-07-29T09:12:44.073Z</time></trkpt><trkpt lat="46.15498167" lon="4.414695"><ele>677.0</ele><time>2026-07-29T09:12:45.073Z</time></trkpt><trkpt lat="46.154975" lon="4.41471333"><ele>677.0</ele><time>2026-07-29T09:12:46.073Z</time></trkpt><trkpt lat="46.154965" lon="4.41472667"><ele>678.0</ele><time>2026-07-29T09:12:47.073Z</time></trkpt><trkpt lat="46.15495667" lon="4.41473667"><ele>678.0</ele><time>2026-07-29T09:12:48.073Z</time></trkpt><trkpt lat="46.15494833" lon="4.41474333"><ele>678.0</ele><time>2026-07-29T09:12:49.074Z</time></trkpt><trkpt lat="46.15493333" lon="4.41475667"><ele>679.0</ele><time>2026-07-29T09:12:50.074Z</time></trkpt><trkpt lat="46.15492167" lon="4.414765"><ele>679.0</ele><time>2026-07-29T09:12:51.073Z</time></trkpt><trkpt lat="46.154915" lon="4.41476833"><ele>680.0</ele><time>2026-07-29T09:12:52.073Z</time></trkpt><trkpt lat="46.15490667" lon="4.41477667"><ele>680.0</ele><time>2026-07-29T09:12:53.074Z</time></trkpt><trkpt lat="46.15489667" lon="4.41478667"><ele>680.0</ele><time>2026-07-29T09:12:54.073Z</time></trkpt><trkpt lat="46.154885" lon="4.41479667"><ele>680.0</ele><time>2026-07-29T09:12:55.074Z</time></trkpt><trkpt lat="46.154875" lon="4.414805"><ele>680.0</ele><time>2026-07-29T09:12:56.074Z</time></trkpt><trkpt lat="46.15486667" lon="4.41481167"><ele>681.0</ele><time>2026-07-29T09:12:57.074Z</time></trkpt><trkpt lat="46.15486" lon="4.41482167"><ele>681.0</ele><time>2026-07-29T09:12:58.074Z</time></trkpt><trkpt lat="46.15485" lon="4.414835"><ele>681.0</ele><time>2026-07-29T09:12:59.073Z</time></trkpt><trkpt lat="46.15484" lon="4.414845"><ele>681.0</ele><time>2026-07-29T09:13:00.073Z</time></trkpt><trkpt lat="46.15483" lon="4.41485667"><ele>681.0</ele><time>2026-07-29T09:13:01.073Z</time></trkpt><trkpt lat="46.154825" lon="4.41486833"><ele>681.0</ele><time>2026-07-29T09:13:02.074Z</time></trkpt><trkpt lat="46.15481333" lon="4.41487833"><ele>681.0</ele><time>2026-07-29T09:13:03.074Z</time></trkpt><trkpt lat="46.1548" lon="4.41489333"><ele>681.0</ele><time>2026-07-29T09:13:04.074Z</time></trkpt><trkpt lat="46.15479" lon="4.41490667"><ele>681.0</ele><time>2026-07-29T09:13:05.074Z</time></trkpt><trkpt lat="46.15478167" lon="4.41492"><ele>681.0</ele><time>2026-07-29T09:13:06.074Z</time></trkpt><trkpt lat="46.15477333" lon="4.414935"><ele>681.0</ele><time>2026-07-29T09:13:07.074Z</time></trkpt><trkpt lat="46.15476333" lon="4.41494833"><ele>682.0</ele><time>2026-07-29T09:13:08.073Z</time></trkpt><trkpt lat="46.15475333" lon="4.41496333"><ele>682.0</ele><time>2026-07-29T09:13:09.073Z</time></trkpt><trkpt lat="46.154745" lon="4.41498"><ele>682.0</ele><time>2026-07-29T09:13:10.074Z</time></trkpt><trkpt lat="46.15473667" lon="4.41499667"><ele>682.0</ele><time>2026-07-29T09:13:11.074Z</time></trkpt><trkpt lat="46.15473" lon="4.415015"><ele>682.0</ele><time>2026-07-29T09:13:12.074Z</time></trkpt><trkpt lat="46.15472333" lon="4.41503333"><ele>682.0</ele><time>2026-07-29T09:13:13.073Z</time></trkpt><trkpt lat="46.15471333" lon="4.41505167"><ele>683.0</ele><time>2026-07-29T09:13:14.074Z</time></trkpt><trkpt lat="46.15470333" lon="4.41507"><ele>683.0</ele><time>2026-07-29T09:13:15.073Z</time></trkpt><trkpt lat="46.154695" lon="4.41508167"><ele>683.0</ele><time>2026-07-29T09:13:16.074Z</time></trkpt><trkpt lat="46.154685" lon="4.41510167"><ele>683.0</ele><time>2026-07-29T09:13:17.073Z</time></trkpt><trkpt lat="46.15467667" lon="4.41511667"><ele>683.0</ele><time>2026-07-29T09:13:18.073Z</time></trkpt><trkpt lat="46.15467" lon="4.41512833"><ele>683.0</ele><time>2026-07-29T09:13:19.074Z</time></trkpt><trkpt lat="46.15466" lon="4.41513833"><ele>683.0</ele><time>2026-07-29T09:13:20.073Z</time></trkpt><trkpt lat="46.15465" lon="4.41515167"><ele>683.0</ele><time>2026-07-29T09:13:21.073Z</time></trkpt><trkpt lat="46.15464" lon="4.415165"><ele>683.0</ele><time>2026-07-29T09:13:22.073Z</time></trkpt><trkpt lat="46.15463167" lon="4.41518"><ele>683.0</ele><time>2026-07-29T09:13:23.073Z</time></trkpt><trkpt lat="46.15462333" lon="4.41519667"><ele>683.0</ele><time>2026-07-29T09:13:24.074Z</time></trkpt><trkpt lat="46.15461667" lon="4.41520833"><ele>683.0</ele><time>2026-07-29T09:13:25.073Z</time></trkpt><trkpt lat="46.15460833" lon="4.41522667"><ele>683.0</ele><time>2026-07-29T09:13:26.074Z</time></trkpt><trkpt lat="46.15460333" lon="4.41524"><ele>683.0</ele><time>2026-07-29T09:13:27.074Z</time></trkpt><trkpt lat="46.15459667" lon="4.41524833"><ele>683.0</ele><time>2026-07-29T09:13:28.073Z</time></trkpt><trkpt lat="46.15459" lon="4.41525833"><ele>683.0</ele><time>2026-07-29T09:13:29.073Z</time></trkpt><trkpt lat="46.15458167" lon="4.415275"><ele>683.0</ele><time>2026-07-29T09:13:30.073Z</time></trkpt><trkpt lat="46.15457667" lon="4.41528833"><ele>683.0</ele><time>2026-07-29T09:13:31.073Z</time></trkpt><trkpt lat="46.15457167" lon="4.41530333"><ele>683.0</ele><time>2026-07-29T09:13:32.073Z</time></trkpt><trkpt lat="46.154565" lon="4.41531667"><ele>683.0</ele><time>2026-07-29T09:13:33.074Z</time></trkpt><trkpt lat="46.15456" lon="4.41533"><ele>683.0</ele><time>2026-07-29T09:13:34.073Z</time></trkpt><trkpt lat="46.15455167" lon="4.415345"><ele>683.0</ele><time>2026-07-29T09:13:35.074Z</time></trkpt><trkpt lat="46.154545" lon="4.41536"><ele>683.0</ele><time>2026-07-29T09:13:36.073Z</time></trkpt><trkpt lat="46.15454333" lon="4.41537667"><ele>684.0</ele><time>2026-07-29T09:13:37.073Z</time></trkpt><trkpt lat="46.15454" lon="4.41538667"><ele>684.0</ele><time>2026-07-29T09:13:38.073Z</time></trkpt><trkpt lat="46.15453167" lon="4.41540167"><ele>684.0</ele><time>2026-07-29T09:13:39.073Z</time></trkpt><trkpt lat="46.154525" lon="4.41541333"><ele>684.0</ele><time>2026-07-29T09:13:40.073Z</time></trkpt><trkpt lat="46.15452167" lon="4.41542667"><ele>684.0</ele><time>2026-07-29T09:13:41.073Z</time></trkpt><trkpt lat="46.15451667" lon="4.41543833"><ele>684.0</ele><time>2026-07-29T09:13:42.074Z</time></trkpt><trkpt lat="46.15450833" lon="4.41545167"><ele>684.0</ele><time>2026-07-29T09:13:43.074Z</time></trkpt><trkpt lat="46.1545" lon="4.41546833"><ele>684.0</ele><time>2026-07-29T09:13:44.074Z</time></trkpt><trkpt lat="46.15449333" lon="4.41548167"><ele>684.0</ele><time>2026-07-29T09:13:45.073Z</time></trkpt><trkpt lat="46.15448833" lon="4.41549333"><ele>684.0</ele><time>2026-07-29T09:13:46.073Z</time></trkpt><trkpt lat="46.15448" lon="4.415505"><ele>684.0</ele><time>2026-07-29T09:13:47.073Z</time></trkpt><trkpt lat="46.154475" lon="4.41551833"><ele>684.0</ele><time>2026-07-29T09:13:48.074Z</time></trkpt><trkpt lat="46.15447167" lon="4.41553167"><ele>684.0</ele><time>2026-07-29T09:13:49.073Z</time></trkpt><trkpt lat="46.15446667" lon="4.41554333"><ele>684.0</ele><time>2026-07-29T09:13:50.073Z</time></trkpt><trkpt lat="46.15446167" lon="4.41555167"><ele>684.0</ele><time>2026-07-29T09:13:51.074Z</time></trkpt><trkpt lat="46.15445833" lon="4.41556833"><ele>684.0</ele><time>2026-07-29T09:13:52.073Z</time></trkpt><trkpt lat="46.15445333" lon="4.41558333"><ele>684.0</ele><time>2026-07-29T09:13:53.073Z</time></trkpt><trkpt lat="46.15444833" lon="4.41559833"><ele>684.0</ele><time>2026-07-29T09:13:54.073Z</time></trkpt><trkpt lat="46.15444333" lon="4.415615"><ele>684.0</ele><time>2026-07-29T09:13:55.073Z</time></trkpt><trkpt lat="46.154435" lon="4.41562833"><ele>685.0</ele><time>2026-07-29T09:13:56.073Z</time></trkpt><trkpt lat="46.15442667" lon="4.41564333"><ele>685.0</ele><time>2026-07-29T09:13:57.073Z</time></trkpt><trkpt lat="46.15441833" lon="4.41565667"><ele>685.0</ele><time>2026-07-29T09:13:58.073Z</time></trkpt><trkpt lat="46.15441167" lon="4.41567"><ele>685.0</ele><time>2026-07-29T09:13:59.074Z</time></trkpt><trkpt lat="46.154405" lon="4.41568"><ele>685.0</ele><time>2026-07-29T09:14:00.073Z</time></trkpt><trkpt lat="46.15439833" lon="4.41569833"><ele>686.0</ele><time>2026-07-29T09:14:01.073Z</time></trkpt><trkpt lat="46.15439333" lon="4.41571167"><ele>686.0</ele><time>2026-07-29T09:14:02.074Z</time></trkpt><trkpt lat="46.154385" lon="4.415725"><ele>686.0</ele><time>2026-07-29T09:14:03.073Z</time></trkpt><trkpt lat="46.15438" lon="4.415735"><ele>686.0</ele><time>2026-07-29T09:14:04.074Z</time></trkpt><trkpt lat="46.154375" lon="4.41574667"><ele>686.0</ele><time>2026-07-29T09:14:05.073Z</time></trkpt><trkpt lat="46.15437167" lon="4.41576"><ele>687.0</ele><time>2026-07-29T09:14:06.074Z</time></trkpt><trkpt lat="46.15436667" lon="4.41577333"><ele>687.0</ele><time>2026-07-29T09:14:07.074Z</time></trkpt><trkpt lat="46.15435833" lon="4.41578333"><ele>688.0</ele><time>2026-07-29T09:14:08.073Z</time></trkpt><trkpt lat="46.15435167" lon="4.41579167"><ele>688.0</ele><time>2026-07-29T09:14:09.074Z</time></trkpt><trkpt lat="46.15434167" lon="4.415805"><ele>688.0</ele><time>2026-07-29T09:14:10.073Z</time></trkpt><trkpt lat="46.15433333" lon="4.41581833"><ele>688.0</ele><time>2026-07-29T09:14:11.074Z</time></trkpt><trkpt lat="46.154325" lon="4.41583167"><ele>688.0</ele><time>2026-07-29T09:14:12.073Z</time></trkpt><trkpt lat="46.154315" lon="4.415845"><ele>688.0</ele><time>2026-07-29T09:14:13.073Z</time></trkpt><trkpt lat="46.15430667" lon="4.41585667"><ele>688.0</ele><time>2026-07-29T09:14:14.073Z</time></trkpt><trkpt lat="46.1543" lon="4.41586833"><ele>688.0</ele><time>2026-07-29T09:14:15.074Z</time></trkpt><trkpt lat="46.15429333" lon="4.41588"><ele>688.0</ele><time>2026-07-29T09:14:16.073Z</time></trkpt><trkpt lat="46.15428667" lon="4.41588667"><ele>688.0</ele><time>2026-07-29T09:14:17.074Z</time></trkpt><trkpt lat="46.15427667" lon="4.4159"><ele>688.0</ele><time>2026-07-29T09:14:18.073Z</time></trkpt><trkpt lat="46.15426833" lon="4.41591"><ele>688.0</ele><time>2026-07-29T09:14:19.073Z</time></trkpt><trkpt lat="46.15426" lon="4.41592333"><ele>688.0</ele><time>2026-07-29T09:14:20.073Z</time></trkpt><trkpt lat="46.15425167" lon="4.41593667"><ele>688.0</ele><time>2026-07-29T09:14:21.074Z</time></trkpt><trkpt lat="46.15424333" lon="4.41594833"><ele>687.0</ele><time>2026-07-29T09:14:22.073Z</time></trkpt><trkpt lat="46.154235" lon="4.41596"><ele>687.0</ele><time>2026-07-29T09:14:23.073Z</time></trkpt><trkpt lat="46.15422667" lon="4.41597333"><ele>687.0</ele><time>2026-07-29T09:14:24.073Z</time></trkpt><trkpt lat="46.15421667" lon="4.415985"><ele>687.0</ele><time>2026-07-29T09:14:25.074Z</time></trkpt><trkpt lat="46.15421" lon="4.415995"><ele>687.0</ele><time>2026-07-29T09:14:26.074Z</time></trkpt><trkpt lat="46.15419833" lon="4.41600833"><ele>686.0</ele><time>2026-07-29T09:14:27.073Z</time></trkpt><trkpt lat="46.15419167" lon="4.41602"><ele>686.0</ele><time>2026-07-29T09:14:28.073Z</time></trkpt><trkpt lat="46.154185" lon="4.41603333"><ele>686.0</ele><time>2026-07-29T09:14:29.073Z</time></trkpt><trkpt lat="46.15418" lon="4.41604333"><ele>687.0</ele><time>2026-07-29T09:14:30.074Z</time></trkpt><trkpt lat="46.15416833" lon="4.41605667"><ele>687.0</ele><time>2026-07-29T09:14:31.073Z</time></trkpt><trkpt lat="46.15416167" lon="4.41607"><ele>687.0</ele><time>2026-07-29T09:14:32.074Z</time></trkpt><trkpt lat="46.15415167" lon="4.41608333"><ele>687.0</ele><time>2026-07-29T09:14:33.074Z</time></trkpt><trkpt lat="46.15414333" lon="4.41609667"><ele>687.0</ele><time>2026-07-29T09:14:34.073Z</time></trkpt><trkpt lat="46.15413833" lon="4.41611"><ele>688.0</ele><time>2026-07-29T09:14:35.074Z</time></trkpt><trkpt lat="46.15412667" lon="4.41612667"><ele>688.0</ele><time>2026-07-29T09:14:36.073Z</time></trkpt><trkpt lat="46.15411833" lon="4.41614167"><ele>688.0</ele><time>2026-07-29T09:14:37.074Z</time></trkpt><trkpt lat="46.15411" lon="4.41616"><ele>688.0</ele><time>2026-07-29T09:14:38.074Z</time></trkpt><trkpt lat="46.15409833" lon="4.41617333"><ele>688.0</ele><time>2026-07-29T09:14:39.074Z</time></trkpt><trkpt lat="46.15408833" lon="4.41618667"><ele>688.0</ele><time>2026-07-29T09:14:40.073Z</time></trkpt><trkpt lat="46.15407833" lon="4.4162"><ele>688.0</ele><time>2026-07-29T09:14:41.074Z</time></trkpt><trkpt lat="46.15406833" lon="4.41621667"><ele>688.0</ele><time>2026-07-29T09:14:42.074Z</time></trkpt><trkpt lat="46.15406" lon="4.41623"><ele>688.0</ele><time>2026-07-29T09:14:43.073Z</time></trkpt><trkpt lat="46.15405" lon="4.41624833"><ele>688.0</ele><time>2026-07-29T09:14:44.074Z</time></trkpt><trkpt lat="46.15404167" lon="4.416265"><ele>688.0</ele><time>2026-07-29T09:14:45.073Z</time></trkpt><trkpt lat="46.154035" lon="4.41628"><ele>688.0</ele><time>2026-07-29T09:14:46.074Z</time></trkpt><trkpt lat="46.154025" lon="4.41629667"><ele>689.0</ele><time>2026-07-29T09:14:47.073Z</time></trkpt><trkpt lat="46.15401833" lon="4.416315"><ele>689.0</ele><time>2026-07-29T09:14:48.074Z</time></trkpt><trkpt lat="46.154015" lon="4.41632667"><ele>689.0</ele><time>2026-07-29T09:14:49.073Z</time></trkpt><trkpt lat="46.15401" lon="4.41634667"><ele>689.0</ele><time>2026-07-29T09:14:50.073Z</time></trkpt><trkpt lat="46.15400167" lon="4.41636167"><ele>689.0</ele><time>2026-07-29T09:14:51.074Z</time></trkpt><trkpt lat="46.153995" lon="4.41637833"><ele>690.0</ele><time>2026-07-29T09:14:52.073Z</time></trkpt><trkpt lat="46.15398667" lon="4.41639167"><ele>690.0</ele><time>2026-07-29T09:14:53.073Z</time></trkpt><trkpt lat="46.15397833" lon="4.416405"><ele>690.0</ele><time>2026-07-29T09:14:54.074Z</time></trkpt><trkpt lat="46.15397" lon="4.41641833"><ele>691.0</ele><time>2026-07-29T09:14:55.074Z</time></trkpt><trkpt lat="46.15396167" lon="4.41643333"><ele>691.0</ele><time>2026-07-29T09:14:56.073Z</time></trkpt><trkpt lat="46.15395833" lon="4.41644833"><ele>691.0</ele><time>2026-07-29T09:14:57.074Z</time></trkpt><trkpt lat="46.15395167" lon="4.41646833"><ele>691.0</ele><time>2026-07-29T09:14:58.074Z</time></trkpt><trkpt lat="46.15394667" lon="4.41648333"><ele>691.0</ele><time>2026-07-29T09:14:59.073Z</time></trkpt><trkpt lat="46.15394167" lon="4.4165"><ele>691.0</ele><time>2026-07-29T09:15:00.074Z</time></trkpt><trkpt lat="46.15393833" lon="4.41651667"><ele>692.0</ele><time>2026-07-29T09:15:01.073Z</time></trkpt><trkpt lat="46.15393333" lon="4.41653"><ele>692.0</ele><time>2026-07-29T09:15:02.074Z</time></trkpt><trkpt lat="46.15392333" lon="4.41654667"><ele>692.0</ele><time>2026-07-29T09:15:03.073Z</time></trkpt><trkpt lat="46.15391833" lon="4.41656333"><ele>693.0</ele><time>2026-07-29T09:15:04.074Z</time></trkpt><trkpt lat="46.15391167" lon="4.41657667"><ele>693.0</ele><time>2026-07-29T09:15:05.073Z</time></trkpt><trkpt lat="46.153905" lon="4.41659333"><ele>693.0</ele><time>2026-07-29T09:15:06.074Z</time></trkpt><trkpt lat="46.1539" lon="4.41661"><ele>694.0</ele><time>2026-07-29T09:15:07.074Z</time></trkpt><trkpt lat="46.15389167" lon="4.41662333"><ele>694.0</ele><time>2026-07-29T09:15:08.073Z</time></trkpt><trkpt lat="46.15388333" lon="4.41663667"><ele>694.0</ele><time>2026-07-29T09:15:09.073Z</time></trkpt><trkpt lat="46.15387833" lon="4.41665"><ele>695.0</ele><time>2026-07-29T09:15:10.074Z</time></trkpt><trkpt lat="46.15387" lon="4.41666333"><ele>695.0</ele><time>2026-07-29T09:15:11.074Z</time></trkpt><trkpt lat="46.15386333" lon="4.416675"><ele>695.0</ele><time>2026-07-29T09:15:12.074Z</time></trkpt><trkpt lat="46.15385667" lon="4.41668833"><ele>696.0</ele><time>2026-07-29T09:15:13.074Z</time></trkpt><trkpt lat="46.15384833" lon="4.41670167"><ele>696.0</ele><time>2026-07-29T09:15:14.074Z</time></trkpt><trkpt lat="46.15384167" lon="4.416715"><ele>696.0</ele><time>2026-07-29T09:15:15.073Z</time></trkpt><trkpt lat="46.15383667" lon="4.41673667"><ele>696.0</ele><time>2026-07-29T09:15:16.074Z</time></trkpt><trkpt lat="46.15383167" lon="4.41675667"><ele>696.0</ele><time>2026-07-29T09:15:17.073Z</time></trkpt><trkpt lat="46.153825" lon="4.41677"><ele>696.0</ele><time>2026-07-29T09:15:18.074Z</time></trkpt><trkpt lat="46.15381833" lon="4.41678167"><ele>696.0</ele><time>2026-07-29T09:15:19.073Z</time></trkpt><trkpt lat="46.15381333" lon="4.41679833"><ele>696.0</ele><time>2026-07-29T09:15:20.073Z</time></trkpt><trkpt lat="46.15380667" lon="4.416815"><ele>696.0</ele><time>2026-07-29T09:15:21.074Z</time></trkpt><trkpt lat="46.1538" lon="4.41683333"><ele>697.0</ele><time>2026-07-29T09:15:22.073Z</time></trkpt><trkpt lat="46.15379333" lon="4.41685"><ele>697.0</ele><time>2026-07-29T09:15:23.074Z</time></trkpt><trkpt lat="46.15378833" lon="4.41686833"><ele>697.0</ele><time>2026-07-29T09:15:24.074Z</time></trkpt><trkpt lat="46.153785" lon="4.41688833"><ele>697.0</ele><time>2026-07-29T09:15:25.073Z</time></trkpt><trkpt lat="46.15378" lon="4.416905"><ele>697.0</ele><time>2026-07-29T09:15:26.074Z</time></trkpt><trkpt lat="46.15377167" lon="4.41691833"><ele>697.0</ele><time>2026-07-29T09:15:27.073Z</time></trkpt><trkpt lat="46.15376667" lon="4.41693"><ele>697.0</ele><time>2026-07-29T09:15:28.074Z</time></trkpt><trkpt lat="46.15375833" lon="4.416945"><ele>697.0</ele><time>2026-07-29T09:15:29.073Z</time></trkpt><trkpt lat="46.15375333" lon="4.41695833"><ele>697.0</ele><time>2026-07-29T09:15:30.073Z</time></trkpt><trkpt lat="46.153745" lon="4.41696833"><ele>697.0</ele><time>2026-07-29T09:15:31.073Z</time></trkpt><trkpt lat="46.15373667" lon="4.41697667"><ele>697.0</ele><time>2026-07-29T09:15:32.074Z</time></trkpt><trkpt lat="46.15372667" lon="4.41698667"><ele>697.0</ele><time>2026-07-29T09:15:33.073Z</time></trkpt><trkpt lat="46.153715" lon="4.41699667"><ele>696.0</ele><time>2026-07-29T09:15:34.073Z</time></trkpt><trkpt lat="46.153705" lon="4.417005"><ele>696.0</ele><time>2026-07-29T09:15:35.073Z</time></trkpt><trkpt lat="46.153695" lon="4.417015"><ele>696.0</ele><time>2026-07-29T09:15:36.074Z</time></trkpt><trkpt lat="46.15368833" lon="4.41702833"><ele>695.0</ele><time>2026-07-29T09:15:37.073Z</time></trkpt><trkpt lat="46.15368" lon="4.41704"><ele>695.0</ele><time>2026-07-29T09:15:38.073Z</time></trkpt><trkpt lat="46.15367167" lon="4.41704833"><ele>695.0</ele><time>2026-07-29T09:15:39.074Z</time></trkpt><trkpt lat="46.15366333" lon="4.41705833"><ele>695.0</ele><time>2026-07-29T09:15:40.073Z</time></trkpt><trkpt lat="46.15365667" lon="4.41707"><ele>695.0</ele><time>2026-07-29T09:15:41.074Z</time></trkpt><trkpt lat="46.15364833" lon="4.41708"><ele>695.0</ele><time>2026-07-29T09:15:42.073Z</time></trkpt><trkpt lat="46.15364167" lon="4.4171"><ele>695.0</ele><time>2026-07-29T09:15:43.074Z</time></trkpt><trkpt lat="46.153635" lon="4.41711667"><ele>696.0</ele><time>2026-07-29T09:15:44.073Z</time></trkpt><trkpt lat="46.15363167" lon="4.417135"><ele>696.0</ele><time>2026-07-29T09:15:45.073Z</time></trkpt><trkpt lat="46.15362167" lon="4.41715"><ele>696.0</ele><time>2026-07-29T09:15:46.074Z</time></trkpt><trkpt lat="46.153615" lon="4.41716333"><ele>696.0</ele><time>2026-07-29T09:15:47.073Z</time></trkpt><trkpt lat="46.15360667" lon="4.41717667"><ele>697.0</ele><time>2026-07-29T09:15:48.073Z</time></trkpt><trkpt lat="46.15359833" lon="4.41718833"><ele>697.0</ele><time>2026-07-29T09:15:49.074Z</time></trkpt><trkpt lat="46.15359" lon="4.41720333"><ele>697.0</ele><time>2026-07-29T09:15:50.073Z</time></trkpt><trkpt lat="46.15358167" lon="4.41722167"><ele>697.0</ele><time>2026-07-29T09:15:51.074Z</time></trkpt><trkpt lat="46.153575" lon="4.41723833"><ele>697.0</ele><time>2026-07-29T09:15:52.073Z</time></trkpt><trkpt lat="46.15356833" lon="4.41725333"><ele>697.0</ele><time>2026-07-29T09:15:53.074Z</time></trkpt><trkpt lat="46.15356" lon="4.41727167"><ele>697.0</ele><time>2026-07-29T09:15:54.074Z</time></trkpt><trkpt lat="46.15355333" lon="4.41729"><ele>698.0</ele><time>2026-07-29T09:15:55.074Z</time></trkpt><trkpt lat="46.15354667" lon="4.41730667"><ele>698.0</ele><time>2026-07-29T09:15:56.074Z</time></trkpt><trkpt lat="46.15354" lon="4.41732167"><ele>699.0</ele><time>2026-07-29T09:15:57.073Z</time></trkpt><trkpt lat="46.15353667" lon="4.41733833"><ele>700.0</ele><time>2026-07-29T09:15:58.074Z</time></trkpt><trkpt lat="46.153535" lon="4.41734833"><ele>700.0</ele><time>2026-07-29T09:15:59.074Z</time></trkpt><trkpt lat="46.15353" lon="4.41736167"><ele>701.0</ele><time>2026-07-29T09:16:00.073Z</time></trkpt><trkpt lat="46.15352333" lon="4.41737667"><ele>702.0</ele><time>2026-07-29T09:16:01.073Z</time></trkpt><trkpt lat="46.15352667" lon="4.41739833"><ele>703.0</ele><time>2026-07-29T09:16:02.074Z</time></trkpt><trkpt lat="46.15352833" lon="4.41741"><ele>704.0</ele><time>2026-07-29T09:16:03.073Z</time></trkpt><trkpt lat="46.153525" lon="4.41741833"><ele>704.0</ele><time>2026-07-29T09:16:04.073Z</time></trkpt><trkpt lat="46.153525" lon="4.417425"><ele>705.0</ele><time>2026-07-29T09:16:05.073Z</time></trkpt><trkpt lat="46.15351833" lon="4.417435"><ele>705.0</ele><time>2026-07-29T09:16:06.073Z</time></trkpt><trkpt lat="46.15351167" lon="4.41744167"><ele>705.0</ele><time>2026-07-29T09:16:07.073Z</time></trkpt><trkpt lat="46.15350167" lon="4.41746167"><ele>706.0</ele><time>2026-07-29T09:16:08.073Z</time></trkpt><trkpt lat="46.153495" lon="4.41747667"><ele>706.0</ele><time>2026-07-29T09:16:09.074Z</time></trkpt><trkpt lat="46.15349" lon="4.41749333"><ele>706.0</ele><time>2026-07-29T09:16:10.073Z</time></trkpt><trkpt lat="46.153485" lon="4.41751167"><ele>707.0</ele><time>2026-07-29T09:16:11.074Z</time></trkpt><trkpt lat="46.15348333" lon="4.41753333"><ele>707.0</ele><time>2026-07-29T09:16:12.074Z</time></trkpt><trkpt lat="46.15347" lon="4.41756"><ele>708.0</ele><time>2026-07-29T09:16:13.073Z</time></trkpt><trkpt lat="46.15345667" lon="4.41757667"><ele>708.0</ele><time>2026-07-29T09:16:14.074Z</time></trkpt><trkpt lat="46.15344333" lon="4.41759167"><ele>708.0</ele><time>2026-07-29T09:16:15.073Z</time></trkpt><trkpt lat="46.15343167" lon="4.41761"><ele>708.0</ele><time>2026-07-29T09:16:16.074Z</time></trkpt><trkpt lat="46.15342167" lon="4.41762833"><ele>709.0</ele><time>2026-07-29T09:16:17.074Z</time></trkpt><trkpt lat="46.15340833" lon="4.41764167"><ele>709.0</ele><time>2026-07-29T09:16:18.074Z</time></trkpt><trkpt lat="46.153395" lon="4.41765833"><ele>708.0</ele><time>2026-07-29T09:16:19.074Z</time></trkpt><trkpt lat="46.15338" lon="4.41767333"><ele>708.0</ele><time>2026-07-29T09:16:20.073Z</time></trkpt><trkpt lat="46.15336667" lon="4.41768333"><ele>708.0</ele><time>2026-07-29T09:16:21.074Z</time></trkpt><trkpt lat="46.15335333" lon="4.41769333"><ele>707.0</ele><time>2026-07-29T09:16:22.074Z</time></trkpt><trkpt lat="46.15334" lon="4.41770167"><ele>706.0</ele><time>2026-07-29T09:16:23.074Z</time></trkpt><trkpt lat="46.15332667" lon="4.41771333"><ele>705.0</ele><time>2026-07-29T09:16:24.073Z</time></trkpt><trkpt lat="46.15331" lon="4.417725"><ele>704.0</ele><time>2026-07-29T09:16:25.074Z</time></trkpt><trkpt lat="46.15329333" lon="4.41773833"><ele>703.0</ele><time>2026-07-29T09:16:26.073Z</time></trkpt><trkpt lat="46.15328333" lon="4.41775167"><ele>703.0</ele><time>2026-07-29T09:16:27.073Z</time></trkpt><trkpt lat="46.15327333" lon="4.41776833"><ele>702.0</ele><time>2026-07-29T09:16:28.074Z</time></trkpt><trkpt lat="46.15326333" lon="4.41778333"><ele>702.0</ele><time>2026-07-29T09:16:29.073Z</time></trkpt><trkpt lat="46.153255" lon="4.41780167"><ele>701.0</ele><time>2026-07-29T09:16:30.074Z</time></trkpt><trkpt lat="46.153245" lon="4.41781833"><ele>701.0</ele><time>2026-07-29T09:16:31.073Z</time></trkpt><trkpt lat="46.15323667" lon="4.417835"><ele>701.0</ele><time>2026-07-29T09:16:32.074Z</time></trkpt><trkpt lat="46.15322667" lon="4.41784833"><ele>701.0</ele><time>2026-07-29T09:16:33.073Z</time></trkpt><trkpt lat="46.15321667" lon="4.41786167"><ele>701.0</ele><time>2026-07-29T09:16:34.073Z</time></trkpt><trkpt lat="46.15320667" lon="4.417875"><ele>701.0</ele><time>2026-07-29T09:16:35.074Z</time></trkpt><trkpt lat="46.15319667" lon="4.41789"><ele>701.0</ele><time>2026-07-29T09:16:36.073Z</time></trkpt><trkpt lat="46.15318667" lon="4.41790333"><ele>700.0</ele><time>2026-07-29T09:16:37.073Z</time></trkpt><trkpt lat="46.153175" lon="4.41791833"><ele>700.0</ele><time>2026-07-29T09:16:38.073Z</time></trkpt><trkpt lat="46.15316333" lon="4.41793"><ele>700.0</ele><time>2026-07-29T09:16:39.074Z</time></trkpt><trkpt lat="46.15315167" lon="4.41794167"><ele>700.0</ele><time>2026-07-29T09:16:40.073Z</time></trkpt><trkpt lat="46.15313833" lon="4.41795667"><ele>700.0</ele><time>2026-07-29T09:16:41.074Z</time></trkpt><trkpt lat="46.153125" lon="4.41797"><ele>699.0</ele><time>2026-07-29T09:16:42.073Z</time></trkpt><trkpt lat="46.15311333" lon="4.417985"><ele>699.0</ele><time>2026-07-29T09:16:43.073Z</time></trkpt><trkpt lat="46.15310333" lon="4.418"><ele>699.0</ele><time>2026-07-29T09:16:44.073Z</time></trkpt><trkpt lat="46.15309333" lon="4.41801667"><ele>698.0</ele><time>2026-07-29T09:16:45.074Z</time></trkpt><trkpt lat="46.15308167" lon="4.41803167"><ele>698.0</ele><time>2026-07-29T09:16:46.073Z</time></trkpt><trkpt lat="46.15307167" lon="4.41804833"><ele>698.0</ele><time>2026-07-29T09:16:47.074Z</time></trkpt><trkpt lat="46.15306" lon="4.41806333"><ele>698.0</ele><time>2026-07-29T09:16:48.074Z</time></trkpt><trkpt lat="46.15305" lon="4.41807833"><ele>698.0</ele><time>2026-07-29T09:16:49.073Z</time></trkpt><trkpt lat="46.15304167" lon="4.41809667"><ele>698.0</ele><time>2026-07-29T09:16:50.074Z</time></trkpt><trkpt lat="46.15303333" lon="4.418115"><ele>698.0</ele><time>2026-07-29T09:16:51.073Z</time></trkpt><trkpt lat="46.153025" lon="4.41813333"><ele>697.0</ele><time>2026-07-29T09:16:52.074Z</time></trkpt><trkpt lat="46.153015" lon="4.41815"><ele>697.0</ele><time>2026-07-29T09:16:53.073Z</time></trkpt><trkpt lat="46.15300667" lon="4.418165"><ele>697.0</ele><time>2026-07-29T09:16:54.073Z</time></trkpt><trkpt lat="46.153" lon="4.41818"><ele>697.0</ele><time>2026-07-29T09:16:55.073Z</time></trkpt><trkpt lat="46.15299167" lon="4.41819833"><ele>697.0</ele><time>2026-07-29T09:16:56.074Z</time></trkpt><trkpt lat="46.15298" lon="4.41822333"><ele>697.0</ele><time>2026-07-29T09:16:57.074Z</time></trkpt><trkpt lat="46.15297167" lon="4.41824167"><ele>696.0</ele><time>2026-07-29T09:16:58.074Z</time></trkpt><trkpt lat="46.15296333" lon="4.41825667"><ele>696.0</ele><time>2026-07-29T09:16:59.073Z</time></trkpt><trkpt lat="46.15295667" lon="4.41827333"><ele>696.0</ele><time>2026-07-29T09:17:00.073Z</time></trkpt><trkpt lat="46.15295" lon="4.41829"><ele>696.0</ele><time>2026-07-29T09:17:01.074Z</time></trkpt><trkpt lat="46.15294167" lon="4.418305"><ele>697.0</ele><time>2026-07-29T09:17:02.074Z</time></trkpt><trkpt lat="46.15293333" lon="4.41832"><ele>697.0</ele><time>2026-07-29T09:17:03.073Z</time></trkpt><trkpt lat="46.152925" lon="4.41833667"><ele>697.0</ele><time>2026-07-29T09:17:04.074Z</time></trkpt><trkpt lat="46.152915" lon="4.41835333"><ele>697.0</ele><time>2026-07-29T09:17:05.074Z</time></trkpt><trkpt lat="46.15290333" lon="4.41837"><ele>697.0</ele><time>2026-07-29T09:17:06.074Z</time></trkpt><trkpt lat="46.152895" lon="4.41838833"><ele>697.0</ele><time>2026-07-29T09:17:07.073Z</time></trkpt><trkpt lat="46.152885" lon="4.418405"><ele>697.0</ele><time>2026-07-29T09:17:08.074Z</time></trkpt><trkpt lat="46.152875" lon="4.41842167"><ele>697.0</ele><time>2026-07-29T09:17:09.074Z</time></trkpt><trkpt lat="46.152865" lon="4.41844"><ele>697.0</ele><time>2026-07-29T09:17:10.073Z</time></trkpt><trkpt lat="46.152855" lon="4.41845833"><ele>697.0</ele><time>2026-07-29T09:17:11.073Z</time></trkpt><trkpt lat="46.152845" lon="4.418475"><ele>696.0</ele><time>2026-07-29T09:17:12.074Z</time></trkpt><trkpt lat="46.152835" lon="4.41849167"><ele>696.0</ele><time>2026-07-29T09:17:13.074Z</time></trkpt><trkpt lat="46.152825" lon="4.41850667"><ele>696.0</ele><time>2026-07-29T09:17:14.073Z</time></trkpt><trkpt lat="46.152815" lon="4.41852333"><ele>696.0</ele><time>2026-07-29T09:17:15.074Z</time></trkpt><trkpt lat="46.152805" lon="4.41854"><ele>696.0</ele><time>2026-07-29T09:17:16.074Z</time></trkpt><trkpt lat="46.15279667" lon="4.41855667"><ele>696.0</ele><time>2026-07-29T09:17:17.073Z</time></trkpt><trkpt lat="46.15278833" lon="4.418575"><ele>697.0</ele><time>2026-07-29T09:17:18.074Z</time></trkpt><trkpt lat="46.15277833" lon="4.41858667"><ele>697.0</ele><time>2026-07-29T09:17:19.074Z</time></trkpt><trkpt lat="46.15276833" lon="4.418605"><ele>697.0</ele><time>2026-07-29T09:17:20.074Z</time></trkpt><trkpt lat="46.15276" lon="4.41862"><ele>697.0</ele><time>2026-07-29T09:17:21.073Z</time></trkpt><trkpt lat="46.15275" lon="4.418635"><ele>697.0</ele><time>2026-07-29T09:17:22.073Z</time></trkpt><trkpt lat="46.15274" lon="4.41865"><ele>697.0</ele><time>2026-07-29T09:17:23.073Z</time></trkpt><trkpt lat="46.15273" lon="4.418665"><ele>697.0</ele><time>2026-07-29T09:17:24.074Z</time></trkpt><trkpt lat="46.15271833" lon="4.41868333"><ele>698.0</ele><time>2026-07-29T09:17:25.073Z</time></trkpt><trkpt lat="46.15271" lon="4.4187"><ele>698.0</ele><time>2026-07-29T09:17:26.073Z</time></trkpt><trkpt lat="46.15270333" lon="4.41871333"><ele>698.0</ele><time>2026-07-29T09:17:27.073Z</time></trkpt><trkpt lat="46.15269333" lon="4.41873333"><ele>698.0</ele><time>2026-07-29T09:17:28.073Z</time></trkpt><trkpt lat="46.15268667" lon="4.41874833"><ele>699.0</ele><time>2026-07-29T09:17:29.074Z</time></trkpt><trkpt lat="46.15268" lon="4.41876333"><ele>699.0</ele><time>2026-07-29T09:17:30.073Z</time></trkpt><trkpt lat="46.152675" lon="4.41878"><ele>700.0</ele><time>2026-07-29T09:17:31.073Z</time></trkpt><trkpt lat="46.15267" lon="4.4188"><ele>700.0</ele><time>2026-07-29T09:17:32.074Z</time></trkpt><trkpt lat="46.152665" lon="4.41881833"><ele>701.0</ele><time>2026-07-29T09:17:33.074Z</time></trkpt><trkpt lat="46.15265667" lon="4.418835"><ele>701.0</ele><time>2026-07-29T09:17:34.074Z</time></trkpt><trkpt lat="46.15264833" lon="4.41884833"><ele>701.0</ele><time>2026-07-29T09:17:35.074Z</time></trkpt><trkpt lat="46.15264167" lon="4.418865"><ele>701.0</ele><time>2026-07-29T09:17:36.074Z</time></trkpt><trkpt lat="46.152635" lon="4.41887667"><ele>701.0</ele><time>2026-07-29T09:17:37.073Z</time></trkpt><trkpt lat="46.15262333" lon="4.41889167"><ele>701.0</ele><time>2026-07-29T09:17:38.074Z</time></trkpt><trkpt lat="46.15261167" lon="4.41890333"><ele>701.0</ele><time>2026-07-29T09:17:39.073Z</time></trkpt><trkpt lat="46.15260333" lon="4.41891"><ele>701.0</ele><time>2026-07-29T09:17:40.074Z</time></trkpt><trkpt lat="46.152595" lon="4.41892167"><ele>701.0</ele><time>2026-07-29T09:17:41.074Z</time></trkpt><trkpt lat="46.152585" lon="4.41893667"><ele>701.0</ele><time>2026-07-29T09:17:42.074Z</time></trkpt><trkpt lat="46.15257667" lon="4.41895167"><ele>702.0</ele><time>2026-07-29T09:17:43.074Z</time></trkpt><trkpt lat="46.15257" lon="4.41896833"><ele>702.0</ele><time>2026-07-29T09:17:44.073Z</time></trkpt><trkpt lat="46.15256333" lon="4.418985"><ele>702.0</ele><time>2026-07-29T09:17:45.074Z</time></trkpt><trkpt lat="46.15255833" lon="4.41900167"><ele>702.0</ele><time>2026-07-29T09:17:46.073Z</time></trkpt><trkpt lat="46.15255167" lon="4.419015"><ele>702.0</ele><time>2026-07-29T09:17:47.073Z</time></trkpt><trkpt lat="46.152545" lon="4.41902833"><ele>702.0</ele><time>2026-07-29T09:17:48.074Z</time></trkpt><trkpt lat="46.15253833" lon="4.41904333"><ele>703.0</ele><time>2026-07-29T09:17:49.073Z</time></trkpt><trkpt lat="46.15253167" lon="4.41905667"><ele>703.0</ele><time>2026-07-29T09:17:50.074Z</time></trkpt><trkpt lat="46.152525" lon="4.41906833"><ele>703.0</ele><time>2026-07-29T09:17:51.073Z</time></trkpt><trkpt lat="46.152515" lon="4.41907833"><ele>704.0</ele><time>2026-07-29T09:17:52.074Z</time></trkpt><trkpt lat="46.152505" lon="4.41909"><ele>704.0</ele><time>2026-07-29T09:17:53.073Z</time></trkpt><trkpt lat="46.15249833" lon="4.419105"><ele>704.0</ele><time>2026-07-29T09:17:54.074Z</time></trkpt><trkpt lat="46.15249167" lon="4.41911833"><ele>704.0</ele><time>2026-07-29T09:17:55.073Z</time></trkpt><trkpt lat="46.15248333" lon="4.41913"><ele>704.0</ele><time>2026-07-29T09:17:56.073Z</time></trkpt><trkpt lat="46.15247667" lon="4.41914333"><ele>704.0</ele><time>2026-07-29T09:17:57.074Z</time></trkpt><trkpt lat="46.15246667" lon="4.41915667"><ele>704.0</ele><time>2026-07-29T09:17:58.074Z</time></trkpt><trkpt lat="46.15245833" lon="4.41916833"><ele>704.0</ele><time>2026-07-29T09:17:59.074Z</time></trkpt><trkpt lat="46.15245333" lon="4.419185"><ele>705.0</ele><time>2026-07-29T09:18:00.074Z</time></trkpt><trkpt lat="46.15245" lon="4.4192"><ele>705.0</ele><time>2026-07-29T09:18:01.073Z</time></trkpt><trkpt lat="46.15244667" lon="4.41921333"><ele>705.0</ele><time>2026-07-29T09:18:02.074Z</time></trkpt><trkpt lat="46.15244" lon="4.419225"><ele>705.0</ele><time>2026-07-29T09:18:03.074Z</time></trkpt><trkpt lat="46.15243333" lon="4.41923667"><ele>705.0</ele><time>2026-07-29T09:18:04.073Z</time></trkpt><trkpt lat="46.15242667" lon="4.41924833"><ele>705.0</ele><time>2026-07-29T09:18:05.073Z</time></trkpt><trkpt lat="46.15242" lon="4.41926333"><ele>705.0</ele><time>2026-07-29T09:18:06.073Z</time></trkpt><trkpt lat="46.152415" lon="4.419275"><ele>706.0</ele><time>2026-07-29T09:18:07.073Z</time></trkpt><trkpt lat="46.15240667" lon="4.41928667"><ele>706.0</ele><time>2026-07-29T09:18:08.073Z</time></trkpt><trkpt lat="46.1524" lon="4.41929833"><ele>706.0</ele><time>2026-07-29T09:18:09.074Z</time></trkpt><trkpt lat="46.15239167" lon="4.41930333"><ele>706.0</ele><time>2026-07-29T09:18:10.074Z</time></trkpt><trkpt lat="46.15238333" lon="4.419315"><ele>706.0</ele><time>2026-07-29T09:18:11.074Z</time></trkpt><trkpt lat="46.152375" lon="4.41932333"><ele>707.0</ele><time>2026-07-29T09:18:12.073Z</time></trkpt><trkpt lat="46.15236667" lon="4.41933667"><ele>707.0</ele><time>2026-07-29T09:18:13.073Z</time></trkpt><trkpt lat="46.15235833" lon="4.41934167"><ele>707.0</ele><time>2026-07-29T09:18:14.074Z</time></trkpt><trkpt lat="46.15235" lon="4.41935167"><ele>707.0</ele><time>2026-07-29T09:18:15.074Z</time></trkpt><trkpt lat="46.15234167" lon="4.41936333"><ele>707.0</ele><time>2026-07-29T09:18:16.073Z</time></trkpt><trkpt lat="46.152335" lon="4.41937333"><ele>707.0</ele><time>2026-07-29T09:18:17.073Z</time></trkpt><trkpt lat="46.15232667" lon="4.419385"><ele>707.0</ele><time>2026-07-29T09:18:18.074Z</time></trkpt><trkpt lat="46.15232" lon="4.41939667"><ele>707.0</ele><time>2026-07-29T09:18:19.074Z</time></trkpt><trkpt lat="46.152315" lon="4.41940833"><ele>707.0</ele><time>2026-07-29T09:18:20.074Z</time></trkpt><trkpt lat="46.15230833" lon="4.41942"><ele>707.0</ele><time>2026-07-29T09:18:21.073Z</time></trkpt><trkpt lat="46.152305" lon="4.41943333"><ele>707.0</ele><time>2026-07-29T09:18:22.073Z</time></trkpt><trkpt lat="46.1523" lon="4.419445"><ele>707.0</ele><time>2026-07-29T09:18:23.074Z</time></trkpt><trkpt lat="46.152295" lon="4.419455"><ele>708.0</ele><time>2026-07-29T09:18:24.073Z</time></trkpt><trkpt lat="46.15228833" lon="4.419465"><ele>708.0</ele><time>2026-07-29T09:18:25.073Z</time></trkpt><trkpt lat="46.15228167" lon="4.41947333"><ele>708.0</ele><time>2026-07-29T09:18:26.074Z</time></trkpt><trkpt lat="46.152275" lon="4.41948167"><ele>708.0</ele><time>2026-07-29T09:18:27.074Z</time></trkpt><trkpt lat="46.15227" lon="4.41949167"><ele>708.0</ele><time>2026-07-29T09:18:28.074Z</time></trkpt><trkpt lat="46.15226667" lon="4.4195"><ele>708.0</ele><time>2026-07-29T09:18:29.073Z</time></trkpt><trkpt lat="46.15226" lon="4.41950667"><ele>708.0</ele><time>2026-07-29T09:18:30.074Z</time></trkpt><trkpt lat="46.15225333" lon="4.41951667"><ele>708.0</ele><time>2026-07-29T09:18:31.074Z</time></trkpt><trkpt lat="46.15224833" lon="4.41952667"><ele>709.0</ele><time>2026-07-29T09:18:32.074Z</time></trkpt><trkpt lat="46.15224333" lon="4.41953833"><ele>709.0</ele><time>2026-07-29T09:18:33.074Z</time></trkpt><trkpt lat="46.15223833" lon="4.41954833"><ele>709.0</ele><time>2026-07-29T09:18:34.073Z</time></trkpt><trkpt lat="46.15223167" lon="4.419555"><ele>709.0</ele><time>2026-07-29T09:18:35.074Z</time></trkpt><trkpt lat="46.15222333" lon="4.41956167"><ele>709.0</ele><time>2026-07-29T09:18:36.074Z</time></trkpt><trkpt lat="46.152215" lon="4.41956833"><ele>710.0</ele><time>2026-07-29T09:18:37.073Z</time></trkpt><trkpt lat="46.15220833" lon="4.41957833"><ele>710.0</ele><time>2026-07-29T09:18:38.074Z</time></trkpt><trkpt lat="46.15220167" lon="4.41958667"><ele>710.0</ele><time>2026-07-29T09:18:39.073Z</time></trkpt><trkpt lat="46.1522" lon="4.41960333"><ele>711.0</ele><time>2026-07-29T09:18:40.074Z</time></trkpt><trkpt lat="46.152195" lon="4.41961333"><ele>711.0</ele><time>2026-07-29T09:18:41.073Z</time></trkpt><trkpt lat="46.15219167" lon="4.41962167"><ele>712.0</ele><time>2026-07-29T09:18:42.073Z</time></trkpt><trkpt lat="46.15218833" lon="4.41963"><ele>712.0</ele><time>2026-07-29T09:18:43.073Z</time></trkpt><trkpt lat="46.15218333" lon="4.41964167"><ele>713.0</ele><time>2026-07-29T09:18:44.073Z</time></trkpt><trkpt lat="46.15218167" lon="4.419655"><ele>713.0</ele><time>2026-07-29T09:18:45.074Z</time></trkpt><trkpt lat="46.15218167" lon="4.41966833"><ele>713.0</ele><time>2026-07-29T09:18:46.073Z</time></trkpt><trkpt lat="46.15217667" lon="4.41967833"><ele>714.0</ele><time>2026-07-29T09:18:47.073Z</time></trkpt><trkpt lat="46.15216833" lon="4.41968667"><ele>714.0</ele><time>2026-07-29T09:18:48.073Z</time></trkpt><trkpt lat="46.15216167" lon="4.419695"><ele>714.0</ele><time>2026-07-29T09:18:49.074Z</time></trkpt><trkpt lat="46.15215333" lon="4.4197"><ele>714.0</ele><time>2026-07-29T09:18:50.074Z</time></trkpt><trkpt lat="46.152135" lon="4.41969333"><ele>714.0</ele><time>2026-07-29T09:18:51.074Z</time></trkpt><trkpt lat="46.15213333" lon="4.4197"><ele>715.0</ele><time>2026-07-29T09:18:52.073Z</time></trkpt><trkpt lat="46.15212667" lon="4.41970667"><ele>715.0</ele><time>2026-07-29T09:18:53.073Z</time></trkpt><trkpt lat="46.15212167" lon="4.419715"><ele>715.0</ele><time>2026-07-29T09:18:54.074Z</time></trkpt><trkpt lat="46.15211333" lon="4.41972833"><ele>716.0</ele><time>2026-07-29T09:18:55.074Z</time></trkpt><trkpt lat="46.15210833" lon="4.41974"><ele>716.0</ele><time>2026-07-29T09:18:56.073Z</time></trkpt><trkpt lat="46.15210167" lon="4.41974667"><ele>717.0</ele><time>2026-07-29T09:18:57.074Z</time></trkpt><trkpt lat="46.15209333" lon="4.41975167"><ele>717.0</ele><time>2026-07-29T09:18:58.074Z</time></trkpt><trkpt lat="46.15208667" lon="4.41976333"><ele>718.0</ele><time>2026-07-29T09:18:59.073Z</time></trkpt><trkpt lat="46.152085" lon="4.41977667"><ele>718.0</ele><time>2026-07-29T09:19:00.074Z</time></trkpt><trkpt lat="46.15207833" lon="4.41978833"><ele>718.0</ele><time>2026-07-29T09:19:01.074Z</time></trkpt><trkpt lat="46.15207167" lon="4.41980167"><ele>719.0</ele><time>2026-07-29T09:19:02.073Z</time></trkpt><trkpt lat="46.152065" lon="4.41981167"><ele>719.0</ele><time>2026-07-29T09:19:03.073Z</time></trkpt><trkpt lat="46.15206167" lon="4.41982333"><ele>719.0</ele><time>2026-07-29T09:19:04.073Z</time></trkpt><trkpt lat="46.152055" lon="4.41983167"><ele>720.0</ele><time>2026-07-29T09:19:05.074Z</time></trkpt><trkpt lat="46.15204667" lon="4.41983833"><ele>720.0</ele><time>2026-07-29T09:19:06.074Z</time></trkpt><trkpt lat="46.15204167" lon="4.41984667"><ele>720.0</ele><time>2026-07-29T09:19:07.073Z</time></trkpt><trkpt lat="46.15203333" lon="4.41985333"><ele>721.0</ele><time>2026-07-29T09:19:08.073Z</time></trkpt><trkpt lat="46.15202833" lon="4.41986167"><ele>721.0</ele><time>2026-07-29T09:19:09.073Z</time></trkpt><trkpt lat="46.152025" lon="4.41987167"><ele>722.0</ele><time>2026-07-29T09:19:10.073Z</time></trkpt><trkpt lat="46.15201833" lon="4.41988"><ele>722.0</ele><time>2026-07-29T09:19:11.073Z</time></trkpt><trkpt lat="46.15201333" lon="4.41988667"><ele>723.0</ele><time>2026-07-29T09:19:12.074Z</time></trkpt><trkpt lat="46.15201" lon="4.41989667"><ele>723.0</ele><time>2026-07-29T09:19:13.074Z</time></trkpt><trkpt lat="46.15200667" lon="4.41990833"><ele>724.0</ele><time>2026-07-29T09:19:14.074Z</time></trkpt><trkpt lat="46.15200167" lon="4.41991833"><ele>725.0</ele><time>2026-07-29T09:19:15.074Z</time></trkpt><trkpt lat="46.15199833" lon="4.41992667"><ele>725.0</ele><time>2026-07-29T09:19:16.073Z</time></trkpt><trkpt lat="46.151995" lon="4.41993"><ele>726.0</ele><time>2026-07-29T09:19:17.073Z</time></trkpt><trkpt lat="46.15198667" lon="4.41992167"><ele>727.0</ele><time>2026-07-29T09:19:18.074Z</time></trkpt><trkpt lat="46.15198333" lon="4.41992333"><ele>728.0</ele><time>2026-07-29T09:19:19.073Z</time></trkpt><trkpt lat="46.15197667" lon="4.41993333"><ele>728.0</ele><time>2026-07-29T09:19:20.074Z</time></trkpt><trkpt lat="46.15197167" lon="4.419945"><ele>728.0</ele><time>2026-07-29T09:19:21.073Z</time></trkpt><trkpt lat="46.15196" lon="4.41995167"><ele>729.0</ele><time>2026-07-29T09:19:22.074Z</time></trkpt><trkpt lat="46.151955" lon="4.419955"><ele>729.0</ele><time>2026-07-29T09:19:23.074Z</time></trkpt><trkpt lat="46.15195" lon="4.41996167"><ele>729.0</ele><time>2026-07-29T09:19:24.073Z</time></trkpt><trkpt lat="46.15194167" lon="4.41996833"><ele>729.0</ele><time>2026-07-29T09:19:25.073Z</time></trkpt><trkpt lat="46.15193167" lon="4.419975"><ele>728.0</ele><time>2026-07-29T09:19:26.074Z</time></trkpt><trkpt lat="46.15192167" lon="4.41998333"><ele>728.0</ele><time>2026-07-29T09:19:27.073Z</time></trkpt><trkpt lat="46.15191667" lon="4.419995"><ele>728.0</ele><time>2026-07-29T09:19:28.073Z</time></trkpt><trkpt lat="46.15190833" lon="4.42000167"><ele>727.0</ele><time>2026-07-29T09:19:29.073Z</time></trkpt><trkpt lat="46.15190167" lon="4.42001333"><ele>727.0</ele><time>2026-07-29T09:19:30.074Z</time></trkpt><trkpt lat="46.15189667" lon="4.42002667"><ele>727.0</ele><time>2026-07-29T09:19:31.074Z</time></trkpt><trkpt lat="46.15188667" lon="4.42003333"><ele>728.0</ele><time>2026-07-29T09:19:32.074Z</time></trkpt><trkpt lat="46.15187167" lon="4.420035"><ele>728.0</ele><time>2026-07-29T09:19:33.073Z</time></trkpt><trkpt lat="46.15186333" lon="4.420045"><ele>728.0</ele><time>2026-07-29T09:19:34.073Z</time></trkpt><trkpt lat="46.15185833" lon="4.42006"><ele>728.0</ele><time>2026-07-29T09:19:35.073Z</time></trkpt><trkpt lat="46.15185" lon="4.42007"><ele>728.0</ele><time>2026-07-29T09:19:36.073Z</time></trkpt><trkpt lat="46.15184833" lon="4.42008167"><ele>728.0</ele><time>2026-07-29T09:19:37.073Z</time></trkpt><trkpt lat="46.15185333" lon="4.42009333"><ele>728.0</ele><time>2026-07-29T09:19:38.073Z</time></trkpt><trkpt lat="46.151855" lon="4.42011333"><ele>728.0</ele><time>2026-07-29T09:19:39.074Z</time></trkpt><trkpt lat="46.15185" lon="4.42012333"><ele>728.0</ele><time>2026-07-29T09:19:40.073Z</time></trkpt><trkpt lat="46.151845" lon="4.42012833"><ele>728.0</ele><time>2026-07-29T09:19:41.074Z</time></trkpt><trkpt lat="46.15184" lon="4.420135"><ele>728.0</ele><time>2026-07-29T09:19:42.073Z</time></trkpt><trkpt lat="46.15184333" lon="4.42015"><ele>728.0</ele><time>2026-07-29T09:19:43.073Z</time></trkpt><trkpt lat="46.15184167" lon="4.42016"><ele>728.0</ele><time>2026-07-29T09:19:44.074Z</time></trkpt><trkpt lat="46.151835" lon="4.420175"><ele>729.0</ele><time>2026-07-29T09:19:45.074Z</time></trkpt><trkpt lat="46.15182667" lon="4.42017667"><ele>729.0</ele><time>2026-07-29T09:19:46.074Z</time></trkpt><trkpt lat="46.15182333" lon="4.4202"><ele>729.0</ele><time>2026-07-29T09:19:47.074Z</time></trkpt><trkpt lat="46.15182333" lon="4.420215"><ele>729.0</ele><time>2026-07-29T09:19:48.074Z</time></trkpt><trkpt lat="46.15182" lon="4.42022833"><ele>729.0</ele><time>2026-07-29T09:19:49.073Z</time></trkpt><trkpt lat="46.15181667" lon="4.42023833"><ele>730.0</ele><time>2026-07-29T09:19:50.073Z</time></trkpt><trkpt lat="46.15181167" lon="4.42024667"><ele>730.0</ele><time>2026-07-29T09:19:51.074Z</time></trkpt><trkpt lat="46.151805" lon="4.42025167"><ele>730.0</ele><time>2026-07-29T09:19:52.073Z</time></trkpt><trkpt lat="46.15179833" lon="4.42025667"><ele>730.0</ele><time>2026-07-29T09:19:53.073Z</time></trkpt><trkpt lat="46.151795" lon="4.420265"><ele>730.0</ele><time>2026-07-29T09:19:54.074Z</time></trkpt><trkpt lat="46.15179167" lon="4.42027667"><ele>730.0</ele><time>2026-07-29T09:19:55.073Z</time></trkpt><trkpt lat="46.15178667" lon="4.42028667"><ele>730.0</ele><time>2026-07-29T09:19:56.074Z</time></trkpt><trkpt lat="46.15178" lon="4.420295"><ele>730.0</ele><time>2026-07-29T09:19:57.074Z</time></trkpt><trkpt lat="46.151775" lon="4.42030667"><ele>730.0</ele><time>2026-07-29T09:19:58.074Z</time></trkpt><trkpt lat="46.15177" lon="4.42031833"><ele>730.0</ele><time>2026-07-29T09:19:59.074Z</time></trkpt><trkpt lat="46.151765" lon="4.42033"><ele>730.0</ele><time>2026-07-29T09:20:00.074Z</time></trkpt><trkpt lat="46.15175833" lon="4.42034667"><ele>730.0</ele><time>2026-07-29T09:20:01.074Z</time></trkpt><trkpt lat="46.15175" lon="4.42036333"><ele>730.0</ele><time>2026-07-29T09:20:02.073Z</time></trkpt><trkpt lat="46.151745" lon="4.420375"><ele>730.0</ele><time>2026-07-29T09:20:03.073Z</time></trkpt><trkpt lat="46.15174" lon="4.42038833"><ele>730.0</ele><time>2026-07-29T09:20:04.074Z</time></trkpt><trkpt lat="46.15174" lon="4.42040167"><ele>730.0</ele><time>2026-07-29T09:20:05.074Z</time></trkpt><trkpt lat="46.15173667" lon="4.42041333"><ele>730.0</ele><time>2026-07-29T09:20:06.074Z</time></trkpt><trkpt lat="46.15173" lon="4.42042667"><ele>730.0</ele><time>2026-07-29T09:20:07.073Z</time></trkpt><trkpt lat="46.15172167" lon="4.42044"><ele>730.0</ele><time>2026-07-29T09:20:08.073Z</time></trkpt><trkpt lat="46.151715" lon="4.42045333"><ele>730.0</ele><time>2026-07-29T09:20:09.074Z</time></trkpt><trkpt lat="46.15171" lon="4.420465"><ele>730.0</ele><time>2026-07-29T09:20:10.073Z</time></trkpt><trkpt lat="46.15170167" lon="4.42047833"><ele>730.0</ele><time>2026-07-29T09:20:11.073Z</time></trkpt><trkpt lat="46.15169333" lon="4.42048833"><ele>730.0</ele><time>2026-07-29T09:20:12.073Z</time></trkpt><trkpt lat="46.15168667" lon="4.42049667"><ele>730.0</ele><time>2026-07-29T09:20:13.074Z</time></trkpt><trkpt lat="46.15168" lon="4.42050333"><ele>730.0</ele><time>2026-07-29T09:20:14.073Z</time></trkpt><trkpt lat="46.15167" lon="4.42051333"><ele>730.0</ele><time>2026-07-29T09:20:15.074Z</time></trkpt><trkpt lat="46.15166333" lon="4.42052333"><ele>730.0</ele><time>2026-07-29T09:20:16.073Z</time></trkpt><trkpt lat="46.15165667" lon="4.420535"><ele>731.0</ele><time>2026-07-29T09:20:17.074Z</time></trkpt><trkpt lat="46.15164833" lon="4.42054333"><ele>731.0</ele><time>2026-07-29T09:20:18.074Z</time></trkpt><trkpt lat="46.15164" lon="4.42054667"><ele>731.0</ele><time>2026-07-29T09:20:19.073Z</time></trkpt><trkpt lat="46.15163" lon="4.42055"><ele>731.0</ele><time>2026-07-29T09:20:20.073Z</time></trkpt><trkpt lat="46.15162333" lon="4.42056"><ele>731.0</ele><time>2026-07-29T09:20:21.074Z</time></trkpt><trkpt lat="46.151615" lon="4.42056833"><ele>732.0</ele><time>2026-07-29T09:20:22.073Z</time></trkpt><trkpt lat="46.15160833" lon="4.42057833"><ele>732.0</ele><time>2026-07-29T09:20:23.074Z</time></trkpt><trkpt lat="46.1516" lon="4.42058667"><ele>732.0</ele><time>2026-07-29T09:20:24.073Z</time></trkpt><trkpt lat="46.151595" lon="4.42059667"><ele>733.0</ele><time>2026-07-29T09:20:25.074Z</time></trkpt><trkpt lat="46.15158833" lon="4.42060667"><ele>733.0</ele><time>2026-07-29T09:20:26.074Z</time></trkpt><trkpt lat="46.15158333" lon="4.42061833"><ele>733.0</ele><time>2026-07-29T09:20:27.073Z</time></trkpt><trkpt lat="46.15157667" lon="4.42062833"><ele>733.0</ele><time>2026-07-29T09:20:28.074Z</time></trkpt><trkpt lat="46.15157" lon="4.42063667"><ele>733.0</ele><time>2026-07-29T09:20:29.074Z</time></trkpt><trkpt lat="46.15156167" lon="4.420645"><ele>733.0</ele><time>2026-07-29T09:20:30.074Z</time></trkpt><trkpt lat="46.15155833" lon="4.42065833"><ele>733.0</ele><time>2026-07-29T09:20:31.074Z</time></trkpt><trkpt lat="46.15155333" lon="4.42067167"><ele>733.0</ele><time>2026-07-29T09:20:32.074Z</time></trkpt><trkpt lat="46.15154833" lon="4.42068667"><ele>733.0</ele><time>2026-07-29T09:20:33.073Z</time></trkpt><trkpt lat="46.151545" lon="4.42069667"><ele>733.0</ele><time>2026-07-29T09:20:34.073Z</time></trkpt><trkpt lat="46.15154" lon="4.42070833"><ele>733.0</ele><time>2026-07-29T09:20:35.073Z</time></trkpt><trkpt lat="46.151535" lon="4.42071833"><ele>733.0</ele><time>2026-07-29T09:20:36.073Z</time></trkpt><trkpt lat="46.15152833" lon="4.42072833"><ele>733.0</ele><time>2026-07-29T09:20:37.074Z</time></trkpt><trkpt lat="46.151525" lon="4.42074333"><ele>734.0</ele><time>2026-07-29T09:20:38.073Z</time></trkpt><trkpt lat="46.15151833" lon="4.42075167"><ele>734.0</ele><time>2026-07-29T09:20:39.074Z</time></trkpt><trkpt lat="46.15151333" lon="4.420765"><ele>734.0</ele><time>2026-07-29T09:20:40.073Z</time></trkpt><trkpt lat="46.15150667" lon="4.42077667"><ele>735.0</ele><time>2026-07-29T09:20:41.073Z</time></trkpt><trkpt lat="46.1515" lon="4.420785"><ele>735.0</ele><time>2026-07-29T09:20:42.074Z</time></trkpt><trkpt lat="46.15149333" lon="4.42079667"><ele>735.0</ele><time>2026-07-29T09:20:43.073Z</time></trkpt><trkpt lat="46.15148833" lon="4.42081167"><ele>736.0</ele><time>2026-07-29T09:20:44.073Z</time></trkpt><trkpt lat="46.15148167" lon="4.42082333"><ele>736.0</ele><time>2026-07-29T09:20:45.074Z</time></trkpt><trkpt lat="46.15147333" lon="4.420835"><ele>736.0</ele><time>2026-07-29T09:20:46.073Z</time></trkpt><trkpt lat="46.15146833" lon="4.42084833"><ele>736.0</ele><time>2026-07-29T09:20:47.074Z</time></trkpt><trkpt lat="46.15146167" lon="4.42086167"><ele>736.0</ele><time>2026-07-29T09:20:48.073Z</time></trkpt><trkpt lat="46.15145667" lon="4.420875"><ele>736.0</ele><time>2026-07-29T09:20:49.073Z</time></trkpt><trkpt lat="46.15145167" lon="4.42088833"><ele>736.0</ele><time>2026-07-29T09:20:50.074Z</time></trkpt><trkpt lat="46.151445" lon="4.42089833"><ele>737.0</ele><time>2026-07-29T09:20:51.073Z</time></trkpt><trkpt lat="46.15144" lon="4.42091667"><ele>737.0</ele><time>2026-07-29T09:20:52.074Z</time></trkpt><trkpt lat="46.15143667" lon="4.42093667"><ele>738.0</ele><time>2026-07-29T09:20:53.073Z</time></trkpt><trkpt lat="46.15143" lon="4.42095667"><ele>739.0</ele><time>2026-07-29T09:20:54.073Z</time></trkpt><trkpt lat="46.15142833" lon="4.420975"><ele>739.0</ele><time>2026-07-29T09:20:55.073Z</time></trkpt><trkpt lat="46.15142167" lon="4.42099"><ele>739.0</ele><time>2026-07-29T09:20:56.073Z</time></trkpt><trkpt lat="46.15141667" lon="4.42100333"><ele>740.0</ele><time>2026-07-29T09:20:57.074Z</time></trkpt><trkpt lat="46.15141167" lon="4.42102167"><ele>740.0</ele><time>2026-07-29T09:20:58.074Z</time></trkpt><trkpt lat="46.15140667" lon="4.421035"><ele>741.0</ele><time>2026-07-29T09:20:59.074Z</time></trkpt><trkpt lat="46.15140333" lon="4.42104667"><ele>741.0</ele><time>2026-07-29T09:21:00.074Z</time></trkpt><trkpt lat="46.15139667" lon="4.42106167"><ele>741.0</ele><time>2026-07-29T09:21:01.073Z</time></trkpt><trkpt lat="46.15139" lon="4.42108"><ele>741.0</ele><time>2026-07-29T09:21:02.073Z</time></trkpt><trkpt lat="46.15138333" lon="4.42109167"><ele>741.0</ele><time>2026-07-29T09:21:03.074Z</time></trkpt><trkpt lat="46.15137667" lon="4.42110333"><ele>741.0</ele><time>2026-07-29T09:21:04.073Z</time></trkpt><trkpt lat="46.15137" lon="4.42111667"><ele>741.0</ele><time>2026-07-29T09:21:05.073Z</time></trkpt><trkpt lat="46.15136333" lon="4.42113"><ele>741.0</ele><time>2026-07-29T09:21:06.074Z</time></trkpt><trkpt lat="46.151355" lon="4.42114333"><ele>740.0</ele><time>2026-07-29T09:21:07.073Z</time></trkpt><trkpt lat="46.15134667" lon="4.42115833"><ele>740.0</ele><time>2026-07-29T09:21:08.073Z</time></trkpt><trkpt lat="46.15133833" lon="4.42117333"><ele>740.0</ele><time>2026-07-29T09:21:09.074Z</time></trkpt><trkpt lat="46.15132833" lon="4.42118667"><ele>740.0</ele><time>2026-07-29T09:21:10.073Z</time></trkpt><trkpt lat="46.15132" lon="4.4212"><ele>740.0</ele><time>2026-07-29T09:21:11.073Z</time></trkpt><trkpt lat="46.151315" lon="4.42122"><ele>740.0</ele><time>2026-07-29T09:21:12.073Z</time></trkpt><trkpt lat="46.15131" lon="4.42123167"><ele>740.0</ele><time>2026-07-29T09:21:13.073Z</time></trkpt><trkpt lat="46.15130167" lon="4.42124833"><ele>740.0</ele><time>2026-07-29T09:21:14.073Z</time></trkpt><trkpt lat="46.15129167" lon="4.42126167"><ele>740.0</ele><time>2026-07-29T09:21:15.073Z</time></trkpt><trkpt lat="46.15128167" lon="4.42127"><ele>741.0</ele><time>2026-07-29T09:21:16.073Z</time></trkpt><trkpt lat="46.15126833" lon="4.42127667"><ele>741.0</ele><time>2026-07-29T09:21:17.073Z</time></trkpt><trkpt lat="46.151255" lon="4.42128667"><ele>741.0</ele><time>2026-07-29T09:21:18.073Z</time></trkpt><trkpt lat="46.15123667" lon="4.42129167"><ele>742.0</ele><time>2026-07-29T09:21:19.073Z</time></trkpt><trkpt lat="46.15122333" lon="4.42130167"><ele>742.0</ele><time>2026-07-29T09:21:20.073Z</time></trkpt><trkpt lat="46.151215" lon="4.42131833"><ele>742.0</ele><time>2026-07-29T09:21:21.074Z</time></trkpt><trkpt lat="46.151205" lon="4.42133"><ele>742.0</ele><time>2026-07-29T09:21:22.073Z</time></trkpt><trkpt lat="46.151195" lon="4.42134333"><ele>742.0</ele><time>2026-07-29T09:21:23.074Z</time></trkpt><trkpt lat="46.15118667" lon="4.42135667"><ele>743.0</ele><time>2026-07-29T09:21:24.073Z</time></trkpt><trkpt lat="46.15117833" lon="4.42137167"><ele>743.0</ele><time>2026-07-29T09:21:25.073Z</time></trkpt><trkpt lat="46.15117" lon="4.421385"><ele>743.0</ele><time>2026-07-29T09:21:26.073Z</time></trkpt><trkpt lat="46.15116167" lon="4.42139833"><ele>743.0</ele><time>2026-07-29T09:21:27.073Z</time></trkpt><trkpt lat="46.15115333" lon="4.42141333"><ele>744.0</ele><time>2026-07-29T09:21:28.073Z</time></trkpt><trkpt lat="46.15114333" lon="4.42142667"><ele>744.0</ele><time>2026-07-29T09:21:29.073Z</time></trkpt><trkpt lat="46.15113833" lon="4.421445"><ele>744.0</ele><time>2026-07-29T09:21:30.074Z</time></trkpt><trkpt lat="46.15112833" lon="4.42145667"><ele>744.0</ele><time>2026-07-29T09:21:31.073Z</time></trkpt><trkpt lat="46.15111833" lon="4.42147333"><ele>744.0</ele><time>2026-07-29T09:21:32.073Z</time></trkpt><trkpt lat="46.15110667" lon="4.42149"><ele>744.0</ele><time>2026-07-29T09:21:33.073Z</time></trkpt><trkpt lat="46.15111167" lon="4.42151667"><ele>744.0</ele><time>2026-07-29T09:21:34.074Z</time></trkpt><trkpt lat="46.15110667" lon="4.42153833"><ele>744.0</ele><time>2026-07-29T09:21:35.073Z</time></trkpt><trkpt lat="46.151095" lon="4.42155333"><ele>744.0</ele><time>2026-07-29T09:21:36.073Z</time></trkpt><trkpt lat="46.151085" lon="4.42157167"><ele>744.0</ele><time>2026-07-29T09:21:37.073Z</time></trkpt><trkpt lat="46.15107667" lon="4.42159167"><ele>744.0</ele><time>2026-07-29T09:21:38.074Z</time></trkpt><trkpt lat="46.15106667" lon="4.42160833"><ele>745.0</ele><time>2026-07-29T09:21:39.074Z</time></trkpt><trkpt lat="46.15105833" lon="4.421625"><ele>745.0</ele><time>2026-07-29T09:21:40.073Z</time></trkpt><trkpt lat="46.15105333" lon="4.42165"><ele>745.0</ele><time>2026-07-29T09:21:41.073Z</time></trkpt><trkpt lat="46.15103833" lon="4.42166833"><ele>746.0</ele><time>2026-07-29T09:21:42.073Z</time></trkpt><trkpt lat="46.15102167" lon="4.421685"><ele>746.0</ele><time>2026-07-29T09:21:43.074Z</time></trkpt><trkpt lat="46.15101" lon="4.42170167"><ele>747.0</ele><time>2026-07-29T09:21:44.073Z</time></trkpt><trkpt lat="46.15101" lon="4.42173"><ele>747.0</ele><time>2026-07-29T09:21:45.073Z</time></trkpt><trkpt lat="46.151015" lon="4.42175"><ele>748.0</ele><time>2026-07-29T09:21:46.073Z</time></trkpt><trkpt lat="46.15101833" lon="4.42177"><ele>748.0</ele><time>2026-07-29T09:21:47.074Z</time></trkpt><trkpt lat="46.15101833" lon="4.42179"><ele>748.0</ele><time>2026-07-29T09:21:48.074Z</time></trkpt><trkpt lat="46.15101833" lon="4.42181"><ele>748.0</ele><time>2026-07-29T09:21:49.074Z</time></trkpt><trkpt lat="46.15101333" lon="4.42182333"><ele>749.0</ele><time>2026-07-29T09:21:50.074Z</time></trkpt><trkpt lat="46.15101167" lon="4.421845"><ele>749.0</ele><time>2026-07-29T09:21:51.074Z</time></trkpt><trkpt lat="46.15101" lon="4.42186167"><ele>749.0</ele><time>2026-07-29T09:21:52.073Z</time></trkpt><trkpt lat="46.15100167" lon="4.42188"><ele>749.0</ele><time>2026-07-29T09:21:53.073Z</time></trkpt><trkpt lat="46.150995" lon="4.42189833"><ele>748.0</ele><time>2026-07-29T09:21:54.073Z</time></trkpt><trkpt lat="46.15098833" lon="4.42191167"><ele>748.0</ele><time>2026-07-29T09:21:55.073Z</time></trkpt><trkpt lat="46.15098167" lon="4.42192"><ele>748.0</ele><time>2026-07-29T09:21:56.074Z</time></trkpt><trkpt lat="46.15096167" lon="4.42192667"><ele>747.0</ele><time>2026-07-29T09:21:57.074Z</time></trkpt><trkpt lat="46.15094333" lon="4.42194333"><ele>747.0</ele><time>2026-07-29T09:21:58.074Z</time></trkpt><trkpt lat="46.15092833" lon="4.42195333"><ele>746.0</ele><time>2026-07-29T09:21:59.074Z</time></trkpt><trkpt lat="46.15091667" lon="4.42197"><ele>746.0</ele><time>2026-07-29T09:22:00.073Z</time></trkpt><trkpt lat="46.15091" lon="4.42199333"><ele>745.0</ele><time>2026-07-29T09:22:01.073Z</time></trkpt><trkpt lat="46.15090167" lon="4.42200667"><ele>745.0</ele><time>2026-07-29T09:22:02.074Z</time></trkpt><trkpt lat="46.15089333" lon="4.42202833"><ele>744.0</ele><time>2026-07-29T09:22:03.074Z</time></trkpt><trkpt lat="46.15088667" lon="4.42204667"><ele>744.0</ele><time>2026-07-29T09:22:04.074Z</time></trkpt><trkpt lat="46.15088333" lon="4.42206667"><ele>744.0</ele><time>2026-07-29T09:22:05.073Z</time></trkpt><trkpt lat="46.15087333" lon="4.42208333"><ele>743.0</ele><time>2026-07-29T09:22:06.073Z</time></trkpt><trkpt lat="46.15085833" lon="4.422105"><ele>743.0</ele><time>2026-07-29T09:22:07.074Z</time></trkpt><trkpt lat="46.15084" lon="4.42211833"><ele>742.0</ele><time>2026-07-29T09:22:08.074Z</time></trkpt><trkpt lat="46.15081667" lon="4.422135"><ele>741.0</ele><time>2026-07-29T09:22:09.074Z</time></trkpt><trkpt lat="46.1508" lon="4.42215167"><ele>741.0</ele><time>2026-07-29T09:22:10.073Z</time></trkpt><trkpt lat="46.15078167" lon="4.42216667"><ele>740.0</ele><time>2026-07-29T09:22:11.073Z</time></trkpt><trkpt lat="46.15076333" lon="4.42217667"><ele>740.0</ele><time>2026-07-29T09:22:12.074Z</time></trkpt><trkpt lat="46.15075167" lon="4.42219333"><ele>739.0</ele><time>2026-07-29T09:22:13.073Z</time></trkpt><trkpt lat="46.15074333" lon="4.422215"><ele>738.0</ele><time>2026-07-29T09:22:14.074Z</time></trkpt><trkpt lat="46.15073667" lon="4.42223"><ele>738.0</ele><time>2026-07-29T09:22:15.074Z</time></trkpt><trkpt lat="46.15073" lon="4.42225667"><ele>738.0</ele><time>2026-07-29T09:22:16.073Z</time></trkpt><trkpt lat="46.15071833" lon="4.42227667"><ele>737.0</ele><time>2026-07-29T09:22:17.074Z</time></trkpt><trkpt lat="46.15070833" lon="4.422295"><ele>737.0</ele><time>2026-07-29T09:22:18.074Z</time></trkpt><trkpt lat="46.15069" lon="4.42231167"><ele>737.0</ele><time>2026-07-29T09:22:19.074Z</time></trkpt><trkpt lat="46.15067" lon="4.42232833"><ele>737.0</ele><time>2026-07-29T09:22:20.073Z</time></trkpt><trkpt lat="46.15065667" lon="4.42234167"><ele>736.0</ele><time>2026-07-29T09:22:21.073Z</time></trkpt><trkpt lat="46.15063667" lon="4.42235167"><ele>736.0</ele><time>2026-07-29T09:22:22.074Z</time></trkpt><trkpt lat="46.15062667" lon="4.42236333"><ele>735.0</ele><time>2026-07-29T09:22:23.074Z</time></trkpt><trkpt lat="46.15061833" lon="4.42238"><ele>735.0</ele><time>2026-07-29T09:22:24.073Z</time></trkpt><trkpt lat="46.15060667" lon="4.42239833"><ele>735.0</ele><time>2026-07-29T09:22:25.074Z</time></trkpt><trkpt lat="46.1506" lon="4.42241333"><ele>735.0</ele><time>2026-07-29T09:22:26.073Z</time></trkpt><trkpt lat="46.15058667" lon="4.422425"><ele>735.0</ele><time>2026-07-29T09:22:27.073Z</time></trkpt><trkpt lat="46.15057833" lon="4.42244167"><ele>734.0</ele><time>2026-07-29T09:22:28.073Z</time></trkpt><trkpt lat="46.15056333" lon="4.42246"><ele>734.0</ele><time>2026-07-29T09:22:29.074Z</time></trkpt><trkpt lat="46.15055167" lon="4.42248333"><ele>734.0</ele><time>2026-07-29T09:22:30.073Z</time></trkpt><trkpt lat="46.15054333" lon="4.42250333"><ele>734.0</ele><time>2026-07-29T09:22:31.073Z</time></trkpt><trkpt lat="46.15053333" lon="4.42252167"><ele>733.0</ele><time>2026-07-29T09:22:32.073Z</time></trkpt><trkpt lat="46.15052667" lon="4.42254"><ele>733.0</ele><time>2026-07-29T09:22:33.073Z</time></trkpt><trkpt lat="46.15051667" lon="4.422565"><ele>733.0</ele><time>2026-07-29T09:22:34.074Z</time></trkpt><trkpt lat="46.15050667" lon="4.422585"><ele>733.0</ele><time>2026-07-29T09:22:35.074Z</time></trkpt><trkpt lat="46.15050167" lon="4.42260167"><ele>732.0</ele><time>2026-07-29T09:22:36.074Z</time></trkpt><trkpt lat="46.15049667" lon="4.422625"><ele>732.0</ele><time>2026-07-29T09:22:37.073Z</time></trkpt><trkpt lat="46.15049167" lon="4.42264833"><ele>732.0</ele><time>2026-07-29T09:22:38.074Z</time></trkpt><trkpt lat="46.15047833" lon="4.42266667"><ele>731.0</ele><time>2026-07-29T09:22:39.073Z</time></trkpt><trkpt lat="46.15046667" lon="4.42269667"><ele>731.0</ele><time>2026-07-29T09:22:40.073Z</time></trkpt><trkpt lat="46.150455" lon="4.42272"><ele>731.0</ele><time>2026-07-29T09:22:41.074Z</time></trkpt><trkpt lat="46.15045" lon="4.42273667"><ele>731.0</ele><time>2026-07-29T09:22:42.073Z</time></trkpt><trkpt lat="46.15044167" lon="4.42275"><ele>731.0</ele><time>2026-07-29T09:22:43.073Z</time></trkpt><trkpt lat="46.150435" lon="4.42276833"><ele>731.0</ele><time>2026-07-29T09:22:44.073Z</time></trkpt><trkpt lat="46.150425" lon="4.42278333"><ele>731.0</ele><time>2026-07-29T09:22:45.073Z</time></trkpt><trkpt lat="46.150415" lon="4.4228"><ele>731.0</ele><time>2026-07-29T09:22:46.074Z</time></trkpt><trkpt lat="46.150405" lon="4.42281167"><ele>731.0</ele><time>2026-07-29T09:22:47.074Z</time></trkpt><trkpt lat="46.15039833" lon="4.42282667"><ele>731.0</ele><time>2026-07-29T09:22:48.073Z</time></trkpt><trkpt lat="46.15039333" lon="4.42284333"><ele>732.0</ele><time>2026-07-29T09:22:49.073Z</time></trkpt><trkpt lat="46.15039" lon="4.42286"><ele>732.0</ele><time>2026-07-29T09:22:50.073Z</time></trkpt><trkpt lat="46.15039" lon="4.42288333"><ele>732.0</ele><time>2026-07-29T09:22:51.074Z</time></trkpt><trkpt lat="46.15039" lon="4.422905"><ele>732.0</ele><time>2026-07-29T09:22:52.073Z</time></trkpt><trkpt lat="46.15038833" lon="4.42292667"><ele>732.0</ele><time>2026-07-29T09:22:53.073Z</time></trkpt><trkpt lat="46.150385" lon="4.42294667"><ele>731.0</ele><time>2026-07-29T09:22:54.073Z</time></trkpt><trkpt lat="46.15038333" lon="4.42297"><ele>731.0</ele><time>2026-07-29T09:22:55.073Z</time></trkpt><trkpt lat="46.150385" lon="4.422995"><ele>731.0</ele><time>2026-07-29T09:22:56.073Z</time></trkpt><trkpt lat="46.150385" lon="4.42301833"><ele>730.0</ele><time>2026-07-29T09:22:57.074Z</time></trkpt><trkpt lat="46.15038667" lon="4.42304333"><ele>730.0</ele><time>2026-07-29T09:22:58.074Z</time></trkpt><trkpt lat="46.15038833" lon="4.42306667"><ele>730.0</ele><time>2026-07-29T09:22:59.074Z</time></trkpt><trkpt lat="46.15039" lon="4.42309"><ele>730.0</ele><time>2026-07-29T09:23:00.074Z</time></trkpt><trkpt lat="46.15039167" lon="4.42311"><ele>730.0</ele><time>2026-07-29T09:23:01.073Z</time></trkpt><trkpt lat="46.15039333" lon="4.42313"><ele>730.0</ele><time>2026-07-29T09:23:02.074Z</time></trkpt><trkpt lat="46.15039333" lon="4.42315167"><ele>730.0</ele><time>2026-07-29T09:23:03.074Z</time></trkpt><trkpt lat="46.15039167" lon="4.42317333"><ele>730.0</ele><time>2026-07-29T09:23:04.073Z</time></trkpt><trkpt lat="46.15039167" lon="4.423195"><ele>730.0</ele><time>2026-07-29T09:23:05.074Z</time></trkpt><trkpt lat="46.15039167" lon="4.42321667"><ele>730.0</ele><time>2026-07-29T09:23:06.074Z</time></trkpt><trkpt lat="46.15039" lon="4.42323833"><ele>729.0</ele><time>2026-07-29T09:23:07.073Z</time></trkpt><trkpt lat="46.15038667" lon="4.42325667"><ele>729.0</ele><time>2026-07-29T09:23:08.074Z</time></trkpt><trkpt lat="46.15038333" lon="4.423275"><ele>729.0</ele><time>2026-07-29T09:23:09.074Z</time></trkpt><trkpt lat="46.15038" lon="4.42329333"><ele>728.0</ele><time>2026-07-29T09:23:10.073Z</time></trkpt><trkpt lat="46.15037667" lon="4.42331167"><ele>728.0</ele><time>2026-07-29T09:23:11.073Z</time></trkpt><trkpt lat="46.150375" lon="4.42333333"><ele>728.0</ele><time>2026-07-29T09:23:12.073Z</time></trkpt><trkpt lat="46.15037333" lon="4.42335333"><ele>727.0</ele><time>2026-07-29T09:23:13.073Z</time></trkpt><trkpt lat="46.15037167" lon="4.42337333"><ele>727.0</ele><time>2026-07-29T09:23:14.073Z</time></trkpt><trkpt lat="46.15037167" lon="4.42339333"><ele>727.0</ele><time>2026-07-29T09:23:15.074Z</time></trkpt><trkpt lat="46.15037167" lon="4.42341667"><ele>727.0</ele><time>2026-07-29T09:23:16.074Z</time></trkpt><trkpt lat="46.15036667" lon="4.42343833"><ele>727.0</ele><time>2026-07-29T09:23:17.074Z</time></trkpt><trkpt lat="46.15036333" lon="4.42345833"><ele>727.0</ele><time>2026-07-29T09:23:18.073Z</time></trkpt><trkpt lat="46.15035833" lon="4.42347833"><ele>727.0</ele><time>2026-07-29T09:23:19.073Z</time></trkpt><trkpt lat="46.15035167" lon="4.42349833"><ele>727.0</ele><time>2026-07-29T09:23:20.074Z</time></trkpt><trkpt lat="46.15034667" lon="4.42351833"><ele>727.0</ele><time>2026-07-29T09:23:21.073Z</time></trkpt><trkpt lat="46.15034167" lon="4.42353833"><ele>727.0</ele><time>2026-07-29T09:23:22.074Z</time></trkpt><trkpt lat="46.15033833" lon="4.42356"><ele>727.0</ele><time>2026-07-29T09:23:23.073Z</time></trkpt><trkpt lat="46.15033167" lon="4.42358"><ele>727.0</ele><time>2026-07-29T09:23:24.074Z</time></trkpt><trkpt lat="46.15032333" lon="4.42359667"><ele>727.0</ele><time>2026-07-29T09:23:25.074Z</time></trkpt><trkpt lat="46.15031667" lon="4.42361333"><ele>728.0</ele><time>2026-07-29T09:23:26.074Z</time></trkpt><trkpt lat="46.15030667" lon="4.42363667"><ele>728.0</ele><time>2026-07-29T09:23:27.073Z</time></trkpt><trkpt lat="46.1503" lon="4.42365333"><ele>728.0</ele><time>2026-07-29T09:23:28.074Z</time></trkpt><trkpt lat="46.15028833" lon="4.42367"><ele>728.0</ele><time>2026-07-29T09:23:29.073Z</time></trkpt><trkpt lat="46.15027333" lon="4.42368667"><ele>728.0</ele><time>2026-07-29T09:23:30.074Z</time></trkpt><trkpt lat="46.15025667" lon="4.42369333"><ele>727.0</ele><time>2026-07-29T09:23:31.073Z</time></trkpt><trkpt lat="46.15024" lon="4.423715"><ele>727.0</ele><time>2026-07-29T09:23:32.073Z</time></trkpt><trkpt lat="46.15023667" lon="4.42373167"><ele>727.0</ele><time>2026-07-29T09:23:33.074Z</time></trkpt><trkpt lat="46.15024" lon="4.42375167"><ele>727.0</ele><time>2026-07-29T09:23:34.074Z</time></trkpt><trkpt lat="46.15024167" lon="4.42376667"><ele>727.0</ele><time>2026-07-29T09:23:35.073Z</time></trkpt><trkpt lat="46.15023667" lon="4.42378833"><ele>727.0</ele><time>2026-07-29T09:23:36.073Z</time></trkpt><trkpt lat="46.15023" lon="4.42380833"><ele>726.0</ele><time>2026-07-29T09:23:37.073Z</time></trkpt><trkpt lat="46.15022333" lon="4.42382833"><ele>726.0</ele><time>2026-07-29T09:23:38.073Z</time></trkpt><trkpt lat="46.15021667" lon="4.42384833"><ele>726.0</ele><time>2026-07-29T09:23:39.074Z</time></trkpt><trkpt lat="46.15021" lon="4.42386833"><ele>726.0</ele><time>2026-07-29T09:23:40.074Z</time></trkpt><trkpt lat="46.15020167" lon="4.423885"><ele>726.0</ele><time>2026-07-29T09:23:41.074Z</time></trkpt><trkpt lat="46.15019333" lon="4.4239"><ele>726.0</ele><time>2026-07-29T09:23:42.073Z</time></trkpt><trkpt lat="46.15019" lon="4.42391833"><ele>725.0</ele><time>2026-07-29T09:23:43.074Z</time></trkpt><trkpt lat="46.15019" lon="4.42393333"><ele>725.0</ele><time>2026-07-29T09:23:44.074Z</time></trkpt><trkpt lat="46.15018333" lon="4.42395"><ele>725.0</ele><time>2026-07-29T09:23:45.073Z</time></trkpt><trkpt lat="46.15017667" lon="4.42396667"><ele>725.0</ele><time>2026-07-29T09:23:46.073Z</time></trkpt><trkpt lat="46.15016833" lon="4.423985"><ele>725.0</ele><time>2026-07-29T09:23:47.073Z</time></trkpt><trkpt lat="46.15016167" lon="4.42400333"><ele>724.0</ele><time>2026-07-29T09:23:48.073Z</time></trkpt><trkpt lat="46.150155" lon="4.42402333"><ele>724.0</ele><time>2026-07-29T09:23:49.073Z</time></trkpt><trkpt lat="46.15015167" lon="4.424045"><ele>724.0</ele><time>2026-07-29T09:23:50.073Z</time></trkpt><trkpt lat="46.15014667" lon="4.42406833"><ele>724.0</ele><time>2026-07-29T09:23:51.074Z</time></trkpt><trkpt lat="46.15014167" lon="4.42408667"><ele>724.0</ele><time>2026-07-29T09:23:52.074Z</time></trkpt><trkpt lat="46.15013333" lon="4.42411333"><ele>724.0</ele><time>2026-07-29T09:23:53.074Z</time></trkpt><trkpt lat="46.15012667" lon="4.42413167"><ele>724.0</ele><time>2026-07-29T09:23:54.073Z</time></trkpt><trkpt lat="46.15011833" lon="4.42414833"><ele>724.0</ele><time>2026-07-29T09:23:55.074Z</time></trkpt><trkpt lat="46.15010667" lon="4.42416333"><ele>723.0</ele><time>2026-07-29T09:23:56.074Z</time></trkpt><trkpt lat="46.1501" lon="4.42418167"><ele>723.0</ele><time>2026-07-29T09:23:57.074Z</time></trkpt><trkpt lat="46.15009" lon="4.42419667"><ele>723.0</ele><time>2026-07-29T09:23:58.073Z</time></trkpt><trkpt lat="46.15008333" lon="4.42421"><ele>723.0</ele><time>2026-07-29T09:23:59.074Z</time></trkpt><trkpt lat="46.15007667" lon="4.42422667"><ele>722.0</ele><time>2026-07-29T09:24:00.074Z</time></trkpt><trkpt lat="46.15007" lon="4.424245"><ele>722.0</ele><time>2026-07-29T09:24:01.073Z</time></trkpt><trkpt lat="46.15006333" lon="4.42426333"><ele>722.0</ele><time>2026-07-29T09:24:02.073Z</time></trkpt><trkpt lat="46.15005833" lon="4.42428333"><ele>722.0</ele><time>2026-07-29T09:24:03.073Z</time></trkpt><trkpt lat="46.15004667" lon="4.42430167"><ele>722.0</ele><time>2026-07-29T09:24:04.073Z</time></trkpt><trkpt lat="46.15003667" lon="4.42432167"><ele>722.0</ele><time>2026-07-29T09:24:05.074Z</time></trkpt><trkpt lat="46.15002667" lon="4.42433833"><ele>722.0</ele><time>2026-07-29T09:24:06.073Z</time></trkpt><trkpt lat="46.15001833" lon="4.42435333"><ele>722.0</ele><time>2026-07-29T09:24:07.073Z</time></trkpt><trkpt lat="46.15001167" lon="4.42437167"><ele>721.0</ele><time>2026-07-29T09:24:08.074Z</time></trkpt><trkpt lat="46.15000167" lon="4.42439"><ele>721.0</ele><time>2026-07-29T09:24:09.074Z</time></trkpt><trkpt lat="46.14999" lon="4.42440333"><ele>721.0</ele><time>2026-07-29T09:24:10.074Z</time></trkpt><trkpt lat="46.14998333" lon="4.42441833"><ele>721.0</ele><time>2026-07-29T09:24:11.074Z</time></trkpt><trkpt lat="46.14997333" lon="4.42444"><ele>722.0</ele><time>2026-07-29T09:24:12.073Z</time></trkpt><trkpt lat="46.149965" lon="4.42445833"><ele>722.0</ele><time>2026-07-29T09:24:13.074Z</time></trkpt><trkpt lat="46.14995667" lon="4.42447333"><ele>722.0</ele><time>2026-07-29T09:24:14.074Z</time></trkpt><trkpt lat="46.14994833" lon="4.42448667"><ele>722.0</ele><time>2026-07-29T09:24:15.074Z</time></trkpt><trkpt lat="46.14993833" lon="4.42450167"><ele>722.0</ele><time>2026-07-29T09:24:16.073Z</time></trkpt><trkpt lat="46.14993" lon="4.42451833"><ele>722.0</ele><time>2026-07-29T09:24:17.073Z</time></trkpt><trkpt lat="46.14992167" lon="4.42453333"><ele>722.0</ele><time>2026-07-29T09:24:18.073Z</time></trkpt><trkpt lat="46.14991167" lon="4.42454833"><ele>722.0</ele><time>2026-07-29T09:24:19.074Z</time></trkpt><trkpt lat="46.14989833" lon="4.42456167"><ele>722.0</ele><time>2026-07-29T09:24:20.073Z</time></trkpt><trkpt lat="46.14988667" lon="4.424575"><ele>722.0</ele><time>2026-07-29T09:24:21.073Z</time></trkpt><trkpt lat="46.14987333" lon="4.42458667"><ele>722.0</ele><time>2026-07-29T09:24:22.074Z</time></trkpt><trkpt lat="46.14985833" lon="4.42459833"><ele>722.0</ele><time>2026-07-29T09:24:23.073Z</time></trkpt><trkpt lat="46.14984333" lon="4.42461167"><ele>722.0</ele><time>2026-07-29T09:24:24.074Z</time></trkpt><trkpt lat="46.14983167" lon="4.424625"><ele>722.0</ele><time>2026-07-29T09:24:25.073Z</time></trkpt><trkpt lat="46.14982167" lon="4.42463833"><ele>722.0</ele><time>2026-07-29T09:24:26.073Z</time></trkpt><trkpt lat="46.14980833" lon="4.42465167"><ele>722.0</ele><time>2026-07-29T09:24:27.074Z</time></trkpt><trkpt lat="46.1498" lon="4.424665"><ele>722.0</ele><time>2026-07-29T09:24:28.074Z</time></trkpt><trkpt lat="46.14979333" lon="4.42468667"><ele>722.0</ele><time>2026-07-29T09:24:29.074Z</time></trkpt><trkpt lat="46.14978667" lon="4.42470167"><ele>722.0</ele><time>2026-07-29T09:24:30.074Z</time></trkpt><trkpt lat="46.14978" lon="4.42471833"><ele>723.0</ele><time>2026-07-29T09:24:31.073Z</time></trkpt><trkpt lat="46.14977333" lon="4.424735"><ele>723.0</ele><time>2026-07-29T09:24:32.073Z</time></trkpt><trkpt lat="46.149765" lon="4.42475"><ele>723.0</ele><time>2026-07-29T09:24:33.073Z</time></trkpt><trkpt lat="46.14975833" lon="4.42476667"><ele>723.0</ele><time>2026-07-29T09:24:34.074Z</time></trkpt><trkpt lat="46.14974833" lon="4.42477833"><ele>722.0</ele><time>2026-07-29T09:24:35.073Z</time></trkpt><trkpt lat="46.14974167" lon="4.42479167"><ele>722.0</ele><time>2026-07-29T09:24:36.073Z</time></trkpt><trkpt lat="46.14973667" lon="4.424805"><ele>722.0</ele><time>2026-07-29T09:24:37.073Z</time></trkpt><trkpt lat="46.14973167" lon="4.42483"><ele>722.0</ele><time>2026-07-29T09:24:38.074Z</time></trkpt><trkpt lat="46.14972667" lon="4.42485333"><ele>722.0</ele><time>2026-07-29T09:24:39.073Z</time></trkpt><trkpt lat="46.14972333" lon="4.42487667"><ele>722.0</ele><time>2026-07-29T09:24:40.074Z</time></trkpt><trkpt lat="46.149715" lon="4.42489667"><ele>722.0</ele><time>2026-07-29T09:24:41.074Z</time></trkpt><trkpt lat="46.14970167" lon="4.42491333"><ele>722.0</ele><time>2026-07-29T09:24:42.073Z</time></trkpt><trkpt lat="46.14969" lon="4.42493667"><ele>722.0</ele><time>2026-07-29T09:24:43.074Z</time></trkpt><trkpt lat="46.14967833" lon="4.42496"><ele>722.0</ele><time>2026-07-29T09:24:44.074Z</time></trkpt><trkpt lat="46.14965833" lon="4.42496667"><ele>721.0</ele><time>2026-07-29T09:24:45.074Z</time></trkpt><trkpt lat="46.149645" lon="4.424975"><ele>722.0</ele><time>2026-07-29T09:24:46.074Z</time></trkpt><trkpt lat="46.14963" lon="4.42499"><ele>722.0</ele><time>2026-07-29T09:24:47.074Z</time></trkpt><trkpt lat="46.14961667" lon="4.42499833"><ele>722.0</ele><time>2026-07-29T09:24:48.074Z</time></trkpt><trkpt lat="46.14960333" lon="4.42501167"><ele>722.0</ele><time>2026-07-29T09:24:49.073Z</time></trkpt><trkpt lat="46.14958833" lon="4.42502667"><ele>722.0</ele><time>2026-07-29T09:24:50.074Z</time></trkpt><trkpt lat="46.149575" lon="4.42504"><ele>722.0</ele><time>2026-07-29T09:24:51.074Z</time></trkpt><trkpt lat="46.149565" lon="4.42505167"><ele>722.0</ele><time>2026-07-29T09:24:52.073Z</time></trkpt><trkpt lat="46.14956167" lon="4.42507"><ele>722.0</ele><time>2026-07-29T09:24:53.073Z</time></trkpt><trkpt lat="46.149555" lon="4.42508833"><ele>722.0</ele><time>2026-07-29T09:24:54.074Z</time></trkpt><trkpt lat="46.149545" lon="4.4251"><ele>722.0</ele><time>2026-07-29T09:24:55.074Z</time></trkpt><trkpt lat="46.14953833" lon="4.42511833"><ele>722.0</ele><time>2026-07-29T09:24:56.073Z</time></trkpt><trkpt lat="46.14953" lon="4.42513167"><ele>723.0</ele><time>2026-07-29T09:24:57.073Z</time></trkpt><trkpt lat="46.14951667" lon="4.42514167"><ele>723.0</ele><time>2026-07-29T09:24:58.073Z</time></trkpt><trkpt lat="46.149505" lon="4.42515167"><ele>723.0</ele><time>2026-07-29T09:24:59.073Z</time></trkpt><trkpt lat="46.14949833" lon="4.425165"><ele>723.0</ele><time>2026-07-29T09:25:00.074Z</time></trkpt><trkpt lat="46.14949" lon="4.42517833"><ele>723.0</ele><time>2026-07-29T09:25:01.073Z</time></trkpt><trkpt lat="46.14948" lon="4.42519333"><ele>723.0</ele><time>2026-07-29T09:25:02.073Z</time></trkpt><trkpt lat="46.14947167" lon="4.42520667"><ele>723.0</ele><time>2026-07-29T09:25:03.074Z</time></trkpt><trkpt lat="46.14945667" lon="4.42521333"><ele>723.0</ele><time>2026-07-29T09:25:04.073Z</time></trkpt><trkpt lat="46.14944333" lon="4.42522833"><ele>722.0</ele><time>2026-07-29T09:25:05.074Z</time></trkpt><trkpt lat="46.14943167" lon="4.42524"><ele>722.0</ele><time>2026-07-29T09:25:06.074Z</time></trkpt><trkpt lat="46.14942" lon="4.42525333"><ele>722.0</ele><time>2026-07-29T09:25:07.074Z</time></trkpt><trkpt lat="46.14940833" lon="4.42526667"><ele>722.0</ele><time>2026-07-29T09:25:08.074Z</time></trkpt><trkpt lat="46.14939833" lon="4.42527333"><ele>721.0</ele><time>2026-07-29T09:25:09.074Z</time></trkpt><trkpt lat="46.14938167" lon="4.42528"><ele>721.0</ele><time>2026-07-29T09:25:10.073Z</time></trkpt><trkpt lat="46.149365" lon="4.42528333"><ele>721.0</ele><time>2026-07-29T09:25:11.073Z</time></trkpt><trkpt lat="46.14934833" lon="4.42528667"><ele>720.0</ele><time>2026-07-29T09:25:12.073Z</time></trkpt><trkpt lat="46.149335" lon="4.42528833"><ele>720.0</ele><time>2026-07-29T09:25:13.073Z</time></trkpt><trkpt lat="46.14931333" lon="4.42529167"><ele>720.0</ele><time>2026-07-29T09:25:14.073Z</time></trkpt><trkpt lat="46.14929667" lon="4.42529333"><ele>719.0</ele><time>2026-07-29T09:25:15.073Z</time></trkpt><trkpt lat="46.14928" lon="4.42528833"><ele>719.0</ele><time>2026-07-29T09:25:16.074Z</time></trkpt><trkpt lat="46.14926667" lon="4.42528333"><ele>719.0</ele><time>2026-07-29T09:25:17.074Z</time></trkpt><trkpt lat="46.14925167" lon="4.42527667"><ele>719.0</ele><time>2026-07-29T09:25:18.074Z</time></trkpt><trkpt lat="46.14923833" lon="4.42526333"><ele>719.0</ele><time>2026-07-29T09:25:19.074Z</time></trkpt><trkpt lat="46.14922667" lon="4.42525"><ele>719.0</ele><time>2026-07-29T09:25:20.073Z</time></trkpt><trkpt lat="46.14921833" lon="4.42523667"><ele>718.0</ele><time>2026-07-29T09:25:21.074Z</time></trkpt><trkpt lat="46.14921167" lon="4.425225"><ele>718.0</ele><time>2026-07-29T09:25:22.073Z</time></trkpt><trkpt lat="46.149195" lon="4.42521333"><ele>718.0</ele><time>2026-07-29T09:25:23.074Z</time></trkpt><trkpt lat="46.14918333" lon="4.42520167"><ele>717.0</ele><time>2026-07-29T09:25:24.073Z</time></trkpt><trkpt lat="46.14917167" lon="4.42519333"><ele>717.0</ele><time>2026-07-29T09:25:25.074Z</time></trkpt><trkpt lat="46.14916" lon="4.42518"><ele>717.0</ele><time>2026-07-29T09:25:26.074Z</time></trkpt><trkpt lat="46.14915" lon="4.42516667"><ele>717.0</ele><time>2026-07-29T09:25:27.073Z</time></trkpt><trkpt lat="46.14914167" lon="4.42515333"><ele>717.0</ele><time>2026-07-29T09:25:28.074Z</time></trkpt><trkpt lat="46.14913" lon="4.42514"><ele>718.0</ele><time>2026-07-29T09:25:29.074Z</time></trkpt><trkpt lat="46.14912" lon="4.42512667"><ele>718.0</ele><time>2026-07-29T09:25:30.074Z</time></trkpt><trkpt lat="46.14910833" lon="4.425115"><ele>718.0</ele><time>2026-07-29T09:25:31.074Z</time></trkpt><trkpt lat="46.14909333" lon="4.4251"><ele>719.0</ele><time>2026-07-29T09:25:32.073Z</time></trkpt><trkpt lat="46.14908" lon="4.42509"><ele>719.0</ele><time>2026-07-29T09:25:33.073Z</time></trkpt><trkpt lat="46.14906833" lon="4.42507667"><ele>720.0</ele><time>2026-07-29T09:25:34.074Z</time></trkpt><trkpt lat="46.14905667" lon="4.42506333"><ele>720.0</ele><time>2026-07-29T09:25:35.074Z</time></trkpt><trkpt lat="46.149045" lon="4.42505"><ele>720.0</ele><time>2026-07-29T09:25:36.074Z</time></trkpt><trkpt lat="46.149035" lon="4.42503667"><ele>720.0</ele><time>2026-07-29T09:25:37.074Z</time></trkpt><trkpt lat="46.14902333" lon="4.42502333"><ele>720.0</ele><time>2026-07-29T09:25:38.073Z</time></trkpt><trkpt lat="46.14901167" lon="4.42501167"><ele>720.0</ele><time>2026-07-29T09:25:39.073Z</time></trkpt><trkpt lat="46.14900167" lon="4.42500667"><ele>720.0</ele><time>2026-07-29T09:25:40.074Z</time></trkpt><trkpt lat="46.14899" lon="4.42499"><ele>721.0</ele><time>2026-07-29T09:25:41.073Z</time></trkpt><trkpt lat="46.14897833" lon="4.424975"><ele>721.0</ele><time>2026-07-29T09:25:42.073Z</time></trkpt><trkpt lat="46.148965" lon="4.42496333"><ele>721.0</ele><time>2026-07-29T09:25:43.073Z</time></trkpt><trkpt lat="46.14895667" lon="4.42495167"><ele>721.0</ele><time>2026-07-29T09:25:44.074Z</time></trkpt><trkpt lat="46.14894" lon="4.42493333"><ele>721.0</ele><time>2026-07-29T09:25:45.074Z</time></trkpt><trkpt lat="46.14892667" lon="4.42492"><ele>721.0</ele><time>2026-07-29T09:25:46.073Z</time></trkpt><trkpt lat="46.14891167" lon="4.42490833"><ele>721.0</ele><time>2026-07-29T09:25:47.073Z</time></trkpt><trkpt lat="46.14889833" lon="4.42489667"><ele>721.0</ele><time>2026-07-29T09:25:48.073Z</time></trkpt><trkpt lat="46.14888833" lon="4.42488667"><ele>721.0</ele><time>2026-07-29T09:25:49.073Z</time></trkpt><trkpt lat="46.148875" lon="4.42487333"><ele>721.0</ele><time>2026-07-29T09:25:50.073Z</time></trkpt><trkpt lat="46.14886" lon="4.42486667"><ele>722.0</ele><time>2026-07-29T09:25:51.074Z</time></trkpt><trkpt lat="46.14884667" lon="4.424855"><ele>722.0</ele><time>2026-07-29T09:25:52.073Z</time></trkpt><trkpt lat="46.14883" lon="4.42485167"><ele>722.0</ele><time>2026-07-29T09:25:53.073Z</time></trkpt><trkpt lat="46.148815" lon="4.42485167"><ele>722.0</ele><time>2026-07-29T09:25:54.073Z</time></trkpt><trkpt lat="46.14880333" lon="4.424855"><ele>722.0</ele><time>2026-07-29T09:25:55.074Z</time></trkpt><trkpt lat="46.14879" lon="4.42486"><ele>722.0</ele><time>2026-07-29T09:25:56.074Z</time></trkpt><trkpt lat="46.14878" lon="4.42486833"><ele>722.0</ele><time>2026-07-29T09:25:57.073Z</time></trkpt><trkpt lat="46.14877333" lon="4.42487833"><ele>722.0</ele><time>2026-07-29T09:25:58.074Z</time></trkpt><trkpt lat="46.14876167" lon="4.42489333"><ele>723.0</ele><time>2026-07-29T09:25:59.074Z</time></trkpt><trkpt lat="46.14875333" lon="4.42491"><ele>723.0</ele><time>2026-07-29T09:26:00.073Z</time></trkpt><trkpt lat="46.148745" lon="4.424925"><ele>723.0</ele><time>2026-07-29T09:26:01.074Z</time></trkpt><trkpt lat="46.148735" lon="4.42493667"><ele>724.0</ele><time>2026-07-29T09:26:02.074Z</time></trkpt><trkpt lat="46.148725" lon="4.424945"><ele>724.0</ele><time>2026-07-29T09:26:03.073Z</time></trkpt><trkpt lat="46.148715" lon="4.42495167"><ele>725.0</ele><time>2026-07-29T09:26:04.073Z</time></trkpt><trkpt lat="46.148705" lon="4.42496167"><ele>725.0</ele><time>2026-07-29T09:26:05.074Z</time></trkpt><trkpt lat="46.14869333" lon="4.42497167"><ele>726.0</ele><time>2026-07-29T09:26:06.073Z</time></trkpt><trkpt lat="46.14868667" lon="4.42498333"><ele>726.0</ele><time>2026-07-29T09:26:07.073Z</time></trkpt><trkpt lat="46.14867667" lon="4.42499333"><ele>727.0</ele><time>2026-07-29T09:26:08.074Z</time></trkpt><trkpt lat="46.14866333" lon="4.42499667"><ele>727.0</ele><time>2026-07-29T09:26:09.073Z</time></trkpt><trkpt lat="46.14865" lon="4.42499333"><ele>728.0</ele><time>2026-07-29T09:26:10.073Z</time></trkpt><trkpt lat="46.14863833" lon="4.42499667"><ele>728.0</ele><time>2026-07-29T09:26:11.073Z</time></trkpt><trkpt lat="46.14862833" lon="4.42500167"><ele>728.0</ele><time>2026-07-29T09:26:12.073Z</time></trkpt><trkpt lat="46.14862167" lon="4.42501167"><ele>729.0</ele><time>2026-07-29T09:26:13.073Z</time></trkpt><trkpt lat="46.14861333" lon="4.42502333"><ele>730.0</ele><time>2026-07-29T09:26:14.073Z</time></trkpt><trkpt lat="46.14860667" lon="4.425035"><ele>730.0</ele><time>2026-07-29T09:26:15.073Z</time></trkpt><trkpt lat="46.14860167" lon="4.425045"><ele>731.0</ele><time>2026-07-29T09:26:16.073Z</time></trkpt><trkpt lat="46.148595" lon="4.42507667"><ele>732.0</ele><time>2026-07-29T09:26:17.074Z</time></trkpt><trkpt lat="46.148585" lon="4.42509"><ele>732.0</ele><time>2026-07-29T09:26:18.074Z</time></trkpt><trkpt lat="46.14858" lon="4.42510333"><ele>732.0</ele><time>2026-07-29T09:26:19.074Z</time></trkpt><trkpt lat="46.14857" lon="4.42511167"><ele>733.0</ele><time>2026-07-29T09:26:20.073Z</time></trkpt><trkpt lat="46.14856" lon="4.42511333"><ele>733.0</ele><time>2026-07-29T09:26:21.073Z</time></trkpt><trkpt lat="46.14854833" lon="4.42512"><ele>733.0</ele><time>2026-07-29T09:26:22.074Z</time></trkpt><trkpt lat="46.148535" lon="4.42512667"><ele>733.0</ele><time>2026-07-29T09:26:23.073Z</time></trkpt><trkpt lat="46.14852167" lon="4.42513333"><ele>733.0</ele><time>2026-07-29T09:26:24.073Z</time></trkpt><trkpt lat="46.14851" lon="4.42513833"><ele>733.0</ele><time>2026-07-29T09:26:25.073Z</time></trkpt><trkpt lat="46.14849667" lon="4.42514667"><ele>733.0</ele><time>2026-07-29T09:26:26.073Z</time></trkpt><trkpt lat="46.148485" lon="4.42514833"><ele>733.0</ele><time>2026-07-29T09:26:27.073Z</time></trkpt><trkpt lat="46.14847167" lon="4.42515"><ele>733.0</ele><time>2026-07-29T09:26:28.074Z</time></trkpt><trkpt lat="46.14845667" lon="4.425155"><ele>733.0</ele><time>2026-07-29T09:26:29.074Z</time></trkpt><trkpt lat="46.14844167" lon="4.42515333"><ele>733.0</ele><time>2026-07-29T09:26:30.074Z</time></trkpt><trkpt lat="46.14842667" lon="4.42515667"><ele>733.0</ele><time>2026-07-29T09:26:31.073Z</time></trkpt><trkpt lat="46.14841167" lon="4.42516167"><ele>733.0</ele><time>2026-07-29T09:26:32.073Z</time></trkpt><trkpt lat="46.14840333" lon="4.42517167"><ele>733.0</ele><time>2026-07-29T09:26:33.073Z</time></trkpt><trkpt lat="46.14839667" lon="4.425185"><ele>733.0</ele><time>2026-07-29T09:26:34.073Z</time></trkpt><trkpt lat="46.14839" lon="4.425195"><ele>734.0</ele><time>2026-07-29T09:26:35.073Z</time></trkpt><trkpt lat="46.14837833" lon="4.42520333"><ele>734.0</ele><time>2026-07-29T09:26:36.073Z</time></trkpt><trkpt lat="46.148365" lon="4.425205"><ele>734.0</ele><time>2026-07-29T09:26:37.073Z</time></trkpt><trkpt lat="46.14835667" lon="4.42521167"><ele>734.0</ele><time>2026-07-29T09:26:38.073Z</time></trkpt><trkpt lat="46.14835" lon="4.425215"><ele>734.0</ele><time>2026-07-29T09:26:39.073Z</time></trkpt><trkpt lat="46.14834333" lon="4.42522167"><ele>734.0</ele><time>2026-07-29T09:26:40.073Z</time></trkpt><trkpt lat="46.14833333" lon="4.42523167"><ele>735.0</ele><time>2026-07-29T09:26:41.073Z</time></trkpt><trkpt lat="46.14832" lon="4.425235"><ele>735.0</ele><time>2026-07-29T09:26:42.073Z</time></trkpt><trkpt lat="46.148305" lon="4.42523333"><ele>735.0</ele><time>2026-07-29T09:26:43.073Z</time></trkpt><trkpt lat="46.14828333" lon="4.42524"><ele>736.0</ele><time>2026-07-29T09:26:44.074Z</time></trkpt><trkpt lat="46.14826667" lon="4.42525333"><ele>736.0</ele><time>2026-07-29T09:26:45.074Z</time></trkpt><trkpt lat="46.148255" lon="4.42527"><ele>736.0</ele><time>2026-07-29T09:26:46.073Z</time></trkpt><trkpt lat="46.14825167" lon="4.42529333"><ele>736.0</ele><time>2026-07-29T09:26:47.073Z</time></trkpt><trkpt lat="46.14825" lon="4.42531667"><ele>736.0</ele><time>2026-07-29T09:26:48.073Z</time></trkpt><trkpt lat="46.148245" lon="4.42533333"><ele>737.0</ele><time>2026-07-29T09:26:49.073Z</time></trkpt><trkpt lat="46.148235" lon="4.42533167"><ele>737.0</ele><time>2026-07-29T09:26:50.073Z</time></trkpt><trkpt lat="46.14822833" lon="4.425345"><ele>738.0</ele><time>2026-07-29T09:26:51.074Z</time></trkpt><trkpt lat="46.14822" lon="4.42536333"><ele>738.0</ele><time>2026-07-29T09:26:52.074Z</time></trkpt><trkpt lat="46.14821167" lon="4.42538"><ele>739.0</ele><time>2026-07-29T09:26:53.073Z</time></trkpt><trkpt lat="46.1482" lon="4.425395"><ele>739.0</ele><time>2026-07-29T09:26:54.073Z</time></trkpt><trkpt lat="46.14819" lon="4.425405"><ele>740.0</ele><time>2026-07-29T09:26:55.074Z</time></trkpt><trkpt lat="46.14817667" lon="4.425415"><ele>740.0</ele><time>2026-07-29T09:26:56.073Z</time></trkpt><trkpt lat="46.148165" lon="4.42541667"><ele>741.0</ele><time>2026-07-29T09:26:57.073Z</time></trkpt><trkpt lat="46.148155" lon="4.42542667"><ele>741.0</ele><time>2026-07-29T09:26:58.074Z</time></trkpt><trkpt lat="46.14814" lon="4.42543333"><ele>741.0</ele><time>2026-07-29T09:26:59.073Z</time></trkpt><trkpt lat="46.14812667" lon="4.42544"><ele>742.0</ele><time>2026-07-29T09:27:00.073Z</time></trkpt><trkpt lat="46.148115" lon="4.42544667"><ele>742.0</ele><time>2026-07-29T09:27:01.073Z</time></trkpt><trkpt lat="46.14811167" lon="4.42545167"><ele>742.0</ele><time>2026-07-29T09:27:02.073Z</time></trkpt><trkpt lat="46.14810333" lon="4.42545833"><ele>742.0</ele><time>2026-07-29T09:27:03.073Z</time></trkpt><trkpt lat="46.14809667" lon="4.42546667"><ele>743.0</ele><time>2026-07-29T09:27:04.073Z</time></trkpt><trkpt lat="46.14809" lon="4.42546833"><ele>743.0</ele><time>2026-07-29T09:27:05.074Z</time></trkpt><trkpt lat="46.148085" lon="4.42547"><ele>743.0</ele><time>2026-07-29T09:27:06.073Z</time></trkpt><trkpt lat="46.148075" lon="4.42548"><ele>743.0</ele><time>2026-07-29T09:27:07.073Z</time></trkpt><trkpt lat="46.14806833" lon="4.42548333"><ele>743.0</ele><time>2026-07-29T09:27:08.074Z</time></trkpt><trkpt lat="46.14805667" lon="4.42551"><ele>743.0</ele><time>2026-07-29T09:27:09.074Z</time></trkpt><trkpt lat="46.14804333" lon="4.42552167"><ele>743.0</ele><time>2026-07-29T09:27:10.073Z</time></trkpt><trkpt lat="46.148025" lon="4.42553167"><ele>743.0</ele><time>2026-07-29T09:27:11.074Z</time></trkpt><trkpt lat="46.14800667" lon="4.425525"><ele>744.0</ele><time>2026-07-29T09:27:12.074Z</time></trkpt><trkpt lat="46.14798333" lon="4.42553"><ele>744.0</ele><time>2026-07-29T09:27:13.074Z</time></trkpt><trkpt lat="46.14796667" lon="4.42552833"><ele>744.0</ele><time>2026-07-29T09:27:14.073Z</time></trkpt><trkpt lat="46.147955" lon="4.425535"><ele>744.0</ele><time>2026-07-29T09:27:15.074Z</time></trkpt><trkpt lat="46.14794167" lon="4.42554"><ele>744.0</ele><time>2026-07-29T09:27:16.073Z</time></trkpt><trkpt lat="46.14793" lon="4.425545"><ele>744.0</ele><time>2026-07-29T09:27:17.073Z</time></trkpt><trkpt lat="46.14791667" lon="4.42555"><ele>744.0</ele><time>2026-07-29T09:27:18.073Z</time></trkpt><trkpt lat="46.14791667" lon="4.42556"><ele>744.0</ele><time>2026-07-29T09:27:19.073Z</time></trkpt><trkpt lat="46.14791" lon="4.42557167"><ele>744.0</ele><time>2026-07-29T09:27:20.073Z</time></trkpt><trkpt lat="46.1479" lon="4.42557833"><ele>744.0</ele><time>2026-07-29T09:27:21.073Z</time></trkpt><trkpt lat="46.14789833" lon="4.42558167"><ele>744.0</ele><time>2026-07-29T09:27:22.073Z</time></trkpt><trkpt lat="46.14789833" lon="4.42560333"><ele>744.0</ele><time>2026-07-29T09:27:23.073Z</time></trkpt><trkpt lat="46.14789167" lon="4.42561167"><ele>744.0</ele><time>2026-07-29T09:27:24.073Z</time></trkpt><trkpt lat="46.14787167" lon="4.42562"><ele>745.0</ele><time>2026-07-29T09:27:25.073Z</time></trkpt><trkpt lat="46.14785167" lon="4.425625"><ele>745.0</ele><time>2026-07-29T09:27:26.074Z</time></trkpt><trkpt lat="46.147835" lon="4.42562667"><ele>745.0</ele><time>2026-07-29T09:27:27.073Z</time></trkpt><trkpt lat="46.14782333" lon="4.42562"><ele>746.0</ele><time>2026-07-29T09:27:28.074Z</time></trkpt><trkpt lat="46.14781833" lon="4.42562167"><ele>746.0</ele><time>2026-07-29T09:27:29.073Z</time></trkpt><trkpt lat="46.147805" lon="4.42561167"><ele>746.0</ele><time>2026-07-29T09:27:30.073Z</time></trkpt><trkpt lat="46.14779667" lon="4.42561333"><ele>746.0</ele><time>2026-07-29T09:27:31.073Z</time></trkpt><trkpt lat="46.147775" lon="4.42560667"><ele>747.0</ele><time>2026-07-29T09:27:32.073Z</time></trkpt><trkpt lat="46.14776" lon="4.4256"><ele>747.0</ele><time>2026-07-29T09:27:33.074Z</time></trkpt><trkpt lat="46.14774833" lon="4.42559667"><ele>747.0</ele><time>2026-07-29T09:27:34.074Z</time></trkpt><trkpt lat="46.14774" lon="4.425595"><ele>747.0</ele><time>2026-07-29T09:27:35.073Z</time></trkpt><trkpt lat="46.14773167" lon="4.425585"><ele>747.0</ele><time>2026-07-29T09:27:36.074Z</time></trkpt><trkpt lat="46.14772167" lon="4.42557167"><ele>747.0</ele><time>2026-07-29T09:27:37.073Z</time></trkpt><trkpt lat="46.14771" lon="4.42556333"><ele>747.0</ele><time>2026-07-29T09:27:38.074Z</time></trkpt><trkpt lat="46.14769333" lon="4.42555667"><ele>747.0</ele><time>2026-07-29T09:27:39.073Z</time></trkpt><trkpt lat="46.14767" lon="4.42554"><ele>747.0</ele><time>2026-07-29T09:27:40.074Z</time></trkpt><trkpt lat="46.14766" lon="4.42553"><ele>748.0</ele><time>2026-07-29T09:27:41.073Z</time></trkpt><trkpt lat="46.14764833" lon="4.42553333"><ele>747.0</ele><time>2026-07-29T09:27:42.074Z</time></trkpt><trkpt lat="46.14763333" lon="4.42553333"><ele>747.0</ele><time>2026-07-29T09:27:43.073Z</time></trkpt><trkpt lat="46.14761667" lon="4.42552833"><ele>747.0</ele><time>2026-07-29T09:27:44.073Z</time></trkpt><trkpt lat="46.1476" lon="4.42552333"><ele>747.0</ele><time>2026-07-29T09:27:45.074Z</time></trkpt><trkpt lat="46.14758333" lon="4.425525"><ele>747.0</ele><time>2026-07-29T09:27:46.073Z</time></trkpt><trkpt lat="46.14756833" lon="4.42554333"><ele>747.0</ele><time>2026-07-29T09:27:47.074Z</time></trkpt><trkpt lat="46.147565" lon="4.42555667"><ele>747.0</ele><time>2026-07-29T09:27:48.074Z</time></trkpt><trkpt lat="46.14755833" lon="4.42557"><ele>747.0</ele><time>2026-07-29T09:27:49.074Z</time></trkpt><trkpt lat="46.14754333" lon="4.42557167"><ele>747.0</ele><time>2026-07-29T09:27:50.073Z</time></trkpt><trkpt lat="46.14752833" lon="4.42556333"><ele>748.0</ele><time>2026-07-29T09:27:51.074Z</time></trkpt><trkpt lat="46.14751667" lon="4.42556333"><ele>748.0</ele><time>2026-07-29T09:27:52.074Z</time></trkpt><trkpt lat="46.147505" lon="4.42556"><ele>748.0</ele><time>2026-07-29T09:27:53.073Z</time></trkpt><trkpt lat="46.14750167" lon="4.42556167"><ele>748.0</ele><time>2026-07-29T09:27:54.073Z</time></trkpt><trkpt lat="46.14749" lon="4.42556333"><ele>748.0</ele><time>2026-07-29T09:27:55.073Z</time></trkpt><trkpt lat="46.14747667" lon="4.42556333"><ele>749.0</ele><time>2026-07-29T09:27:56.074Z</time></trkpt><trkpt lat="46.14746667" lon="4.42556333"><ele>749.0</ele><time>2026-07-29T09:27:57.073Z</time></trkpt><trkpt lat="46.14746167" lon="4.42557167"><ele>749.0</ele><time>2026-07-29T09:27:58.074Z</time></trkpt><trkpt lat="46.14745167" lon="4.42557167"><ele>750.0</ele><time>2026-07-29T09:27:59.073Z</time></trkpt><trkpt lat="46.14744833" lon="4.42557333"><ele>750.0</ele><time>2026-07-29T09:28:00.073Z</time></trkpt><trkpt lat="46.14744833" lon="4.42557667"><ele>750.0</ele><time>2026-07-29T09:28:01.073Z</time></trkpt><trkpt lat="46.14744333" lon="4.42558167"><ele>750.0</ele><time>2026-07-29T09:28:02.073Z</time></trkpt><trkpt lat="46.14743333" lon="4.42558167"><ele>750.0</ele><time>2026-07-29T09:28:03.074Z</time></trkpt><trkpt lat="46.147425" lon="4.425585"><ele>750.0</ele><time>2026-07-29T09:28:04.074Z</time></trkpt><trkpt lat="46.14741833" lon="4.42558667"><ele>750.0</ele><time>2026-07-29T09:28:05.074Z</time></trkpt><trkpt lat="46.14741333" lon="4.42559"><ele>751.0</ele><time>2026-07-29T09:28:06.073Z</time></trkpt><trkpt lat="46.14741" lon="4.42559333"><ele>751.0</ele><time>2026-07-29T09:28:07.073Z</time></trkpt><trkpt lat="46.147405" lon="4.425595"><ele>751.0</ele><time>2026-07-29T09:28:08.074Z</time></trkpt><trkpt lat="46.14740167" lon="4.42559333"><ele>752.0</ele><time>2026-07-29T09:28:09.073Z</time></trkpt><trkpt lat="46.14739667" lon="4.42559833"><ele>752.0</ele><time>2026-07-29T09:28:10.073Z</time></trkpt><trkpt lat="46.14739167" lon="4.42559667"><ele>752.0</ele><time>2026-07-29T09:28:11.073Z</time></trkpt><trkpt lat="46.14738333" lon="4.42559333"><ele>752.0</ele><time>2026-07-29T09:28:12.073Z</time></trkpt><trkpt lat="46.14737667" lon="4.42559833"><ele>752.0</ele><time>2026-07-29T09:28:13.073Z</time></trkpt><trkpt lat="46.14737167" lon="4.425595"><ele>752.0</ele><time>2026-07-29T09:28:14.074Z</time></trkpt><trkpt lat="46.14737" lon="4.425595"><ele>752.0</ele><time>2026-07-29T09:28:15.073Z</time></trkpt><trkpt lat="46.147365" lon="4.42559667"><ele>753.0</ele><time>2026-07-29T09:28:16.074Z</time></trkpt><trkpt lat="46.14735667" lon="4.4256"><ele>753.0</ele><time>2026-07-29T09:28:17.073Z</time></trkpt><trkpt lat="46.14734333" lon="4.42559833"><ele>753.0</ele><time>2026-07-29T09:28:18.073Z</time></trkpt><trkpt lat="46.14734167" lon="4.4256"><ele>753.0</ele><time>2026-07-29T09:28:19.074Z</time></trkpt><trkpt lat="46.14734" lon="4.42560667"><ele>753.0</ele><time>2026-07-29T09:28:20.074Z</time></trkpt><trkpt lat="46.14733333" lon="4.42561"><ele>753.0</ele><time>2026-07-29T09:28:21.073Z</time></trkpt><trkpt lat="46.14733" lon="4.42561667"><ele>753.0</ele><time>2026-07-29T09:28:22.073Z</time></trkpt><trkpt lat="46.14732667" lon="4.42561833"><ele>753.0</ele><time>2026-07-29T09:28:23.073Z</time></trkpt><trkpt lat="46.14732333" lon="4.42562833"><ele>754.0</ele><time>2026-07-29T09:28:24.074Z</time></trkpt><trkpt lat="46.14730667" lon="4.42564"><ele>754.0</ele><time>2026-07-29T09:28:25.073Z</time></trkpt><trkpt lat="46.14729167" lon="4.42564"><ele>754.0</ele><time>2026-07-29T09:28:26.074Z</time></trkpt><trkpt lat="46.147275" lon="4.42563167"><ele>754.0</ele><time>2026-07-29T09:28:27.073Z</time></trkpt><trkpt lat="46.14726167" lon="4.425635"><ele>755.0</ele><time>2026-07-29T09:28:28.073Z</time></trkpt><trkpt lat="46.14724667" lon="4.425635"><ele>755.0</ele><time>2026-07-29T09:28:29.073Z</time></trkpt><trkpt lat="46.14723667" lon="4.42563833"><ele>755.0</ele><time>2026-07-29T09:28:30.074Z</time></trkpt><trkpt lat="46.14722833" lon="4.425645"><ele>754.0</ele><time>2026-07-29T09:28:31.073Z</time></trkpt><trkpt lat="46.14722167" lon="4.42564667"><ele>754.0</ele><time>2026-07-29T09:28:32.074Z</time></trkpt><trkpt lat="46.14721667" lon="4.42565"><ele>754.0</ele><time>2026-07-29T09:28:33.073Z</time></trkpt><trkpt lat="46.14720667" lon="4.42565"><ele>754.0</ele><time>2026-07-29T09:28:34.074Z</time></trkpt><trkpt lat="46.14719667" lon="4.42565667"><ele>754.0</ele><time>2026-07-29T09:28:35.073Z</time></trkpt><trkpt lat="46.14718667" lon="4.42566"><ele>754.0</ele><time>2026-07-29T09:28:36.073Z</time></trkpt><trkpt lat="46.14717333" lon="4.425665"><ele>754.0</ele><time>2026-07-29T09:28:37.074Z</time></trkpt><trkpt lat="46.14716333" lon="4.42567167"><ele>754.0</ele><time>2026-07-29T09:28:38.073Z</time></trkpt><trkpt lat="46.14715167" lon="4.42567833"><ele>753.0</ele><time>2026-07-29T09:28:39.074Z</time></trkpt><trkpt lat="46.14714333" lon="4.42569167"><ele>753.0</ele><time>2026-07-29T09:28:40.074Z</time></trkpt><trkpt lat="46.14713333" lon="4.4257"><ele>753.0</ele><time>2026-07-29T09:28:41.074Z</time></trkpt><trkpt lat="46.147125" lon="4.42571"><ele>754.0</ele><time>2026-07-29T09:28:42.073Z</time></trkpt><trkpt lat="46.14711667" lon="4.42572"><ele>754.0</ele><time>2026-07-29T09:28:43.074Z</time></trkpt><trkpt lat="46.14710667" lon="4.42572833"><ele>754.0</ele><time>2026-07-29T09:28:44.073Z</time></trkpt><trkpt lat="46.14710167" lon="4.42573833"><ele>754.0</ele><time>2026-07-29T09:28:45.074Z</time></trkpt><trkpt lat="46.147095" lon="4.42574167"><ele>755.0</ele><time>2026-07-29T09:28:46.074Z</time></trkpt><trkpt lat="46.14708667" lon="4.42574667"><ele>755.0</ele><time>2026-07-29T09:28:47.074Z</time></trkpt><trkpt lat="46.14707667" lon="4.42574833"><ele>755.0</ele><time>2026-07-29T09:28:48.074Z</time></trkpt><trkpt lat="46.14706833" lon="4.42575667"><ele>755.0</ele><time>2026-07-29T09:28:49.074Z</time></trkpt><trkpt lat="46.14706167" lon="4.425765"><ele>755.0</ele><time>2026-07-29T09:28:50.073Z</time></trkpt><trkpt lat="46.147055" lon="4.42577"><ele>755.0</ele><time>2026-07-29T09:28:51.074Z</time></trkpt><trkpt lat="46.14704667" lon="4.42577833"><ele>755.0</ele><time>2026-07-29T09:28:52.073Z</time></trkpt><trkpt lat="46.14703667" lon="4.42578167"><ele>755.0</ele><time>2026-07-29T09:28:53.073Z</time></trkpt><trkpt lat="46.147025" lon="4.42578333"><ele>754.0</ele><time>2026-07-29T09:28:54.073Z</time></trkpt><trkpt lat="46.14701333" lon="4.425785"><ele>754.0</ele><time>2026-07-29T09:28:55.073Z</time></trkpt><trkpt lat="46.14700333" lon="4.42579"><ele>754.0</ele><time>2026-07-29T09:28:56.073Z</time></trkpt><trkpt lat="46.14699333" lon="4.4258"><ele>753.0</ele><time>2026-07-29T09:28:57.074Z</time></trkpt><trkpt lat="46.14698333" lon="4.42580333"><ele>753.0</ele><time>2026-07-29T09:28:58.073Z</time></trkpt><trkpt lat="46.14697833" lon="4.42581333"><ele>753.0</ele><time>2026-07-29T09:28:59.073Z</time></trkpt><trkpt lat="46.14696833" lon="4.42582"><ele>752.0</ele><time>2026-07-29T09:29:00.074Z</time></trkpt><trkpt lat="46.14696" lon="4.42583"><ele>752.0</ele><time>2026-07-29T09:29:01.073Z</time></trkpt><trkpt lat="46.14695333" lon="4.42584167"><ele>752.0</ele><time>2026-07-29T09:29:02.074Z</time></trkpt><trkpt lat="46.14694667" lon="4.42585"><ele>753.0</ele><time>2026-07-29T09:29:03.073Z</time></trkpt><trkpt lat="46.14694167" lon="4.42584833"><ele>753.0</ele><time>2026-07-29T09:29:04.073Z</time></trkpt><trkpt lat="46.14693333" lon="4.42585"><ele>753.0</ele><time>2026-07-29T09:29:05.073Z</time></trkpt><trkpt lat="46.14692333" lon="4.42585167"><ele>753.0</ele><time>2026-07-29T09:29:06.074Z</time></trkpt><trkpt lat="46.146915" lon="4.42586167"><ele>753.0</ele><time>2026-07-29T09:29:07.074Z</time></trkpt><trkpt lat="46.14690833" lon="4.42587167"><ele>753.0</ele><time>2026-07-29T09:29:08.073Z</time></trkpt><trkpt lat="46.14690167" lon="4.42587833"><ele>753.0</ele><time>2026-07-29T09:29:09.074Z</time></trkpt><trkpt lat="46.14689" lon="4.42589"><ele>753.0</ele><time>2026-07-29T09:29:10.073Z</time></trkpt><trkpt lat="46.14688333" lon="4.42590167"><ele>754.0</ele><time>2026-07-29T09:29:11.073Z</time></trkpt><trkpt lat="46.146875" lon="4.42591333"><ele>754.0</ele><time>2026-07-29T09:29:12.073Z</time></trkpt><trkpt lat="46.14686667" lon="4.42592"><ele>754.0</ele><time>2026-07-29T09:29:13.073Z</time></trkpt><trkpt lat="46.14685667" lon="4.42592667"><ele>754.0</ele><time>2026-07-29T09:29:14.074Z</time></trkpt><trkpt lat="46.14684667" lon="4.42592833"><ele>754.0</ele><time>2026-07-29T09:29:15.074Z</time></trkpt><trkpt lat="46.146835" lon="4.42593167"><ele>754.0</ele><time>2026-07-29T09:29:16.073Z</time></trkpt><trkpt lat="46.14682667" lon="4.42593833"><ele>753.0</ele><time>2026-07-29T09:29:17.074Z</time></trkpt><trkpt lat="46.14682167" lon="4.42594667"><ele>753.0</ele><time>2026-07-29T09:29:18.074Z</time></trkpt><trkpt lat="46.14681333" lon="4.42594833"><ele>753.0</ele><time>2026-07-29T09:29:19.073Z</time></trkpt><trkpt lat="46.146805" lon="4.42595"><ele>753.0</ele><time>2026-07-29T09:29:20.074Z</time></trkpt><trkpt lat="46.14679667" lon="4.42595333"><ele>753.0</ele><time>2026-07-29T09:29:21.073Z</time></trkpt><trkpt lat="46.146785" lon="4.42595667"><ele>754.0</ele><time>2026-07-29T09:29:22.073Z</time></trkpt><trkpt lat="46.146775" lon="4.42596333"><ele>754.0</ele><time>2026-07-29T09:29:23.073Z</time></trkpt><trkpt lat="46.14676667" lon="4.42596667"><ele>755.0</ele><time>2026-07-29T09:29:24.073Z</time></trkpt><trkpt lat="46.146755" lon="4.42596833"><ele>755.0</ele><time>2026-07-29T09:29:25.074Z</time></trkpt><trkpt lat="46.14674667" lon="4.42597333"><ele>755.0</ele><time>2026-07-29T09:29:26.073Z</time></trkpt><trkpt lat="46.14674167" lon="4.42597333"><ele>756.0</ele><time>2026-07-29T09:29:27.074Z</time></trkpt><trkpt lat="46.14673167" lon="4.42597333"><ele>757.0</ele><time>2026-07-29T09:29:28.073Z</time></trkpt><trkpt lat="46.14672" lon="4.42597667"><ele>757.0</ele><time>2026-07-29T09:29:29.074Z</time></trkpt><trkpt lat="46.14671333" lon="4.42597667"><ele>758.0</ele><time>2026-07-29T09:29:30.073Z</time></trkpt><trkpt lat="46.14670333" lon="4.42598"><ele>759.0</ele><time>2026-07-29T09:29:31.074Z</time></trkpt><trkpt lat="46.146695" lon="4.42599"><ele>759.0</ele><time>2026-07-29T09:29:32.073Z</time></trkpt><trkpt lat="46.14668667" lon="4.42599167"><ele>760.0</ele><time>2026-07-29T09:29:33.074Z</time></trkpt><trkpt lat="46.14667667" lon="4.42599167"><ele>761.0</ele><time>2026-07-29T09:29:34.073Z</time></trkpt><trkpt lat="46.14666833" lon="4.42599167"><ele>761.0</ele><time>2026-07-29T09:29:35.074Z</time></trkpt><trkpt lat="46.14666" lon="4.42599167"><ele>761.0</ele><time>2026-07-29T09:29:36.074Z</time></trkpt><trkpt lat="46.14665167" lon="4.42599333"><ele>762.0</ele><time>2026-07-29T09:29:37.073Z</time></trkpt><trkpt lat="46.14664167" lon="4.42599833"><ele>762.0</ele><time>2026-07-29T09:29:38.073Z</time></trkpt><trkpt lat="46.14663" lon="4.426005"><ele>762.0</ele><time>2026-07-29T09:29:39.073Z</time></trkpt><trkpt lat="46.14662" lon="4.42600667"><ele>762.0</ele><time>2026-07-29T09:29:40.073Z</time></trkpt><trkpt lat="46.14661" lon="4.426"><ele>763.0</ele><time>2026-07-29T09:29:41.073Z</time></trkpt><trkpt lat="46.1466" lon="4.42599667"><ele>763.0</ele><time>2026-07-29T09:29:42.074Z</time></trkpt><trkpt lat="46.14658833" lon="4.425995"><ele>763.0</ele><time>2026-07-29T09:29:43.073Z</time></trkpt><trkpt lat="46.14658167" lon="4.42599833"><ele>763.0</ele><time>2026-07-29T09:29:44.073Z</time></trkpt><trkpt lat="46.14657167" lon="4.42599833"><ele>763.0</ele><time>2026-07-29T09:29:45.074Z</time></trkpt><trkpt lat="46.14656167" lon="4.426"><ele>763.0</ele><time>2026-07-29T09:29:46.073Z</time></trkpt><trkpt lat="46.14655667" lon="4.42600333"><ele>763.0</ele><time>2026-07-29T09:29:47.073Z</time></trkpt><trkpt lat="46.14655167" lon="4.42601"><ele>763.0</ele><time>2026-07-29T09:29:48.074Z</time></trkpt><trkpt lat="46.14654167" lon="4.42601333"><ele>764.0</ele><time>2026-07-29T09:29:49.073Z</time></trkpt><trkpt lat="46.14653167" lon="4.42601167"><ele>764.0</ele><time>2026-07-29T09:29:50.073Z</time></trkpt><trkpt lat="46.14652167" lon="4.426015"><ele>764.0</ele><time>2026-07-29T09:29:51.074Z</time></trkpt><trkpt lat="46.14651167" lon="4.42601667"><ele>764.0</ele><time>2026-07-29T09:29:52.073Z</time></trkpt><trkpt lat="46.14650333" lon="4.42602833"><ele>765.0</ele><time>2026-07-29T09:29:53.074Z</time></trkpt><trkpt lat="46.14649333" lon="4.42603833"><ele>765.0</ele><time>2026-07-29T09:29:54.074Z</time></trkpt><trkpt lat="46.14647667" lon="4.42603833"><ele>765.0</ele><time>2026-07-29T09:29:55.074Z</time></trkpt><trkpt lat="46.14646667" lon="4.42602167"><ele>766.0</ele><time>2026-07-29T09:29:56.074Z</time></trkpt><trkpt lat="46.146455" lon="4.42602"><ele>766.0</ele><time>2026-07-29T09:29:57.073Z</time></trkpt><trkpt lat="46.146445" lon="4.426025"><ele>766.0</ele><time>2026-07-29T09:29:58.074Z</time></trkpt><trkpt lat="46.14644" lon="4.42602667"><ele>767.0</ele><time>2026-07-29T09:29:59.073Z</time></trkpt><trkpt lat="46.14643333" lon="4.42603"><ele>767.0</ele><time>2026-07-29T09:30:00.074Z</time></trkpt><trkpt lat="46.14642333" lon="4.42603333"><ele>768.0</ele><time>2026-07-29T09:30:01.074Z</time></trkpt><trkpt lat="46.146415" lon="4.42603833"><ele>768.0</ele><time>2026-07-29T09:30:02.074Z</time></trkpt><trkpt lat="46.14640833" lon="4.42604333"><ele>768.0</ele><time>2026-07-29T09:30:03.073Z</time></trkpt><trkpt lat="46.14639833" lon="4.42605"><ele>768.0</ele><time>2026-07-29T09:30:04.073Z</time></trkpt><trkpt lat="46.14639" lon="4.42605167"><ele>768.0</ele><time>2026-07-29T09:30:05.074Z</time></trkpt><trkpt lat="46.14638333" lon="4.42604833"><ele>767.0</ele><time>2026-07-29T09:30:06.073Z</time></trkpt><trkpt lat="46.146375" lon="4.426045"><ele>767.0</ele><time>2026-07-29T09:30:07.073Z</time></trkpt><trkpt lat="46.14636667" lon="4.42604"><ele>767.0</ele><time>2026-07-29T09:30:08.073Z</time></trkpt><trkpt lat="46.14635833" lon="4.426035"><ele>767.0</ele><time>2026-07-29T09:30:09.074Z</time></trkpt><trkpt lat="46.14634833" lon="4.42603333"><ele>768.0</ele><time>2026-07-29T09:30:10.074Z</time></trkpt><trkpt lat="46.14633667" lon="4.42603167"><ele>768.0</ele><time>2026-07-29T09:30:11.073Z</time></trkpt><trkpt lat="46.146325" lon="4.42603167"><ele>768.0</ele><time>2026-07-29T09:30:12.073Z</time></trkpt><trkpt lat="46.14631" lon="4.42602833"><ele>768.0</ele><time>2026-07-29T09:30:13.073Z</time></trkpt><trkpt lat="46.14629667" lon="4.42602833"><ele>769.0</ele><time>2026-07-29T09:30:14.074Z</time></trkpt><trkpt lat="46.14629" lon="4.42602667"><ele>769.0</ele><time>2026-07-29T09:30:15.073Z</time></trkpt><trkpt lat="46.146285" lon="4.42602833"><ele>769.0</ele><time>2026-07-29T09:30:16.073Z</time></trkpt><trkpt lat="46.14627667" lon="4.42602667"><ele>770.0</ele><time>2026-07-29T09:30:17.074Z</time></trkpt><trkpt lat="46.14626667" lon="4.426035"><ele>770.0</ele><time>2026-07-29T09:30:18.073Z</time></trkpt><trkpt lat="46.146255" lon="4.42603833"><ele>770.0</ele><time>2026-07-29T09:30:19.073Z</time></trkpt><trkpt lat="46.14624167" lon="4.42603833"><ele>771.0</ele><time>2026-07-29T09:30:20.074Z</time></trkpt><trkpt lat="46.14623" lon="4.42603833"><ele>771.0</ele><time>2026-07-29T09:30:21.073Z</time></trkpt><trkpt lat="46.14621833" lon="4.42603833"><ele>771.0</ele><time>2026-07-29T09:30:22.073Z</time></trkpt><trkpt lat="46.14620833" lon="4.42603167"><ele>772.0</ele><time>2026-07-29T09:30:23.073Z</time></trkpt><trkpt lat="46.14619833" lon="4.42602833"><ele>772.0</ele><time>2026-07-29T09:30:24.073Z</time></trkpt><trkpt lat="46.14619167" lon="4.42602667"><ele>773.0</ele><time>2026-07-29T09:30:25.074Z</time></trkpt><trkpt lat="46.14618667" lon="4.42602333"><ele>773.0</ele><time>2026-07-29T09:30:26.073Z</time></trkpt><trkpt lat="46.14618333" lon="4.42602167"><ele>773.0</ele><time>2026-07-29T09:30:27.074Z</time></trkpt><trkpt lat="46.14618" lon="4.42602167"><ele>774.0</ele><time>2026-07-29T09:30:28.074Z</time></trkpt><trkpt lat="46.14617167" lon="4.426025"><ele>774.0</ele><time>2026-07-29T09:30:29.074Z</time></trkpt><trkpt lat="46.14616" lon="4.42602333"><ele>774.0</ele><time>2026-07-29T09:30:30.074Z</time></trkpt><trkpt lat="46.14615333" lon="4.42602167"><ele>774.0</ele><time>2026-07-29T09:30:31.073Z</time></trkpt><trkpt lat="46.14614667" lon="4.42601833"><ele>774.0</ele><time>2026-07-29T09:30:32.073Z</time></trkpt><trkpt lat="46.14614" lon="4.42601667"><ele>774.0</ele><time>2026-07-29T09:30:33.074Z</time></trkpt><trkpt lat="46.14613167" lon="4.42601667"><ele>773.0</ele><time>2026-07-29T09:30:34.074Z</time></trkpt><trkpt lat="46.14612" lon="4.42601833"><ele>773.0</ele><time>2026-07-29T09:30:35.073Z</time></trkpt><trkpt lat="46.14611167" lon="4.426015"><ele>774.0</ele><time>2026-07-29T09:30:36.074Z</time></trkpt><trkpt lat="46.14610333" lon="4.42601333"><ele>774.0</ele><time>2026-07-29T09:30:37.073Z</time></trkpt><trkpt lat="46.146095" lon="4.42601167"><ele>774.0</ele><time>2026-07-29T09:30:38.073Z</time></trkpt><trkpt lat="46.14608833" lon="4.42600833"><ele>774.0</ele><time>2026-07-29T09:30:39.074Z</time></trkpt><trkpt lat="46.14608" lon="4.426005"><ele>774.0</ele><time>2026-07-29T09:30:40.073Z</time></trkpt><trkpt lat="46.14607167" lon="4.42600167"><ele>774.0</ele><time>2026-07-29T09:30:41.074Z</time></trkpt><trkpt lat="46.14606333" lon="4.42599833"><ele>774.0</ele><time>2026-07-29T09:30:42.073Z</time></trkpt><trkpt lat="46.146055" lon="4.42599833"><ele>774.0</ele><time>2026-07-29T09:30:43.073Z</time></trkpt><trkpt lat="46.146045" lon="4.42600333"><ele>774.0</ele><time>2026-07-29T09:30:44.073Z</time></trkpt><trkpt lat="46.14603667" lon="4.42600833"><ele>774.0</ele><time>2026-07-29T09:30:45.074Z</time></trkpt><trkpt lat="46.14603" lon="4.42601167"><ele>774.0</ele><time>2026-07-29T09:30:46.073Z</time></trkpt><trkpt lat="46.14602167" lon="4.426015"><ele>774.0</ele><time>2026-07-29T09:30:47.074Z</time></trkpt><trkpt lat="46.14601167" lon="4.426015"><ele>773.0</ele><time>2026-07-29T09:30:48.074Z</time></trkpt><trkpt lat="46.14600167" lon="4.42601333"><ele>773.0</ele><time>2026-07-29T09:30:49.073Z</time></trkpt><trkpt lat="46.14599333" lon="4.426005"><ele>773.0</ele><time>2026-07-29T09:30:50.074Z</time></trkpt><trkpt lat="46.14598667" lon="4.425995"><ele>772.0</ele><time>2026-07-29T09:30:51.073Z</time></trkpt><trkpt lat="46.14598" lon="4.425995"><ele>772.0</ele><time>2026-07-29T09:30:52.074Z</time></trkpt><trkpt lat="46.145975" lon="4.42599333"><ele>772.0</ele><time>2026-07-29T09:30:53.073Z</time></trkpt><trkpt lat="46.145965" lon="4.42599"><ele>772.0</ele><time>2026-07-29T09:30:54.074Z</time></trkpt><trkpt lat="46.14595667" lon="4.42598833"><ele>771.0</ele><time>2026-07-29T09:30:55.074Z</time></trkpt><trkpt lat="46.14594667" lon="4.42598833"><ele>771.0</ele><time>2026-07-29T09:30:56.073Z</time></trkpt><trkpt lat="46.14593667" lon="4.42599"><ele>771.0</ele><time>2026-07-29T09:30:57.074Z</time></trkpt><trkpt lat="46.14592667" lon="4.42598833"><ele>770.0</ele><time>2026-07-29T09:30:58.073Z</time></trkpt><trkpt lat="46.14591667" lon="4.42599"><ele>770.0</ele><time>2026-07-29T09:30:59.073Z</time></trkpt><trkpt lat="46.14590833" lon="4.42598833"><ele>770.0</ele><time>2026-07-29T09:31:00.073Z</time></trkpt><trkpt lat="46.1459" lon="4.425985"><ele>770.0</ele><time>2026-07-29T09:31:01.073Z</time></trkpt><trkpt lat="46.14589" lon="4.425985"><ele>770.0</ele><time>2026-07-29T09:31:02.074Z</time></trkpt><trkpt lat="46.14588167" lon="4.42598333"><ele>770.0</ele><time>2026-07-29T09:31:03.074Z</time></trkpt><trkpt lat="46.145875" lon="4.42598167"><ele>770.0</ele><time>2026-07-29T09:31:04.073Z</time></trkpt><trkpt lat="46.145865" lon="4.42598"><ele>770.0</ele><time>2026-07-29T09:31:05.073Z</time></trkpt><trkpt lat="46.145855" lon="4.42597833"><ele>770.0</ele><time>2026-07-29T09:31:06.073Z</time></trkpt><trkpt lat="46.145845" lon="4.425975"><ele>770.0</ele><time>2026-07-29T09:31:07.073Z</time></trkpt><trkpt lat="46.14583333" lon="4.42597167"><ele>770.0</ele><time>2026-07-29T09:31:08.074Z</time></trkpt><trkpt lat="46.14582167" lon="4.42597167"><ele>770.0</ele><time>2026-07-29T09:31:09.073Z</time></trkpt><trkpt lat="46.14581167" lon="4.42596833"><ele>770.0</ele><time>2026-07-29T09:31:10.074Z</time></trkpt><trkpt lat="46.14580167" lon="4.42597"><ele>770.0</ele><time>2026-07-29T09:31:11.073Z</time></trkpt><trkpt lat="46.14579" lon="4.42597"><ele>771.0</ele><time>2026-07-29T09:31:12.073Z</time></trkpt><trkpt lat="46.14578" lon="4.42596833"><ele>771.0</ele><time>2026-07-29T09:31:13.074Z</time></trkpt><trkpt lat="46.14577" lon="4.42596833"><ele>770.0</ele><time>2026-07-29T09:31:14.073Z</time></trkpt><trkpt lat="46.14576" lon="4.42596667"><ele>770.0</ele><time>2026-07-29T09:31:15.074Z</time></trkpt><trkpt lat="46.14574833" lon="4.42596667"><ele>770.0</ele><time>2026-07-29T09:31:16.073Z</time></trkpt><trkpt lat="46.14573833" lon="4.425965"><ele>770.0</ele><time>2026-07-29T09:31:17.074Z</time></trkpt><trkpt lat="46.14572833" lon="4.42596333"><ele>770.0</ele><time>2026-07-29T09:31:18.073Z</time></trkpt><trkpt lat="46.14571833" lon="4.42596167"><ele>770.0</ele><time>2026-07-29T09:31:19.074Z</time></trkpt><trkpt lat="46.14570833" lon="4.42596"><ele>770.0</ele><time>2026-07-29T09:31:20.073Z</time></trkpt><trkpt lat="46.1457" lon="4.42595833"><ele>770.0</ele><time>2026-07-29T09:31:21.074Z</time></trkpt><trkpt lat="46.14569167" lon="4.42595667"><ele>770.0</ele><time>2026-07-29T09:31:22.074Z</time></trkpt><trkpt lat="46.14568333" lon="4.42595167"><ele>770.0</ele><time>2026-07-29T09:31:23.073Z</time></trkpt><trkpt lat="46.14567667" lon="4.42595167"><ele>770.0</ele><time>2026-07-29T09:31:24.074Z</time></trkpt><trkpt lat="46.14567" lon="4.42595333"><ele>770.0</ele><time>2026-07-29T09:31:25.073Z</time></trkpt><trkpt lat="46.14566167" lon="4.425955"><ele>770.0</ele><time>2026-07-29T09:31:26.073Z</time></trkpt><trkpt lat="46.14565" lon="4.42595667"><ele>770.0</ele><time>2026-07-29T09:31:27.073Z</time></trkpt><trkpt lat="46.14564" lon="4.42595833"><ele>770.0</ele><time>2026-07-29T09:31:28.074Z</time></trkpt><trkpt lat="46.14563" lon="4.42596"><ele>770.0</ele><time>2026-07-29T09:31:29.074Z</time></trkpt><trkpt lat="46.14562167" lon="4.425965"><ele>770.0</ele><time>2026-07-29T09:31:30.074Z</time></trkpt><trkpt lat="46.14561" lon="4.42596833"><ele>770.0</ele><time>2026-07-29T09:31:31.073Z</time></trkpt><trkpt lat="46.14559833" lon="4.42597333"><ele>770.0</ele><time>2026-07-29T09:31:32.073Z</time></trkpt><trkpt lat="46.14559" lon="4.42597"><ele>770.0</ele><time>2026-07-29T09:31:33.073Z</time></trkpt><trkpt lat="46.14558333" lon="4.425965"><ele>770.0</ele><time>2026-07-29T09:31:34.073Z</time></trkpt><trkpt lat="46.14557667" lon="4.42596167"><ele>771.0</ele><time>2026-07-29T09:31:35.073Z</time></trkpt><trkpt lat="46.14557" lon="4.42595833"><ele>771.0</ele><time>2026-07-29T09:31:36.073Z</time></trkpt><trkpt lat="46.14556333" lon="4.42596"><ele>772.0</ele><time>2026-07-29T09:31:37.073Z</time></trkpt><trkpt lat="46.14555167" lon="4.42595833"><ele>773.0</ele><time>2026-07-29T09:31:38.073Z</time></trkpt><trkpt lat="46.14554167" lon="4.42596"><ele>773.0</ele><time>2026-07-29T09:31:39.074Z</time></trkpt><trkpt lat="46.14553" lon="4.42595667"><ele>773.0</ele><time>2026-07-29T09:31:40.074Z</time></trkpt><trkpt lat="46.14552167" lon="4.42594833"><ele>774.0</ele><time>2026-07-29T09:31:41.073Z</time></trkpt><trkpt lat="46.14551167" lon="4.42594"><ele>774.0</ele><time>2026-07-29T09:31:42.073Z</time></trkpt><trkpt lat="46.14550167" lon="4.42594"><ele>775.0</ele><time>2026-07-29T09:31:43.074Z</time></trkpt><trkpt lat="46.145495" lon="4.42593833"><ele>775.0</ele><time>2026-07-29T09:31:44.074Z</time></trkpt><trkpt lat="46.14548" lon="4.42593167"><ele>775.0</ele><time>2026-07-29T09:31:45.073Z</time></trkpt><trkpt lat="46.14546667" lon="4.425925"><ele>776.0</ele><time>2026-07-29T09:31:46.073Z</time></trkpt><trkpt lat="46.14545833" lon="4.42592"><ele>776.0</ele><time>2026-07-29T09:31:47.073Z</time></trkpt><trkpt lat="46.14545" lon="4.42591667"><ele>776.0</ele><time>2026-07-29T09:31:48.074Z</time></trkpt><trkpt lat="46.14544" lon="4.42591667"><ele>777.0</ele><time>2026-07-29T09:31:49.073Z</time></trkpt><trkpt lat="46.14543167" lon="4.42591833"><ele>777.0</ele><time>2026-07-29T09:31:50.074Z</time></trkpt><trkpt lat="46.14542" lon="4.42592167"><ele>777.0</ele><time>2026-07-29T09:31:51.074Z</time></trkpt><trkpt lat="46.14540833" lon="4.42592167"><ele>777.0</ele><time>2026-07-29T09:31:52.073Z</time></trkpt><trkpt lat="46.14539833" lon="4.42592167"><ele>778.0</ele><time>2026-07-29T09:31:53.073Z</time></trkpt><trkpt lat="46.14538833" lon="4.42592"><ele>778.0</ele><time>2026-07-29T09:31:54.074Z</time></trkpt><trkpt lat="46.14537667" lon="4.42592"><ele>778.0</ele><time>2026-07-29T09:31:55.074Z</time></trkpt><trkpt lat="46.14536667" lon="4.42592"><ele>778.0</ele><time>2026-07-29T09:31:56.073Z</time></trkpt><trkpt lat="46.14535833" lon="4.42591833"><ele>779.0</ele><time>2026-07-29T09:31:57.074Z</time></trkpt><trkpt lat="46.14534833" lon="4.42591667"><ele>779.0</ele><time>2026-07-29T09:31:58.073Z</time></trkpt><trkpt lat="46.14534" lon="4.42591333"><ele>779.0</ele><time>2026-07-29T09:31:59.074Z</time></trkpt><trkpt lat="46.14533167" lon="4.42591"><ele>779.0</ele><time>2026-07-29T09:32:00.074Z</time></trkpt><trkpt lat="46.14532333" lon="4.42590667"><ele>779.0</ele><time>2026-07-29T09:32:01.073Z</time></trkpt><trkpt lat="46.145315" lon="4.42590167"><ele>779.0</ele><time>2026-07-29T09:32:02.073Z</time></trkpt><trkpt lat="46.14530333" lon="4.42590167"><ele>779.0</ele><time>2026-07-29T09:32:03.073Z</time></trkpt><trkpt lat="46.14529" lon="4.42590333"><ele>779.0</ele><time>2026-07-29T09:32:04.074Z</time></trkpt><trkpt lat="46.14527833" lon="4.42590167"><ele>779.0</ele><time>2026-07-29T09:32:05.073Z</time></trkpt><trkpt lat="46.14526833" lon="4.425895"><ele>780.0</ele><time>2026-07-29T09:32:06.074Z</time></trkpt><trkpt lat="46.14526" lon="4.42589"><ele>780.0</ele><time>2026-07-29T09:32:07.074Z</time></trkpt><trkpt lat="46.14525167" lon="4.42588667"><ele>780.0</ele><time>2026-07-29T09:32:08.073Z</time></trkpt><trkpt lat="46.14524167" lon="4.42588167"><ele>781.0</ele><time>2026-07-29T09:32:09.073Z</time></trkpt><trkpt lat="46.14523333" lon="4.425875"><ele>781.0</ele><time>2026-07-29T09:32:10.073Z</time></trkpt><trkpt lat="46.14522333" lon="4.425865"><ele>781.0</ele><time>2026-07-29T09:32:11.074Z</time></trkpt><trkpt lat="46.14521167" lon="4.425855"><ele>781.0</ele><time>2026-07-29T09:32:12.073Z</time></trkpt><trkpt lat="46.14520167" lon="4.42584667"><ele>781.0</ele><time>2026-07-29T09:32:13.073Z</time></trkpt><trkpt lat="46.14519167" lon="4.425845"><ele>781.0</ele><time>2026-07-29T09:32:14.073Z</time></trkpt><trkpt lat="46.14518" lon="4.425845"><ele>781.0</ele><time>2026-07-29T09:32:15.074Z</time></trkpt><trkpt lat="46.14516667" lon="4.425845"><ele>781.0</ele><time>2026-07-29T09:32:16.074Z</time></trkpt><trkpt lat="46.145155" lon="4.42584167"><ele>781.0</ele><time>2026-07-29T09:32:17.073Z</time></trkpt><trkpt lat="46.14514333" lon="4.42583667"><ele>781.0</ele><time>2026-07-29T09:32:18.073Z</time></trkpt><trkpt lat="46.14513" lon="4.42583167"><ele>780.0</ele><time>2026-07-29T09:32:19.073Z</time></trkpt><trkpt lat="46.145115" lon="4.42583333"><ele>780.0</ele><time>2026-07-29T09:32:20.074Z</time></trkpt><trkpt lat="46.14510333" lon="4.42583167"><ele>779.0</ele><time>2026-07-29T09:32:21.073Z</time></trkpt><trkpt lat="46.14509167" lon="4.42583167"><ele>779.0</ele><time>2026-07-29T09:32:22.073Z</time></trkpt><trkpt lat="46.14507833" lon="4.42583167"><ele>779.0</ele><time>2026-07-29T09:32:23.074Z</time></trkpt><trkpt lat="46.145065" lon="4.42583167"><ele>779.0</ele><time>2026-07-29T09:32:24.073Z</time></trkpt><trkpt lat="46.14505" lon="4.42582167"><ele>779.0</ele><time>2026-07-29T09:32:25.073Z</time></trkpt><trkpt lat="46.14504" lon="4.42581167"><ele>779.0</ele><time>2026-07-29T09:32:26.074Z</time></trkpt><trkpt lat="46.14503167" lon="4.42580333"><ele>779.0</ele><time>2026-07-29T09:32:27.074Z</time></trkpt><trkpt lat="46.14502" lon="4.42579833"><ele>779.0</ele><time>2026-07-29T09:32:28.073Z</time></trkpt><trkpt lat="46.14501" lon="4.42579667"><ele>779.0</ele><time>2026-07-29T09:32:29.074Z</time></trkpt><trkpt lat="46.144995" lon="4.425785"><ele>780.0</ele><time>2026-07-29T09:32:30.074Z</time></trkpt><trkpt lat="46.14498167" lon="4.42577667"><ele>780.0</ele><time>2026-07-29T09:32:31.074Z</time></trkpt><trkpt lat="46.14496667" lon="4.425775"><ele>780.0</ele><time>2026-07-29T09:32:32.074Z</time></trkpt><trkpt lat="46.14495667" lon="4.42577"><ele>780.0</ele><time>2026-07-29T09:32:33.074Z</time></trkpt><trkpt lat="46.14494667" lon="4.42576167"><ele>780.0</ele><time>2026-07-29T09:32:34.073Z</time></trkpt><trkpt lat="46.14493833" lon="4.42576"><ele>781.0</ele><time>2026-07-29T09:32:35.074Z</time></trkpt><trkpt lat="46.14492833" lon="4.42574833"><ele>781.0</ele><time>2026-07-29T09:32:36.074Z</time></trkpt><trkpt lat="46.14492167" lon="4.42574167"><ele>781.0</ele><time>2026-07-29T09:32:37.074Z</time></trkpt><trkpt lat="46.14491" lon="4.42573833"><ele>782.0</ele><time>2026-07-29T09:32:38.073Z</time></trkpt><trkpt lat="46.144895" lon="4.425735"><ele>782.0</ele><time>2026-07-29T09:32:39.073Z</time></trkpt><trkpt lat="46.14488167" lon="4.42573167"><ele>782.0</ele><time>2026-07-29T09:32:40.074Z</time></trkpt><trkpt lat="46.144865" lon="4.42573"><ele>783.0</ele><time>2026-07-29T09:32:41.073Z</time></trkpt><trkpt lat="46.14485167" lon="4.42572667"><ele>783.0</ele><time>2026-07-29T09:32:42.073Z</time></trkpt><trkpt lat="46.14484" lon="4.42572167"><ele>783.0</ele><time>2026-07-29T09:32:43.073Z</time></trkpt><trkpt lat="46.14483" lon="4.42572167"><ele>784.0</ele><time>2026-07-29T09:32:44.073Z</time></trkpt><trkpt lat="46.14481667" lon="4.42572"><ele>784.0</ele><time>2026-07-29T09:32:45.073Z</time></trkpt><trkpt lat="46.144805" lon="4.425715"><ele>785.0</ele><time>2026-07-29T09:32:46.074Z</time></trkpt><trkpt lat="46.14479167" lon="4.42571"><ele>785.0</ele><time>2026-07-29T09:32:47.073Z</time></trkpt><trkpt lat="46.14477833" lon="4.42570167"><ele>785.0</ele><time>2026-07-29T09:32:48.073Z</time></trkpt><trkpt lat="46.14476333" lon="4.42569167"><ele>785.0</ele><time>2026-07-29T09:32:49.074Z</time></trkpt><trkpt lat="46.14475" lon="4.42567833"><ele>785.0</ele><time>2026-07-29T09:32:50.074Z</time></trkpt><trkpt lat="46.14473833" lon="4.42566333"><ele>785.0</ele><time>2026-07-29T09:32:51.073Z</time></trkpt><trkpt lat="46.144725" lon="4.42565167"><ele>785.0</ele><time>2026-07-29T09:32:52.073Z</time></trkpt><trkpt lat="46.144715" lon="4.42564"><ele>785.0</ele><time>2026-07-29T09:32:53.073Z</time></trkpt><trkpt lat="46.14470333" lon="4.42563"><ele>785.0</ele><time>2026-07-29T09:32:54.073Z</time></trkpt><trkpt lat="46.14469333" lon="4.42562"><ele>785.0</ele><time>2026-07-29T09:32:55.074Z</time></trkpt><trkpt lat="46.14468167" lon="4.42561167"><ele>785.0</ele><time>2026-07-29T09:32:56.074Z</time></trkpt><trkpt lat="46.14467167" lon="4.42561"><ele>786.0</ele><time>2026-07-29T09:32:57.074Z</time></trkpt><trkpt lat="46.14465833" lon="4.425605"><ele>786.0</ele><time>2026-07-29T09:32:58.074Z</time></trkpt><trkpt lat="46.14464333" lon="4.42559167"><ele>787.0</ele><time>2026-07-29T09:32:59.073Z</time></trkpt><trkpt lat="46.14462667" lon="4.42558"><ele>787.0</ele><time>2026-07-29T09:33:00.074Z</time></trkpt><trkpt lat="46.14461667" lon="4.42557167"><ele>787.0</ele><time>2026-07-29T09:33:01.073Z</time></trkpt><trkpt lat="46.14460667" lon="4.425565"><ele>788.0</ele><time>2026-07-29T09:33:02.073Z</time></trkpt><trkpt lat="46.144595" lon="4.42555167"><ele>788.0</ele><time>2026-07-29T09:33:03.073Z</time></trkpt><trkpt lat="46.14458167" lon="4.42553333"><ele>788.0</ele><time>2026-07-29T09:33:04.073Z</time></trkpt><trkpt lat="46.14457" lon="4.42550833"><ele>788.0</ele><time>2026-07-29T09:33:05.074Z</time></trkpt><trkpt lat="46.14456" lon="4.42548833"><ele>788.0</ele><time>2026-07-29T09:33:06.073Z</time></trkpt><trkpt lat="46.14455" lon="4.425475"><ele>789.0</ele><time>2026-07-29T09:33:07.074Z</time></trkpt><trkpt lat="46.14453667" lon="4.42546667"><ele>789.0</ele><time>2026-07-29T09:33:08.074Z</time></trkpt><trkpt lat="46.14451833" lon="4.42545833"><ele>789.0</ele><time>2026-07-29T09:33:09.074Z</time></trkpt><trkpt lat="46.14449667" lon="4.42544667"><ele>789.0</ele><time>2026-07-29T09:33:10.074Z</time></trkpt><trkpt lat="46.14447667" lon="4.42543167"><ele>790.0</ele><time>2026-07-29T09:33:11.073Z</time></trkpt><trkpt lat="46.14446667" lon="4.425425"><ele>790.0</ele><time>2026-07-29T09:33:12.074Z</time></trkpt><trkpt lat="46.14445667" lon="4.42541167"><ele>790.0</ele><time>2026-07-29T09:33:13.073Z</time></trkpt><trkpt lat="46.14444667" lon="4.425405"><ele>791.0</ele><time>2026-07-29T09:33:14.073Z</time></trkpt><trkpt lat="46.14443333" lon="4.4254"><ele>791.0</ele><time>2026-07-29T09:33:15.074Z</time></trkpt><trkpt lat="46.14442" lon="4.42539667"><ele>792.0</ele><time>2026-07-29T09:33:16.074Z</time></trkpt><trkpt lat="46.144405" lon="4.42538667"><ele>792.0</ele><time>2026-07-29T09:33:17.073Z</time></trkpt><trkpt lat="46.14439" lon="4.42537333"><ele>793.0</ele><time>2026-07-29T09:33:18.073Z</time></trkpt><trkpt lat="46.144375" lon="4.42535667"><ele>793.0</ele><time>2026-07-29T09:33:19.074Z</time></trkpt><trkpt lat="46.14436833" lon="4.425345"><ele>793.0</ele><time>2026-07-29T09:33:20.073Z</time></trkpt><trkpt lat="46.14436" lon="4.42533"><ele>794.0</ele><time>2026-07-29T09:33:21.074Z</time></trkpt><trkpt lat="46.14435167" lon="4.42531833"><ele>794.0</ele><time>2026-07-29T09:33:22.073Z</time></trkpt><trkpt lat="46.14434" lon="4.42530333"><ele>794.0</ele><time>2026-07-29T09:33:23.073Z</time></trkpt><trkpt lat="46.14432667" lon="4.42529"><ele>794.0</ele><time>2026-07-29T09:33:24.073Z</time></trkpt><trkpt lat="46.14431667" lon="4.42528167"><ele>794.0</ele><time>2026-07-29T09:33:25.074Z</time></trkpt><trkpt lat="46.14430833" lon="4.42527667"><ele>794.0</ele><time>2026-07-29T09:33:26.074Z</time></trkpt><trkpt lat="46.14429667" lon="4.42526833"><ele>795.0</ele><time>2026-07-29T09:33:27.073Z</time></trkpt><trkpt lat="46.144285" lon="4.42526167"><ele>795.0</ele><time>2026-07-29T09:33:28.074Z</time></trkpt><trkpt lat="46.144275" lon="4.42525333"><ele>795.0</ele><time>2026-07-29T09:33:29.074Z</time></trkpt><trkpt lat="46.144265" lon="4.42524333"><ele>796.0</ele><time>2026-07-29T09:33:30.074Z</time></trkpt><trkpt lat="46.144255" lon="4.42523667"><ele>796.0</ele><time>2026-07-29T09:33:31.074Z</time></trkpt><trkpt lat="46.14424333" lon="4.42522833"><ele>796.0</ele><time>2026-07-29T09:33:32.073Z</time></trkpt><trkpt lat="46.14422667" lon="4.42521833"><ele>796.0</ele><time>2026-07-29T09:33:33.073Z</time></trkpt><trkpt lat="46.14421333" lon="4.42520667"><ele>796.0</ele><time>2026-07-29T09:33:34.074Z</time></trkpt><trkpt lat="46.14419833" lon="4.42519667"><ele>796.0</ele><time>2026-07-29T09:33:35.073Z</time></trkpt><trkpt lat="46.14418167" lon="4.42518667"><ele>796.0</ele><time>2026-07-29T09:33:36.073Z</time></trkpt><trkpt lat="46.14417" lon="4.425165"><ele>796.0</ele><time>2026-07-29T09:33:37.074Z</time></trkpt><trkpt lat="46.14415167" lon="4.425135"><ele>796.0</ele><time>2026-07-29T09:33:38.074Z</time></trkpt><trkpt lat="46.14413667" lon="4.42510667"><ele>796.0</ele><time>2026-07-29T09:33:39.074Z</time></trkpt><trkpt lat="46.14412167" lon="4.42508833"><ele>795.0</ele><time>2026-07-29T09:33:40.073Z</time></trkpt><trkpt lat="46.14411" lon="4.42507333"><ele>795.0</ele><time>2026-07-29T09:33:41.074Z</time></trkpt><trkpt lat="46.14410333" lon="4.42506167"><ele>795.0</ele><time>2026-07-29T09:33:42.073Z</time></trkpt><trkpt lat="46.14409333" lon="4.42504667"><ele>794.0</ele><time>2026-07-29T09:33:43.074Z</time></trkpt><trkpt lat="46.14408" lon="4.42504"><ele>794.0</ele><time>2026-07-29T09:33:44.073Z</time></trkpt><trkpt lat="46.14406333" lon="4.42503167"><ele>793.0</ele><time>2026-07-29T09:33:45.074Z</time></trkpt><trkpt lat="46.14404833" lon="4.42502667"><ele>793.0</ele><time>2026-07-29T09:33:46.073Z</time></trkpt><trkpt lat="46.14403333" lon="4.42501667"><ele>792.0</ele><time>2026-07-29T09:33:47.074Z</time></trkpt><trkpt lat="46.14401333" lon="4.42500833"><ele>792.0</ele><time>2026-07-29T09:33:48.074Z</time></trkpt><trkpt lat="46.14399833" lon="4.42500167"><ele>792.0</ele><time>2026-07-29T09:33:49.073Z</time></trkpt><trkpt lat="46.14399" lon="4.42500167"><ele>792.0</ele><time>2026-07-29T09:33:50.073Z</time></trkpt><trkpt lat="46.143985" lon="4.425"><ele>792.0</ele><time>2026-07-29T09:33:51.073Z</time></trkpt><trkpt lat="46.14398167" lon="4.424995"><ele>792.0</ele><time>2026-07-29T09:33:52.073Z</time></trkpt><trkpt lat="46.14397667" lon="4.42499"><ele>792.0</ele><time>2026-07-29T09:33:53.073Z</time></trkpt><trkpt lat="46.14397" lon="4.42497833"><ele>792.0</ele><time>2026-07-29T09:33:54.074Z</time></trkpt><trkpt lat="46.14395833" lon="4.42496"><ele>792.0</ele><time>2026-07-29T09:33:55.073Z</time></trkpt><trkpt lat="46.14394167" lon="4.42494"><ele>792.0</ele><time>2026-07-29T09:33:56.074Z</time></trkpt><trkpt lat="46.14392" lon="4.42492"><ele>792.0</ele><time>2026-07-29T09:33:57.073Z</time></trkpt><trkpt lat="46.1439" lon="4.42491167"><ele>792.0</ele><time>2026-07-29T09:33:58.074Z</time></trkpt><trkpt lat="46.14388167" lon="4.4249"><ele>793.0</ele><time>2026-07-29T09:33:59.073Z</time></trkpt><trkpt lat="46.14386667" lon="4.42488833"><ele>793.0</ele><time>2026-07-29T09:34:00.074Z</time></trkpt><trkpt lat="46.143855" lon="4.42487667"><ele>793.0</ele><time>2026-07-29T09:34:01.073Z</time></trkpt><trkpt lat="46.14384333" lon="4.424865"><ele>793.0</ele><time>2026-07-29T09:34:02.073Z</time></trkpt><trkpt lat="46.14383167" lon="4.424855"><ele>793.0</ele><time>2026-07-29T09:34:03.074Z</time></trkpt><trkpt lat="46.14381833" lon="4.42484833"><ele>793.0</ele><time>2026-07-29T09:34:04.073Z</time></trkpt><trkpt lat="46.1438" lon="4.424845"><ele>793.0</ele><time>2026-07-29T09:34:05.073Z</time></trkpt><trkpt lat="46.14378833" lon="4.42483667"><ele>793.0</ele><time>2026-07-29T09:34:06.073Z</time></trkpt><trkpt lat="46.14378" lon="4.42482833"><ele>793.0</ele><time>2026-07-29T09:34:07.073Z</time></trkpt><trkpt lat="46.14377" lon="4.42481833"><ele>793.0</ele><time>2026-07-29T09:34:08.073Z</time></trkpt><trkpt lat="46.14375667" lon="4.42481"><ele>793.0</ele><time>2026-07-29T09:34:09.074Z</time></trkpt><trkpt lat="46.143745" lon="4.424795"><ele>793.0</ele><time>2026-07-29T09:34:10.073Z</time></trkpt><trkpt lat="46.14374167" lon="4.424785"><ele>793.0</ele><time>2026-07-29T09:34:11.073Z</time></trkpt><trkpt lat="46.143735" lon="4.42477167"><ele>793.0</ele><time>2026-07-29T09:34:12.073Z</time></trkpt><trkpt lat="46.14372667" lon="4.42475667"><ele>793.0</ele><time>2026-07-29T09:34:13.073Z</time></trkpt><trkpt lat="46.14371833" lon="4.42474667"><ele>793.0</ele><time>2026-07-29T09:34:14.074Z</time></trkpt><trkpt lat="46.14370667" lon="4.42473"><ele>793.0</ele><time>2026-07-29T09:34:15.074Z</time></trkpt><trkpt lat="46.143695" lon="4.424715"><ele>793.0</ele><time>2026-07-29T09:34:16.073Z</time></trkpt><trkpt lat="46.14368333" lon="4.4247"><ele>792.0</ele><time>2026-07-29T09:34:17.074Z</time></trkpt><trkpt lat="46.14367167" lon="4.42468"><ele>792.0</ele><time>2026-07-29T09:34:18.074Z</time></trkpt><trkpt lat="46.14366333" lon="4.424665"><ele>792.0</ele><time>2026-07-29T09:34:19.074Z</time></trkpt><trkpt lat="46.14365667" lon="4.42465667"><ele>791.0</ele><time>2026-07-29T09:34:20.073Z</time></trkpt><trkpt lat="46.14365" lon="4.42464333"><ele>791.0</ele><time>2026-07-29T09:34:21.073Z</time></trkpt><trkpt lat="46.14364" lon="4.42462833"><ele>791.0</ele><time>2026-07-29T09:34:22.074Z</time></trkpt><trkpt lat="46.14363167" lon="4.42461167"><ele>791.0</ele><time>2026-07-29T09:34:23.073Z</time></trkpt><trkpt lat="46.14362167" lon="4.42459833"><ele>791.0</ele><time>2026-07-29T09:34:24.074Z</time></trkpt><trkpt lat="46.14361167" lon="4.42458667"><ele>791.0</ele><time>2026-07-29T09:34:25.074Z</time></trkpt><trkpt lat="46.14360333" lon="4.42457667"><ele>792.0</ele><time>2026-07-29T09:34:26.074Z</time></trkpt><trkpt lat="46.14359833" lon="4.424565"><ele>792.0</ele><time>2026-07-29T09:34:27.073Z</time></trkpt><trkpt lat="46.14359167" lon="4.42455167"><ele>792.0</ele><time>2026-07-29T09:34:28.074Z</time></trkpt><trkpt lat="46.14358333" lon="4.42453833"><ele>792.0</ele><time>2026-07-29T09:34:29.073Z</time></trkpt><trkpt lat="46.143575" lon="4.424525"><ele>792.0</ele><time>2026-07-29T09:34:30.073Z</time></trkpt><trkpt lat="46.14356333" lon="4.42450833"><ele>792.0</ele><time>2026-07-29T09:34:31.074Z</time></trkpt><trkpt lat="46.14355" lon="4.42449"><ele>792.0</ele><time>2026-07-29T09:34:32.073Z</time></trkpt><trkpt lat="46.14353667" lon="4.42447"><ele>791.0</ele><time>2026-07-29T09:34:33.074Z</time></trkpt><trkpt lat="46.143525" lon="4.42445333"><ele>791.0</ele><time>2026-07-29T09:34:34.073Z</time></trkpt><trkpt lat="46.14351" lon="4.42443167"><ele>790.0</ele><time>2026-07-29T09:34:35.074Z</time></trkpt><trkpt lat="46.14349667" lon="4.424415"><ele>790.0</ele><time>2026-07-29T09:34:36.074Z</time></trkpt><trkpt lat="46.14348667" lon="4.424405"><ele>790.0</ele><time>2026-07-29T09:34:37.073Z</time></trkpt><trkpt lat="46.143475" lon="4.424395"><ele>789.0</ele><time>2026-07-29T09:34:38.073Z</time></trkpt><trkpt lat="46.14346167" lon="4.42438667"><ele>789.0</ele><time>2026-07-29T09:34:39.074Z</time></trkpt><trkpt lat="46.14344833" lon="4.42437333"><ele>788.0</ele><time>2026-07-29T09:34:40.073Z</time></trkpt><trkpt lat="46.14344" lon="4.42436167"><ele>788.0</ele><time>2026-07-29T09:34:41.073Z</time></trkpt><trkpt lat="46.14343333" lon="4.42434167"><ele>788.0</ele><time>2026-07-29T09:34:42.073Z</time></trkpt><trkpt lat="46.14343" lon="4.42432333"><ele>788.0</ele><time>2026-07-29T09:34:43.073Z</time></trkpt><trkpt lat="46.14342333" lon="4.42430333"><ele>788.0</ele><time>2026-07-29T09:34:44.073Z</time></trkpt><trkpt lat="46.14341333" lon="4.42428667"><ele>787.0</ele><time>2026-07-29T09:34:45.074Z</time></trkpt><trkpt lat="46.14340167" lon="4.424275"><ele>787.0</ele><time>2026-07-29T09:34:46.074Z</time></trkpt><trkpt lat="46.14339" lon="4.42426167"><ele>787.0</ele><time>2026-07-29T09:34:47.074Z</time></trkpt><trkpt lat="46.14338167" lon="4.424245"><ele>787.0</ele><time>2026-07-29T09:34:48.073Z</time></trkpt><trkpt lat="46.14337167" lon="4.42423167"><ele>787.0</ele><time>2026-07-29T09:34:49.073Z</time></trkpt><trkpt lat="46.14336333" lon="4.42421833"><ele>788.0</ele><time>2026-07-29T09:34:50.074Z</time></trkpt><trkpt lat="46.14335333" lon="4.42420333"><ele>788.0</ele><time>2026-07-29T09:34:51.073Z</time></trkpt><trkpt lat="46.14334333" lon="4.42419833"><ele>788.0</ele><time>2026-07-29T09:34:52.074Z</time></trkpt><trkpt lat="46.14333" lon="4.42418"><ele>789.0</ele><time>2026-07-29T09:34:53.074Z</time></trkpt><trkpt lat="46.14331833" lon="4.42415833"><ele>789.0</ele><time>2026-07-29T09:34:54.073Z</time></trkpt><trkpt lat="46.14331" lon="4.42414333"><ele>789.0</ele><time>2026-07-29T09:34:55.074Z</time></trkpt><trkpt lat="46.14330167" lon="4.424135"><ele>790.0</ele><time>2026-07-29T09:34:56.074Z</time></trkpt><trkpt lat="46.14329333" lon="4.424125"><ele>790.0</ele><time>2026-07-29T09:34:57.073Z</time></trkpt><trkpt lat="46.14328167" lon="4.42411833"><ele>790.0</ele><time>2026-07-29T09:34:58.073Z</time></trkpt><trkpt lat="46.14326833" lon="4.42410833"><ele>790.0</ele><time>2026-07-29T09:34:59.074Z</time></trkpt><trkpt lat="46.14325667" lon="4.42409833"><ele>789.0</ele><time>2026-07-29T09:35:00.074Z</time></trkpt><trkpt lat="46.14325" lon="4.424085"><ele>789.0</ele><time>2026-07-29T09:35:01.073Z</time></trkpt><trkpt lat="46.14324333" lon="4.42407333"><ele>789.0</ele><time>2026-07-29T09:35:02.073Z</time></trkpt><trkpt lat="46.143235" lon="4.42406"><ele>788.0</ele><time>2026-07-29T09:35:03.074Z</time></trkpt><trkpt lat="46.14323" lon="4.42405167"><ele>788.0</ele><time>2026-07-29T09:35:04.073Z</time></trkpt><trkpt lat="46.14322333" lon="4.424045"><ele>788.0</ele><time>2026-07-29T09:35:05.073Z</time></trkpt><trkpt lat="46.14321167" lon="4.424035"><ele>787.0</ele><time>2026-07-29T09:35:06.073Z</time></trkpt><trkpt lat="46.14320167" lon="4.42402167"><ele>787.0</ele><time>2026-07-29T09:35:07.073Z</time></trkpt><trkpt lat="46.143195" lon="4.42400667"><ele>787.0</ele><time>2026-07-29T09:35:08.074Z</time></trkpt><trkpt lat="46.14319" lon="4.42399667"><ele>787.0</ele><time>2026-07-29T09:35:09.073Z</time></trkpt><trkpt lat="46.143175" lon="4.423985"><ele>787.0</ele><time>2026-07-29T09:35:10.073Z</time></trkpt><trkpt lat="46.14315667" lon="4.42396667"><ele>786.0</ele><time>2026-07-29T09:35:11.073Z</time></trkpt><trkpt lat="46.14314333" lon="4.42395"><ele>786.0</ele><time>2026-07-29T09:35:12.073Z</time></trkpt><trkpt lat="46.14313333" lon="4.42393167"><ele>786.0</ele><time>2026-07-29T09:35:13.073Z</time></trkpt><trkpt lat="46.14312667" lon="4.42391333"><ele>785.0</ele><time>2026-07-29T09:35:14.074Z</time></trkpt><trkpt lat="46.14312167" lon="4.423895"><ele>785.0</ele><time>2026-07-29T09:35:15.074Z</time></trkpt><trkpt lat="46.14311667" lon="4.42388"><ele>785.0</ele><time>2026-07-29T09:35:16.074Z</time></trkpt><trkpt lat="46.14311333" lon="4.423875"><ele>784.0</ele><time>2026-07-29T09:35:17.073Z</time></trkpt><trkpt lat="46.14309667" lon="4.42386333"><ele>784.0</ele><time>2026-07-29T09:35:18.074Z</time></trkpt><trkpt lat="46.14308167" lon="4.42384333"><ele>784.0</ele><time>2026-07-29T09:35:19.074Z</time></trkpt><trkpt lat="46.14307167" lon="4.42383333"><ele>784.0</ele><time>2026-07-29T09:35:20.073Z</time></trkpt><trkpt lat="46.14306833" lon="4.42382167"><ele>784.0</ele><time>2026-07-29T09:35:21.073Z</time></trkpt><trkpt lat="46.14306333" lon="4.42380167"><ele>784.0</ele><time>2026-07-29T09:35:22.074Z</time></trkpt><trkpt lat="46.14306" lon="4.42378667"><ele>784.0</ele><time>2026-07-29T09:35:23.074Z</time></trkpt><trkpt lat="46.14305" lon="4.423775"><ele>784.0</ele><time>2026-07-29T09:35:24.073Z</time></trkpt><trkpt lat="46.14302833" lon="4.423755"><ele>784.0</ele><time>2026-07-29T09:35:25.074Z</time></trkpt><trkpt lat="46.14301" lon="4.42374333"><ele>784.0</ele><time>2026-07-29T09:35:26.074Z</time></trkpt><trkpt lat="46.143" lon="4.42373167"><ele>784.0</ele><time>2026-07-29T09:35:27.074Z</time></trkpt><trkpt lat="46.14298667" lon="4.42371833"><ele>785.0</ele><time>2026-07-29T09:35:28.073Z</time></trkpt><trkpt lat="46.142975" lon="4.42371"><ele>785.0</ele><time>2026-07-29T09:35:29.074Z</time></trkpt><trkpt lat="46.14296667" lon="4.423695"><ele>785.0</ele><time>2026-07-29T09:35:30.074Z</time></trkpt><trkpt lat="46.14295667" lon="4.42368"><ele>785.0</ele><time>2026-07-29T09:35:31.073Z</time></trkpt><trkpt lat="46.142945" lon="4.42366667"><ele>785.0</ele><time>2026-07-29T09:35:32.073Z</time></trkpt><trkpt lat="46.142935" lon="4.42365667"><ele>786.0</ele><time>2026-07-29T09:35:33.074Z</time></trkpt><trkpt lat="46.14292" lon="4.42364333"><ele>786.0</ele><time>2026-07-29T09:35:34.073Z</time></trkpt><trkpt lat="46.14290833" lon="4.42363167"><ele>786.0</ele><time>2026-07-29T09:35:35.073Z</time></trkpt><trkpt lat="46.142895" lon="4.42361667"><ele>786.0</ele><time>2026-07-29T09:35:36.074Z</time></trkpt><trkpt lat="46.142885" lon="4.42360333"><ele>786.0</ele><time>2026-07-29T09:35:37.073Z</time></trkpt><trkpt lat="46.14288167" lon="4.4236"><ele>786.0</ele><time>2026-07-29T09:35:38.074Z</time></trkpt><trkpt lat="46.14287333" lon="4.42359167"><ele>786.0</ele><time>2026-07-29T09:35:39.074Z</time></trkpt><trkpt lat="46.14285333" lon="4.42356333"><ele>786.0</ele><time>2026-07-29T09:35:40.073Z</time></trkpt><trkpt lat="46.14284167" lon="4.42354333"><ele>786.0</ele><time>2026-07-29T09:35:41.073Z</time></trkpt><trkpt lat="46.14282333" lon="4.423525"><ele>786.0</ele><time>2026-07-29T09:35:42.073Z</time></trkpt><trkpt lat="46.14280833" lon="4.42350667"><ele>786.0</ele><time>2026-07-29T09:35:43.074Z</time></trkpt><trkpt lat="46.14279" lon="4.42349167"><ele>786.0</ele><time>2026-07-29T09:35:44.073Z</time></trkpt><trkpt lat="46.14278" lon="4.42348"><ele>786.0</ele><time>2026-07-29T09:35:45.073Z</time></trkpt><trkpt lat="46.142765" lon="4.42345833"><ele>786.0</ele><time>2026-07-29T09:35:46.073Z</time></trkpt><trkpt lat="46.14275167" lon="4.42344"><ele>786.0</ele><time>2026-07-29T09:35:47.073Z</time></trkpt><trkpt lat="46.14274" lon="4.42342333"><ele>786.0</ele><time>2026-07-29T09:35:48.073Z</time></trkpt><trkpt lat="46.14272833" lon="4.42340167"><ele>786.0</ele><time>2026-07-29T09:35:49.073Z</time></trkpt><trkpt lat="46.14271833" lon="4.42339167"><ele>786.0</ele><time>2026-07-29T09:35:50.074Z</time></trkpt><trkpt lat="46.142715" lon="4.42338"><ele>786.0</ele><time>2026-07-29T09:35:51.073Z</time></trkpt><trkpt lat="46.14270833" lon="4.42336"><ele>786.0</ele><time>2026-07-29T09:35:52.073Z</time></trkpt><trkpt lat="46.142705" lon="4.42334667"><ele>786.0</ele><time>2026-07-29T09:35:53.073Z</time></trkpt><trkpt lat="46.14270167" lon="4.42333667"><ele>786.0</ele><time>2026-07-29T09:35:54.074Z</time></trkpt><trkpt lat="46.14269667" lon="4.42332667"><ele>786.0</ele><time>2026-07-29T09:35:55.073Z</time></trkpt><trkpt lat="46.142695" lon="4.423315"><ele>786.0</ele><time>2026-07-29T09:35:56.073Z</time></trkpt><trkpt lat="46.14268333" lon="4.42329667"><ele>785.0</ele><time>2026-07-29T09:35:57.073Z</time></trkpt><trkpt lat="46.14268" lon="4.42328333"><ele>785.0</ele><time>2026-07-29T09:35:58.073Z</time></trkpt><trkpt lat="46.142675" lon="4.42326667"><ele>785.0</ele><time>2026-07-29T09:35:59.073Z</time></trkpt><trkpt lat="46.14267167" lon="4.423255"><ele>785.0</ele><time>2026-07-29T09:36:00.073Z</time></trkpt><trkpt lat="46.142665" lon="4.42323833"><ele>784.0</ele><time>2026-07-29T09:36:01.073Z</time></trkpt><trkpt lat="46.14266" lon="4.423225"><ele>784.0</ele><time>2026-07-29T09:36:02.073Z</time></trkpt><trkpt lat="46.14265667" lon="4.42320833"><ele>784.0</ele><time>2026-07-29T09:36:03.073Z</time></trkpt><trkpt lat="46.14265167" lon="4.42319333"><ele>783.0</ele><time>2026-07-29T09:36:04.073Z</time></trkpt><trkpt lat="46.14264833" lon="4.42318167"><ele>783.0</ele><time>2026-07-29T09:36:05.074Z</time></trkpt><trkpt lat="46.14264833" lon="4.42317167"><ele>782.0</ele><time>2026-07-29T09:36:06.073Z</time></trkpt><trkpt lat="46.14265" lon="4.42315167"><ele>782.0</ele><time>2026-07-29T09:36:07.074Z</time></trkpt><trkpt lat="46.14264667" lon="4.42313667"><ele>782.0</ele><time>2026-07-29T09:36:08.074Z</time></trkpt><trkpt lat="46.14264333" lon="4.42312"><ele>781.0</ele><time>2026-07-29T09:36:09.074Z</time></trkpt><trkpt lat="46.14263833" lon="4.4231"><ele>781.0</ele><time>2026-07-29T09:36:10.073Z</time></trkpt><trkpt lat="46.14263333" lon="4.423085"><ele>780.0</ele><time>2026-07-29T09:36:11.073Z</time></trkpt><trkpt lat="46.14262167" lon="4.42305"><ele>780.0</ele><time>2026-07-29T09:36:12.073Z</time></trkpt><trkpt lat="46.14260833" lon="4.42301667"><ele>779.0</ele><time>2026-07-29T09:36:13.074Z</time></trkpt><trkpt lat="46.14260667" lon="4.422985"><ele>779.0</ele><time>2026-07-29T09:36:14.074Z</time></trkpt><trkpt lat="46.14260333" lon="4.42296167"><ele>778.0</ele><time>2026-07-29T09:36:15.074Z</time></trkpt><trkpt lat="46.14259667" lon="4.42293833"><ele>777.0</ele><time>2026-07-29T09:36:16.074Z</time></trkpt><trkpt lat="46.14259" lon="4.422915"><ele>777.0</ele><time>2026-07-29T09:36:17.073Z</time></trkpt><trkpt lat="46.14258167" lon="4.42288333"><ele>776.0</ele><time>2026-07-29T09:36:18.073Z</time></trkpt><trkpt lat="46.14258" lon="4.42285"><ele>775.0</ele><time>2026-07-29T09:36:19.074Z</time></trkpt><trkpt lat="46.14258167" lon="4.42282167"><ele>775.0</ele><time>2026-07-29T09:36:20.074Z</time></trkpt><trkpt lat="46.142585" lon="4.42279667"><ele>774.0</ele><time>2026-07-29T09:36:21.073Z</time></trkpt><trkpt lat="46.142585" lon="4.422775"><ele>773.0</ele><time>2026-07-29T09:36:22.074Z</time></trkpt><trkpt lat="46.14258667" lon="4.422755"><ele>772.0</ele><time>2026-07-29T09:36:23.073Z</time></trkpt><trkpt lat="46.14258667" lon="4.42273167"><ele>771.0</ele><time>2026-07-29T09:36:24.073Z</time></trkpt><trkpt lat="46.14259" lon="4.42271333"><ele>770.0</ele><time>2026-07-29T09:36:25.074Z</time></trkpt><trkpt lat="46.142595" lon="4.42269167"><ele>769.0</ele><time>2026-07-29T09:36:26.074Z</time></trkpt><trkpt lat="46.1426" lon="4.42266167"><ele>768.0</ele><time>2026-07-29T09:36:27.074Z</time></trkpt><trkpt lat="46.1426" lon="4.42264"><ele>768.0</ele><time>2026-07-29T09:36:28.074Z</time></trkpt><trkpt lat="46.14260167" lon="4.42261833"><ele>767.0</ele><time>2026-07-29T09:36:29.074Z</time></trkpt><trkpt lat="46.14260333" lon="4.42259667"><ele>767.0</ele><time>2026-07-29T09:36:30.073Z</time></trkpt><trkpt lat="46.14261" lon="4.422575"><ele>766.0</ele><time>2026-07-29T09:36:31.073Z</time></trkpt><trkpt lat="46.14261333" lon="4.422555"><ele>766.0</ele><time>2026-07-29T09:36:32.074Z</time></trkpt><trkpt lat="46.14261333" lon="4.42253333"><ele>765.0</ele><time>2026-07-29T09:36:33.073Z</time></trkpt><trkpt lat="46.14261333" lon="4.42251"><ele>765.0</ele><time>2026-07-29T09:36:34.074Z</time></trkpt><trkpt lat="46.14261167" lon="4.42248333"><ele>764.0</ele><time>2026-07-29T09:36:35.074Z</time></trkpt><trkpt lat="46.14260833" lon="4.42245667"><ele>764.0</ele><time>2026-07-29T09:36:36.074Z</time></trkpt><trkpt lat="46.142605" lon="4.42243333"><ele>764.0</ele><time>2026-07-29T09:36:37.073Z</time></trkpt><trkpt lat="46.14260167" lon="4.42240833"><ele>764.0</ele><time>2026-07-29T09:36:38.073Z</time></trkpt><trkpt lat="46.14259667" lon="4.42238833"><ele>765.0</ele><time>2026-07-29T09:36:39.073Z</time></trkpt><trkpt lat="46.14259167" lon="4.42236667"><ele>765.0</ele><time>2026-07-29T09:36:40.073Z</time></trkpt><trkpt lat="46.14258667" lon="4.42234333"><ele>765.0</ele><time>2026-07-29T09:36:41.073Z</time></trkpt><trkpt lat="46.14258333" lon="4.42232333"><ele>764.0</ele><time>2026-07-29T09:36:42.073Z</time></trkpt><trkpt lat="46.14258" lon="4.42229833"><ele>764.0</ele><time>2026-07-29T09:36:43.073Z</time></trkpt><trkpt lat="46.14257333" lon="4.42228"><ele>764.0</ele><time>2026-07-29T09:36:44.073Z</time></trkpt><trkpt lat="46.14256833" lon="4.42226"><ele>764.0</ele><time>2026-07-29T09:36:45.073Z</time></trkpt><trkpt lat="46.14256333" lon="4.42224167"><ele>764.0</ele><time>2026-07-29T09:36:46.074Z</time></trkpt><trkpt lat="46.14255667" lon="4.42222167"><ele>764.0</ele><time>2026-07-29T09:36:47.074Z</time></trkpt><trkpt lat="46.14254833" lon="4.42220167"><ele>765.0</ele><time>2026-07-29T09:36:48.074Z</time></trkpt><trkpt lat="46.14254167" lon="4.42218167"><ele>765.0</ele><time>2026-07-29T09:36:49.073Z</time></trkpt><trkpt lat="46.14253667" lon="4.42216167"><ele>765.0</ele><time>2026-07-29T09:36:50.073Z</time></trkpt><trkpt lat="46.14253167" lon="4.422145"><ele>766.0</ele><time>2026-07-29T09:36:51.073Z</time></trkpt><trkpt lat="46.14252833" lon="4.42212667"><ele>766.0</ele><time>2026-07-29T09:36:52.074Z</time></trkpt><trkpt lat="46.14252333" lon="4.42210667"><ele>765.0</ele><time>2026-07-29T09:36:53.074Z</time></trkpt><trkpt lat="46.14251667" lon="4.422085"><ele>765.0</ele><time>2026-07-29T09:36:54.073Z</time></trkpt><trkpt lat="46.14250833" lon="4.42206667"><ele>765.0</ele><time>2026-07-29T09:36:55.074Z</time></trkpt><trkpt lat="46.1425" lon="4.42205"><ele>765.0</ele><time>2026-07-29T09:36:56.074Z</time></trkpt><trkpt lat="46.14249" lon="4.422035"><ele>765.0</ele><time>2026-07-29T09:36:57.073Z</time></trkpt><trkpt lat="46.14248167" lon="4.42202333"><ele>765.0</ele><time>2026-07-29T09:36:58.074Z</time></trkpt><trkpt lat="46.14247167" lon="4.42201833"><ele>765.0</ele><time>2026-07-29T09:36:59.074Z</time></trkpt><trkpt lat="46.14245833" lon="4.42200833"><ele>765.0</ele><time>2026-07-29T09:37:00.073Z</time></trkpt><trkpt lat="46.14244833" lon="4.421995"><ele>765.0</ele><time>2026-07-29T09:37:01.074Z</time></trkpt><trkpt lat="46.142435" lon="4.42198"><ele>765.0</ele><time>2026-07-29T09:37:02.074Z</time></trkpt><trkpt lat="46.14242167" lon="4.421965"><ele>765.0</ele><time>2026-07-29T09:37:03.073Z</time></trkpt><trkpt lat="46.14241" lon="4.42195333"><ele>765.0</ele><time>2026-07-29T09:37:04.074Z</time></trkpt><trkpt lat="46.14239667" lon="4.421935"><ele>765.0</ele><time>2026-07-29T09:37:05.074Z</time></trkpt><trkpt lat="46.14238167" lon="4.42192167"><ele>766.0</ele><time>2026-07-29T09:37:06.073Z</time></trkpt><trkpt lat="46.14237" lon="4.42191167"><ele>766.0</ele><time>2026-07-29T09:37:07.074Z</time></trkpt><trkpt lat="46.14235833" lon="4.42189833"><ele>766.0</ele><time>2026-07-29T09:37:08.074Z</time></trkpt><trkpt lat="46.14234667" lon="4.421885"><ele>766.0</ele><time>2026-07-29T09:37:09.073Z</time></trkpt><trkpt lat="46.14233667" lon="4.42187"><ele>766.0</ele><time>2026-07-29T09:37:10.073Z</time></trkpt><trkpt lat="46.14232333" lon="4.421855"><ele>766.0</ele><time>2026-07-29T09:37:11.074Z</time></trkpt><trkpt lat="46.14231167" lon="4.42183833"><ele>766.0</ele><time>2026-07-29T09:37:12.074Z</time></trkpt><trkpt lat="46.1423" lon="4.421825"><ele>766.0</ele><time>2026-07-29T09:37:13.073Z</time></trkpt><trkpt lat="46.14228833" lon="4.42181"><ele>765.0</ele><time>2026-07-29T09:37:14.074Z</time></trkpt><trkpt lat="46.14228" lon="4.42179833"><ele>765.0</ele><time>2026-07-29T09:37:15.073Z</time></trkpt><trkpt lat="46.14227" lon="4.421785"><ele>765.0</ele><time>2026-07-29T09:37:16.074Z</time></trkpt><trkpt lat="46.14226" lon="4.42177"><ele>764.0</ele><time>2026-07-29T09:37:17.074Z</time></trkpt><trkpt lat="46.14225167" lon="4.42175333"><ele>764.0</ele><time>2026-07-29T09:37:18.073Z</time></trkpt><trkpt lat="46.14224167" lon="4.42174"><ele>764.0</ele><time>2026-07-29T09:37:19.073Z</time></trkpt><trkpt lat="46.14222833" lon="4.42172667"><ele>764.0</ele><time>2026-07-29T09:37:20.074Z</time></trkpt><trkpt lat="46.14222" lon="4.42171167"><ele>764.0</ele><time>2026-07-29T09:37:21.074Z</time></trkpt><trkpt lat="46.14221" lon="4.421695"><ele>764.0</ele><time>2026-07-29T09:37:22.074Z</time></trkpt><trkpt lat="46.1422" lon="4.42167833"><ele>764.0</ele><time>2026-07-29T09:37:23.073Z</time></trkpt><trkpt lat="46.14219" lon="4.42166"><ele>764.0</ele><time>2026-07-29T09:37:24.074Z</time></trkpt><trkpt lat="46.14217833" lon="4.42164333"><ele>764.0</ele><time>2026-07-29T09:37:25.073Z</time></trkpt><trkpt lat="46.14216667" lon="4.42162833"><ele>764.0</ele><time>2026-07-29T09:37:26.074Z</time></trkpt><trkpt lat="46.142155" lon="4.42161333"><ele>764.0</ele><time>2026-07-29T09:37:27.074Z</time></trkpt><trkpt lat="46.142145" lon="4.4216"><ele>764.0</ele><time>2026-07-29T09:37:28.073Z</time></trkpt><trkpt lat="46.142135" lon="4.421585"><ele>764.0</ele><time>2026-07-29T09:37:29.073Z</time></trkpt><trkpt lat="46.142125" lon="4.42157167"><ele>765.0</ele><time>2026-07-29T09:37:30.074Z</time></trkpt><trkpt lat="46.14211333" lon="4.42155833"><ele>765.0</ele><time>2026-07-29T09:37:31.074Z</time></trkpt><trkpt lat="46.14210167" lon="4.42154167"><ele>764.0</ele><time>2026-07-29T09:37:32.073Z</time></trkpt><trkpt lat="46.14209167" lon="4.42152667"><ele>764.0</ele><time>2026-07-29T09:37:33.073Z</time></trkpt><trkpt lat="46.14208167" lon="4.42151"><ele>764.0</ele><time>2026-07-29T09:37:34.073Z</time></trkpt><trkpt lat="46.14207333" lon="4.42149333"><ele>764.0</ele><time>2026-07-29T09:37:35.074Z</time></trkpt><trkpt lat="46.142065" lon="4.421475"><ele>764.0</ele><time>2026-07-29T09:37:36.074Z</time></trkpt><trkpt lat="46.142055" lon="4.42145833"><ele>764.0</ele><time>2026-07-29T09:37:37.074Z</time></trkpt><trkpt lat="46.14204667" lon="4.42144333"><ele>763.0</ele><time>2026-07-29T09:37:38.073Z</time></trkpt><trkpt lat="46.14203833" lon="4.42142667"><ele>763.0</ele><time>2026-07-29T09:37:39.073Z</time></trkpt><trkpt lat="46.14202833" lon="4.42141167"><ele>763.0</ele><time>2026-07-29T09:37:40.073Z</time></trkpt><trkpt lat="46.14202167" lon="4.42139333"><ele>763.0</ele><time>2026-07-29T09:37:41.074Z</time></trkpt><trkpt lat="46.14201167" lon="4.421375"><ele>762.0</ele><time>2026-07-29T09:37:42.073Z</time></trkpt><trkpt lat="46.142005" lon="4.421355"><ele>762.0</ele><time>2026-07-29T09:37:43.073Z</time></trkpt><trkpt lat="46.14199667" lon="4.421335"><ele>762.0</ele><time>2026-07-29T09:37:44.073Z</time></trkpt><trkpt lat="46.14198833" lon="4.421315"><ele>762.0</ele><time>2026-07-29T09:37:45.073Z</time></trkpt><trkpt lat="46.14198333" lon="4.42129833"><ele>762.0</ele><time>2026-07-29T09:37:46.073Z</time></trkpt><trkpt lat="46.14197833" lon="4.42128167"><ele>762.0</ele><time>2026-07-29T09:37:47.073Z</time></trkpt><trkpt lat="46.14197167" lon="4.42126667"><ele>762.0</ele><time>2026-07-29T09:37:48.074Z</time></trkpt><trkpt lat="46.141965" lon="4.42125"><ele>762.0</ele><time>2026-07-29T09:37:49.074Z</time></trkpt><trkpt lat="46.141955" lon="4.421235"><ele>762.0</ele><time>2026-07-29T09:37:50.073Z</time></trkpt><trkpt lat="46.14194667" lon="4.42121667"><ele>762.0</ele><time>2026-07-29T09:37:51.073Z</time></trkpt><trkpt lat="46.14194" lon="4.421195"><ele>762.0</ele><time>2026-07-29T09:37:52.073Z</time></trkpt><trkpt lat="46.14193" lon="4.42117333"><ele>762.0</ele><time>2026-07-29T09:37:53.073Z</time></trkpt><trkpt lat="46.14192333" lon="4.421155"><ele>762.0</ele><time>2026-07-29T09:37:54.074Z</time></trkpt><trkpt lat="46.141915" lon="4.42113667"><ele>762.0</ele><time>2026-07-29T09:37:55.074Z</time></trkpt><trkpt lat="46.14191" lon="4.42111167"><ele>761.0</ele><time>2026-07-29T09:37:56.073Z</time></trkpt><trkpt lat="46.14190167" lon="4.42108833"><ele>761.0</ele><time>2026-07-29T09:37:57.073Z</time></trkpt><trkpt lat="46.14189333" lon="4.42106833"><ele>761.0</ele><time>2026-07-29T09:37:58.074Z</time></trkpt><trkpt lat="46.14188667" lon="4.42105"><ele>761.0</ele><time>2026-07-29T09:37:59.074Z</time></trkpt><trkpt lat="46.14188" lon="4.42103167"><ele>761.0</ele><time>2026-07-29T09:38:00.073Z</time></trkpt><trkpt lat="46.14187167" lon="4.421015"><ele>761.0</ele><time>2026-07-29T09:38:01.074Z</time></trkpt><trkpt lat="46.14186667" lon="4.420995"><ele>762.0</ele><time>2026-07-29T09:38:02.073Z</time></trkpt><trkpt lat="46.14186" lon="4.42097667"><ele>762.0</ele><time>2026-07-29T09:38:03.073Z</time></trkpt><trkpt lat="46.14185333" lon="4.42096"><ele>762.0</ele><time>2026-07-29T09:38:04.074Z</time></trkpt><trkpt lat="46.14184667" lon="4.42094167"><ele>762.0</ele><time>2026-07-29T09:38:05.074Z</time></trkpt><trkpt lat="46.14183667" lon="4.42092333"><ele>762.0</ele><time>2026-07-29T09:38:06.073Z</time></trkpt><trkpt lat="46.14182833" lon="4.42090833"><ele>763.0</ele><time>2026-07-29T09:38:07.073Z</time></trkpt><trkpt lat="46.14181833" lon="4.42089333"><ele>763.0</ele><time>2026-07-29T09:38:08.073Z</time></trkpt><trkpt lat="46.14181167" lon="4.42087667"><ele>764.0</ele><time>2026-07-29T09:38:09.073Z</time></trkpt><trkpt lat="46.14180333" lon="4.42086167"><ele>764.0</ele><time>2026-07-29T09:38:10.073Z</time></trkpt><trkpt lat="46.14179667" lon="4.42084667"><ele>764.0</ele><time>2026-07-29T09:38:11.073Z</time></trkpt><trkpt lat="46.14178833" lon="4.42083333"><ele>764.0</ele><time>2026-07-29T09:38:12.074Z</time></trkpt><trkpt lat="46.14178167" lon="4.42081667"><ele>764.0</ele><time>2026-07-29T09:38:13.074Z</time></trkpt><trkpt lat="46.14177333" lon="4.42080333"><ele>765.0</ele><time>2026-07-29T09:38:14.074Z</time></trkpt><trkpt lat="46.141765" lon="4.42079167"><ele>765.0</ele><time>2026-07-29T09:38:15.073Z</time></trkpt><trkpt lat="46.14176" lon="4.42077667"><ele>765.0</ele><time>2026-07-29T09:38:16.074Z</time></trkpt><trkpt lat="46.141755" lon="4.42076"><ele>765.0</ele><time>2026-07-29T09:38:17.074Z</time></trkpt><trkpt lat="46.14174833" lon="4.42074333"><ele>766.0</ele><time>2026-07-29T09:38:18.074Z</time></trkpt><trkpt lat="46.14174" lon="4.42072833"><ele>766.0</ele><time>2026-07-29T09:38:19.073Z</time></trkpt><trkpt lat="46.14173333" lon="4.42071333"><ele>766.0</ele><time>2026-07-29T09:38:20.073Z</time></trkpt><trkpt lat="46.14172667" lon="4.42070167"><ele>766.0</ele><time>2026-07-29T09:38:21.073Z</time></trkpt><trkpt lat="46.14172167" lon="4.42068667"><ele>766.0</ele><time>2026-07-29T09:38:22.074Z</time></trkpt><trkpt lat="46.14171333" lon="4.42067"><ele>766.0</ele><time>2026-07-29T09:38:23.073Z</time></trkpt><trkpt lat="46.14170667" lon="4.42065167"><ele>766.0</ele><time>2026-07-29T09:38:24.073Z</time></trkpt><trkpt lat="46.14169833" lon="4.420635"><ele>765.0</ele><time>2026-07-29T09:38:25.073Z</time></trkpt><trkpt lat="46.14169" lon="4.420615"><ele>765.0</ele><time>2026-07-29T09:38:26.074Z</time></trkpt><trkpt lat="46.14168667" lon="4.42059667"><ele>765.0</ele><time>2026-07-29T09:38:27.073Z</time></trkpt><trkpt lat="46.14168" lon="4.42057667"><ele>765.0</ele><time>2026-07-29T09:38:28.074Z</time></trkpt><trkpt lat="46.14167167" lon="4.42055833"><ele>765.0</ele><time>2026-07-29T09:38:29.074Z</time></trkpt><trkpt lat="46.14166333" lon="4.42054333"><ele>765.0</ele><time>2026-07-29T09:38:30.073Z</time></trkpt><trkpt lat="46.14165667" lon="4.420525"><ele>765.0</ele><time>2026-07-29T09:38:31.073Z</time></trkpt><trkpt lat="46.14165167" lon="4.420505"><ele>765.0</ele><time>2026-07-29T09:38:32.074Z</time></trkpt><trkpt lat="46.141645" lon="4.420485"><ele>765.0</ele><time>2026-07-29T09:38:33.073Z</time></trkpt><trkpt lat="46.14163833" lon="4.42046667"><ele>764.0</ele><time>2026-07-29T09:38:34.073Z</time></trkpt><trkpt lat="46.14163167" lon="4.42044833"><ele>764.0</ele><time>2026-07-29T09:38:35.074Z</time></trkpt><trkpt lat="46.14162333" lon="4.42043167"><ele>764.0</ele><time>2026-07-29T09:38:36.073Z</time></trkpt><trkpt lat="46.14161333" lon="4.42041833"><ele>764.0</ele><time>2026-07-29T09:38:37.074Z</time></trkpt><trkpt lat="46.14160333" lon="4.42040833"><ele>764.0</ele><time>2026-07-29T09:38:38.073Z</time></trkpt><trkpt lat="46.141595" lon="4.42039333"><ele>764.0</ele><time>2026-07-29T09:38:39.074Z</time></trkpt><trkpt lat="46.14158333" lon="4.42038167"><ele>763.0</ele><time>2026-07-29T09:38:40.074Z</time></trkpt><trkpt lat="46.14157167" lon="4.42037333"><ele>763.0</ele><time>2026-07-29T09:38:41.074Z</time></trkpt><trkpt lat="46.14155833" lon="4.42036333"><ele>763.0</ele><time>2026-07-29T09:38:42.073Z</time></trkpt><trkpt lat="46.14154667" lon="4.42035333"><ele>763.0</ele><time>2026-07-29T09:38:43.074Z</time></trkpt><trkpt lat="46.141535" lon="4.42034667"><ele>763.0</ele><time>2026-07-29T09:38:44.074Z</time></trkpt><trkpt lat="46.14152333" lon="4.42034167"><ele>763.0</ele><time>2026-07-29T09:38:45.073Z</time></trkpt><trkpt lat="46.14151167" lon="4.42033833"><ele>763.0</ele><time>2026-07-29T09:38:46.073Z</time></trkpt><trkpt lat="46.1415" lon="4.42033167"><ele>763.0</ele><time>2026-07-29T09:38:47.073Z</time></trkpt><trkpt lat="46.14148833" lon="4.42032167"><ele>763.0</ele><time>2026-07-29T09:38:48.074Z</time></trkpt><trkpt lat="46.14147833" lon="4.42031167"><ele>764.0</ele><time>2026-07-29T09:38:49.073Z</time></trkpt><trkpt lat="46.14146667" lon="4.42030167"><ele>764.0</ele><time>2026-07-29T09:38:50.074Z</time></trkpt><trkpt lat="46.14145833" lon="4.42029167"><ele>765.0</ele><time>2026-07-29T09:38:51.073Z</time></trkpt><trkpt lat="46.14144833" lon="4.42028"><ele>765.0</ele><time>2026-07-29T09:38:52.073Z</time></trkpt><trkpt lat="46.141435" lon="4.42026833"><ele>765.0</ele><time>2026-07-29T09:38:53.073Z</time></trkpt><trkpt lat="46.141425" lon="4.42026"><ele>766.0</ele><time>2026-07-29T09:38:54.074Z</time></trkpt><trkpt lat="46.14141667" lon="4.420255"><ele>766.0</ele><time>2026-07-29T09:38:55.074Z</time></trkpt><trkpt lat="46.14140833" lon="4.42025167"><ele>766.0</ele><time>2026-07-29T09:38:56.073Z</time></trkpt><trkpt lat="46.14139833" lon="4.420245"><ele>767.0</ele><time>2026-07-29T09:38:57.073Z</time></trkpt><trkpt lat="46.14138667" lon="4.42023667"><ele>767.0</ele><time>2026-07-29T09:38:58.073Z</time></trkpt><trkpt lat="46.14137833" lon="4.42023"><ele>767.0</ele><time>2026-07-29T09:38:59.074Z</time></trkpt><trkpt lat="46.14134" lon="4.42020667"><ele>770.0</ele><time>2026-07-29T09:39:22.752Z</time></trkpt><trkpt lat="46.14132833" lon="4.4202"><ele>771.0</ele><time>2026-07-29T09:39:23.751Z</time></trkpt><trkpt lat="46.141315" lon="4.42019667"><ele>771.0</ele><time>2026-07-29T09:39:24.752Z</time></trkpt><trkpt lat="46.14130333" lon="4.420195"><ele>771.0</ele><time>2026-07-29T09:39:25.751Z</time></trkpt><trkpt lat="46.14129333" lon="4.42018667"><ele>771.0</ele><time>2026-07-29T09:39:26.752Z</time></trkpt><trkpt lat="46.14128667" lon="4.420185"><ele>771.0</ele><time>2026-07-29T09:39:27.752Z</time></trkpt><trkpt lat="46.14128" lon="4.42018333"><ele>771.0</ele><time>2026-07-29T09:39:28.751Z</time></trkpt><trkpt lat="46.14127" lon="4.42018167"><ele>771.0</ele><time>2026-07-29T09:39:29.751Z</time></trkpt><trkpt lat="46.14125833" lon="4.42017333"><ele>771.0</ele><time>2026-07-29T09:39:30.751Z</time></trkpt><trkpt lat="46.14124667" lon="4.42016333"><ele>771.0</ele><time>2026-07-29T09:39:31.751Z</time></trkpt><trkpt lat="46.14123333" lon="4.42014667"><ele>770.0</ele><time>2026-07-29T09:39:32.751Z</time></trkpt><trkpt lat="46.141225" lon="4.42013333"><ele>770.0</ele><time>2026-07-29T09:39:33.752Z</time></trkpt><trkpt lat="46.14121167" lon="4.42012"><ele>769.0</ele><time>2026-07-29T09:39:34.752Z</time></trkpt><trkpt lat="46.14120167" lon="4.42010333"><ele>769.0</ele><time>2026-07-29T09:39:35.751Z</time></trkpt><trkpt lat="46.14118667" lon="4.42009"><ele>769.0</ele><time>2026-07-29T09:39:36.752Z</time></trkpt><trkpt lat="46.14117833" lon="4.42008167"><ele>769.0</ele><time>2026-07-29T09:39:37.751Z</time></trkpt><trkpt lat="46.141165" lon="4.42007333"><ele>769.0</ele><time>2026-07-29T09:39:38.751Z</time></trkpt><trkpt lat="46.141155" lon="4.42006333"><ele>769.0</ele><time>2026-07-29T09:39:39.751Z</time></trkpt><trkpt lat="46.14114167" lon="4.42005333"><ele>769.0</ele><time>2026-07-29T09:39:40.752Z</time></trkpt><trkpt lat="46.14113" lon="4.42004333"><ele>769.0</ele><time>2026-07-29T09:39:41.751Z</time></trkpt><trkpt lat="46.14112333" lon="4.42003167"><ele>768.0</ele><time>2026-07-29T09:39:42.752Z</time></trkpt><trkpt lat="46.14111833" lon="4.42001667"><ele>769.0</ele><time>2026-07-29T09:39:43.752Z</time></trkpt><trkpt lat="46.14110833" lon="4.42000333"><ele>769.0</ele><time>2026-07-29T09:39:44.751Z</time></trkpt><trkpt lat="46.1411" lon="4.41998833"><ele>769.0</ele><time>2026-07-29T09:39:45.752Z</time></trkpt><trkpt lat="46.14109167" lon="4.41997167"><ele>770.0</ele><time>2026-07-29T09:39:46.751Z</time></trkpt><trkpt lat="46.14108667" lon="4.41995833"><ele>770.0</ele><time>2026-07-29T09:39:47.752Z</time></trkpt><trkpt lat="46.14108" lon="4.41994167"><ele>770.0</ele><time>2026-07-29T09:39:48.751Z</time></trkpt><trkpt lat="46.14107167" lon="4.41992667"><ele>771.0</ele><time>2026-07-29T09:39:49.752Z</time></trkpt><trkpt lat="46.14106333" lon="4.419915"><ele>771.0</ele><time>2026-07-29T09:39:50.752Z</time></trkpt><trkpt lat="46.14105833" lon="4.41990667"><ele>772.0</ele><time>2026-07-29T09:39:51.751Z</time></trkpt><trkpt lat="46.14105167" lon="4.41989833"><ele>773.0</ele><time>2026-07-29T09:39:52.752Z</time></trkpt><trkpt lat="46.14104333" lon="4.41988833"><ele>774.0</ele><time>2026-07-29T09:39:53.751Z</time></trkpt><trkpt lat="46.14103333" lon="4.41988333"><ele>774.0</ele><time>2026-07-29T09:39:54.752Z</time></trkpt><trkpt lat="46.14102167" lon="4.41987167"><ele>775.0</ele><time>2026-07-29T09:39:55.751Z</time></trkpt><trkpt lat="46.14101" lon="4.41985667"><ele>775.0</ele><time>2026-07-29T09:39:56.752Z</time></trkpt><trkpt lat="46.14099833" lon="4.41984"><ele>776.0</ele><time>2026-07-29T09:39:57.751Z</time></trkpt><trkpt lat="46.14098667" lon="4.41982667"><ele>776.0</ele><time>2026-07-29T09:39:58.751Z</time></trkpt><trkpt lat="46.14098" lon="4.41980667"><ele>776.0</ele><time>2026-07-29T09:39:59.751Z</time></trkpt><trkpt lat="46.14097333" lon="4.419785"><ele>777.0</ele><time>2026-07-29T09:40:00.751Z</time></trkpt><trkpt lat="46.14096833" lon="4.41976333"><ele>777.0</ele><time>2026-07-29T09:40:01.751Z</time></trkpt><trkpt lat="46.14096167" lon="4.41974333"><ele>777.0</ele><time>2026-07-29T09:40:02.751Z</time></trkpt><trkpt lat="46.14095333" lon="4.41972167"><ele>777.0</ele><time>2026-07-29T09:40:03.752Z</time></trkpt><trkpt lat="46.140945" lon="4.41970833"><ele>777.0</ele><time>2026-07-29T09:40:04.751Z</time></trkpt><trkpt lat="46.14093667" lon="4.41969333"><ele>777.0</ele><time>2026-07-29T09:40:05.751Z</time></trkpt><trkpt lat="46.14093667" lon="4.41968"><ele>777.0</ele><time>2026-07-29T09:40:06.751Z</time></trkpt><trkpt lat="46.14093333" lon="4.419665"><ele>776.0</ele><time>2026-07-29T09:40:07.752Z</time></trkpt><trkpt lat="46.14093" lon="4.419655"><ele>776.0</ele><time>2026-07-29T09:40:08.751Z</time></trkpt><trkpt lat="46.14092667" lon="4.41964333"><ele>777.0</ele><time>2026-07-29T09:40:09.751Z</time></trkpt><trkpt lat="46.14092" lon="4.41962667"><ele>777.0</ele><time>2026-07-29T09:40:10.752Z</time></trkpt><trkpt lat="46.14091667" lon="4.41961667"><ele>777.0</ele><time>2026-07-29T09:40:11.751Z</time></trkpt><trkpt lat="46.140915" lon="4.41960333"><ele>778.0</ele><time>2026-07-29T09:40:12.752Z</time></trkpt><trkpt lat="46.14090667" lon="4.419595"><ele>778.0</ele><time>2026-07-29T09:40:13.751Z</time></trkpt><trkpt lat="46.14089833" lon="4.41957833"><ele>779.0</ele><time>2026-07-29T09:40:14.751Z</time></trkpt><trkpt lat="46.14089167" lon="4.419565"><ele>780.0</ele><time>2026-07-29T09:40:15.752Z</time></trkpt><trkpt lat="46.14088333" lon="4.41955167"><ele>780.0</ele><time>2026-07-29T09:40:16.751Z</time></trkpt><trkpt lat="46.14087333" lon="4.419535"><ele>780.0</ele><time>2026-07-29T09:40:17.752Z</time></trkpt><trkpt lat="46.140865" lon="4.41951"><ele>780.0</ele><time>2026-07-29T09:40:18.751Z</time></trkpt><trkpt lat="46.14085833" lon="4.41949333"><ele>780.0</ele><time>2026-07-29T09:40:19.751Z</time></trkpt><trkpt lat="46.140855" lon="4.41947"><ele>781.0</ele><time>2026-07-29T09:40:20.751Z</time></trkpt><trkpt lat="46.14085333" lon="4.41945667"><ele>781.0</ele><time>2026-07-29T09:40:21.752Z</time></trkpt><trkpt lat="46.14085167" lon="4.41944333"><ele>782.0</ele><time>2026-07-29T09:40:22.751Z</time></trkpt><trkpt lat="46.14085333" lon="4.41942667"><ele>782.0</ele><time>2026-07-29T09:40:23.752Z</time></trkpt><trkpt lat="46.140855" lon="4.41940333"><ele>783.0</ele><time>2026-07-29T09:40:24.752Z</time></trkpt><trkpt lat="46.14085333" lon="4.41937833"><ele>783.0</ele><time>2026-07-29T09:40:25.751Z</time></trkpt><trkpt lat="46.14085167" lon="4.41937333"><ele>783.0</ele><time>2026-07-29T09:40:26.752Z</time></trkpt><trkpt lat="46.14085" lon="4.41937"><ele>783.0</ele><time>2026-07-29T09:40:27.751Z</time></trkpt><trkpt lat="46.14084" lon="4.41937167"><ele>783.0</ele><time>2026-07-29T09:40:28.752Z</time></trkpt><trkpt lat="46.14082667" lon="4.41936667"><ele>783.0</ele><time>2026-07-29T09:40:29.752Z</time></trkpt><trkpt lat="46.140815" lon="4.419365"><ele>784.0</ele><time>2026-07-29T09:40:30.751Z</time></trkpt><trkpt lat="46.14080667" lon="4.41935333"><ele>784.0</ele><time>2026-07-29T09:40:31.752Z</time></trkpt><trkpt lat="46.1408" lon="4.41934667"><ele>784.0</ele><time>2026-07-29T09:40:32.751Z</time></trkpt><trkpt lat="46.14079667" lon="4.41934167"><ele>784.0</ele><time>2026-07-29T09:40:33.752Z</time></trkpt><trkpt lat="46.14079" lon="4.41933333"><ele>784.0</ele><time>2026-07-29T09:40:34.752Z</time></trkpt><trkpt lat="46.140785" lon="4.419325"><ele>785.0</ele><time>2026-07-29T09:40:35.751Z</time></trkpt><trkpt lat="46.14078333" lon="4.41931833"><ele>785.0</ele><time>2026-07-29T09:40:36.751Z</time></trkpt><trkpt lat="46.14077833" lon="4.41930833"><ele>786.0</ele><time>2026-07-29T09:40:37.752Z</time></trkpt><trkpt lat="46.14076667" lon="4.41929667"><ele>786.0</ele><time>2026-07-29T09:40:38.751Z</time></trkpt><trkpt lat="46.14075667" lon="4.41928667"><ele>786.0</ele><time>2026-07-29T09:40:39.752Z</time></trkpt><trkpt lat="46.14074333" lon="4.41927833"><ele>786.0</ele><time>2026-07-29T09:40:40.751Z</time></trkpt><trkpt lat="46.14074" lon="4.41927333"><ele>787.0</ele><time>2026-07-29T09:40:41.752Z</time></trkpt><trkpt lat="46.14073833" lon="4.41927"><ele>787.0</ele><time>2026-07-29T09:40:42.751Z</time></trkpt><trkpt lat="46.14073667" lon="4.41927"><ele>787.0</ele><time>2026-07-29T09:40:43.751Z</time></trkpt><trkpt lat="46.14073" lon="4.41926"><ele>787.0</ele><time>2026-07-29T09:40:44.751Z</time></trkpt><trkpt lat="46.14072667" lon="4.419255"><ele>788.0</ele><time>2026-07-29T09:40:45.752Z</time></trkpt><trkpt lat="46.14072667" lon="4.41925333"><ele>788.0</ele><time>2026-07-29T09:40:46.751Z</time></trkpt><trkpt lat="46.14072667" lon="4.41924833"><ele>789.0</ele><time>2026-07-29T09:40:47.751Z</time></trkpt><trkpt lat="46.140725" lon="4.41924"><ele>789.0</ele><time>2026-07-29T09:40:48.752Z</time></trkpt><trkpt lat="46.14072167" lon="4.41922333"><ele>789.0</ele><time>2026-07-29T09:40:49.751Z</time></trkpt><trkpt lat="46.14071667" lon="4.41920667"><ele>790.0</ele><time>2026-07-29T09:40:50.752Z</time></trkpt><trkpt lat="46.14071" lon="4.41919333"><ele>790.0</ele><time>2026-07-29T09:40:51.751Z</time></trkpt><trkpt lat="46.14070167" lon="4.41918"><ele>790.0</ele><time>2026-07-29T09:40:52.751Z</time></trkpt><trkpt lat="46.14069833" lon="4.41917667"><ele>790.0</ele><time>2026-07-29T09:40:53.751Z</time></trkpt><trkpt lat="46.14069167" lon="4.41916833"><ele>791.0</ele><time>2026-07-29T09:40:54.751Z</time></trkpt><trkpt lat="46.140685" lon="4.419155"><ele>791.0</ele><time>2026-07-29T09:40:55.752Z</time></trkpt><trkpt lat="46.14068167" lon="4.419145"><ele>791.0</ele><time>2026-07-29T09:40:56.752Z</time></trkpt><trkpt lat="46.140675" lon="4.41912833"><ele>791.0</ele><time>2026-07-29T09:40:57.752Z</time></trkpt><trkpt lat="46.14066833" lon="4.41911333"><ele>791.0</ele><time>2026-07-29T09:40:58.752Z</time></trkpt><trkpt lat="46.14065833" lon="4.41910167"><ele>791.0</ele><time>2026-07-29T09:40:59.751Z</time></trkpt><trkpt lat="46.14064833" lon="4.41909167"><ele>791.0</ele><time>2026-07-29T09:41:00.752Z</time></trkpt><trkpt lat="46.14064" lon="4.41908667"><ele>791.0</ele><time>2026-07-29T09:41:01.752Z</time></trkpt><trkpt lat="46.140635" lon="4.41908"><ele>791.0</ele><time>2026-07-29T09:41:02.752Z</time></trkpt><trkpt lat="46.14063333" lon="4.41907167"><ele>792.0</ele><time>2026-07-29T09:41:03.752Z</time></trkpt><trkpt lat="46.14063" lon="4.41906"><ele>792.0</ele><time>2026-07-29T09:41:04.751Z</time></trkpt><trkpt lat="46.14062833" lon="4.41905167"><ele>792.0</ele><time>2026-07-29T09:41:05.751Z</time></trkpt><trkpt lat="46.14062333" lon="4.41904333"><ele>793.0</ele><time>2026-07-29T09:41:06.752Z</time></trkpt><trkpt lat="46.140615" lon="4.41903667"><ele>793.0</ele><time>2026-07-29T09:41:07.751Z</time></trkpt><trkpt lat="46.14061" lon="4.41903667"><ele>793.0</ele><time>2026-07-29T09:41:08.751Z</time></trkpt><trkpt lat="46.140605" lon="4.41903667"><ele>794.0</ele><time>2026-07-29T09:41:09.752Z</time></trkpt><trkpt lat="46.14059833" lon="4.41903833"><ele>795.0</ele><time>2026-07-29T09:41:10.752Z</time></trkpt><trkpt lat="46.14059167" lon="4.419035"><ele>795.0</ele><time>2026-07-29T09:41:11.751Z</time></trkpt><trkpt lat="46.14059" lon="4.41903"><ele>796.0</ele><time>2026-07-29T09:41:12.751Z</time></trkpt><trkpt lat="46.14058833" lon="4.41902667"><ele>796.0</ele><time>2026-07-29T09:41:13.751Z</time></trkpt><trkpt lat="46.14058833" lon="4.419025"><ele>797.0</ele><time>2026-07-29T09:41:14.752Z</time></trkpt><trkpt lat="46.14057833" lon="4.41900833"><ele>797.0</ele><time>2026-07-29T09:41:15.751Z</time></trkpt><trkpt lat="46.140565" lon="4.419"><ele>797.0</ele><time>2026-07-29T09:41:16.751Z</time></trkpt><trkpt lat="46.14055333" lon="4.41899"><ele>798.0</ele><time>2026-07-29T09:41:17.751Z</time></trkpt><trkpt lat="46.14054667" lon="4.41898333"><ele>798.0</ele><time>2026-07-29T09:41:18.752Z</time></trkpt><trkpt lat="46.14054" lon="4.41898"><ele>798.0</ele><time>2026-07-29T09:41:19.751Z</time></trkpt><trkpt lat="46.14053333" lon="4.41897333"><ele>799.0</ele><time>2026-07-29T09:41:20.752Z</time></trkpt><trkpt lat="46.14052833" lon="4.41895667"><ele>799.0</ele><time>2026-07-29T09:41:21.751Z</time></trkpt><trkpt lat="46.14053" lon="4.418945"><ele>799.0</ele><time>2026-07-29T09:41:22.752Z</time></trkpt><trkpt lat="46.14053" lon="4.41894167"><ele>800.0</ele><time>2026-07-29T09:41:23.751Z</time></trkpt><trkpt lat="46.14052333" lon="4.41892667"><ele>800.0</ele><time>2026-07-29T09:41:24.751Z</time></trkpt><trkpt lat="46.14051" lon="4.418915"><ele>800.0</ele><time>2026-07-29T09:41:25.752Z</time></trkpt><trkpt lat="46.14050833" lon="4.41891"><ele>800.0</ele><time>2026-07-29T09:41:26.751Z</time></trkpt><trkpt lat="46.14050167" lon="4.41890167"><ele>800.0</ele><time>2026-07-29T09:41:27.752Z</time></trkpt><trkpt lat="46.1405" lon="4.41889333"><ele>800.0</ele><time>2026-07-29T09:41:28.751Z</time></trkpt><trkpt lat="46.14049333" lon="4.41889"><ele>799.0</ele><time>2026-07-29T09:41:29.752Z</time></trkpt><trkpt lat="46.14048333" lon="4.41888167"><ele>799.0</ele><time>2026-07-29T09:41:30.751Z</time></trkpt><trkpt lat="46.140475" lon="4.41887"><ele>799.0</ele><time>2026-07-29T09:41:31.751Z</time></trkpt><trkpt lat="46.140465" lon="4.41886167"><ele>798.0</ele><time>2026-07-29T09:41:32.752Z</time></trkpt><trkpt lat="46.14045333" lon="4.41884833"><ele>798.0</ele><time>2026-07-29T09:41:33.752Z</time></trkpt><trkpt lat="46.14044333" lon="4.41883667"><ele>797.0</ele><time>2026-07-29T09:41:34.752Z</time></trkpt><trkpt lat="46.14043667" lon="4.41883167"><ele>797.0</ele><time>2026-07-29T09:41:35.751Z</time></trkpt><trkpt lat="46.14043167" lon="4.41882667"><ele>797.0</ele><time>2026-07-29T09:41:36.751Z</time></trkpt><trkpt lat="46.14043" lon="4.41882167"><ele>797.0</ele><time>2026-07-29T09:41:37.751Z</time></trkpt><trkpt lat="46.14042167" lon="4.418815"><ele>796.0</ele><time>2026-07-29T09:41:38.751Z</time></trkpt><trkpt lat="46.14040833" lon="4.4188"><ele>797.0</ele><time>2026-07-29T09:41:39.751Z</time></trkpt><trkpt lat="46.14040833" lon="4.41879333"><ele>797.0</ele><time>2026-07-29T09:41:40.751Z</time></trkpt><trkpt lat="46.14040833" lon="4.41879"><ele>797.0</ele><time>2026-07-29T09:41:41.752Z</time></trkpt><trkpt lat="46.140405" lon="4.41878167"><ele>797.0</ele><time>2026-07-29T09:41:42.751Z</time></trkpt><trkpt lat="46.14040167" lon="4.41877167"><ele>796.0</ele><time>2026-07-29T09:41:43.751Z</time></trkpt><trkpt lat="46.1404" lon="4.41876"><ele>797.0</ele><time>2026-07-29T09:41:44.751Z</time></trkpt><trkpt lat="46.140405" lon="4.41874167"><ele>797.0</ele><time>2026-07-29T09:41:45.751Z</time></trkpt><trkpt lat="46.14040333" lon="4.418735"><ele>797.0</ele><time>2026-07-29T09:41:46.752Z</time></trkpt><trkpt lat="46.14040167" lon="4.41872167"><ele>797.0</ele><time>2026-07-29T09:41:47.752Z</time></trkpt><trkpt lat="46.14039667" lon="4.41871"><ele>797.0</ele><time>2026-07-29T09:41:48.751Z</time></trkpt><trkpt lat="46.14039" lon="4.4187"><ele>797.0</ele><time>2026-07-29T09:41:49.751Z</time></trkpt><trkpt lat="46.14038333" lon="4.418695"><ele>797.0</ele><time>2026-07-29T09:41:50.752Z</time></trkpt><trkpt lat="46.14037" lon="4.41868667"><ele>797.0</ele><time>2026-07-29T09:41:51.751Z</time></trkpt><trkpt lat="46.14036167" lon="4.41868167"><ele>797.0</ele><time>2026-07-29T09:41:52.752Z</time></trkpt><trkpt lat="46.14035333" lon="4.41867333"><ele>797.0</ele><time>2026-07-29T09:41:53.751Z</time></trkpt><trkpt lat="46.140345" lon="4.418665"><ele>797.0</ele><time>2026-07-29T09:41:54.751Z</time></trkpt><trkpt lat="46.14034" lon="4.41865667"><ele>797.0</ele><time>2026-07-29T09:41:55.751Z</time></trkpt><trkpt lat="46.140335" lon="4.41864833"><ele>797.0</ele><time>2026-07-29T09:41:56.752Z</time></trkpt><trkpt lat="46.14033333" lon="4.41864167"><ele>797.0</ele><time>2026-07-29T09:41:57.752Z</time></trkpt><trkpt lat="46.14032833" lon="4.41863167"><ele>798.0</ele><time>2026-07-29T09:41:58.752Z</time></trkpt><trkpt lat="46.14032" lon="4.41862167"><ele>798.0</ele><time>2026-07-29T09:41:59.752Z</time></trkpt><trkpt lat="46.14031833" lon="4.41861667"><ele>798.0</ele><time>2026-07-29T09:42:00.751Z</time></trkpt><trkpt lat="46.14031667" lon="4.41861167"><ele>799.0</ele><time>2026-07-29T09:42:01.752Z</time></trkpt><trkpt lat="46.14031333" lon="4.4186"><ele>799.0</ele><time>2026-07-29T09:42:02.752Z</time></trkpt><trkpt lat="46.14030667" lon="4.41859167"><ele>799.0</ele><time>2026-07-29T09:42:03.751Z</time></trkpt><trkpt lat="46.1403" lon="4.41858"><ele>799.0</ele><time>2026-07-29T09:42:04.751Z</time></trkpt><trkpt lat="46.14029667" lon="4.41857333"><ele>799.0</ele><time>2026-07-29T09:42:05.751Z</time></trkpt><trkpt lat="46.14029167" lon="4.41856667"><ele>800.0</ele><time>2026-07-29T09:42:06.751Z</time></trkpt><trkpt lat="46.140285" lon="4.41856"><ele>801.0</ele><time>2026-07-29T09:42:07.751Z</time></trkpt><trkpt lat="46.14027833" lon="4.41855167"><ele>801.0</ele><time>2026-07-29T09:42:08.752Z</time></trkpt><trkpt lat="46.14027" lon="4.418545"><ele>802.0</ele><time>2026-07-29T09:42:09.751Z</time></trkpt><trkpt lat="46.14026333" lon="4.418535"><ele>802.0</ele><time>2026-07-29T09:42:10.752Z</time></trkpt><trkpt lat="46.14026" lon="4.418525"><ele>803.0</ele><time>2026-07-29T09:42:11.752Z</time></trkpt><trkpt lat="46.14025667" lon="4.41851333"><ele>803.0</ele><time>2026-07-29T09:42:12.752Z</time></trkpt><trkpt lat="46.14025333" lon="4.41850167"><ele>804.0</ele><time>2026-07-29T09:42:13.752Z</time></trkpt><trkpt lat="46.140245" lon="4.41848667"><ele>804.0</ele><time>2026-07-29T09:42:14.752Z</time></trkpt><trkpt lat="46.14023833" lon="4.41847667"><ele>805.0</ele><time>2026-07-29T09:42:15.751Z</time></trkpt><trkpt lat="46.14022833" lon="4.418465"><ele>805.0</ele><time>2026-07-29T09:42:16.752Z</time></trkpt><trkpt lat="46.140225" lon="4.41844833"><ele>806.0</ele><time>2026-07-29T09:42:17.752Z</time></trkpt><trkpt lat="46.14022333" lon="4.41844167"><ele>806.0</ele><time>2026-07-29T09:42:18.752Z</time></trkpt><trkpt lat="46.14022333" lon="4.41843667"><ele>806.0</ele><time>2026-07-29T09:42:19.751Z</time></trkpt><trkpt lat="46.14022333" lon="4.41843333"><ele>806.0</ele><time>2026-07-29T09:42:20.751Z</time></trkpt><trkpt lat="46.14022667" lon="4.418425"><ele>806.0</ele><time>2026-07-29T09:42:21.751Z</time></trkpt><trkpt lat="46.140225" lon="4.41841"><ele>806.0</ele><time>2026-07-29T09:42:22.752Z</time></trkpt><trkpt lat="46.14022333" lon="4.41839833"><ele>806.0</ele><time>2026-07-29T09:42:23.751Z</time></trkpt><trkpt lat="46.14022" lon="4.41838"><ele>806.0</ele><time>2026-07-29T09:42:24.751Z</time></trkpt><trkpt lat="46.14021667" lon="4.41836167"><ele>806.0</ele><time>2026-07-29T09:42:25.751Z</time></trkpt><trkpt lat="46.14021" lon="4.41834167"><ele>806.0</ele><time>2026-07-29T09:42:26.752Z</time></trkpt><trkpt lat="46.14020167" lon="4.41832333"><ele>805.0</ele><time>2026-07-29T09:42:27.752Z</time></trkpt><trkpt lat="46.140195" lon="4.41830167"><ele>805.0</ele><time>2026-07-29T09:42:28.751Z</time></trkpt><trkpt lat="46.14018833" lon="4.41828667"><ele>805.0</ele><time>2026-07-29T09:42:29.751Z</time></trkpt><trkpt lat="46.14018167" lon="4.418275"><ele>804.0</ele><time>2026-07-29T09:42:30.752Z</time></trkpt><trkpt lat="46.14017167" lon="4.41826"><ele>804.0</ele><time>2026-07-29T09:42:31.751Z</time></trkpt><trkpt lat="46.140165" lon="4.41823667"><ele>804.0</ele><time>2026-07-29T09:42:32.752Z</time></trkpt><trkpt lat="46.14016333" lon="4.41822167"><ele>804.0</ele><time>2026-07-29T09:42:33.751Z</time></trkpt><trkpt lat="46.14016" lon="4.41820167"><ele>804.0</ele><time>2026-07-29T09:42:34.751Z</time></trkpt><trkpt lat="46.14015333" lon="4.41818833"><ele>804.0</ele><time>2026-07-29T09:42:35.752Z</time></trkpt><trkpt lat="46.14014333" lon="4.41817333"><ele>804.0</ele><time>2026-07-29T09:42:36.752Z</time></trkpt><trkpt lat="46.14012833" lon="4.41815167"><ele>805.0</ele><time>2026-07-29T09:42:37.751Z</time></trkpt><trkpt lat="46.14012" lon="4.41814667"><ele>805.0</ele><time>2026-07-29T09:42:38.751Z</time></trkpt><trkpt lat="46.14011667" lon="4.41813"><ele>806.0</ele><time>2026-07-29T09:42:39.751Z</time></trkpt><trkpt lat="46.14011333" lon="4.41812"><ele>806.0</ele><time>2026-07-29T09:42:40.752Z</time></trkpt><trkpt lat="46.14010833" lon="4.41811167"><ele>806.0</ele><time>2026-07-29T09:42:41.752Z</time></trkpt><trkpt lat="46.140105" lon="4.41810667"><ele>807.0</ele><time>2026-07-29T09:42:42.752Z</time></trkpt><trkpt lat="46.140095" lon="4.4181"><ele>807.0</ele><time>2026-07-29T09:42:43.751Z</time></trkpt><trkpt lat="46.14008333" lon="4.41809"><ele>807.0</ele><time>2026-07-29T09:42:44.752Z</time></trkpt><trkpt lat="46.14007333" lon="4.41808167"><ele>808.0</ele><time>2026-07-29T09:42:45.752Z</time></trkpt><trkpt lat="46.14006667" lon="4.41807333"><ele>808.0</ele><time>2026-07-29T09:42:46.751Z</time></trkpt><trkpt lat="46.14006167" lon="4.41806667"><ele>809.0</ele><time>2026-07-29T09:42:47.751Z</time></trkpt><trkpt lat="46.14004833" lon="4.41806"><ele>809.0</ele><time>2026-07-29T09:42:48.751Z</time></trkpt><trkpt lat="46.14004667" lon="4.41804667"><ele>810.0</ele><time>2026-07-29T09:42:49.751Z</time></trkpt><trkpt lat="46.14003833" lon="4.41803"><ele>810.0</ele><time>2026-07-29T09:42:50.751Z</time></trkpt><trkpt lat="46.14002167" lon="4.41801667"><ele>810.0</ele><time>2026-07-29T09:42:51.751Z</time></trkpt><trkpt lat="46.14000667" lon="4.418015"><ele>810.0</ele><time>2026-07-29T09:42:52.751Z</time></trkpt><trkpt lat="46.14000167" lon="4.41801833"><ele>810.0</ele><time>2026-07-29T09:42:53.751Z</time></trkpt><trkpt lat="46.14000333" lon="4.41802"><ele>810.0</ele><time>2026-07-29T09:42:54.751Z</time></trkpt><trkpt lat="46.13999833" lon="4.41801667"><ele>810.0</ele><time>2026-07-29T09:42:55.751Z</time></trkpt><trkpt lat="46.139985" lon="4.41801"><ele>810.0</ele><time>2026-07-29T09:42:56.751Z</time></trkpt><trkpt lat="46.13997333" lon="4.41800667"><ele>810.0</ele><time>2026-07-29T09:42:57.751Z</time></trkpt><trkpt lat="46.13995833" lon="4.41800333"><ele>809.0</ele><time>2026-07-29T09:42:58.751Z</time></trkpt><trkpt lat="46.139945" lon="4.41799667"><ele>809.0</ele><time>2026-07-29T09:42:59.752Z</time></trkpt><trkpt lat="46.13993333" lon="4.41799333"><ele>809.0</ele><time>2026-07-29T09:43:00.751Z</time></trkpt><trkpt lat="46.13992167" lon="4.41798333"><ele>808.0</ele><time>2026-07-29T09:43:01.751Z</time></trkpt><trkpt lat="46.13991167" lon="4.41797333"><ele>808.0</ele><time>2026-07-29T09:43:02.752Z</time></trkpt><trkpt lat="46.1399" lon="4.41796667"><ele>808.0</ele><time>2026-07-29T09:43:03.751Z</time></trkpt><trkpt lat="46.13989" lon="4.41796167"><ele>809.0</ele><time>2026-07-29T09:43:04.752Z</time></trkpt><trkpt lat="46.13988333" lon="4.417955"><ele>809.0</ele><time>2026-07-29T09:43:05.751Z</time></trkpt><trkpt lat="46.13987833" lon="4.41795"><ele>809.0</ele><time>2026-07-29T09:43:06.751Z</time></trkpt><trkpt lat="46.13986833" lon="4.41793833"><ele>810.0</ele><time>2026-07-29T09:43:07.751Z</time></trkpt><trkpt lat="46.13986333" lon="4.41793833"><ele>810.0</ele><time>2026-07-29T09:43:08.752Z</time></trkpt><trkpt lat="46.13985333" lon="4.41792833"><ele>811.0</ele><time>2026-07-29T09:43:09.751Z</time></trkpt><trkpt lat="46.139845" lon="4.41791167"><ele>811.0</ele><time>2026-07-29T09:43:10.752Z</time></trkpt><trkpt lat="46.13983667" lon="4.41791333"><ele>811.0</ele><time>2026-07-29T09:43:11.752Z</time></trkpt><trkpt lat="46.13982667" lon="4.41790667"><ele>811.0</ele><time>2026-07-29T09:43:12.751Z</time></trkpt><trkpt lat="46.139815" lon="4.41790833"><ele>812.0</ele><time>2026-07-29T09:43:13.752Z</time></trkpt><trkpt lat="46.13979833" lon="4.41791167"><ele>812.0</ele><time>2026-07-29T09:43:14.752Z</time></trkpt><trkpt lat="46.13977667" lon="4.41789833"><ele>812.0</ele><time>2026-07-29T09:43:15.751Z</time></trkpt><trkpt lat="46.13976333" lon="4.41788167"><ele>812.0</ele><time>2026-07-29T09:43:16.751Z</time></trkpt><trkpt lat="46.139755" lon="4.41787167"><ele>813.0</ele><time>2026-07-29T09:43:17.752Z</time></trkpt><trkpt lat="46.13975" lon="4.41787"><ele>813.0</ele><time>2026-07-29T09:43:18.752Z</time></trkpt><trkpt lat="46.13974167" lon="4.41785667"><ele>813.0</ele><time>2026-07-29T09:43:19.752Z</time></trkpt><trkpt lat="46.13973167" lon="4.41784167"><ele>812.0</ele><time>2026-07-29T09:43:20.751Z</time></trkpt><trkpt lat="46.13972667" lon="4.41784"><ele>812.0</ele><time>2026-07-29T09:43:21.751Z</time></trkpt><trkpt lat="46.13972" lon="4.41782667"><ele>812.0</ele><time>2026-07-29T09:43:22.751Z</time></trkpt><trkpt lat="46.139715" lon="4.41781833"><ele>812.0</ele><time>2026-07-29T09:43:23.751Z</time></trkpt><trkpt lat="46.13970667" lon="4.41781"><ele>811.0</ele><time>2026-07-29T09:43:24.751Z</time></trkpt><trkpt lat="46.13970167" lon="4.417805"><ele>811.0</ele><time>2026-07-29T09:43:25.752Z</time></trkpt><trkpt lat="46.13969333" lon="4.41780333"><ele>811.0</ele><time>2026-07-29T09:43:26.752Z</time></trkpt><trkpt lat="46.139685" lon="4.41779833"><ele>811.0</ele><time>2026-07-29T09:43:27.751Z</time></trkpt><trkpt lat="46.13968" lon="4.417795"><ele>812.0</ele><time>2026-07-29T09:43:28.751Z</time></trkpt><trkpt lat="46.139675" lon="4.41778333"><ele>812.0</ele><time>2026-07-29T09:43:29.751Z</time></trkpt><trkpt lat="46.13966667" lon="4.41777"><ele>812.0</ele><time>2026-07-29T09:43:30.751Z</time></trkpt><trkpt lat="46.13966" lon="4.41775833"><ele>811.0</ele><time>2026-07-29T09:43:31.752Z</time></trkpt><trkpt lat="46.13965" lon="4.41774833"><ele>811.0</ele><time>2026-07-29T09:43:32.752Z</time></trkpt><trkpt lat="46.13964333" lon="4.41774167"><ele>811.0</ele><time>2026-07-29T09:43:33.752Z</time></trkpt><trkpt lat="46.13963667" lon="4.417735"><ele>811.0</ele><time>2026-07-29T09:43:34.751Z</time></trkpt><trkpt lat="46.13962833" lon="4.41772833"><ele>812.0</ele><time>2026-07-29T09:43:35.751Z</time></trkpt><trkpt lat="46.13962" lon="4.41771833"><ele>812.0</ele><time>2026-07-29T09:43:36.751Z</time></trkpt><trkpt lat="46.13961333" lon="4.417705"><ele>812.0</ele><time>2026-07-29T09:43:37.751Z</time></trkpt><trkpt lat="46.13960333" lon="4.41769333"><ele>813.0</ele><time>2026-07-29T09:43:38.752Z</time></trkpt><trkpt lat="46.13959667" lon="4.41768167"><ele>813.0</ele><time>2026-07-29T09:43:39.751Z</time></trkpt><trkpt lat="46.13959167" lon="4.417675"><ele>814.0</ele><time>2026-07-29T09:43:40.752Z</time></trkpt><trkpt lat="46.139585" lon="4.41766833"><ele>814.0</ele><time>2026-07-29T09:43:41.751Z</time></trkpt><trkpt lat="46.13958" lon="4.41765667"><ele>815.0</ele><time>2026-07-29T09:43:42.752Z</time></trkpt><trkpt lat="46.13957333" lon="4.41765167"><ele>816.0</ele><time>2026-07-29T09:43:43.751Z</time></trkpt><trkpt lat="46.139565" lon="4.41764"><ele>816.0</ele><time>2026-07-29T09:43:44.751Z</time></trkpt><trkpt lat="46.13955667" lon="4.417625"><ele>817.0</ele><time>2026-07-29T09:43:45.752Z</time></trkpt><trkpt lat="46.13955333" lon="4.41760833"><ele>818.0</ele><time>2026-07-29T09:43:46.751Z</time></trkpt><trkpt lat="46.13954833" lon="4.417595"><ele>818.0</ele><time>2026-07-29T09:43:47.752Z</time></trkpt><trkpt lat="46.139535" lon="4.41757"><ele>819.0</ele><time>2026-07-29T09:43:48.751Z</time></trkpt><trkpt lat="46.13953167" lon="4.41756333"><ele>819.0</ele><time>2026-07-29T09:43:49.751Z</time></trkpt><trkpt lat="46.13952667" lon="4.41756333"><ele>819.0</ele><time>2026-07-29T09:43:50.751Z</time></trkpt><trkpt lat="46.13952333" lon="4.41755833"><ele>820.0</ele><time>2026-07-29T09:43:51.751Z</time></trkpt><trkpt lat="46.13951833" lon="4.41755167"><ele>820.0</ele><time>2026-07-29T09:43:52.751Z</time></trkpt><trkpt lat="46.13951167" lon="4.41754667"><ele>820.0</ele><time>2026-07-29T09:43:53.752Z</time></trkpt><trkpt lat="46.13949667" lon="4.41754"><ele>821.0</ele><time>2026-07-29T09:43:54.751Z</time></trkpt><trkpt lat="46.139485" lon="4.41751833"><ele>821.0</ele><time>2026-07-29T09:43:55.751Z</time></trkpt><trkpt lat="46.13947333" lon="4.41749667"><ele>822.0</ele><time>2026-07-29T09:43:56.751Z</time></trkpt><trkpt lat="46.13946667" lon="4.41748333"><ele>822.0</ele><time>2026-07-29T09:43:57.752Z</time></trkpt><trkpt lat="46.13946" lon="4.41747667"><ele>823.0</ele><time>2026-07-29T09:43:58.751Z</time></trkpt><trkpt lat="46.13944" lon="4.41747833"><ele>823.0</ele><time>2026-07-29T09:43:59.751Z</time></trkpt><trkpt lat="46.13942667" lon="4.41748333"><ele>823.0</ele><time>2026-07-29T09:44:00.752Z</time></trkpt><trkpt lat="46.139415" lon="4.41747667"><ele>824.0</ele><time>2026-07-29T09:44:01.752Z</time></trkpt><trkpt lat="46.13940667" lon="4.41746833"><ele>824.0</ele><time>2026-07-29T09:44:02.752Z</time></trkpt><trkpt lat="46.13939833" lon="4.41746833"><ele>825.0</ele><time>2026-07-29T09:44:03.751Z</time></trkpt><trkpt lat="46.139395" lon="4.41746833"><ele>826.0</ele><time>2026-07-29T09:44:04.751Z</time></trkpt><trkpt lat="46.13938667" lon="4.41747"><ele>826.0</ele><time>2026-07-29T09:44:05.751Z</time></trkpt><trkpt lat="46.139385" lon="4.41747"><ele>827.0</ele><time>2026-07-29T09:44:06.752Z</time></trkpt><trkpt lat="46.13938" lon="4.41746"><ele>828.0</ele><time>2026-07-29T09:44:07.752Z</time></trkpt><trkpt lat="46.13936833" lon="4.417445"><ele>828.0</ele><time>2026-07-29T09:44:08.751Z</time></trkpt><trkpt lat="46.13935" lon="4.41743667"><ele>828.0</ele><time>2026-07-29T09:44:09.751Z</time></trkpt><trkpt lat="46.13933833" lon="4.41742167"><ele>828.0</ele><time>2026-07-29T09:44:10.752Z</time></trkpt><trkpt lat="46.13933667" lon="4.41739333"><ele>828.0</ele><time>2026-07-29T09:44:11.752Z</time></trkpt><trkpt lat="46.139325" lon="4.41738333"><ele>828.0</ele><time>2026-07-29T09:44:12.751Z</time></trkpt><trkpt lat="46.13930833" lon="4.41738167"><ele>828.0</ele><time>2026-07-29T09:44:13.751Z</time></trkpt><trkpt lat="46.13929167" lon="4.41737167"><ele>828.0</ele><time>2026-07-29T09:44:14.751Z</time></trkpt><trkpt lat="46.13927833" lon="4.41735167"><ele>828.0</ele><time>2026-07-29T09:44:15.751Z</time></trkpt><trkpt lat="46.13927167" lon="4.41733833"><ele>828.0</ele><time>2026-07-29T09:44:16.752Z</time></trkpt><trkpt lat="46.13926167" lon="4.41732667"><ele>828.0</ele><time>2026-07-29T09:44:17.751Z</time></trkpt><trkpt lat="46.13924667" lon="4.41731167"><ele>828.0</ele><time>2026-07-29T09:44:18.752Z</time></trkpt><trkpt lat="46.139235" lon="4.4173"><ele>828.0</ele><time>2026-07-29T09:44:19.751Z</time></trkpt><trkpt lat="46.13922833" lon="4.417295"><ele>828.0</ele><time>2026-07-29T09:44:20.752Z</time></trkpt><trkpt lat="46.13922833" lon="4.41728333"><ele>828.0</ele><time>2026-07-29T09:44:21.751Z</time></trkpt><trkpt lat="46.13921833" lon="4.41727"><ele>829.0</ele><time>2026-07-29T09:44:22.752Z</time></trkpt><trkpt lat="46.13920667" lon="4.41726167"><ele>829.0</ele><time>2026-07-29T09:44:23.751Z</time></trkpt><trkpt lat="46.13919833" lon="4.41724333"><ele>829.0</ele><time>2026-07-29T09:44:24.752Z</time></trkpt><trkpt lat="46.139195" lon="4.417225"><ele>829.0</ele><time>2026-07-29T09:44:25.751Z</time></trkpt><trkpt lat="46.13919167" lon="4.41721167"><ele>830.0</ele><time>2026-07-29T09:44:26.751Z</time></trkpt><trkpt lat="46.13918333" lon="4.4172"><ele>830.0</ele><time>2026-07-29T09:44:27.752Z</time></trkpt><trkpt lat="46.13917833" lon="4.417195"><ele>830.0</ele><time>2026-07-29T09:44:28.752Z</time></trkpt><trkpt lat="46.139175" lon="4.41717667"><ele>830.0</ele><time>2026-07-29T09:44:29.751Z</time></trkpt><trkpt lat="46.13917333" lon="4.41716667"><ele>830.0</ele><time>2026-07-29T09:44:30.752Z</time></trkpt><trkpt lat="46.13917167" lon="4.41715833"><ele>830.0</ele><time>2026-07-29T09:44:31.751Z</time></trkpt><trkpt lat="46.13917" lon="4.41716167"><ele>830.0</ele><time>2026-07-29T09:44:32.751Z</time></trkpt><trkpt lat="46.13916833" lon="4.41715667"><ele>830.0</ele><time>2026-07-29T09:44:33.751Z</time></trkpt><trkpt lat="46.13916333" lon="4.41715667"><ele>829.0</ele><time>2026-07-29T09:44:34.751Z</time></trkpt><trkpt lat="46.13915167" lon="4.417155"><ele>829.0</ele><time>2026-07-29T09:44:35.751Z</time></trkpt><trkpt lat="46.13915333" lon="4.41715833"><ele>829.0</ele><time>2026-07-29T09:44:36.752Z</time></trkpt><trkpt lat="46.139155" lon="4.41715667"><ele>829.0</ele><time>2026-07-29T09:44:37.752Z</time></trkpt><trkpt lat="46.13914667" lon="4.41715"><ele>829.0</ele><time>2026-07-29T09:44:38.751Z</time></trkpt><trkpt lat="46.13913667" lon="4.41714167"><ele>829.0</ele><time>2026-07-29T09:44:39.752Z</time></trkpt><trkpt lat="46.13913167" lon="4.41713333"><ele>829.0</ele><time>2026-07-29T09:44:40.751Z</time></trkpt><trkpt lat="46.13912167" lon="4.41713"><ele>829.0</ele><time>2026-07-29T09:44:41.752Z</time></trkpt><trkpt lat="46.13911" lon="4.41712667"><ele>829.0</ele><time>2026-07-29T09:44:42.751Z</time></trkpt><trkpt lat="46.13910333" lon="4.41712"><ele>829.0</ele><time>2026-07-29T09:44:43.752Z</time></trkpt><trkpt lat="46.13909667" lon="4.41711667"><ele>829.0</ele><time>2026-07-29T09:44:44.752Z</time></trkpt><trkpt lat="46.13908833" lon="4.41711167"><ele>829.0</ele><time>2026-07-29T09:44:45.751Z</time></trkpt><trkpt lat="46.13908667" lon="4.41710667"><ele>830.0</ele><time>2026-07-29T09:44:46.752Z</time></trkpt><trkpt lat="46.13908167" lon="4.41710333"><ele>830.0</ele><time>2026-07-29T09:44:47.752Z</time></trkpt><trkpt lat="46.139075" lon="4.41709167"><ele>830.0</ele><time>2026-07-29T09:44:48.752Z</time></trkpt><trkpt lat="46.13906833" lon="4.41708333"><ele>830.0</ele><time>2026-07-29T09:44:49.752Z</time></trkpt><trkpt lat="46.13906167" lon="4.41707333"><ele>831.0</ele><time>2026-07-29T09:44:50.751Z</time></trkpt><trkpt lat="46.13905167" lon="4.417065"><ele>831.0</ele><time>2026-07-29T09:44:51.751Z</time></trkpt><trkpt lat="46.13904333" lon="4.41706333"><ele>831.0</ele><time>2026-07-29T09:44:52.751Z</time></trkpt><trkpt lat="46.13903" lon="4.41705667"><ele>831.0</ele><time>2026-07-29T09:44:53.751Z</time></trkpt><trkpt lat="46.13902333" lon="4.41705"><ele>831.0</ele><time>2026-07-29T09:44:54.751Z</time></trkpt><trkpt lat="46.13902" lon="4.41704667"><ele>831.0</ele><time>2026-07-29T09:44:55.752Z</time></trkpt><trkpt lat="46.139015" lon="4.41704"><ele>831.0</ele><time>2026-07-29T09:44:56.752Z</time></trkpt><trkpt lat="46.13901" lon="4.417035"><ele>832.0</ele><time>2026-07-29T09:44:57.752Z</time></trkpt><trkpt lat="46.13900167" lon="4.41701"><ele>832.0</ele><time>2026-07-29T09:44:58.751Z</time></trkpt><trkpt lat="46.13899833" lon="4.41699167"><ele>832.0</ele><time>2026-07-29T09:44:59.751Z</time></trkpt><trkpt lat="46.13899" lon="4.41697667"><ele>833.0</ele><time>2026-07-29T09:45:00.751Z</time></trkpt><trkpt lat="46.13898667" lon="4.41697"><ele>833.0</ele><time>2026-07-29T09:45:01.752Z</time></trkpt><trkpt lat="46.138985" lon="4.416965"><ele>833.0</ele><time>2026-07-29T09:45:02.752Z</time></trkpt><trkpt lat="46.13898167" lon="4.41696"><ele>834.0</ele><time>2026-07-29T09:45:03.752Z</time></trkpt><trkpt lat="46.13897667" lon="4.41695333"><ele>834.0</ele><time>2026-07-29T09:45:04.751Z</time></trkpt><trkpt lat="46.13896833" lon="4.416945"><ele>834.0</ele><time>2026-07-29T09:45:05.752Z</time></trkpt><trkpt lat="46.13896" lon="4.41693667"><ele>835.0</ele><time>2026-07-29T09:45:06.751Z</time></trkpt><trkpt lat="46.13894833" lon="4.41692833"><ele>835.0</ele><time>2026-07-29T09:45:07.752Z</time></trkpt><trkpt lat="46.13893833" lon="4.41691833"><ele>835.0</ele><time>2026-07-29T09:45:08.752Z</time></trkpt><trkpt lat="46.13893" lon="4.41690333"><ele>836.0</ele><time>2026-07-29T09:45:09.752Z</time></trkpt><trkpt lat="46.13892333" lon="4.41689167"><ele>836.0</ele><time>2026-07-29T09:45:10.751Z</time></trkpt><trkpt lat="46.138915" lon="4.41688667"><ele>836.0</ele><time>2026-07-29T09:45:11.752Z</time></trkpt><trkpt lat="46.13890667" lon="4.41688667"><ele>836.0</ele><time>2026-07-29T09:45:12.751Z</time></trkpt><trkpt lat="46.13889833" lon="4.41688167"><ele>836.0</ele><time>2026-07-29T09:45:13.751Z</time></trkpt><trkpt lat="46.13889333" lon="4.416875"><ele>836.0</ele><time>2026-07-29T09:45:14.752Z</time></trkpt><trkpt lat="46.13888667" lon="4.41686667"><ele>837.0</ele><time>2026-07-29T09:45:15.751Z</time></trkpt><trkpt lat="46.13887833" lon="4.41685333"><ele>837.0</ele><time>2026-07-29T09:45:16.752Z</time></trkpt><trkpt lat="46.13886667" lon="4.41684"><ele>837.0</ele><time>2026-07-29T09:45:17.751Z</time></trkpt><trkpt lat="46.138855" lon="4.41683167"><ele>837.0</ele><time>2026-07-29T09:45:18.752Z</time></trkpt><trkpt lat="46.13884833" lon="4.41682833"><ele>837.0</ele><time>2026-07-29T09:45:19.751Z</time></trkpt><trkpt lat="46.13884" lon="4.41682333"><ele>837.0</ele><time>2026-07-29T09:45:20.752Z</time></trkpt><trkpt lat="46.13883333" lon="4.41682333"><ele>837.0</ele><time>2026-07-29T09:45:21.751Z</time></trkpt><trkpt lat="46.13882833" lon="4.41682167"><ele>836.0</ele><time>2026-07-29T09:45:22.752Z</time></trkpt><trkpt lat="46.13882333" lon="4.41682"><ele>836.0</ele><time>2026-07-29T09:45:23.752Z</time></trkpt><trkpt lat="46.13881667" lon="4.41681333"><ele>836.0</ele><time>2026-07-29T09:45:24.752Z</time></trkpt><trkpt lat="46.13880833" lon="4.41681167"><ele>837.0</ele><time>2026-07-29T09:45:25.751Z</time></trkpt><trkpt lat="46.138795" lon="4.41680667"><ele>837.0</ele><time>2026-07-29T09:45:26.751Z</time></trkpt><trkpt lat="46.13878333" lon="4.41680167"><ele>837.0</ele><time>2026-07-29T09:45:27.751Z</time></trkpt><trkpt lat="46.138775" lon="4.41679667"><ele>837.0</ele><time>2026-07-29T09:45:28.752Z</time></trkpt><trkpt lat="46.13876833" lon="4.41679167"><ele>837.0</ele><time>2026-07-29T09:45:29.751Z</time></trkpt><trkpt lat="46.13876" lon="4.41678667"><ele>836.0</ele><time>2026-07-29T09:45:30.752Z</time></trkpt><trkpt lat="46.13875167" lon="4.41678"><ele>836.0</ele><time>2026-07-29T09:45:31.751Z</time></trkpt><trkpt lat="46.13874333" lon="4.416775"><ele>836.0</ele><time>2026-07-29T09:45:32.752Z</time></trkpt><trkpt lat="46.13873333" lon="4.41677"><ele>835.0</ele><time>2026-07-29T09:45:33.751Z</time></trkpt><trkpt lat="46.13872167" lon="4.41676333"><ele>835.0</ele><time>2026-07-29T09:45:34.751Z</time></trkpt><trkpt lat="46.138715" lon="4.41675667"><ele>835.0</ele><time>2026-07-29T09:45:35.751Z</time></trkpt><trkpt lat="46.13870833" lon="4.416755"><ele>835.0</ele><time>2026-07-29T09:45:36.752Z</time></trkpt><trkpt lat="46.13870333" lon="4.41675667"><ele>835.0</ele><time>2026-07-29T09:45:37.751Z</time></trkpt><trkpt lat="46.13869667" lon="4.41676"><ele>835.0</ele><time>2026-07-29T09:45:38.751Z</time></trkpt><trkpt lat="46.13869" lon="4.41675833"><ele>835.0</ele><time>2026-07-29T09:45:39.751Z</time></trkpt><trkpt lat="46.138685" lon="4.416755"><ele>835.0</ele><time>2026-07-29T09:45:40.752Z</time></trkpt><trkpt lat="46.13867833" lon="4.41675"><ele>835.0</ele><time>2026-07-29T09:45:41.752Z</time></trkpt><trkpt lat="46.13866833" lon="4.41674833"><ele>835.0</ele><time>2026-07-29T09:45:42.751Z</time></trkpt><trkpt lat="46.13866" lon="4.41674833"><ele>835.0</ele><time>2026-07-29T09:45:43.751Z</time></trkpt><trkpt lat="46.13865" lon="4.41675"><ele>835.0</ele><time>2026-07-29T09:45:44.752Z</time></trkpt><trkpt lat="46.13864167" lon="4.41675333"><ele>835.0</ele><time>2026-07-29T09:45:45.751Z</time></trkpt><trkpt lat="46.13864" lon="4.416745"><ele>834.0</ele><time>2026-07-29T09:45:46.751Z</time></trkpt><trkpt lat="46.13864167" lon="4.41674333"><ele>834.0</ele><time>2026-07-29T09:45:47.751Z</time></trkpt><trkpt lat="46.13863" lon="4.41673833"><ele>834.0</ele><time>2026-07-29T09:45:48.752Z</time></trkpt><trkpt lat="46.13861667" lon="4.416745"><ele>834.0</ele><time>2026-07-29T09:45:49.751Z</time></trkpt><trkpt lat="46.13861167" lon="4.41674833"><ele>834.0</ele><time>2026-07-29T09:45:50.751Z</time></trkpt><trkpt lat="46.13860333" lon="4.41674667"><ele>834.0</ele><time>2026-07-29T09:45:51.752Z</time></trkpt><trkpt lat="46.13859333" lon="4.416745"><ele>834.0</ele><time>2026-07-29T09:45:52.751Z</time></trkpt><trkpt lat="46.138585" lon="4.41674167"><ele>834.0</ele><time>2026-07-29T09:45:53.752Z</time></trkpt><trkpt lat="46.13857667" lon="4.41673833"><ele>834.0</ele><time>2026-07-29T09:45:54.751Z</time></trkpt><trkpt lat="46.138565" lon="4.41674167"><ele>834.0</ele><time>2026-07-29T09:45:55.751Z</time></trkpt><trkpt lat="46.13855333" lon="4.41675167"><ele>834.0</ele><time>2026-07-29T09:45:56.752Z</time></trkpt><trkpt lat="46.13855" lon="4.41675167"><ele>835.0</ele><time>2026-07-29T09:45:57.751Z</time></trkpt><trkpt lat="46.13854667" lon="4.41675333"><ele>835.0</ele><time>2026-07-29T09:45:58.751Z</time></trkpt><trkpt lat="46.13854333" lon="4.41675333"><ele>835.0</ele><time>2026-07-29T09:45:59.752Z</time></trkpt><trkpt lat="46.13854333" lon="4.41675333"><ele>835.0</ele><time>2026-07-29T09:46:00.752Z</time></trkpt><trkpt lat="46.13854167" lon="4.41675333"><ele>834.0</ele><time>2026-07-29T09:46:01.752Z</time></trkpt><trkpt lat="46.138535" lon="4.416755"><ele>834.0</ele><time>2026-07-29T09:46:02.751Z</time></trkpt><trkpt lat="46.13852833" lon="4.416755"><ele>834.0</ele><time>2026-07-29T09:46:03.751Z</time></trkpt><trkpt lat="46.13852167" lon="4.416755"><ele>834.0</ele><time>2026-07-29T09:46:04.751Z</time></trkpt><trkpt lat="46.138515" lon="4.41675167"><ele>834.0</ele><time>2026-07-29T09:46:05.751Z</time></trkpt><trkpt lat="46.13851333" lon="4.41675667"><ele>834.0</ele><time>2026-07-29T09:46:06.751Z</time></trkpt><trkpt lat="46.13850333" lon="4.41676333"><ele>834.0</ele><time>2026-07-29T09:46:07.751Z</time></trkpt><trkpt lat="46.13849" lon="4.41674833"><ele>834.0</ele><time>2026-07-29T09:46:08.752Z</time></trkpt><trkpt lat="46.13848333" lon="4.41673833"><ele>834.0</ele><time>2026-07-29T09:46:09.751Z</time></trkpt><trkpt lat="46.13847833" lon="4.41671833"><ele>834.0</ele><time>2026-07-29T09:46:10.751Z</time></trkpt><trkpt lat="46.13847" lon="4.41670667"><ele>834.0</ele><time>2026-07-29T09:46:11.752Z</time></trkpt><trkpt lat="46.138465" lon="4.41670667"><ele>834.0</ele><time>2026-07-29T09:46:12.752Z</time></trkpt><trkpt lat="46.138455" lon="4.41671167"><ele>834.0</ele><time>2026-07-29T09:46:13.751Z</time></trkpt><trkpt lat="46.13845167" lon="4.41671333"><ele>834.0</ele><time>2026-07-29T09:46:14.752Z</time></trkpt><trkpt lat="46.13844333" lon="4.41671667"><ele>834.0</ele><time>2026-07-29T09:46:15.751Z</time></trkpt><trkpt lat="46.138435" lon="4.416725"><ele>835.0</ele><time>2026-07-29T09:46:16.751Z</time></trkpt><trkpt lat="46.13843333" lon="4.41673333"><ele>835.0</ele><time>2026-07-29T09:46:17.751Z</time></trkpt><trkpt lat="46.13842833" lon="4.41673833"><ele>835.0</ele><time>2026-07-29T09:46:18.751Z</time></trkpt><trkpt lat="46.13842167" lon="4.41674833"><ele>835.0</ele><time>2026-07-29T09:46:19.751Z</time></trkpt><trkpt lat="46.13841333" lon="4.41675167"><ele>836.0</ele><time>2026-07-29T09:46:20.752Z</time></trkpt><trkpt lat="46.13840333" lon="4.416755"><ele>836.0</ele><time>2026-07-29T09:46:21.752Z</time></trkpt><trkpt lat="46.138395" lon="4.41675167"><ele>836.0</ele><time>2026-07-29T09:46:22.751Z</time></trkpt><trkpt lat="46.13839" lon="4.41675167"><ele>837.0</ele><time>2026-07-29T09:46:23.752Z</time></trkpt><trkpt lat="46.13838667" lon="4.41674833"><ele>838.0</ele><time>2026-07-29T09:46:24.751Z</time></trkpt><trkpt lat="46.13838167" lon="4.41675167"><ele>838.0</ele><time>2026-07-29T09:46:25.752Z</time></trkpt><trkpt lat="46.13837833" lon="4.416755"><ele>839.0</ele><time>2026-07-29T09:46:26.751Z</time></trkpt><trkpt lat="46.13837167" lon="4.41676"><ele>840.0</ele><time>2026-07-29T09:46:27.751Z</time></trkpt><trkpt lat="46.13836667" lon="4.416765"><ele>840.0</ele><time>2026-07-29T09:46:28.751Z</time></trkpt><trkpt lat="46.13836167" lon="4.41677"><ele>840.0</ele><time>2026-07-29T09:46:29.752Z</time></trkpt><trkpt lat="46.13835333" lon="4.41677667"><ele>841.0</ele><time>2026-07-29T09:46:30.751Z</time></trkpt><trkpt lat="46.13834667" lon="4.41678"><ele>841.0</ele><time>2026-07-29T09:46:31.751Z</time></trkpt><trkpt lat="46.13834" lon="4.41678333"><ele>841.0</ele><time>2026-07-29T09:46:32.751Z</time></trkpt><trkpt lat="46.13833167" lon="4.41678333"><ele>842.0</ele><time>2026-07-29T09:46:33.752Z</time></trkpt><trkpt lat="46.138325" lon="4.41678667"><ele>842.0</ele><time>2026-07-29T09:46:34.752Z</time></trkpt><trkpt lat="46.13831667" lon="4.41678833"><ele>842.0</ele><time>2026-07-29T09:46:35.752Z</time></trkpt><trkpt lat="46.13831" lon="4.41679167"><ele>842.0</ele><time>2026-07-29T09:46:36.751Z</time></trkpt><trkpt lat="46.13830667" lon="4.416795"><ele>842.0</ele><time>2026-07-29T09:46:37.752Z</time></trkpt><trkpt lat="46.13830167" lon="4.41680167"><ele>842.0</ele><time>2026-07-29T09:46:38.752Z</time></trkpt><trkpt lat="46.13829333" lon="4.41680833"><ele>842.0</ele><time>2026-07-29T09:46:39.751Z</time></trkpt><trkpt lat="46.13828667" lon="4.41681167"><ele>842.0</ele><time>2026-07-29T09:46:40.752Z</time></trkpt><trkpt lat="46.13828167" lon="4.416815"><ele>842.0</ele><time>2026-07-29T09:46:41.751Z</time></trkpt><trkpt lat="46.138275" lon="4.41681667"><ele>842.0</ele><time>2026-07-29T09:46:42.752Z</time></trkpt><trkpt lat="46.13826667" lon="4.41682167"><ele>842.0</ele><time>2026-07-29T09:46:43.752Z</time></trkpt><trkpt lat="46.13826" lon="4.41683"><ele>842.0</ele><time>2026-07-29T09:46:44.752Z</time></trkpt><trkpt lat="46.13825333" lon="4.41683833"><ele>842.0</ele><time>2026-07-29T09:46:45.752Z</time></trkpt><trkpt lat="46.13824667" lon="4.416845"><ele>842.0</ele><time>2026-07-29T09:46:46.751Z</time></trkpt><trkpt lat="46.13823833" lon="4.41685"><ele>843.0</ele><time>2026-07-29T09:46:47.752Z</time></trkpt><trkpt lat="46.13823" lon="4.41685833"><ele>843.0</ele><time>2026-07-29T09:46:48.752Z</time></trkpt><trkpt lat="46.13822333" lon="4.41686333"><ele>843.0</ele><time>2026-07-29T09:46:49.751Z</time></trkpt><trkpt lat="46.13821833" lon="4.41686833"><ele>843.0</ele><time>2026-07-29T09:46:50.751Z</time></trkpt><trkpt lat="46.13821167" lon="4.416875"><ele>843.0</ele><time>2026-07-29T09:46:51.751Z</time></trkpt><trkpt lat="46.13820667" lon="4.41688333"><ele>843.0</ele><time>2026-07-29T09:46:52.752Z</time></trkpt><trkpt lat="46.13820167" lon="4.41688833"><ele>843.0</ele><time>2026-07-29T09:46:53.752Z</time></trkpt><trkpt lat="46.13819833" lon="4.41689333"><ele>843.0</ele><time>2026-07-29T09:46:54.752Z</time></trkpt><trkpt lat="46.13819333" lon="4.41689833"><ele>843.0</ele><time>2026-07-29T09:46:55.752Z</time></trkpt><trkpt lat="46.13818833" lon="4.41690333"><ele>843.0</ele><time>2026-07-29T09:46:56.751Z</time></trkpt><trkpt lat="46.13818" lon="4.41690667"><ele>844.0</ele><time>2026-07-29T09:46:57.751Z</time></trkpt><trkpt lat="46.13817333" lon="4.416915"><ele>844.0</ele><time>2026-07-29T09:46:58.751Z</time></trkpt><trkpt lat="46.138165" lon="4.41692333"><ele>844.0</ele><time>2026-07-29T09:46:59.752Z</time></trkpt><trkpt lat="46.13815833" lon="4.41693"><ele>844.0</ele><time>2026-07-29T09:47:00.752Z</time></trkpt><trkpt lat="46.13815333" lon="4.41693667"><ele>844.0</ele><time>2026-07-29T09:47:01.751Z</time></trkpt><trkpt lat="46.13815" lon="4.416945"><ele>845.0</ele><time>2026-07-29T09:47:02.752Z</time></trkpt><trkpt lat="46.13814667" lon="4.41695"><ele>845.0</ele><time>2026-07-29T09:47:03.752Z</time></trkpt><trkpt lat="46.13814167" lon="4.416955"><ele>845.0</ele><time>2026-07-29T09:47:04.751Z</time></trkpt><trkpt lat="46.13813167" lon="4.41696333"><ele>845.0</ele><time>2026-07-29T09:47:05.752Z</time></trkpt><trkpt lat="46.138125" lon="4.41696667"><ele>846.0</ele><time>2026-07-29T09:47:06.752Z</time></trkpt><trkpt lat="46.13811667" lon="4.41697167"><ele>846.0</ele><time>2026-07-29T09:47:07.752Z</time></trkpt><trkpt lat="46.13811167" lon="4.41697333"><ele>846.0</ele><time>2026-07-29T09:47:08.751Z</time></trkpt><trkpt lat="46.13810833" lon="4.41697667"><ele>846.0</ele><time>2026-07-29T09:47:09.751Z</time></trkpt><trkpt lat="46.13810167" lon="4.41697833"><ele>845.0</ele><time>2026-07-29T09:47:10.751Z</time></trkpt><trkpt lat="46.13809667" lon="4.41698167"><ele>845.0</ele><time>2026-07-29T09:47:11.751Z</time></trkpt><trkpt lat="46.13809167" lon="4.41698667"><ele>845.0</ele><time>2026-07-29T09:47:12.751Z</time></trkpt><trkpt lat="46.13808667" lon="4.41699333"><ele>845.0</ele><time>2026-07-29T09:47:13.751Z</time></trkpt><trkpt lat="46.13808167" lon="4.41700333"><ele>845.0</ele><time>2026-07-29T09:47:14.751Z</time></trkpt><trkpt lat="46.13807833" lon="4.41701"><ele>845.0</ele><time>2026-07-29T09:47:15.751Z</time></trkpt><trkpt lat="46.13807333" lon="4.41702"><ele>844.0</ele><time>2026-07-29T09:47:16.752Z</time></trkpt><trkpt lat="46.13806667" lon="4.41702833"><ele>844.0</ele><time>2026-07-29T09:47:17.751Z</time></trkpt><trkpt lat="46.13805833" lon="4.417035"><ele>844.0</ele><time>2026-07-29T09:47:18.752Z</time></trkpt><trkpt lat="46.13805" lon="4.41703833"><ele>844.0</ele><time>2026-07-29T09:47:19.752Z</time></trkpt><trkpt lat="46.13804667" lon="4.41704333"><ele>844.0</ele><time>2026-07-29T09:47:20.752Z</time></trkpt><trkpt lat="46.13804167" lon="4.417045"><ele>843.0</ele><time>2026-07-29T09:47:21.751Z</time></trkpt><trkpt lat="46.13803667" lon="4.41705167"><ele>843.0</ele><time>2026-07-29T09:47:22.751Z</time></trkpt><trkpt lat="46.13803333" lon="4.417055"><ele>843.0</ele><time>2026-07-29T09:47:23.751Z</time></trkpt><trkpt lat="46.13802833" lon="4.41705667"><ele>842.0</ele><time>2026-07-29T09:47:24.751Z</time></trkpt><trkpt lat="46.13802167" lon="4.41705833"><ele>842.0</ele><time>2026-07-29T09:47:25.751Z</time></trkpt><trkpt lat="46.13801833" lon="4.41706333"><ele>842.0</ele><time>2026-07-29T09:47:26.751Z</time></trkpt><trkpt lat="46.138015" lon="4.41707"><ele>841.0</ele><time>2026-07-29T09:47:27.752Z</time></trkpt><trkpt lat="46.138015" lon="4.417075"><ele>841.0</ele><time>2026-07-29T09:47:28.752Z</time></trkpt><trkpt lat="46.138015" lon="4.417085"><ele>842.0</ele><time>2026-07-29T09:47:29.751Z</time></trkpt><trkpt lat="46.13801167" lon="4.41709167"><ele>842.0</ele><time>2026-07-29T09:47:30.752Z</time></trkpt><trkpt lat="46.13801" lon="4.4171"><ele>843.0</ele><time>2026-07-29T09:47:31.752Z</time></trkpt><trkpt lat="46.138005" lon="4.41711"><ele>843.0</ele><time>2026-07-29T09:47:32.751Z</time></trkpt><trkpt lat="46.13800167" lon="4.41712333"><ele>843.0</ele><time>2026-07-29T09:47:33.751Z</time></trkpt><trkpt lat="46.138" lon="4.417135"><ele>843.0</ele><time>2026-07-29T09:47:34.751Z</time></trkpt><trkpt lat="46.137995" lon="4.41714667"><ele>843.0</ele><time>2026-07-29T09:47:35.751Z</time></trkpt><trkpt lat="46.13799167" lon="4.41715667"><ele>843.0</ele><time>2026-07-29T09:47:36.751Z</time></trkpt><trkpt lat="46.13798833" lon="4.417165"><ele>843.0</ele><time>2026-07-29T09:47:37.751Z</time></trkpt><trkpt lat="46.13798667" lon="4.417185"><ele>844.0</ele><time>2026-07-29T09:47:38.752Z</time></trkpt><trkpt lat="46.13798167" lon="4.417195"><ele>844.0</ele><time>2026-07-29T09:47:39.752Z</time></trkpt><trkpt lat="46.13796667" lon="4.41719"><ele>844.0</ele><time>2026-07-29T09:47:40.752Z</time></trkpt><trkpt lat="46.13796667" lon="4.41719667"><ele>844.0</ele><time>2026-07-29T09:47:41.752Z</time></trkpt><trkpt lat="46.13795667" lon="4.41719167"><ele>844.0</ele><time>2026-07-29T09:47:42.751Z</time></trkpt><trkpt lat="46.13794167" lon="4.41719167"><ele>844.0</ele><time>2026-07-29T09:47:43.751Z</time></trkpt><trkpt lat="46.13793333" lon="4.417195"><ele>844.0</ele><time>2026-07-29T09:47:44.751Z</time></trkpt><trkpt lat="46.137925" lon="4.41719833"><ele>844.0</ele><time>2026-07-29T09:47:45.752Z</time></trkpt><trkpt lat="46.13791167" lon="4.417205"><ele>844.0</ele><time>2026-07-29T09:47:46.751Z</time></trkpt><trkpt lat="46.1379" lon="4.41720833"><ele>844.0</ele><time>2026-07-29T09:47:47.751Z</time></trkpt><trkpt lat="46.13789667" lon="4.41721333"><ele>844.0</ele><time>2026-07-29T09:47:48.751Z</time></trkpt><trkpt lat="46.13789167" lon="4.41722167"><ele>844.0</ele><time>2026-07-29T09:47:49.751Z</time></trkpt><trkpt lat="46.13788667" lon="4.41723"><ele>844.0</ele><time>2026-07-29T09:47:50.751Z</time></trkpt><trkpt lat="46.13788167" lon="4.41724"><ele>845.0</ele><time>2026-07-29T09:47:51.751Z</time></trkpt><trkpt lat="46.137875" lon="4.41725167"><ele>845.0</ele><time>2026-07-29T09:47:52.751Z</time></trkpt><trkpt lat="46.13786833" lon="4.41726"><ele>846.0</ele><time>2026-07-29T09:47:53.751Z</time></trkpt><trkpt lat="46.13786333" lon="4.417265"><ele>846.0</ele><time>2026-07-29T09:47:54.752Z</time></trkpt><trkpt lat="46.13786167" lon="4.41727"><ele>847.0</ele><time>2026-07-29T09:47:55.752Z</time></trkpt><trkpt lat="46.137855" lon="4.417275"><ele>847.0</ele><time>2026-07-29T09:47:56.751Z</time></trkpt><trkpt lat="46.13785167" lon="4.41728"><ele>847.0</ele><time>2026-07-29T09:47:57.752Z</time></trkpt><trkpt lat="46.137845" lon="4.41728833"><ele>847.0</ele><time>2026-07-29T09:47:58.751Z</time></trkpt><trkpt lat="46.13783833" lon="4.41729333"><ele>847.0</ele><time>2026-07-29T09:47:59.751Z</time></trkpt><trkpt lat="46.13783" lon="4.4173"><ele>847.0</ele><time>2026-07-29T09:48:00.752Z</time></trkpt><trkpt lat="46.13782167" lon="4.41730667"><ele>847.0</ele><time>2026-07-29T09:48:01.752Z</time></trkpt><trkpt lat="46.137815" lon="4.41731"><ele>847.0</ele><time>2026-07-29T09:48:02.751Z</time></trkpt><trkpt lat="46.13780833" lon="4.417315"><ele>847.0</ele><time>2026-07-29T09:48:03.751Z</time></trkpt><trkpt lat="46.13779833" lon="4.41731667"><ele>847.0</ele><time>2026-07-29T09:48:04.751Z</time></trkpt><trkpt lat="46.13779167" lon="4.41731667"><ele>848.0</ele><time>2026-07-29T09:48:05.752Z</time></trkpt><trkpt lat="46.13778667" lon="4.41731333"><ele>848.0</ele><time>2026-07-29T09:48:06.752Z</time></trkpt><trkpt lat="46.13777667" lon="4.41730833"><ele>848.0</ele><time>2026-07-29T09:48:07.752Z</time></trkpt><trkpt lat="46.13776667" lon="4.41730667"><ele>849.0</ele><time>2026-07-29T09:48:08.752Z</time></trkpt><trkpt lat="46.13776" lon="4.41730333"><ele>849.0</ele><time>2026-07-29T09:48:09.751Z</time></trkpt><trkpt lat="46.13775167" lon="4.41730167"><ele>850.0</ele><time>2026-07-29T09:48:10.752Z</time></trkpt><trkpt lat="46.137745" lon="4.41730167"><ele>850.0</ele><time>2026-07-29T09:48:11.751Z</time></trkpt><trkpt lat="46.13773833" lon="4.41729833"><ele>851.0</ele><time>2026-07-29T09:48:12.751Z</time></trkpt><trkpt lat="46.13773" lon="4.417295"><ele>851.0</ele><time>2026-07-29T09:48:13.752Z</time></trkpt><trkpt lat="46.13772333" lon="4.41729333"><ele>852.0</ele><time>2026-07-29T09:48:14.751Z</time></trkpt><trkpt lat="46.13771833" lon="4.41729333"><ele>852.0</ele><time>2026-07-29T09:48:15.751Z</time></trkpt><trkpt lat="46.13770833" lon="4.41728833"><ele>852.0</ele><time>2026-07-29T09:48:16.751Z</time></trkpt><trkpt lat="46.13770333" lon="4.41728833"><ele>853.0</ele><time>2026-07-29T09:48:17.751Z</time></trkpt><trkpt lat="46.13769333" lon="4.41729333"><ele>853.0</ele><time>2026-07-29T09:48:18.752Z</time></trkpt><trkpt lat="46.137685" lon="4.417295"><ele>853.0</ele><time>2026-07-29T09:48:19.751Z</time></trkpt><trkpt lat="46.13768" lon="4.41729333"><ele>853.0</ele><time>2026-07-29T09:48:20.752Z</time></trkpt><trkpt lat="46.13767333" lon="4.41729667"><ele>853.0</ele><time>2026-07-29T09:48:21.751Z</time></trkpt><trkpt lat="46.13766667" lon="4.41729833"><ele>854.0</ele><time>2026-07-29T09:48:22.751Z</time></trkpt><trkpt lat="46.13765833" lon="4.41729833"><ele>854.0</ele><time>2026-07-29T09:48:23.751Z</time></trkpt><trkpt lat="46.13765" lon="4.41729833"><ele>854.0</ele><time>2026-07-29T09:48:24.752Z</time></trkpt><trkpt lat="46.13764333" lon="4.41729833"><ele>855.0</ele><time>2026-07-29T09:48:25.751Z</time></trkpt><trkpt lat="46.137635" lon="4.4173"><ele>855.0</ele><time>2026-07-29T09:48:26.752Z</time></trkpt><trkpt lat="46.13762667" lon="4.41730167"><ele>856.0</ele><time>2026-07-29T09:48:27.751Z</time></trkpt><trkpt lat="46.13762" lon="4.417305"><ele>856.0</ele><time>2026-07-29T09:48:28.752Z</time></trkpt><trkpt lat="46.13761333" lon="4.41731"><ele>857.0</ele><time>2026-07-29T09:48:29.751Z</time></trkpt><trkpt lat="46.137605" lon="4.417315"><ele>857.0</ele><time>2026-07-29T09:48:30.751Z</time></trkpt><trkpt lat="46.137595" lon="4.41731833"><ele>857.0</ele><time>2026-07-29T09:48:31.751Z</time></trkpt><trkpt lat="46.137585" lon="4.41732"><ele>857.0</ele><time>2026-07-29T09:48:32.752Z</time></trkpt><trkpt lat="46.13757833" lon="4.41732167"><ele>858.0</ele><time>2026-07-29T09:48:33.751Z</time></trkpt><trkpt lat="46.13757" lon="4.41732"><ele>858.0</ele><time>2026-07-29T09:48:34.752Z</time></trkpt><trkpt lat="46.13756" lon="4.41731667"><ele>858.0</ele><time>2026-07-29T09:48:35.751Z</time></trkpt><trkpt lat="46.13755167" lon="4.417315"><ele>859.0</ele><time>2026-07-29T09:48:36.751Z</time></trkpt><trkpt lat="46.13754333" lon="4.41731167"><ele>859.0</ele><time>2026-07-29T09:48:37.751Z</time></trkpt><trkpt lat="46.13753333" lon="4.41730833"><ele>860.0</ele><time>2026-07-29T09:48:38.751Z</time></trkpt><trkpt lat="46.13752333" lon="4.41730667"><ele>860.0</ele><time>2026-07-29T09:48:39.751Z</time></trkpt><trkpt lat="46.13751333" lon="4.417305"><ele>861.0</ele><time>2026-07-29T09:48:40.752Z</time></trkpt><trkpt lat="46.137505" lon="4.41730833"><ele>862.0</ele><time>2026-07-29T09:48:41.752Z</time></trkpt><trkpt lat="46.13749833" lon="4.417315"><ele>863.0</ele><time>2026-07-29T09:48:42.752Z</time></trkpt><trkpt lat="46.13749167" lon="4.41732"><ele>863.0</ele><time>2026-07-29T09:48:43.752Z</time></trkpt><trkpt lat="46.13748167" lon="4.417325"><ele>863.0</ele><time>2026-07-29T09:48:44.751Z</time></trkpt><trkpt lat="46.13747333" lon="4.41732333"><ele>864.0</ele><time>2026-07-29T09:48:45.751Z</time></trkpt><trkpt lat="46.13746333" lon="4.41732167"><ele>863.0</ele><time>2026-07-29T09:48:46.752Z</time></trkpt><trkpt lat="46.137455" lon="4.41732"><ele>863.0</ele><time>2026-07-29T09:48:47.752Z</time></trkpt><trkpt lat="46.13744667" lon="4.41731833"><ele>864.0</ele><time>2026-07-29T09:48:48.751Z</time></trkpt><trkpt lat="46.13743667" lon="4.41731833"><ele>864.0</ele><time>2026-07-29T09:48:49.752Z</time></trkpt><trkpt lat="46.13742667" lon="4.41731833"><ele>864.0</ele><time>2026-07-29T09:48:50.752Z</time></trkpt><trkpt lat="46.13742" lon="4.41732167"><ele>865.0</ele><time>2026-07-29T09:48:51.752Z</time></trkpt><trkpt lat="46.1374" lon="4.41732167"><ele>865.0</ele><time>2026-07-29T09:48:52.752Z</time></trkpt><trkpt lat="46.13738333" lon="4.41731833"><ele>865.0</ele><time>2026-07-29T09:48:53.751Z</time></trkpt><trkpt lat="46.13736833" lon="4.41731833"><ele>866.0</ele><time>2026-07-29T09:48:54.751Z</time></trkpt><trkpt lat="46.13735667" lon="4.41732333"><ele>866.0</ele><time>2026-07-29T09:48:55.751Z</time></trkpt><trkpt lat="46.13734667" lon="4.417315"><ele>866.0</ele><time>2026-07-29T09:48:56.751Z</time></trkpt><trkpt lat="46.13733833" lon="4.41731"><ele>867.0</ele><time>2026-07-29T09:48:57.751Z</time></trkpt><trkpt lat="46.13733" lon="4.41730333"><ele>867.0</ele><time>2026-07-29T09:48:58.751Z</time></trkpt><trkpt lat="46.13732167" lon="4.4173"><ele>867.0</ele><time>2026-07-29T09:48:59.751Z</time></trkpt><trkpt lat="46.13731333" lon="4.41729833"><ele>867.0</ele><time>2026-07-29T09:49:00.752Z</time></trkpt><trkpt lat="46.13730333" lon="4.41729833"><ele>867.0</ele><time>2026-07-29T09:49:01.751Z</time></trkpt><trkpt lat="46.137295" lon="4.41729667"><ele>867.0</ele><time>2026-07-29T09:49:02.752Z</time></trkpt><trkpt lat="46.13728833" lon="4.41729333"><ele>867.0</ele><time>2026-07-29T09:49:03.752Z</time></trkpt><trkpt lat="46.13728" lon="4.41729667"><ele>867.0</ele><time>2026-07-29T09:49:04.752Z</time></trkpt><trkpt lat="46.13727" lon="4.4173"><ele>867.0</ele><time>2026-07-29T09:49:05.752Z</time></trkpt><trkpt lat="46.13726333" lon="4.41730167"><ele>868.0</ele><time>2026-07-29T09:49:06.752Z</time></trkpt><trkpt lat="46.13725667" lon="4.41730333"><ele>868.0</ele><time>2026-07-29T09:49:07.752Z</time></trkpt><trkpt lat="46.13724667" lon="4.417305"><ele>869.0</ele><time>2026-07-29T09:49:08.752Z</time></trkpt><trkpt lat="46.13724" lon="4.417315"><ele>869.0</ele><time>2026-07-29T09:49:09.752Z</time></trkpt><trkpt lat="46.13723333" lon="4.41732"><ele>869.0</ele><time>2026-07-29T09:49:10.752Z</time></trkpt><trkpt lat="46.137225" lon="4.41732333"><ele>869.0</ele><time>2026-07-29T09:49:11.751Z</time></trkpt><trkpt lat="46.13721667" lon="4.41732167"><ele>869.0</ele><time>2026-07-29T09:49:12.751Z</time></trkpt><trkpt lat="46.13720667" lon="4.41732333"><ele>869.0</ele><time>2026-07-29T09:49:13.751Z</time></trkpt><trkpt lat="46.13719667" lon="4.417325"><ele>869.0</ele><time>2026-07-29T09:49:14.751Z</time></trkpt><trkpt lat="46.13718667" lon="4.41732667"><ele>869.0</ele><time>2026-07-29T09:49:15.751Z</time></trkpt><trkpt lat="46.13718" lon="4.41733"><ele>869.0</ele><time>2026-07-29T09:49:16.752Z</time></trkpt><trkpt lat="46.13717" lon="4.41733"><ele>869.0</ele><time>2026-07-29T09:49:17.752Z</time></trkpt><trkpt lat="46.137165" lon="4.41733"><ele>869.0</ele><time>2026-07-29T09:49:18.752Z</time></trkpt><trkpt lat="46.13715833" lon="4.41732667"><ele>868.0</ele><time>2026-07-29T09:49:19.752Z</time></trkpt><trkpt lat="46.13715167" lon="4.41733167"><ele>868.0</ele><time>2026-07-29T09:49:20.751Z</time></trkpt><trkpt lat="46.13714333" lon="4.417335"><ele>868.0</ele><time>2026-07-29T09:49:21.751Z</time></trkpt><trkpt lat="46.137135" lon="4.41733833"><ele>868.0</ele><time>2026-07-29T09:49:22.751Z</time></trkpt><trkpt lat="46.13712833" lon="4.41734167"><ele>868.0</ele><time>2026-07-29T09:49:23.752Z</time></trkpt><trkpt lat="46.13712333" lon="4.41734333"><ele>868.0</ele><time>2026-07-29T09:49:24.752Z</time></trkpt><trkpt lat="46.137115" lon="4.41734333"><ele>869.0</ele><time>2026-07-29T09:49:25.751Z</time></trkpt><trkpt lat="46.137105" lon="4.41734"><ele>869.0</ele><time>2026-07-29T09:49:26.751Z</time></trkpt><trkpt lat="46.13709833" lon="4.417335"><ele>869.0</ele><time>2026-07-29T09:49:27.752Z</time></trkpt><trkpt lat="46.13708667" lon="4.41733167"><ele>870.0</ele><time>2026-07-29T09:49:28.752Z</time></trkpt><trkpt lat="46.13708" lon="4.41733"><ele>870.0</ele><time>2026-07-29T09:49:29.752Z</time></trkpt><trkpt lat="46.13707667" lon="4.41733167"><ele>870.0</ele><time>2026-07-29T09:49:30.751Z</time></trkpt><trkpt lat="46.13706667" lon="4.417325"><ele>871.0</ele><time>2026-07-29T09:49:31.751Z</time></trkpt><trkpt lat="46.13706" lon="4.41731667"><ele>871.0</ele><time>2026-07-29T09:49:32.751Z</time></trkpt><trkpt lat="46.137055" lon="4.41731333"><ele>871.0</ele><time>2026-07-29T09:49:33.752Z</time></trkpt><trkpt lat="46.13704667" lon="4.41731"><ele>872.0</ele><time>2026-07-29T09:49:34.751Z</time></trkpt><trkpt lat="46.13703833" lon="4.417305"><ele>872.0</ele><time>2026-07-29T09:49:35.752Z</time></trkpt><trkpt lat="46.13703167" lon="4.41730333"><ele>872.0</ele><time>2026-07-29T09:49:36.751Z</time></trkpt><trkpt lat="46.137025" lon="4.4173"><ele>873.0</ele><time>2026-07-29T09:49:37.752Z</time></trkpt><trkpt lat="46.13701833" lon="4.4173"><ele>873.0</ele><time>2026-07-29T09:49:38.751Z</time></trkpt><trkpt lat="46.13701" lon="4.41729833"><ele>873.0</ele><time>2026-07-29T09:49:39.752Z</time></trkpt><trkpt lat="46.13699833" lon="4.417305"><ele>874.0</ele><time>2026-07-29T09:49:40.751Z</time></trkpt><trkpt lat="46.13698167" lon="4.41730167"><ele>874.0</ele><time>2026-07-29T09:49:41.751Z</time></trkpt><trkpt lat="46.13696833" lon="4.41730333"><ele>874.0</ele><time>2026-07-29T09:49:42.752Z</time></trkpt><trkpt lat="46.13695333" lon="4.417305"><ele>875.0</ele><time>2026-07-29T09:49:43.751Z</time></trkpt><trkpt lat="46.13694167" lon="4.41730167"><ele>875.0</ele><time>2026-07-29T09:49:44.752Z</time></trkpt><trkpt lat="46.13692667" lon="4.41730167"><ele>876.0</ele><time>2026-07-29T09:49:45.752Z</time></trkpt><trkpt lat="46.13691833" lon="4.41730167"><ele>876.0</ele><time>2026-07-29T09:49:46.752Z</time></trkpt><trkpt lat="46.13691" lon="4.41730333"><ele>877.0</ele><time>2026-07-29T09:49:47.752Z</time></trkpt><trkpt lat="46.13690333" lon="4.41730667"><ele>877.0</ele><time>2026-07-29T09:49:48.751Z</time></trkpt><trkpt lat="46.13689667" lon="4.417305"><ele>877.0</ele><time>2026-07-29T09:49:49.751Z</time></trkpt><trkpt lat="46.13688833" lon="4.41730333"><ele>878.0</ele><time>2026-07-29T09:49:50.751Z</time></trkpt><trkpt lat="46.13688167" lon="4.41730333"><ele>878.0</ele><time>2026-07-29T09:49:51.752Z</time></trkpt><trkpt lat="46.136875" lon="4.417305"><ele>878.0</ele><time>2026-07-29T09:49:52.752Z</time></trkpt><trkpt lat="46.13686833" lon="4.41730333"><ele>878.0</ele><time>2026-07-29T09:49:53.752Z</time></trkpt><trkpt lat="46.13685833" lon="4.41730333"><ele>878.0</ele><time>2026-07-29T09:49:54.751Z</time></trkpt><trkpt lat="46.13684667" lon="4.41730167"><ele>877.0</ele><time>2026-07-29T09:49:55.752Z</time></trkpt><trkpt lat="46.13683333" lon="4.4173"><ele>877.0</ele><time>2026-07-29T09:49:56.752Z</time></trkpt><trkpt lat="46.13682333" lon="4.41729667"><ele>877.0</ele><time>2026-07-29T09:49:57.751Z</time></trkpt><trkpt lat="46.13681667" lon="4.41729667"><ele>876.0</ele><time>2026-07-29T09:49:58.751Z</time></trkpt><trkpt lat="46.13680833" lon="4.417295"><ele>876.0</ele><time>2026-07-29T09:49:59.752Z</time></trkpt><trkpt lat="46.13679833" lon="4.41729833"><ele>877.0</ele><time>2026-07-29T09:50:00.751Z</time></trkpt><trkpt lat="46.13679167" lon="4.41730333"><ele>877.0</ele><time>2026-07-29T09:50:01.752Z</time></trkpt><trkpt lat="46.13678333" lon="4.41731"><ele>877.0</ele><time>2026-07-29T09:50:02.751Z</time></trkpt><trkpt lat="46.13677167" lon="4.417315"><ele>877.0</ele><time>2026-07-29T09:50:03.751Z</time></trkpt><trkpt lat="46.13676" lon="4.41731667"><ele>877.0</ele><time>2026-07-29T09:50:04.751Z</time></trkpt><trkpt lat="46.136755" lon="4.41731667"><ele>877.0</ele><time>2026-07-29T09:50:05.752Z</time></trkpt><trkpt lat="46.13674833" lon="4.41733"><ele>877.0</ele><time>2026-07-29T09:50:06.752Z</time></trkpt><trkpt lat="46.13673833" lon="4.41733667"><ele>877.0</ele><time>2026-07-29T09:50:07.752Z</time></trkpt><trkpt lat="46.136725" lon="4.417345"><ele>878.0</ele><time>2026-07-29T09:50:08.752Z</time></trkpt><trkpt lat="46.13671333" lon="4.41735"><ele>878.0</ele><time>2026-07-29T09:50:09.752Z</time></trkpt><trkpt lat="46.13669333" lon="4.41735"><ele>878.0</ele><time>2026-07-29T09:50:10.752Z</time></trkpt><trkpt lat="46.13668667" lon="4.41734667"><ele>878.0</ele><time>2026-07-29T09:50:11.752Z</time></trkpt><trkpt lat="46.13667167" lon="4.41734167"><ele>878.0</ele><time>2026-07-29T09:50:12.752Z</time></trkpt><trkpt lat="46.13665833" lon="4.41733667"><ele>877.0</ele><time>2026-07-29T09:50:13.752Z</time></trkpt><trkpt lat="46.13663833" lon="4.417335"><ele>877.0</ele><time>2026-07-29T09:50:14.751Z</time></trkpt><trkpt lat="46.13662667" lon="4.41732667"><ele>876.0</ele><time>2026-07-29T09:50:15.751Z</time></trkpt><trkpt lat="46.136615" lon="4.41732"><ele>876.0</ele><time>2026-07-29T09:50:16.751Z</time></trkpt><trkpt lat="46.13660333" lon="4.417315"><ele>875.0</ele><time>2026-07-29T09:50:17.751Z</time></trkpt><trkpt lat="46.13659333" lon="4.41731333"><ele>875.0</ele><time>2026-07-29T09:50:18.751Z</time></trkpt><trkpt lat="46.13658333" lon="4.41731333"><ele>875.0</ele><time>2026-07-29T09:50:19.751Z</time></trkpt><trkpt lat="46.13657167" lon="4.41731833"><ele>875.0</ele><time>2026-07-29T09:50:20.751Z</time></trkpt><trkpt lat="46.13655833" lon="4.417315"><ele>875.0</ele><time>2026-07-29T09:50:21.752Z</time></trkpt><trkpt lat="46.13653667" lon="4.41730167"><ele>876.0</ele><time>2026-07-29T09:50:22.751Z</time></trkpt><trkpt lat="46.13653333" lon="4.41730167"><ele>876.0</ele><time>2026-07-29T09:50:23.751Z</time></trkpt><trkpt lat="46.136535" lon="4.41730167"><ele>877.0</ele><time>2026-07-29T09:50:24.751Z</time></trkpt><trkpt lat="46.13652333" lon="4.41731"><ele>877.0</ele><time>2026-07-29T09:50:25.751Z</time></trkpt><trkpt lat="46.13651167" lon="4.41730833"><ele>878.0</ele><time>2026-07-29T09:50:26.752Z</time></trkpt><trkpt lat="46.1365" lon="4.417305"><ele>879.0</ele><time>2026-07-29T09:50:27.751Z</time></trkpt><trkpt lat="46.13649" lon="4.41730833"><ele>879.0</ele><time>2026-07-29T09:50:28.752Z</time></trkpt><trkpt lat="46.13648" lon="4.41731333"><ele>880.0</ele><time>2026-07-29T09:50:29.751Z</time></trkpt><trkpt lat="46.136465" lon="4.41731"><ele>880.0</ele><time>2026-07-29T09:50:30.751Z</time></trkpt><trkpt lat="46.13645167" lon="4.41730833"><ele>880.0</ele><time>2026-07-29T09:50:31.752Z</time></trkpt><trkpt lat="46.13644167" lon="4.41730333"><ele>879.0</ele><time>2026-07-29T09:50:32.751Z</time></trkpt><trkpt lat="46.13642833" lon="4.41729667"><ele>879.0</ele><time>2026-07-29T09:50:33.752Z</time></trkpt><trkpt lat="46.136415" lon="4.41729667"><ele>879.0</ele><time>2026-07-29T09:50:34.751Z</time></trkpt><trkpt lat="46.13640167" lon="4.4173"><ele>879.0</ele><time>2026-07-29T09:50:35.751Z</time></trkpt><trkpt lat="46.13639667" lon="4.417305"><ele>879.0</ele><time>2026-07-29T09:50:36.751Z</time></trkpt><trkpt lat="46.13638667" lon="4.41730833"><ele>879.0</ele><time>2026-07-29T09:50:37.751Z</time></trkpt><trkpt lat="46.13638333" lon="4.417325"><ele>879.0</ele><time>2026-07-29T09:50:38.752Z</time></trkpt><trkpt lat="46.136375" lon="4.41732833"><ele>879.0</ele><time>2026-07-29T09:50:39.751Z</time></trkpt><trkpt lat="46.13635667" lon="4.41732333"><ele>879.0</ele><time>2026-07-29T09:50:40.751Z</time></trkpt><trkpt lat="46.13634" lon="4.41731333"><ele>880.0</ele><time>2026-07-29T09:50:41.751Z</time></trkpt><trkpt lat="46.13632" lon="4.41731333"><ele>880.0</ele><time>2026-07-29T09:50:42.751Z</time></trkpt><trkpt lat="46.13631" lon="4.41731333"><ele>880.0</ele><time>2026-07-29T09:50:43.751Z</time></trkpt><trkpt lat="46.13629833" lon="4.41731"><ele>880.0</ele><time>2026-07-29T09:50:44.752Z</time></trkpt><trkpt lat="46.13628833" lon="4.417305"><ele>880.0</ele><time>2026-07-29T09:50:45.751Z</time></trkpt><trkpt lat="46.13627833" lon="4.41730333"><ele>880.0</ele><time>2026-07-29T09:50:46.752Z</time></trkpt><trkpt lat="46.13626667" lon="4.41729667"><ele>880.0</ele><time>2026-07-29T09:50:47.752Z</time></trkpt><trkpt lat="46.136255" lon="4.41729833"><ele>881.0</ele><time>2026-07-29T09:50:48.751Z</time></trkpt><trkpt lat="46.13624333" lon="4.4173"><ele>881.0</ele><time>2026-07-29T09:50:49.751Z</time></trkpt><trkpt lat="46.13622667" lon="4.41729167"><ele>881.0</ele><time>2026-07-29T09:50:50.751Z</time></trkpt><trkpt lat="46.13621833" lon="4.417285"><ele>882.0</ele><time>2026-07-29T09:50:51.752Z</time></trkpt><trkpt lat="46.13621" lon="4.41728667"><ele>882.0</ele><time>2026-07-29T09:50:52.752Z</time></trkpt><trkpt lat="46.13619667" lon="4.41729667"><ele>882.0</ele><time>2026-07-29T09:50:53.752Z</time></trkpt><trkpt lat="46.136185" lon="4.41730167"><ele>883.0</ele><time>2026-07-29T09:50:54.751Z</time></trkpt><trkpt lat="46.13617667" lon="4.4173"><ele>883.0</ele><time>2026-07-29T09:50:55.751Z</time></trkpt><trkpt lat="46.13617667" lon="4.41731"><ele>884.0</ele><time>2026-07-29T09:50:56.751Z</time></trkpt><trkpt lat="46.13616833" lon="4.41730667"><ele>884.0</ele><time>2026-07-29T09:50:57.751Z</time></trkpt><trkpt lat="46.13615667" lon="4.41730333"><ele>885.0</ele><time>2026-07-29T09:50:58.751Z</time></trkpt><trkpt lat="46.13614333" lon="4.4173"><ele>885.0</ele><time>2026-07-29T09:50:59.751Z</time></trkpt><trkpt lat="46.13612667" lon="4.41730167"><ele>886.0</ele><time>2026-07-29T09:51:00.751Z</time></trkpt><trkpt lat="46.13611667" lon="4.41730167"><ele>886.0</ele><time>2026-07-29T09:51:01.751Z</time></trkpt><trkpt lat="46.136115" lon="4.41730333"><ele>886.0</ele><time>2026-07-29T09:51:02.751Z</time></trkpt><trkpt lat="46.13610667" lon="4.417305"><ele>887.0</ele><time>2026-07-29T09:51:03.751Z</time></trkpt><trkpt lat="46.13610333" lon="4.41731333"><ele>887.0</ele><time>2026-07-29T09:51:04.751Z</time></trkpt><trkpt lat="46.13609667" lon="4.41732167"><ele>887.0</ele><time>2026-07-29T09:51:05.751Z</time></trkpt><trkpt lat="46.13609167" lon="4.417325"><ele>887.0</ele><time>2026-07-29T09:51:06.752Z</time></trkpt><trkpt lat="46.136085" lon="4.41733"><ele>887.0</ele><time>2026-07-29T09:51:07.751Z</time></trkpt><trkpt lat="46.13608" lon="4.41733167"><ele>887.0</ele><time>2026-07-29T09:51:08.751Z</time></trkpt><trkpt lat="46.136075" lon="4.41733833"><ele>887.0</ele><time>2026-07-29T09:51:09.752Z</time></trkpt><trkpt lat="46.13606667" lon="4.41733833"><ele>887.0</ele><time>2026-07-29T09:51:10.751Z</time></trkpt><trkpt lat="46.13605333" lon="4.417335"><ele>887.0</ele><time>2026-07-29T09:51:11.752Z</time></trkpt><trkpt lat="46.13603833" lon="4.41733"><ele>887.0</ele><time>2026-07-29T09:51:12.751Z</time></trkpt><trkpt lat="46.13602333" lon="4.41733333"><ele>887.0</ele><time>2026-07-29T09:51:13.752Z</time></trkpt><trkpt lat="46.13600833" lon="4.41734"><ele>888.0</ele><time>2026-07-29T09:51:14.751Z</time></trkpt><trkpt lat="46.136005" lon="4.41734"><ele>888.0</ele><time>2026-07-29T09:51:15.751Z</time></trkpt><trkpt lat="46.13599167" lon="4.417335"><ele>888.0</ele><time>2026-07-29T09:51:16.752Z</time></trkpt><trkpt lat="46.13598" lon="4.41732833"><ele>887.0</ele><time>2026-07-29T09:51:17.751Z</time></trkpt><trkpt lat="46.13596833" lon="4.41732333"><ele>886.0</ele><time>2026-07-29T09:51:18.752Z</time></trkpt><trkpt lat="46.13596167" lon="4.41732167"><ele>886.0</ele><time>2026-07-29T09:51:19.752Z</time></trkpt><trkpt lat="46.135955" lon="4.41731667"><ele>885.0</ele><time>2026-07-29T09:51:20.751Z</time></trkpt><trkpt lat="46.13594833" lon="4.417315"><ele>884.0</ele><time>2026-07-29T09:51:21.751Z</time></trkpt><trkpt lat="46.13593667" lon="4.41731167"><ele>884.0</ele><time>2026-07-29T09:51:22.751Z</time></trkpt><trkpt lat="46.13592" lon="4.41730833"><ele>883.0</ele><time>2026-07-29T09:51:23.752Z</time></trkpt><trkpt lat="46.13590333" lon="4.41730167"><ele>883.0</ele><time>2026-07-29T09:51:24.752Z</time></trkpt><trkpt lat="46.13588667" lon="4.41731"><ele>883.0</ele><time>2026-07-29T09:51:25.751Z</time></trkpt><trkpt lat="46.13587333" lon="4.41730833"><ele>883.0</ele><time>2026-07-29T09:51:26.752Z</time></trkpt><trkpt lat="46.13586" lon="4.41730333"><ele>883.0</ele><time>2026-07-29T09:51:27.751Z</time></trkpt><trkpt lat="46.135845" lon="4.41730333"><ele>883.0</ele><time>2026-07-29T09:51:28.752Z</time></trkpt><trkpt lat="46.13583333" lon="4.41730833"><ele>883.0</ele><time>2026-07-29T09:51:29.751Z</time></trkpt><trkpt lat="46.13582667" lon="4.417305"><ele>883.0</ele><time>2026-07-29T09:51:30.752Z</time></trkpt><trkpt lat="46.13581667" lon="4.41730167"><ele>883.0</ele><time>2026-07-29T09:51:31.751Z</time></trkpt><trkpt lat="46.135805" lon="4.41729833"><ele>883.0</ele><time>2026-07-29T09:51:32.752Z</time></trkpt><trkpt lat="46.135795" lon="4.41729667"><ele>882.0</ele><time>2026-07-29T09:51:33.752Z</time></trkpt><trkpt lat="46.13578333" lon="4.41729333"><ele>882.0</ele><time>2026-07-29T09:51:34.752Z</time></trkpt><trkpt lat="46.13577167" lon="4.41729167"><ele>882.0</ele><time>2026-07-29T09:51:35.752Z</time></trkpt><trkpt lat="46.13576167" lon="4.417295"><ele>882.0</ele><time>2026-07-29T09:51:36.751Z</time></trkpt><trkpt lat="46.13574833" lon="4.41729667"><ele>881.0</ele><time>2026-07-29T09:51:37.752Z</time></trkpt><trkpt lat="46.13573333" lon="4.41729833"><ele>882.0</ele><time>2026-07-29T09:51:38.751Z</time></trkpt><trkpt lat="46.135715" lon="4.41729833"><ele>882.0</ele><time>2026-07-29T09:51:39.751Z</time></trkpt><trkpt lat="46.13569333" lon="4.41729333"><ele>882.0</ele><time>2026-07-29T09:51:40.751Z</time></trkpt><trkpt lat="46.13567333" lon="4.417285"><ele>882.0</ele><time>2026-07-29T09:51:41.751Z</time></trkpt><trkpt lat="46.13565833" lon="4.41728667"><ele>883.0</ele><time>2026-07-29T09:51:42.751Z</time></trkpt><trkpt lat="46.13564" lon="4.41728333"><ele>883.0</ele><time>2026-07-29T09:51:43.751Z</time></trkpt><trkpt lat="46.13562667" lon="4.41728"><ele>883.0</ele><time>2026-07-29T09:51:44.752Z</time></trkpt><trkpt lat="46.13561167" lon="4.41727"><ele>884.0</ele><time>2026-07-29T09:51:45.751Z</time></trkpt><trkpt lat="46.13559667" lon="4.41727333"><ele>884.0</ele><time>2026-07-29T09:51:46.752Z</time></trkpt><trkpt lat="46.13558167" lon="4.41727167"><ele>884.0</ele><time>2026-07-29T09:51:47.751Z</time></trkpt><trkpt lat="46.13556833" lon="4.41727167"><ele>885.0</ele><time>2026-07-29T09:51:48.752Z</time></trkpt><trkpt lat="46.13555" lon="4.41726667"><ele>885.0</ele><time>2026-07-29T09:51:49.752Z</time></trkpt><trkpt lat="46.13553333" lon="4.41726"><ele>885.0</ele><time>2026-07-29T09:51:50.751Z</time></trkpt><trkpt lat="46.13552" lon="4.417255"><ele>885.0</ele><time>2026-07-29T09:51:51.752Z</time></trkpt><trkpt lat="46.13550333" lon="4.41724167"><ele>885.0</ele><time>2026-07-29T09:51:52.751Z</time></trkpt><trkpt lat="46.13549" lon="4.41723333"><ele>886.0</ele><time>2026-07-29T09:51:53.751Z</time></trkpt><trkpt lat="46.13547667" lon="4.41722333"><ele>885.0</ele><time>2026-07-29T09:51:54.752Z</time></trkpt><trkpt lat="46.135465" lon="4.417215"><ele>885.0</ele><time>2026-07-29T09:51:55.751Z</time></trkpt><trkpt lat="46.13545333" lon="4.417205"><ele>885.0</ele><time>2026-07-29T09:51:56.752Z</time></trkpt><trkpt lat="46.13544" lon="4.41719333"><ele>885.0</ele><time>2026-07-29T09:51:57.751Z</time></trkpt><trkpt lat="46.13542833" lon="4.41718333"><ele>884.0</ele><time>2026-07-29T09:51:58.752Z</time></trkpt><trkpt lat="46.13541667" lon="4.41717333"><ele>884.0</ele><time>2026-07-29T09:51:59.752Z</time></trkpt><trkpt lat="46.13540167" lon="4.41716333"><ele>884.0</ele><time>2026-07-29T09:52:00.752Z</time></trkpt><trkpt lat="46.13538833" lon="4.417155"><ele>884.0</ele><time>2026-07-29T09:52:01.751Z</time></trkpt><trkpt lat="46.135375" lon="4.41715167"><ele>884.0</ele><time>2026-07-29T09:52:02.752Z</time></trkpt><trkpt lat="46.13536" lon="4.41714667"><ele>884.0</ele><time>2026-07-29T09:52:03.751Z</time></trkpt><trkpt lat="46.13535" lon="4.41714167"><ele>884.0</ele><time>2026-07-29T09:52:04.751Z</time></trkpt><trkpt lat="46.13534" lon="4.417135"><ele>884.0</ele><time>2026-07-29T09:52:05.752Z</time></trkpt><trkpt lat="46.13532833" lon="4.41713"><ele>884.0</ele><time>2026-07-29T09:52:06.751Z</time></trkpt><trkpt lat="46.135315" lon="4.41712167"><ele>884.0</ele><time>2026-07-29T09:52:07.752Z</time></trkpt><trkpt lat="46.13530167" lon="4.41711667"><ele>884.0</ele><time>2026-07-29T09:52:08.751Z</time></trkpt><trkpt lat="46.13528833" lon="4.41711333"><ele>884.0</ele><time>2026-07-29T09:52:09.752Z</time></trkpt><trkpt lat="46.13527167" lon="4.417105"><ele>884.0</ele><time>2026-07-29T09:52:10.752Z</time></trkpt><trkpt lat="46.13526" lon="4.41710333"><ele>884.0</ele><time>2026-07-29T09:52:11.751Z</time></trkpt><trkpt lat="46.13524667" lon="4.41709667"><ele>885.0</ele><time>2026-07-29T09:52:12.752Z</time></trkpt><trkpt lat="46.13523333" lon="4.41708833"><ele>885.0</ele><time>2026-07-29T09:52:13.751Z</time></trkpt><trkpt lat="46.13522" lon="4.41708"><ele>885.0</ele><time>2026-07-29T09:52:14.752Z</time></trkpt><trkpt lat="46.13520667" lon="4.41707167"><ele>885.0</ele><time>2026-07-29T09:52:15.751Z</time></trkpt><trkpt lat="46.135195" lon="4.41706167"><ele>884.0</ele><time>2026-07-29T09:52:16.751Z</time></trkpt><trkpt lat="46.13518167" lon="4.41704833"><ele>884.0</ele><time>2026-07-29T09:52:17.752Z</time></trkpt><trkpt lat="46.135175" lon="4.41704167"><ele>884.0</ele><time>2026-07-29T09:52:18.751Z</time></trkpt><trkpt lat="46.13516167" lon="4.41703333"><ele>883.0</ele><time>2026-07-29T09:52:19.751Z</time></trkpt><trkpt lat="46.13514833" lon="4.41702833"><ele>883.0</ele><time>2026-07-29T09:52:20.751Z</time></trkpt><trkpt lat="46.13513667" lon="4.41702167"><ele>883.0</ele><time>2026-07-29T09:52:21.752Z</time></trkpt><trkpt lat="46.13512167" lon="4.41701167"><ele>883.0</ele><time>2026-07-29T09:52:22.751Z</time></trkpt><trkpt lat="46.13511333" lon="4.41700333"><ele>883.0</ele><time>2026-07-29T09:52:23.752Z</time></trkpt><trkpt lat="46.135105" lon="4.41699667"><ele>883.0</ele><time>2026-07-29T09:52:24.751Z</time></trkpt><trkpt lat="46.13509667" lon="4.41699"><ele>883.0</ele><time>2026-07-29T09:52:25.751Z</time></trkpt><trkpt lat="46.13508833" lon="4.41698167"><ele>883.0</ele><time>2026-07-29T09:52:26.752Z</time></trkpt><trkpt lat="46.135075" lon="4.41697333"><ele>883.0</ele><time>2026-07-29T09:52:27.751Z</time></trkpt><trkpt lat="46.13506167" lon="4.41697"><ele>883.0</ele><time>2026-07-29T09:52:28.752Z</time></trkpt><trkpt lat="46.13504833" lon="4.41696833"><ele>882.0</ele><time>2026-07-29T09:52:29.751Z</time></trkpt><trkpt lat="46.13503667" lon="4.41696667"><ele>882.0</ele><time>2026-07-29T09:52:30.751Z</time></trkpt><trkpt lat="46.13502167" lon="4.41696333"><ele>882.0</ele><time>2026-07-29T09:52:31.751Z</time></trkpt><trkpt lat="46.13500833" lon="4.41695833"><ele>882.0</ele><time>2026-07-29T09:52:32.751Z</time></trkpt><trkpt lat="46.13499667" lon="4.41695333"><ele>881.0</ele><time>2026-07-29T09:52:33.752Z</time></trkpt><trkpt lat="46.13498667" lon="4.41694833"><ele>881.0</ele><time>2026-07-29T09:52:34.751Z</time></trkpt><trkpt lat="46.13497667" lon="4.41694"><ele>881.0</ele><time>2026-07-29T09:52:35.751Z</time></trkpt><trkpt lat="46.13496333" lon="4.41693167"><ele>880.0</ele><time>2026-07-29T09:52:36.752Z</time></trkpt><trkpt lat="46.13495333" lon="4.41692333"><ele>880.0</ele><time>2026-07-29T09:52:37.751Z</time></trkpt><trkpt lat="46.134945" lon="4.416915"><ele>879.0</ele><time>2026-07-29T09:52:38.752Z</time></trkpt><trkpt lat="46.13493333" lon="4.41690667"><ele>879.0</ele><time>2026-07-29T09:52:39.751Z</time></trkpt><trkpt lat="46.13492333" lon="4.41689833"><ele>878.0</ele><time>2026-07-29T09:52:40.752Z</time></trkpt><trkpt lat="46.134915" lon="4.41688833"><ele>877.0</ele><time>2026-07-29T09:52:41.752Z</time></trkpt><trkpt lat="46.13490667" lon="4.41688"><ele>876.0</ele><time>2026-07-29T09:52:42.752Z</time></trkpt><trkpt lat="46.1349" lon="4.41687333"><ele>876.0</ele><time>2026-07-29T09:52:43.751Z</time></trkpt><trkpt lat="46.13488667" lon="4.41686667"><ele>875.0</ele><time>2026-07-29T09:52:44.751Z</time></trkpt><trkpt lat="46.13487333" lon="4.41686167"><ele>875.0</ele><time>2026-07-29T09:52:45.752Z</time></trkpt><trkpt lat="46.13485833" lon="4.41685667"><ele>875.0</ele><time>2026-07-29T09:52:46.751Z</time></trkpt><trkpt lat="46.13484" lon="4.41685333"><ele>875.0</ele><time>2026-07-29T09:52:47.751Z</time></trkpt><trkpt lat="46.13483" lon="4.416845"><ele>874.0</ele><time>2026-07-29T09:52:48.751Z</time></trkpt><trkpt lat="46.134825" lon="4.41683"><ele>874.0</ele><time>2026-07-29T09:52:49.752Z</time></trkpt><trkpt lat="46.13482" lon="4.41681"><ele>874.0</ele><time>2026-07-29T09:52:50.751Z</time></trkpt><trkpt lat="46.13481833" lon="4.41678833"><ele>873.0</ele><time>2026-07-29T09:52:51.752Z</time></trkpt><trkpt lat="46.13481667" lon="4.41676833"><ele>873.0</ele><time>2026-07-29T09:52:52.752Z</time></trkpt><trkpt lat="46.13481833" lon="4.41674833"><ele>872.0</ele><time>2026-07-29T09:52:53.751Z</time></trkpt><trkpt lat="46.13482667" lon="4.41673167"><ele>872.0</ele><time>2026-07-29T09:52:54.752Z</time></trkpt><trkpt lat="46.13483333" lon="4.416715"><ele>872.0</ele><time>2026-07-29T09:52:55.751Z</time></trkpt><trkpt lat="46.13484167" lon="4.4167"><ele>872.0</ele><time>2026-07-29T09:52:56.751Z</time></trkpt><trkpt lat="46.13485167" lon="4.41668333"><ele>872.0</ele><time>2026-07-29T09:52:57.752Z</time></trkpt><trkpt lat="46.13486167" lon="4.41666667"><ele>872.0</ele><time>2026-07-29T09:52:58.752Z</time></trkpt><trkpt lat="46.13487333" lon="4.41664833"><ele>872.0</ele><time>2026-07-29T09:52:59.752Z</time></trkpt><trkpt lat="46.13488333" lon="4.41663167"><ele>873.0</ele><time>2026-07-29T09:53:00.752Z</time></trkpt><trkpt lat="46.13489667" lon="4.416615"><ele>873.0</ele><time>2026-07-29T09:53:01.751Z</time></trkpt><trkpt lat="46.13490833" lon="4.41659667"><ele>873.0</ele><time>2026-07-29T09:53:02.751Z</time></trkpt><trkpt lat="46.13491833" lon="4.416575"><ele>873.0</ele><time>2026-07-29T09:53:03.752Z</time></trkpt><trkpt lat="46.13492667" lon="4.41656"><ele>873.0</ele><time>2026-07-29T09:53:04.751Z</time></trkpt><trkpt lat="46.134935" lon="4.416545"><ele>873.0</ele><time>2026-07-29T09:53:05.751Z</time></trkpt><trkpt lat="46.13494167" lon="4.41652667"><ele>873.0</ele><time>2026-07-29T09:53:06.751Z</time></trkpt><trkpt lat="46.13494833" lon="4.41650833"><ele>873.0</ele><time>2026-07-29T09:53:07.752Z</time></trkpt><trkpt lat="46.13495833" lon="4.41649"><ele>873.0</ele><time>2026-07-29T09:53:08.751Z</time></trkpt><trkpt lat="46.13496667" lon="4.41647"><ele>872.0</ele><time>2026-07-29T09:53:09.752Z</time></trkpt><trkpt lat="46.13497333" lon="4.41645"><ele>872.0</ele><time>2026-07-29T09:53:10.752Z</time></trkpt><trkpt lat="46.13498167" lon="4.41643167"><ele>872.0</ele><time>2026-07-29T09:53:11.751Z</time></trkpt><trkpt lat="46.13499167" lon="4.41640833"><ele>872.0</ele><time>2026-07-29T09:53:12.751Z</time></trkpt><trkpt lat="46.13500167" lon="4.41639"><ele>871.0</ele><time>2026-07-29T09:53:13.751Z</time></trkpt><trkpt lat="46.13501" lon="4.41636833"><ele>871.0</ele><time>2026-07-29T09:53:14.752Z</time></trkpt><trkpt lat="46.13501833" lon="4.41634833"><ele>871.0</ele><time>2026-07-29T09:53:15.751Z</time></trkpt><trkpt lat="46.13502667" lon="4.41632833"><ele>871.0</ele><time>2026-07-29T09:53:16.751Z</time></trkpt><trkpt lat="46.135035" lon="4.41631"><ele>871.0</ele><time>2026-07-29T09:53:17.751Z</time></trkpt><trkpt lat="46.135045" lon="4.41629167"><ele>871.0</ele><time>2026-07-29T09:53:18.751Z</time></trkpt><trkpt lat="46.13505333" lon="4.41627667"><ele>871.0</ele><time>2026-07-29T09:53:19.752Z</time></trkpt><trkpt lat="46.13506167" lon="4.41626167"><ele>870.0</ele><time>2026-07-29T09:53:20.751Z</time></trkpt><trkpt lat="46.13507167" lon="4.416245"><ele>870.0</ele><time>2026-07-29T09:53:21.751Z</time></trkpt><trkpt lat="46.13508" lon="4.41623167"><ele>870.0</ele><time>2026-07-29T09:53:22.751Z</time></trkpt><trkpt lat="46.13509167" lon="4.41622"><ele>869.0</ele><time>2026-07-29T09:53:23.751Z</time></trkpt><trkpt lat="46.13509833" lon="4.416205"><ele>869.0</ele><time>2026-07-29T09:53:24.751Z</time></trkpt><trkpt lat="46.13510667" lon="4.41619"><ele>868.0</ele><time>2026-07-29T09:53:25.752Z</time></trkpt><trkpt lat="46.135115" lon="4.41617667"><ele>868.0</ele><time>2026-07-29T09:53:26.751Z</time></trkpt><trkpt lat="46.135125" lon="4.41616167"><ele>868.0</ele><time>2026-07-29T09:53:27.751Z</time></trkpt><trkpt lat="46.13513667" lon="4.41614667"><ele>867.0</ele><time>2026-07-29T09:53:28.751Z</time></trkpt><trkpt lat="46.13514833" lon="4.41613"><ele>867.0</ele><time>2026-07-29T09:53:29.751Z</time></trkpt><trkpt lat="46.13515667" lon="4.41611333"><ele>866.0</ele><time>2026-07-29T09:53:30.751Z</time></trkpt><trkpt lat="46.135165" lon="4.416095"><ele>866.0</ele><time>2026-07-29T09:53:31.751Z</time></trkpt><trkpt lat="46.13517333" lon="4.41607"><ele>866.0</ele><time>2026-07-29T09:53:32.752Z</time></trkpt><trkpt lat="46.13518333" lon="4.416055"><ele>865.0</ele><time>2026-07-29T09:53:33.751Z</time></trkpt><trkpt lat="46.135195" lon="4.41604333"><ele>865.0</ele><time>2026-07-29T09:53:34.751Z</time></trkpt><trkpt lat="46.13520667" lon="4.416025"><ele>865.0</ele><time>2026-07-29T09:53:35.751Z</time></trkpt><trkpt lat="46.13521667" lon="4.41600833"><ele>865.0</ele><time>2026-07-29T09:53:36.752Z</time></trkpt><trkpt lat="46.13522667" lon="4.415995"><ele>865.0</ele><time>2026-07-29T09:53:37.751Z</time></trkpt><trkpt lat="46.135235" lon="4.41597833"><ele>865.0</ele><time>2026-07-29T09:53:38.752Z</time></trkpt><trkpt lat="46.13523833" lon="4.41596"><ele>865.0</ele><time>2026-07-29T09:53:39.752Z</time></trkpt><trkpt lat="46.135245" lon="4.41594333"><ele>865.0</ele><time>2026-07-29T09:53:40.751Z</time></trkpt><trkpt lat="46.13525167" lon="4.415925"><ele>865.0</ele><time>2026-07-29T09:53:41.752Z</time></trkpt><trkpt lat="46.13525667" lon="4.41590167"><ele>864.0</ele><time>2026-07-29T09:53:42.752Z</time></trkpt><trkpt lat="46.13526333" lon="4.41588"><ele>864.0</ele><time>2026-07-29T09:53:43.752Z</time></trkpt><trkpt lat="46.13527167" lon="4.41586"><ele>864.0</ele><time>2026-07-29T09:53:44.751Z</time></trkpt><trkpt lat="46.13527833" lon="4.41584"><ele>864.0</ele><time>2026-07-29T09:53:45.752Z</time></trkpt><trkpt lat="46.13528667" lon="4.41582167"><ele>864.0</ele><time>2026-07-29T09:53:46.751Z</time></trkpt><trkpt lat="46.135295" lon="4.41580167"><ele>864.0</ele><time>2026-07-29T09:53:47.751Z</time></trkpt><trkpt lat="46.1353" lon="4.41578167"><ele>863.0</ele><time>2026-07-29T09:53:48.751Z</time></trkpt><trkpt lat="46.13530833" lon="4.41576"><ele>863.0</ele><time>2026-07-29T09:53:49.751Z</time></trkpt><trkpt lat="46.135315" lon="4.41574"><ele>862.0</ele><time>2026-07-29T09:53:50.752Z</time></trkpt><trkpt lat="46.13532333" lon="4.41572333"><ele>862.0</ele><time>2026-07-29T09:53:51.751Z</time></trkpt><trkpt lat="46.13533167" lon="4.415705"><ele>863.0</ele><time>2026-07-29T09:53:52.752Z</time></trkpt><trkpt lat="46.13534" lon="4.41568833"><ele>863.0</ele><time>2026-07-29T09:53:53.751Z</time></trkpt><trkpt lat="46.13534833" lon="4.41567167"><ele>863.0</ele><time>2026-07-29T09:53:54.752Z</time></trkpt><trkpt lat="46.13535333" lon="4.41565333"><ele>863.0</ele><time>2026-07-29T09:53:55.751Z</time></trkpt><trkpt lat="46.13536167" lon="4.41563333"><ele>863.0</ele><time>2026-07-29T09:53:56.752Z</time></trkpt><trkpt lat="46.13537" lon="4.41561333"><ele>863.0</ele><time>2026-07-29T09:53:57.752Z</time></trkpt><trkpt lat="46.13537333" lon="4.41559167"><ele>863.0</ele><time>2026-07-29T09:53:58.751Z</time></trkpt><trkpt lat="46.13538" lon="4.415575"><ele>863.0</ele><time>2026-07-29T09:53:59.752Z</time></trkpt><trkpt lat="46.135385" lon="4.41556"><ele>863.0</ele><time>2026-07-29T09:54:00.751Z</time></trkpt><trkpt lat="46.13539167" lon="4.41554167"><ele>863.0</ele><time>2026-07-29T09:54:01.752Z</time></trkpt><trkpt lat="46.1354" lon="4.415525"><ele>863.0</ele><time>2026-07-29T09:54:02.751Z</time></trkpt><trkpt lat="46.13540667" lon="4.41551"><ele>863.0</ele><time>2026-07-29T09:54:03.752Z</time></trkpt><trkpt lat="46.13541333" lon="4.415495"><ele>863.0</ele><time>2026-07-29T09:54:04.751Z</time></trkpt><trkpt lat="46.13541667" lon="4.41547667"><ele>862.0</ele><time>2026-07-29T09:54:05.752Z</time></trkpt><trkpt lat="46.13542167" lon="4.41546"><ele>862.0</ele><time>2026-07-29T09:54:06.752Z</time></trkpt><trkpt lat="46.13542667" lon="4.41544333"><ele>862.0</ele><time>2026-07-29T09:54:07.751Z</time></trkpt><trkpt lat="46.135435" lon="4.41542833"><ele>862.0</ele><time>2026-07-29T09:54:08.751Z</time></trkpt><trkpt lat="46.13544167" lon="4.41541167"><ele>863.0</ele><time>2026-07-29T09:54:09.751Z</time></trkpt><trkpt lat="46.13544667" lon="4.415395"><ele>863.0</ele><time>2026-07-29T09:54:10.752Z</time></trkpt><trkpt lat="46.13545167" lon="4.41538"><ele>863.0</ele><time>2026-07-29T09:54:11.751Z</time></trkpt><trkpt lat="46.13546" lon="4.41536667"><ele>863.0</ele><time>2026-07-29T09:54:12.751Z</time></trkpt><trkpt lat="46.13546667" lon="4.41535167"><ele>864.0</ele><time>2026-07-29T09:54:13.752Z</time></trkpt><trkpt lat="46.135475" lon="4.41534"><ele>864.0</ele><time>2026-07-29T09:54:14.751Z</time></trkpt><trkpt lat="46.13548" lon="4.41532333"><ele>864.0</ele><time>2026-07-29T09:54:15.751Z</time></trkpt><trkpt lat="46.13548833" lon="4.41530833"><ele>864.0</ele><time>2026-07-29T09:54:16.752Z</time></trkpt><trkpt lat="46.135495" lon="4.41529167"><ele>864.0</ele><time>2026-07-29T09:54:17.752Z</time></trkpt><trkpt lat="46.13550333" lon="4.41527333"><ele>864.0</ele><time>2026-07-29T09:54:18.751Z</time></trkpt><trkpt lat="46.13550833" lon="4.41525667"><ele>864.0</ele><time>2026-07-29T09:54:19.752Z</time></trkpt><trkpt lat="46.13551333" lon="4.41524"><ele>864.0</ele><time>2026-07-29T09:54:20.751Z</time></trkpt><trkpt lat="46.13551833" lon="4.415225"><ele>864.0</ele><time>2026-07-29T09:54:21.752Z</time></trkpt><trkpt lat="46.135525" lon="4.41521"><ele>864.0</ele><time>2026-07-29T09:54:22.752Z</time></trkpt><trkpt lat="46.13553167" lon="4.415195"><ele>864.0</ele><time>2026-07-29T09:54:23.752Z</time></trkpt><trkpt lat="46.13554167" lon="4.41517833"><ele>863.0</ele><time>2026-07-29T09:54:24.751Z</time></trkpt><trkpt lat="46.13555167" lon="4.41516667"><ele>863.0</ele><time>2026-07-29T09:54:25.752Z</time></trkpt><trkpt lat="46.13555833" lon="4.41514833"><ele>863.0</ele><time>2026-07-29T09:54:26.752Z</time></trkpt><trkpt lat="46.13556167" lon="4.41513"><ele>863.0</ele><time>2026-07-29T09:54:27.751Z</time></trkpt><trkpt lat="46.13556333" lon="4.41511333"><ele>863.0</ele><time>2026-07-29T09:54:28.752Z</time></trkpt><trkpt lat="46.13556833" lon="4.41509667"><ele>863.0</ele><time>2026-07-29T09:54:29.751Z</time></trkpt><trkpt lat="46.13557333" lon="4.41508167"><ele>863.0</ele><time>2026-07-29T09:54:30.752Z</time></trkpt><trkpt lat="46.13557833" lon="4.41506333"><ele>863.0</ele><time>2026-07-29T09:54:31.751Z</time></trkpt><trkpt lat="46.13558667" lon="4.41505"><ele>863.0</ele><time>2026-07-29T09:54:32.752Z</time></trkpt><trkpt lat="46.13559167" lon="4.41503333"><ele>863.0</ele><time>2026-07-29T09:54:33.751Z</time></trkpt><trkpt lat="46.13559833" lon="4.41502"><ele>862.0</ele><time>2026-07-29T09:54:34.751Z</time></trkpt><trkpt lat="46.13560333" lon="4.41500333"><ele>862.0</ele><time>2026-07-29T09:54:35.752Z</time></trkpt><trkpt lat="46.13560833" lon="4.414985"><ele>862.0</ele><time>2026-07-29T09:54:36.751Z</time></trkpt><trkpt lat="46.13561333" lon="4.41496333"><ele>861.0</ele><time>2026-07-29T09:54:37.752Z</time></trkpt><trkpt lat="46.13562" lon="4.41494"><ele>862.0</ele><time>2026-07-29T09:54:38.751Z</time></trkpt><trkpt lat="46.135625" lon="4.414915"><ele>862.0</ele><time>2026-07-29T09:54:39.752Z</time></trkpt><trkpt lat="46.13563" lon="4.41489167"><ele>862.0</ele><time>2026-07-29T09:54:40.751Z</time></trkpt><trkpt lat="46.13563667" lon="4.41487167"><ele>862.0</ele><time>2026-07-29T09:54:41.752Z</time></trkpt><trkpt lat="46.13564333" lon="4.41485333"><ele>863.0</ele><time>2026-07-29T09:54:42.752Z</time></trkpt><trkpt lat="46.13564833" lon="4.414835"><ele>863.0</ele><time>2026-07-29T09:54:43.751Z</time></trkpt><trkpt lat="46.13565167" lon="4.41482"><ele>863.0</ele><time>2026-07-29T09:54:44.751Z</time></trkpt><trkpt lat="46.13565667" lon="4.41480167"><ele>863.0</ele><time>2026-07-29T09:54:45.751Z</time></trkpt><trkpt lat="46.13566167" lon="4.41478333"><ele>862.0</ele><time>2026-07-29T09:54:46.752Z</time></trkpt><trkpt lat="46.135665" lon="4.41476333"><ele>862.0</ele><time>2026-07-29T09:54:47.751Z</time></trkpt><trkpt lat="46.13567" lon="4.41474167"><ele>862.0</ele><time>2026-07-29T09:54:48.752Z</time></trkpt><trkpt lat="46.135675" lon="4.41472167"><ele>863.0</ele><time>2026-07-29T09:54:49.751Z</time></trkpt><trkpt lat="46.13568167" lon="4.41470333"><ele>863.0</ele><time>2026-07-29T09:54:50.751Z</time></trkpt><trkpt lat="46.13568833" lon="4.41468333"><ele>863.0</ele><time>2026-07-29T09:54:51.752Z</time></trkpt><trkpt lat="46.13569167" lon="4.41466333"><ele>863.0</ele><time>2026-07-29T09:54:52.751Z</time></trkpt><trkpt lat="46.135695" lon="4.41464167"><ele>863.0</ele><time>2026-07-29T09:54:53.751Z</time></trkpt><trkpt lat="46.1357" lon="4.41461833"><ele>863.0</ele><time>2026-07-29T09:54:54.751Z</time></trkpt><trkpt lat="46.135705" lon="4.414595"><ele>862.0</ele><time>2026-07-29T09:54:55.752Z</time></trkpt><trkpt lat="46.13571333" lon="4.41457667"><ele>862.0</ele><time>2026-07-29T09:54:56.751Z</time></trkpt><trkpt lat="46.13571833" lon="4.41455333"><ele>862.0</ele><time>2026-07-29T09:54:57.752Z</time></trkpt><trkpt lat="46.13572" lon="4.41453833"><ele>861.0</ele><time>2026-07-29T09:54:58.751Z</time></trkpt><trkpt lat="46.13572833" lon="4.41451667"><ele>861.0</ele><time>2026-07-29T09:54:59.751Z</time></trkpt><trkpt lat="46.13573667" lon="4.4145"><ele>860.0</ele><time>2026-07-29T09:55:00.752Z</time></trkpt><trkpt lat="46.13574333" lon="4.41448"><ele>860.0</ele><time>2026-07-29T09:55:01.751Z</time></trkpt><trkpt lat="46.135745" lon="4.41446"><ele>859.0</ele><time>2026-07-29T09:55:02.752Z</time></trkpt><trkpt lat="46.135745" lon="4.41443833"><ele>859.0</ele><time>2026-07-29T09:55:03.752Z</time></trkpt><trkpt lat="46.13574833" lon="4.41442"><ele>858.0</ele><time>2026-07-29T09:55:04.752Z</time></trkpt><trkpt lat="46.13575333" lon="4.41440667"><ele>858.0</ele><time>2026-07-29T09:55:05.751Z</time></trkpt><trkpt lat="46.13576" lon="4.414395"><ele>858.0</ele><time>2026-07-29T09:55:06.752Z</time></trkpt><trkpt lat="46.135765" lon="4.41438167"><ele>858.0</ele><time>2026-07-29T09:55:07.751Z</time></trkpt><trkpt lat="46.13577" lon="4.41436333"><ele>858.0</ele><time>2026-07-29T09:55:08.752Z</time></trkpt><trkpt lat="46.13577667" lon="4.41434"><ele>858.0</ele><time>2026-07-29T09:55:09.751Z</time></trkpt><trkpt lat="46.13578167" lon="4.414315"><ele>858.0</ele><time>2026-07-29T09:55:10.752Z</time></trkpt><trkpt lat="46.13578667" lon="4.41429333"><ele>858.0</ele><time>2026-07-29T09:55:11.752Z</time></trkpt><trkpt lat="46.13579333" lon="4.414275"><ele>858.0</ele><time>2026-07-29T09:55:12.751Z</time></trkpt><trkpt lat="46.13580333" lon="4.41426167"><ele>858.0</ele><time>2026-07-29T09:55:13.752Z</time></trkpt><trkpt lat="46.13581" lon="4.41424167"><ele>857.0</ele><time>2026-07-29T09:55:14.751Z</time></trkpt><trkpt lat="46.13581333" lon="4.41421167"><ele>857.0</ele><time>2026-07-29T09:55:15.752Z</time></trkpt><trkpt lat="46.13582167" lon="4.414185"><ele>857.0</ele><time>2026-07-29T09:55:16.751Z</time></trkpt><trkpt lat="46.13583333" lon="4.41416833"><ele>856.0</ele><time>2026-07-29T09:55:17.752Z</time></trkpt><trkpt lat="46.13583833" lon="4.41415"><ele>856.0</ele><time>2026-07-29T09:55:18.751Z</time></trkpt><trkpt lat="46.13584333" lon="4.41413333"><ele>856.0</ele><time>2026-07-29T09:55:19.751Z</time></trkpt><trkpt lat="46.13584833" lon="4.41411833"><ele>855.0</ele><time>2026-07-29T09:55:20.751Z</time></trkpt><trkpt lat="46.13585833" lon="4.41410667"><ele>855.0</ele><time>2026-07-29T09:55:21.752Z</time></trkpt><trkpt lat="46.13587" lon="4.41409"><ele>855.0</ele><time>2026-07-29T09:55:22.751Z</time></trkpt><trkpt lat="46.135875" lon="4.41407667"><ele>855.0</ele><time>2026-07-29T09:55:23.752Z</time></trkpt><trkpt lat="46.13588" lon="4.41405833"><ele>855.0</ele><time>2026-07-29T09:55:24.752Z</time></trkpt><trkpt lat="46.13588667" lon="4.41403667"><ele>855.0</ele><time>2026-07-29T09:55:25.752Z</time></trkpt><trkpt lat="46.135895" lon="4.41402"><ele>854.0</ele><time>2026-07-29T09:55:26.752Z</time></trkpt><trkpt lat="46.13590333" lon="4.414"><ele>853.0</ele><time>2026-07-29T09:55:27.751Z</time></trkpt><trkpt lat="46.13591" lon="4.41398"><ele>852.0</ele><time>2026-07-29T09:55:28.751Z</time></trkpt><trkpt lat="46.13592" lon="4.41396667"><ele>852.0</ele><time>2026-07-29T09:55:29.752Z</time></trkpt><trkpt lat="46.13592833" lon="4.41394833"><ele>851.0</ele><time>2026-07-29T09:55:30.751Z</time></trkpt><trkpt lat="46.13593333" lon="4.413925"><ele>852.0</ele><time>2026-07-29T09:55:31.751Z</time></trkpt><trkpt lat="46.13593833" lon="4.413905"><ele>852.0</ele><time>2026-07-29T09:55:32.752Z</time></trkpt><trkpt lat="46.13594667" lon="4.413895"><ele>852.0</ele><time>2026-07-29T09:55:33.752Z</time></trkpt><trkpt lat="46.13595667" lon="4.41388333"><ele>852.0</ele><time>2026-07-29T09:55:34.752Z</time></trkpt><trkpt lat="46.135965" lon="4.41387"><ele>852.0</ele><time>2026-07-29T09:55:35.752Z</time></trkpt><trkpt lat="46.13597333" lon="4.41385333"><ele>852.0</ele><time>2026-07-29T09:55:36.751Z</time></trkpt><trkpt lat="46.13597833" lon="4.41383667"><ele>852.0</ele><time>2026-07-29T09:55:37.752Z</time></trkpt><trkpt lat="46.13598667" lon="4.41382"><ele>852.0</ele><time>2026-07-29T09:55:38.752Z</time></trkpt><trkpt lat="46.13599333" lon="4.41380167"><ele>853.0</ele><time>2026-07-29T09:55:39.752Z</time></trkpt><trkpt lat="46.13599333" lon="4.41378"><ele>853.0</ele><time>2026-07-29T09:55:40.751Z</time></trkpt><trkpt lat="46.13599667" lon="4.41376167"><ele>853.0</ele><time>2026-07-29T09:55:41.752Z</time></trkpt><trkpt lat="46.136" lon="4.41374333"><ele>853.0</ele><time>2026-07-29T09:55:42.751Z</time></trkpt><trkpt lat="46.13601" lon="4.41371667"><ele>853.0</ele><time>2026-07-29T09:55:43.752Z</time></trkpt><trkpt lat="46.13602167" lon="4.41370167"><ele>853.0</ele><time>2026-07-29T09:55:44.751Z</time></trkpt><trkpt lat="46.13603167" lon="4.41368333"><ele>853.0</ele><time>2026-07-29T09:55:45.752Z</time></trkpt><trkpt lat="46.13604" lon="4.41366333"><ele>853.0</ele><time>2026-07-29T09:55:46.751Z</time></trkpt><trkpt lat="46.13604333" lon="4.41364"><ele>853.0</ele><time>2026-07-29T09:55:47.752Z</time></trkpt><trkpt lat="46.136045" lon="4.41362167"><ele>853.0</ele><time>2026-07-29T09:55:48.751Z</time></trkpt><trkpt lat="46.13604833" lon="4.41360333"><ele>853.0</ele><time>2026-07-29T09:55:49.752Z</time></trkpt><trkpt lat="46.13605" lon="4.41357667"><ele>853.0</ele><time>2026-07-29T09:55:50.751Z</time></trkpt><trkpt lat="46.13605333" lon="4.41355"><ele>853.0</ele><time>2026-07-29T09:55:51.751Z</time></trkpt><trkpt lat="46.13605833" lon="4.41352833"><ele>853.0</ele><time>2026-07-29T09:55:52.752Z</time></trkpt><trkpt lat="46.13605833" lon="4.41350667"><ele>853.0</ele><time>2026-07-29T09:55:53.751Z</time></trkpt><trkpt lat="46.13605667" lon="4.41348333"><ele>852.0</ele><time>2026-07-29T09:55:54.752Z</time></trkpt><trkpt lat="46.13606333" lon="4.41347"><ele>852.0</ele><time>2026-07-29T09:55:55.752Z</time></trkpt><trkpt lat="46.13607" lon="4.41345667"><ele>852.0</ele><time>2026-07-29T09:55:56.751Z</time></trkpt><trkpt lat="46.13607667" lon="4.41344333"><ele>851.0</ele><time>2026-07-29T09:55:57.752Z</time></trkpt><trkpt lat="46.13608333" lon="4.41342833"><ele>851.0</ele><time>2026-07-29T09:55:58.752Z</time></trkpt><trkpt lat="46.13609" lon="4.41341"><ele>851.0</ele><time>2026-07-29T09:55:59.751Z</time></trkpt><trkpt lat="46.136095" lon="4.41339333"><ele>852.0</ele><time>2026-07-29T09:56:00.751Z</time></trkpt><trkpt lat="46.1361" lon="4.41337333"><ele>852.0</ele><time>2026-07-29T09:56:01.751Z</time></trkpt><trkpt lat="46.1361" lon="4.41335167"><ele>852.0</ele><time>2026-07-29T09:56:02.751Z</time></trkpt><trkpt lat="46.13610333" lon="4.41332833"><ele>852.0</ele><time>2026-07-29T09:56:03.752Z</time></trkpt><trkpt lat="46.13610667" lon="4.41330833"><ele>852.0</ele><time>2026-07-29T09:56:04.751Z</time></trkpt><trkpt lat="46.13610833" lon="4.41329"><ele>852.0</ele><time>2026-07-29T09:56:05.752Z</time></trkpt><trkpt lat="46.13611" lon="4.413275"><ele>851.0</ele><time>2026-07-29T09:56:06.751Z</time></trkpt><trkpt lat="46.13611333" lon="4.41325833"><ele>851.0</ele><time>2026-07-29T09:56:07.752Z</time></trkpt><trkpt lat="46.13611833" lon="4.41324333"><ele>851.0</ele><time>2026-07-29T09:56:08.751Z</time></trkpt><trkpt lat="46.13612167" lon="4.41322667"><ele>851.0</ele><time>2026-07-29T09:56:09.751Z</time></trkpt><trkpt lat="46.13612667" lon="4.41320667"><ele>851.0</ele><time>2026-07-29T09:56:10.752Z</time></trkpt><trkpt lat="46.13613167" lon="4.41318833"><ele>851.0</ele><time>2026-07-29T09:56:11.752Z</time></trkpt><trkpt lat="46.136135" lon="4.41317"><ele>851.0</ele><time>2026-07-29T09:56:12.751Z</time></trkpt><trkpt lat="46.13613667" lon="4.413145"><ele>851.0</ele><time>2026-07-29T09:56:13.751Z</time></trkpt><trkpt lat="46.13614" lon="4.41312333"><ele>851.0</ele><time>2026-07-29T09:56:14.752Z</time></trkpt><trkpt lat="46.136145" lon="4.4131"><ele>851.0</ele><time>2026-07-29T09:56:15.751Z</time></trkpt><trkpt lat="46.13614833" lon="4.41308"><ele>851.0</ele><time>2026-07-29T09:56:16.752Z</time></trkpt><trkpt lat="46.13615" lon="4.41305667"><ele>851.0</ele><time>2026-07-29T09:56:17.751Z</time></trkpt><trkpt lat="46.136155" lon="4.41303833"><ele>851.0</ele><time>2026-07-29T09:56:18.751Z</time></trkpt><trkpt lat="46.13616167" lon="4.41302167"><ele>851.0</ele><time>2026-07-29T09:56:19.752Z</time></trkpt><trkpt lat="46.136165" lon="4.41300167"><ele>851.0</ele><time>2026-07-29T09:56:20.751Z</time></trkpt><trkpt lat="46.13616833" lon="4.41298333"><ele>851.0</ele><time>2026-07-29T09:56:21.751Z</time></trkpt><trkpt lat="46.13617" lon="4.41296167"><ele>851.0</ele><time>2026-07-29T09:56:22.751Z</time></trkpt><trkpt lat="46.13617" lon="4.41294167"><ele>850.0</ele><time>2026-07-29T09:56:23.751Z</time></trkpt><trkpt lat="46.13617333" lon="4.41292"><ele>850.0</ele><time>2026-07-29T09:56:24.752Z</time></trkpt><trkpt lat="46.13617667" lon="4.41289667"><ele>850.0</ele><time>2026-07-29T09:56:25.752Z</time></trkpt><trkpt lat="46.136175" lon="4.41287333"><ele>851.0</ele><time>2026-07-29T09:56:26.751Z</time></trkpt><trkpt lat="46.13617833" lon="4.412855"><ele>851.0</ele><time>2026-07-29T09:56:27.752Z</time></trkpt><trkpt lat="46.13617833" lon="4.412835"><ele>850.0</ele><time>2026-07-29T09:56:28.751Z</time></trkpt><trkpt lat="46.13618" lon="4.41281667"><ele>850.0</ele><time>2026-07-29T09:56:29.751Z</time></trkpt><trkpt lat="46.13618" lon="4.41279833"><ele>851.0</ele><time>2026-07-29T09:56:30.751Z</time></trkpt><trkpt lat="46.13618167" lon="4.41277667"><ele>851.0</ele><time>2026-07-29T09:56:31.752Z</time></trkpt><trkpt lat="46.13618667" lon="4.41275333"><ele>850.0</ele><time>2026-07-29T09:56:32.751Z</time></trkpt><trkpt lat="46.13619" lon="4.41273167"><ele>850.0</ele><time>2026-07-29T09:56:33.752Z</time></trkpt><trkpt lat="46.13619" lon="4.41271"><ele>850.0</ele><time>2026-07-29T09:56:34.752Z</time></trkpt><trkpt lat="46.13619167" lon="4.41269"><ele>850.0</ele><time>2026-07-29T09:56:35.751Z</time></trkpt><trkpt lat="46.13619167" lon="4.41266833"><ele>850.0</ele><time>2026-07-29T09:56:36.752Z</time></trkpt><trkpt lat="46.13619333" lon="4.41264667"><ele>850.0</ele><time>2026-07-29T09:56:37.751Z</time></trkpt><trkpt lat="46.136195" lon="4.412625"><ele>849.0</ele><time>2026-07-29T09:56:38.751Z</time></trkpt><trkpt lat="46.136195" lon="4.412605"><ele>849.0</ele><time>2026-07-29T09:56:39.752Z</time></trkpt><trkpt lat="46.136195" lon="4.41258167"><ele>849.0</ele><time>2026-07-29T09:56:40.751Z</time></trkpt><trkpt lat="46.136195" lon="4.41255833"><ele>849.0</ele><time>2026-07-29T09:56:41.752Z</time></trkpt><trkpt lat="46.13619667" lon="4.41253333"><ele>848.0</ele><time>2026-07-29T09:56:42.752Z</time></trkpt><trkpt lat="46.13619667" lon="4.41250833"><ele>848.0</ele><time>2026-07-29T09:56:43.751Z</time></trkpt><trkpt lat="46.1362" lon="4.41248667"><ele>848.0</ele><time>2026-07-29T09:56:44.751Z</time></trkpt><trkpt lat="46.13620333" lon="4.41246333"><ele>848.0</ele><time>2026-07-29T09:56:45.751Z</time></trkpt><trkpt lat="46.13620833" lon="4.41244167"><ele>847.0</ele><time>2026-07-29T09:56:46.751Z</time></trkpt><trkpt lat="46.13621" lon="4.41241833"><ele>847.0</ele><time>2026-07-29T09:56:47.751Z</time></trkpt><trkpt lat="46.13621" lon="4.41239833"><ele>847.0</ele><time>2026-07-29T09:56:48.752Z</time></trkpt><trkpt lat="46.136215" lon="4.41237667"><ele>847.0</ele><time>2026-07-29T09:56:49.751Z</time></trkpt><trkpt lat="46.13621833" lon="4.412355"><ele>846.0</ele><time>2026-07-29T09:56:50.751Z</time></trkpt><trkpt lat="46.136225" lon="4.412335"><ele>846.0</ele><time>2026-07-29T09:56:51.752Z</time></trkpt><trkpt lat="46.13623167" lon="4.412315"><ele>846.0</ele><time>2026-07-29T09:56:52.752Z</time></trkpt><trkpt lat="46.13623667" lon="4.4123"><ele>845.0</ele><time>2026-07-29T09:56:53.751Z</time></trkpt><trkpt lat="46.13624" lon="4.41227833"><ele>845.0</ele><time>2026-07-29T09:56:54.751Z</time></trkpt><trkpt lat="46.13624333" lon="4.41226"><ele>845.0</ele><time>2026-07-29T09:56:55.752Z</time></trkpt><trkpt lat="46.13624833" lon="4.41224"><ele>844.0</ele><time>2026-07-29T09:56:56.752Z</time></trkpt><trkpt lat="46.13625167" lon="4.41222167"><ele>844.0</ele><time>2026-07-29T09:56:57.751Z</time></trkpt><trkpt lat="46.136255" lon="4.4122"><ele>844.0</ele><time>2026-07-29T09:56:58.752Z</time></trkpt><trkpt lat="46.13626" lon="4.41217833"><ele>844.0</ele><time>2026-07-29T09:56:59.752Z</time></trkpt><trkpt lat="46.13626333" lon="4.41215333"><ele>844.0</ele><time>2026-07-29T09:57:00.751Z</time></trkpt><trkpt lat="46.13627" lon="4.41213167"><ele>844.0</ele><time>2026-07-29T09:57:01.751Z</time></trkpt><trkpt lat="46.136275" lon="4.41211"><ele>844.0</ele><time>2026-07-29T09:57:02.752Z</time></trkpt><trkpt lat="46.13628" lon="4.412085"><ele>844.0</ele><time>2026-07-29T09:57:03.751Z</time></trkpt><trkpt lat="46.13628833" lon="4.412065"><ele>844.0</ele><time>2026-07-29T09:57:04.752Z</time></trkpt><trkpt lat="46.136295" lon="4.412045"><ele>843.0</ele><time>2026-07-29T09:57:05.752Z</time></trkpt><trkpt lat="46.13630167" lon="4.412025"><ele>843.0</ele><time>2026-07-29T09:57:06.751Z</time></trkpt><trkpt lat="46.13631" lon="4.41200167"><ele>843.0</ele><time>2026-07-29T09:57:07.752Z</time></trkpt><trkpt lat="46.13631667" lon="4.41198167"><ele>843.0</ele><time>2026-07-29T09:57:08.751Z</time></trkpt><trkpt lat="46.136325" lon="4.41196"><ele>843.0</ele><time>2026-07-29T09:57:09.751Z</time></trkpt><trkpt lat="46.13633333" lon="4.41194"><ele>843.0</ele><time>2026-07-29T09:57:10.751Z</time></trkpt><trkpt lat="46.13634" lon="4.41192167"><ele>843.0</ele><time>2026-07-29T09:57:11.752Z</time></trkpt><trkpt lat="46.13634833" lon="4.41190167"><ele>843.0</ele><time>2026-07-29T09:57:12.752Z</time></trkpt><trkpt lat="46.13635667" lon="4.41188167"><ele>843.0</ele><time>2026-07-29T09:57:13.751Z</time></trkpt><trkpt lat="46.13636667" lon="4.41186167"><ele>843.0</ele><time>2026-07-29T09:57:14.752Z</time></trkpt><trkpt lat="46.13637333" lon="4.41184167"><ele>843.0</ele><time>2026-07-29T09:57:15.752Z</time></trkpt><trkpt lat="46.13638" lon="4.411825"><ele>843.0</ele><time>2026-07-29T09:57:16.752Z</time></trkpt><trkpt lat="46.13638667" lon="4.41180833"><ele>843.0</ele><time>2026-07-29T09:57:17.751Z</time></trkpt><trkpt lat="46.13639333" lon="4.41179167"><ele>844.0</ele><time>2026-07-29T09:57:18.752Z</time></trkpt><trkpt lat="46.13640167" lon="4.411775"><ele>844.0</ele><time>2026-07-29T09:57:19.751Z</time></trkpt><trkpt lat="46.13641" lon="4.41176"><ele>844.0</ele><time>2026-07-29T09:57:20.751Z</time></trkpt><trkpt lat="46.13641667" lon="4.41174667"><ele>844.0</ele><time>2026-07-29T09:57:21.751Z</time></trkpt><trkpt lat="46.136425" lon="4.41173"><ele>844.0</ele><time>2026-07-29T09:57:22.751Z</time></trkpt><trkpt lat="46.13643333" lon="4.41171167"><ele>843.0</ele><time>2026-07-29T09:57:23.752Z</time></trkpt><trkpt lat="46.13644" lon="4.411695"><ele>843.0</ele><time>2026-07-29T09:57:24.752Z</time></trkpt><trkpt lat="46.13644833" lon="4.41167667"><ele>843.0</ele><time>2026-07-29T09:57:25.751Z</time></trkpt><trkpt lat="46.136455" lon="4.41165833"><ele>843.0</ele><time>2026-07-29T09:57:26.751Z</time></trkpt><trkpt lat="46.13646333" lon="4.41164"><ele>843.0</ele><time>2026-07-29T09:57:27.752Z</time></trkpt><trkpt lat="46.13647" lon="4.41162167"><ele>843.0</ele><time>2026-07-29T09:57:28.751Z</time></trkpt><trkpt lat="46.136475" lon="4.41160333"><ele>843.0</ele><time>2026-07-29T09:57:29.751Z</time></trkpt><trkpt lat="46.13648167" lon="4.411585"><ele>842.0</ele><time>2026-07-29T09:57:30.752Z</time></trkpt><trkpt lat="46.13649" lon="4.41157"><ele>842.0</ele><time>2026-07-29T09:57:31.751Z</time></trkpt><trkpt lat="46.13649667" lon="4.41155333"><ele>842.0</ele><time>2026-07-29T09:57:32.751Z</time></trkpt><trkpt lat="46.136505" lon="4.41153833"><ele>842.0</ele><time>2026-07-29T09:57:33.751Z</time></trkpt><trkpt lat="46.13651167" lon="4.41152"><ele>842.0</ele><time>2026-07-29T09:57:34.751Z</time></trkpt><trkpt lat="46.13651833" lon="4.411505"><ele>842.0</ele><time>2026-07-29T09:57:35.751Z</time></trkpt><trkpt lat="46.136525" lon="4.41148667"><ele>841.0</ele><time>2026-07-29T09:57:36.751Z</time></trkpt><trkpt lat="46.13652833" lon="4.41147"><ele>841.0</ele><time>2026-07-29T09:57:37.752Z</time></trkpt><trkpt lat="46.136535" lon="4.41145167"><ele>841.0</ele><time>2026-07-29T09:57:38.752Z</time></trkpt><trkpt lat="46.13654" lon="4.411435"><ele>841.0</ele><time>2026-07-29T09:57:39.752Z</time></trkpt><trkpt lat="46.13654833" lon="4.41141833"><ele>841.0</ele><time>2026-07-29T09:57:40.751Z</time></trkpt><trkpt lat="46.13655667" lon="4.4114"><ele>841.0</ele><time>2026-07-29T09:57:41.752Z</time></trkpt><trkpt lat="46.13656333" lon="4.41138333"><ele>841.0</ele><time>2026-07-29T09:57:42.751Z</time></trkpt><trkpt lat="46.13657" lon="4.41136333"><ele>841.0</ele><time>2026-07-29T09:57:43.752Z</time></trkpt><trkpt lat="46.136575" lon="4.411345"><ele>841.0</ele><time>2026-07-29T09:57:44.752Z</time></trkpt><trkpt lat="46.13658167" lon="4.41132667"><ele>840.0</ele><time>2026-07-29T09:57:45.751Z</time></trkpt><trkpt lat="46.136585" lon="4.41130667"><ele>840.0</ele><time>2026-07-29T09:57:46.752Z</time></trkpt><trkpt lat="46.13659167" lon="4.41128833"><ele>840.0</ele><time>2026-07-29T09:57:47.751Z</time></trkpt><trkpt lat="46.136595" lon="4.41126667"><ele>840.0</ele><time>2026-07-29T09:57:48.752Z</time></trkpt><trkpt lat="46.13659833" lon="4.41124833"><ele>840.0</ele><time>2026-07-29T09:57:49.751Z</time></trkpt><trkpt lat="46.13660333" lon="4.41122833"><ele>840.0</ele><time>2026-07-29T09:57:50.752Z</time></trkpt><trkpt lat="46.13661" lon="4.41121167"><ele>840.0</ele><time>2026-07-29T09:57:51.751Z</time></trkpt><trkpt lat="46.13661167" lon="4.41119333"><ele>840.0</ele><time>2026-07-29T09:57:52.751Z</time></trkpt><trkpt lat="46.13661667" lon="4.41117167"><ele>840.0</ele><time>2026-07-29T09:57:53.751Z</time></trkpt><trkpt lat="46.13662" lon="4.41115"><ele>839.0</ele><time>2026-07-29T09:57:54.751Z</time></trkpt><trkpt lat="46.136625" lon="4.41113"><ele>839.0</ele><time>2026-07-29T09:57:55.752Z</time></trkpt><trkpt lat="46.13663" lon="4.41111"><ele>839.0</ele><time>2026-07-29T09:57:56.751Z</time></trkpt><trkpt lat="46.13663333" lon="4.41109"><ele>839.0</ele><time>2026-07-29T09:57:57.751Z</time></trkpt><trkpt lat="46.13663667" lon="4.41106833"><ele>839.0</ele><time>2026-07-29T09:57:58.751Z</time></trkpt><trkpt lat="46.13664167" lon="4.41104833"><ele>840.0</ele><time>2026-07-29T09:57:59.751Z</time></trkpt><trkpt lat="46.136645" lon="4.41102667"><ele>840.0</ele><time>2026-07-29T09:58:00.751Z</time></trkpt><trkpt lat="46.13664667" lon="4.411005"><ele>840.0</ele><time>2026-07-29T09:58:01.752Z</time></trkpt><trkpt lat="46.13664833" lon="4.41098167"><ele>840.0</ele><time>2026-07-29T09:58:02.751Z</time></trkpt><trkpt lat="46.13665" lon="4.41096"><ele>839.0</ele><time>2026-07-29T09:58:03.752Z</time></trkpt><trkpt lat="46.13665" lon="4.410935"><ele>839.0</ele><time>2026-07-29T09:58:04.751Z</time></trkpt><trkpt lat="46.13665333" lon="4.41091333"><ele>839.0</ele><time>2026-07-29T09:58:05.752Z</time></trkpt><trkpt lat="46.13665667" lon="4.41088833"><ele>839.0</ele><time>2026-07-29T09:58:06.752Z</time></trkpt><trkpt lat="46.13666" lon="4.41086667"><ele>839.0</ele><time>2026-07-29T09:58:07.752Z</time></trkpt><trkpt lat="46.13666167" lon="4.41084333"><ele>839.0</ele><time>2026-07-29T09:58:08.752Z</time></trkpt><trkpt lat="46.136665" lon="4.41082"><ele>839.0</ele><time>2026-07-29T09:58:09.751Z</time></trkpt><trkpt lat="46.13666833" lon="4.4108"><ele>839.0</ele><time>2026-07-29T09:58:10.752Z</time></trkpt><trkpt lat="46.13667" lon="4.41078167"><ele>839.0</ele><time>2026-07-29T09:58:11.751Z</time></trkpt><trkpt lat="46.13667333" lon="4.41076167"><ele>839.0</ele><time>2026-07-29T09:58:12.752Z</time></trkpt><trkpt lat="46.136675" lon="4.41074167"><ele>839.0</ele><time>2026-07-29T09:58:13.752Z</time></trkpt><trkpt lat="46.136675" lon="4.41072"><ele>839.0</ele><time>2026-07-29T09:58:14.752Z</time></trkpt><trkpt lat="46.136675" lon="4.41069833"><ele>839.0</ele><time>2026-07-29T09:58:15.751Z</time></trkpt><trkpt lat="46.13667667" lon="4.410675"><ele>839.0</ele><time>2026-07-29T09:58:16.752Z</time></trkpt><trkpt lat="46.13667833" lon="4.41065167"><ele>839.0</ele><time>2026-07-29T09:58:17.751Z</time></trkpt><trkpt lat="46.13668167" lon="4.41062833"><ele>839.0</ele><time>2026-07-29T09:58:18.752Z</time></trkpt><trkpt lat="46.13668333" lon="4.41060667"><ele>839.0</ele><time>2026-07-29T09:58:19.751Z</time></trkpt><trkpt lat="46.13668833" lon="4.410585"><ele>838.0</ele><time>2026-07-29T09:58:20.752Z</time></trkpt><trkpt lat="46.13669" lon="4.410565"><ele>838.0</ele><time>2026-07-29T09:58:21.751Z</time></trkpt><trkpt lat="46.13669333" lon="4.41054333"><ele>838.0</ele><time>2026-07-29T09:58:22.752Z</time></trkpt><trkpt lat="46.13669667" lon="4.41052333"><ele>838.0</ele><time>2026-07-29T09:58:23.751Z</time></trkpt><trkpt lat="46.1367" lon="4.41050333"><ele>838.0</ele><time>2026-07-29T09:58:24.751Z</time></trkpt><trkpt lat="46.13670167" lon="4.41048"><ele>837.0</ele><time>2026-07-29T09:58:25.752Z</time></trkpt><trkpt lat="46.13670667" lon="4.41045667"><ele>837.0</ele><time>2026-07-29T09:58:26.751Z</time></trkpt><trkpt lat="46.13671" lon="4.41043333"><ele>836.0</ele><time>2026-07-29T09:58:27.752Z</time></trkpt><trkpt lat="46.13671333" lon="4.41041167"><ele>836.0</ele><time>2026-07-29T09:58:28.751Z</time></trkpt><trkpt lat="46.13671833" lon="4.41039"><ele>836.0</ele><time>2026-07-29T09:58:29.752Z</time></trkpt><trkpt lat="46.13672" lon="4.41036667"><ele>836.0</ele><time>2026-07-29T09:58:30.752Z</time></trkpt><trkpt lat="46.13672333" lon="4.41034333"><ele>836.0</ele><time>2026-07-29T09:58:31.751Z</time></trkpt><trkpt lat="46.136725" lon="4.41032"><ele>835.0</ele><time>2026-07-29T09:58:32.751Z</time></trkpt><trkpt lat="46.13672667" lon="4.41029833"><ele>835.0</ele><time>2026-07-29T09:58:33.752Z</time></trkpt><trkpt lat="46.13673" lon="4.41027833"><ele>835.0</ele><time>2026-07-29T09:58:34.751Z</time></trkpt><trkpt lat="46.13673167" lon="4.41026"><ele>835.0</ele><time>2026-07-29T09:58:35.752Z</time></trkpt><trkpt lat="46.136735" lon="4.41024167"><ele>834.0</ele><time>2026-07-29T09:58:36.752Z</time></trkpt><trkpt lat="46.13673833" lon="4.41022333"><ele>834.0</ele><time>2026-07-29T09:58:37.751Z</time></trkpt><trkpt lat="46.13674167" lon="4.41020333"><ele>834.0</ele><time>2026-07-29T09:58:38.752Z</time></trkpt><trkpt lat="46.13674667" lon="4.41018833"><ele>834.0</ele><time>2026-07-29T09:58:39.751Z</time></trkpt><trkpt lat="46.13675" lon="4.41017"><ele>834.0</ele><time>2026-07-29T09:58:40.752Z</time></trkpt><trkpt lat="46.136755" lon="4.41015167"><ele>834.0</ele><time>2026-07-29T09:58:41.751Z</time></trkpt><trkpt lat="46.13676" lon="4.41013167"><ele>834.0</ele><time>2026-07-29T09:58:42.752Z</time></trkpt><trkpt lat="46.136765" lon="4.41011333"><ele>834.0</ele><time>2026-07-29T09:58:43.752Z</time></trkpt><trkpt lat="46.13677167" lon="4.41009333"><ele>834.0</ele><time>2026-07-29T09:58:44.751Z</time></trkpt><trkpt lat="46.13677667" lon="4.41007167"><ele>834.0</ele><time>2026-07-29T09:58:45.751Z</time></trkpt><trkpt lat="46.13678" lon="4.41005"><ele>834.0</ele><time>2026-07-29T09:58:46.751Z</time></trkpt><trkpt lat="46.13678333" lon="4.41003167"><ele>834.0</ele><time>2026-07-29T09:58:47.751Z</time></trkpt><trkpt lat="46.136785" lon="4.41001167"><ele>834.0</ele><time>2026-07-29T09:58:48.751Z</time></trkpt><trkpt lat="46.13679" lon="4.40999"><ele>833.0</ele><time>2026-07-29T09:58:49.752Z</time></trkpt><trkpt lat="46.13679333" lon="4.40997"><ele>833.0</ele><time>2026-07-29T09:58:50.751Z</time></trkpt><trkpt lat="46.13679667" lon="4.40995"><ele>833.0</ele><time>2026-07-29T09:58:51.751Z</time></trkpt><trkpt lat="46.13680167" lon="4.40993167"><ele>833.0</ele><time>2026-07-29T09:58:52.752Z</time></trkpt><trkpt lat="46.136805" lon="4.40991167"><ele>833.0</ele><time>2026-07-29T09:58:53.751Z</time></trkpt><trkpt lat="46.13680833" lon="4.40989167"><ele>833.0</ele><time>2026-07-29T09:58:54.751Z</time></trkpt><trkpt lat="46.13681333" lon="4.40987167"><ele>833.0</ele><time>2026-07-29T09:58:55.751Z</time></trkpt><trkpt lat="46.13681833" lon="4.40985"><ele>833.0</ele><time>2026-07-29T09:58:56.751Z</time></trkpt><trkpt lat="46.136825" lon="4.40983"><ele>833.0</ele><time>2026-07-29T09:58:57.752Z</time></trkpt><trkpt lat="46.13683167" lon="4.40980833"><ele>832.0</ele><time>2026-07-29T09:58:58.752Z</time></trkpt><trkpt lat="46.13683667" lon="4.40979"><ele>832.0</ele><time>2026-07-29T09:58:59.752Z</time></trkpt><trkpt lat="46.13684333" lon="4.40976833"><ele>832.0</ele><time>2026-07-29T09:59:00.751Z</time></trkpt><trkpt lat="46.13685" lon="4.40974833"><ele>832.0</ele><time>2026-07-29T09:59:01.752Z</time></trkpt><trkpt lat="46.13685667" lon="4.40972667"><ele>832.0</ele><time>2026-07-29T09:59:02.751Z</time></trkpt><trkpt lat="46.13686167" lon="4.409705"><ele>832.0</ele><time>2026-07-29T09:59:03.751Z</time></trkpt><trkpt lat="46.13686667" lon="4.409685"><ele>832.0</ele><time>2026-07-29T09:59:04.752Z</time></trkpt><trkpt lat="46.13687" lon="4.409665"><ele>832.0</ele><time>2026-07-29T09:59:05.751Z</time></trkpt><trkpt lat="46.13687333" lon="4.40964667"><ele>832.0</ele><time>2026-07-29T09:59:06.752Z</time></trkpt><trkpt lat="46.13687667" lon="4.40962833"><ele>832.0</ele><time>2026-07-29T09:59:07.751Z</time></trkpt><trkpt lat="46.13688167" lon="4.40960833"><ele>832.0</ele><time>2026-07-29T09:59:08.752Z</time></trkpt><trkpt lat="46.136885" lon="4.40959167"><ele>832.0</ele><time>2026-07-29T09:59:09.751Z</time></trkpt><trkpt lat="46.13688833" lon="4.409575"><ele>832.0</ele><time>2026-07-29T09:59:10.751Z</time></trkpt><trkpt lat="46.13689333" lon="4.40955667"><ele>832.0</ele><time>2026-07-29T09:59:11.751Z</time></trkpt><trkpt lat="46.13690167" lon="4.40953667"><ele>832.0</ele><time>2026-07-29T09:59:12.752Z</time></trkpt><trkpt lat="46.13690833" lon="4.40951833"><ele>832.0</ele><time>2026-07-29T09:59:13.752Z</time></trkpt><trkpt lat="46.13691333" lon="4.4095"><ele>832.0</ele><time>2026-07-29T09:59:14.752Z</time></trkpt><trkpt lat="46.13692" lon="4.40948"><ele>832.0</ele><time>2026-07-29T09:59:15.751Z</time></trkpt><trkpt lat="46.136925" lon="4.40945667"><ele>833.0</ele><time>2026-07-29T09:59:16.752Z</time></trkpt><trkpt lat="46.13693167" lon="4.409435"><ele>833.0</ele><time>2026-07-29T09:59:17.752Z</time></trkpt><trkpt lat="46.13693667" lon="4.409415"><ele>833.0</ele><time>2026-07-29T09:59:18.752Z</time></trkpt><trkpt lat="46.13694167" lon="4.409395"><ele>833.0</ele><time>2026-07-29T09:59:19.751Z</time></trkpt><trkpt lat="46.13694667" lon="4.409375"><ele>833.0</ele><time>2026-07-29T09:59:20.751Z</time></trkpt><trkpt lat="46.13694833" lon="4.40935333"><ele>833.0</ele><time>2026-07-29T09:59:21.751Z</time></trkpt><trkpt lat="46.13695" lon="4.40933167"><ele>833.0</ele><time>2026-07-29T09:59:22.751Z</time></trkpt><trkpt lat="46.13695333" lon="4.40931167"><ele>832.0</ele><time>2026-07-29T09:59:23.752Z</time></trkpt><trkpt lat="46.13695833" lon="4.40929167"><ele>832.0</ele><time>2026-07-29T09:59:24.752Z</time></trkpt><trkpt lat="46.13696167" lon="4.40927667"><ele>832.0</ele><time>2026-07-29T09:59:25.752Z</time></trkpt><trkpt lat="46.13696333" lon="4.40926167"><ele>832.0</ele><time>2026-07-29T09:59:26.751Z</time></trkpt><trkpt lat="46.13696667" lon="4.40924333"><ele>832.0</ele><time>2026-07-29T09:59:27.752Z</time></trkpt><trkpt lat="46.13697167" lon="4.409225"><ele>832.0</ele><time>2026-07-29T09:59:28.752Z</time></trkpt><trkpt lat="46.13697667" lon="4.409205"><ele>832.0</ele><time>2026-07-29T09:59:29.751Z</time></trkpt><trkpt lat="46.13698167" lon="4.40918333"><ele>832.0</ele><time>2026-07-29T09:59:30.751Z</time></trkpt><trkpt lat="46.13698667" lon="4.40915833"><ele>832.0</ele><time>2026-07-29T09:59:31.752Z</time></trkpt><trkpt lat="46.13699167" lon="4.409135"><ele>832.0</ele><time>2026-07-29T09:59:32.752Z</time></trkpt><trkpt lat="46.136995" lon="4.409115"><ele>832.0</ele><time>2026-07-29T09:59:33.751Z</time></trkpt><trkpt lat="46.13699833" lon="4.40909333"><ele>833.0</ele><time>2026-07-29T09:59:34.751Z</time></trkpt><trkpt lat="46.137" lon="4.40907167"><ele>833.0</ele><time>2026-07-29T09:59:35.752Z</time></trkpt><trkpt lat="46.13700333" lon="4.40905333"><ele>833.0</ele><time>2026-07-29T09:59:36.751Z</time></trkpt><trkpt lat="46.13700833" lon="4.40903333"><ele>833.0</ele><time>2026-07-29T09:59:37.751Z</time></trkpt><trkpt lat="46.13701333" lon="4.409015"><ele>833.0</ele><time>2026-07-29T09:59:38.752Z</time></trkpt><trkpt lat="46.13701667" lon="4.40899667"><ele>833.0</ele><time>2026-07-29T09:59:39.751Z</time></trkpt><trkpt lat="46.13702" lon="4.408975"><ele>832.0</ele><time>2026-07-29T09:59:40.751Z</time></trkpt><trkpt lat="46.13702167" lon="4.408955"><ele>832.0</ele><time>2026-07-29T09:59:41.751Z</time></trkpt><trkpt lat="46.13702333" lon="4.40893333"><ele>832.0</ele><time>2026-07-29T09:59:42.752Z</time></trkpt><trkpt lat="46.13702167" lon="4.40891167"><ele>831.0</ele><time>2026-07-29T09:59:43.751Z</time></trkpt><trkpt lat="46.13701833" lon="4.40889333"><ele>831.0</ele><time>2026-07-29T09:59:44.751Z</time></trkpt><trkpt lat="46.137015" lon="4.40887333"><ele>830.0</ele><time>2026-07-29T09:59:45.751Z</time></trkpt><trkpt lat="46.13701167" lon="4.408855"><ele>830.0</ele><time>2026-07-29T09:59:46.751Z</time></trkpt><trkpt lat="46.13700833" lon="4.408835"><ele>830.0</ele><time>2026-07-29T09:59:47.751Z</time></trkpt><trkpt lat="46.137" lon="4.40881667"><ele>830.0</ele><time>2026-07-29T09:59:48.751Z</time></trkpt><trkpt lat="46.13699" lon="4.40880333"><ele>830.0</ele><time>2026-07-29T09:59:49.752Z</time></trkpt><trkpt lat="46.13697667" lon="4.40879167"><ele>830.0</ele><time>2026-07-29T09:59:50.751Z</time></trkpt><trkpt lat="46.13696333" lon="4.40877667"><ele>830.0</ele><time>2026-07-29T09:59:51.751Z</time></trkpt><trkpt lat="46.13695167" lon="4.40876"><ele>830.0</ele><time>2026-07-29T09:59:52.752Z</time></trkpt><trkpt lat="46.13694" lon="4.40874833"><ele>830.0</ele><time>2026-07-29T09:59:53.752Z</time></trkpt><trkpt lat="46.13692667" lon="4.408735"><ele>830.0</ele><time>2026-07-29T09:59:54.752Z</time></trkpt><trkpt lat="46.13691333" lon="4.40872333"><ele>830.0</ele><time>2026-07-29T09:59:55.751Z</time></trkpt><trkpt lat="46.1369" lon="4.408715"><ele>830.0</ele><time>2026-07-29T09:59:56.752Z</time></trkpt><trkpt lat="46.13688667" lon="4.408705"><ele>830.0</ele><time>2026-07-29T09:59:57.751Z</time></trkpt><trkpt lat="46.13687333" lon="4.408695"><ele>830.0</ele><time>2026-07-29T09:59:58.751Z</time></trkpt><trkpt lat="46.13685833" lon="4.408685"><ele>830.0</ele><time>2026-07-29T09:59:59.751Z</time></trkpt><trkpt lat="46.13684333" lon="4.408675"><ele>830.0</ele><time>2026-07-29T10:00:00.752Z</time></trkpt><trkpt lat="46.13683" lon="4.408665"><ele>829.0</ele><time>2026-07-29T10:00:01.751Z</time></trkpt><trkpt lat="46.136815" lon="4.408655"><ele>829.0</ele><time>2026-07-29T10:00:02.751Z</time></trkpt><trkpt lat="46.1368" lon="4.40864667"><ele>829.0</ele><time>2026-07-29T10:00:03.752Z</time></trkpt><trkpt lat="46.136785" lon="4.40863833"><ele>828.0</ele><time>2026-07-29T10:00:04.751Z</time></trkpt><trkpt lat="46.13677" lon="4.40863167"><ele>828.0</ele><time>2026-07-29T10:00:05.751Z</time></trkpt><trkpt lat="46.13675333" lon="4.408625"><ele>828.0</ele><time>2026-07-29T10:00:06.751Z</time></trkpt><trkpt lat="46.13673833" lon="4.40861667"><ele>828.0</ele><time>2026-07-29T10:00:07.751Z</time></trkpt><trkpt lat="46.13672167" lon="4.40861"><ele>828.0</ele><time>2026-07-29T10:00:08.752Z</time></trkpt><trkpt lat="46.136705" lon="4.408605"><ele>827.0</ele><time>2026-07-29T10:00:09.751Z</time></trkpt><trkpt lat="46.13668833" lon="4.40859833"><ele>827.0</ele><time>2026-07-29T10:00:10.751Z</time></trkpt><trkpt lat="46.13667333" lon="4.40859"><ele>827.0</ele><time>2026-07-29T10:00:11.751Z</time></trkpt><trkpt lat="46.13665833" lon="4.40858167"><ele>827.0</ele><time>2026-07-29T10:00:12.752Z</time></trkpt><trkpt lat="46.13664167" lon="4.40857333"><ele>827.0</ele><time>2026-07-29T10:00:13.751Z</time></trkpt><trkpt lat="46.13662667" lon="4.40856667"><ele>827.0</ele><time>2026-07-29T10:00:14.752Z</time></trkpt><trkpt lat="46.13661167" lon="4.40856"><ele>827.0</ele><time>2026-07-29T10:00:15.752Z</time></trkpt><trkpt lat="46.13659667" lon="4.40855333"><ele>827.0</ele><time>2026-07-29T10:00:16.751Z</time></trkpt><trkpt lat="46.13658167" lon="4.40855"><ele>827.0</ele><time>2026-07-29T10:00:17.752Z</time></trkpt><trkpt lat="46.136565" lon="4.408545"><ele>826.0</ele><time>2026-07-29T10:00:18.751Z</time></trkpt><trkpt lat="46.13654667" lon="4.40853833"><ele>827.0</ele><time>2026-07-29T10:00:19.751Z</time></trkpt><trkpt lat="46.13653167" lon="4.408535"><ele>827.0</ele><time>2026-07-29T10:00:20.752Z</time></trkpt><trkpt lat="46.136515" lon="4.40853167"><ele>827.0</ele><time>2026-07-29T10:00:21.752Z</time></trkpt><trkpt lat="46.13649667" lon="4.40852333"><ele>826.0</ele><time>2026-07-29T10:00:22.752Z</time></trkpt><trkpt lat="46.13648167" lon="4.40852"><ele>826.0</ele><time>2026-07-29T10:00:23.751Z</time></trkpt><trkpt lat="46.136465" lon="4.40851667"><ele>826.0</ele><time>2026-07-29T10:00:24.752Z</time></trkpt><trkpt lat="46.13645167" lon="4.408515"><ele>826.0</ele><time>2026-07-29T10:00:25.751Z</time></trkpt><trkpt lat="46.13643667" lon="4.40851333"><ele>826.0</ele><time>2026-07-29T10:00:26.752Z</time></trkpt><trkpt lat="46.13642167" lon="4.40851333"><ele>826.0</ele><time>2026-07-29T10:00:27.752Z</time></trkpt><trkpt lat="46.13640667" lon="4.40851333"><ele>826.0</ele><time>2026-07-29T10:00:28.751Z</time></trkpt><trkpt lat="46.13639167" lon="4.40851167"><ele>826.0</ele><time>2026-07-29T10:00:29.751Z</time></trkpt><trkpt lat="46.13637667" lon="4.40851167"><ele>827.0</ele><time>2026-07-29T10:00:30.751Z</time></trkpt><trkpt lat="46.13636167" lon="4.40851167"><ele>827.0</ele><time>2026-07-29T10:00:31.752Z</time></trkpt><trkpt lat="46.136345" lon="4.40851167"><ele>826.0</ele><time>2026-07-29T10:00:32.751Z</time></trkpt><trkpt lat="46.13633" lon="4.40851167"><ele>826.0</ele><time>2026-07-29T10:00:33.751Z</time></trkpt><trkpt lat="46.13631333" lon="4.40851333"><ele>826.0</ele><time>2026-07-29T10:00:34.752Z</time></trkpt><trkpt lat="46.1363" lon="4.40851667"><ele>826.0</ele><time>2026-07-29T10:00:35.751Z</time></trkpt><trkpt lat="46.136285" lon="4.40851833"><ele>825.0</ele><time>2026-07-29T10:00:36.752Z</time></trkpt><trkpt lat="46.13626833" lon="4.40852"><ele>825.0</ele><time>2026-07-29T10:00:37.752Z</time></trkpt><trkpt lat="46.13625167" lon="4.40852333"><ele>825.0</ele><time>2026-07-29T10:00:38.751Z</time></trkpt><trkpt lat="46.13623667" lon="4.40852833"><ele>825.0</ele><time>2026-07-29T10:00:39.751Z</time></trkpt><trkpt lat="46.13622167" lon="4.40853667"><ele>826.0</ele><time>2026-07-29T10:00:40.751Z</time></trkpt><trkpt lat="46.13620833" lon="4.40854333"><ele>826.0</ele><time>2026-07-29T10:00:41.751Z</time></trkpt><trkpt lat="46.136195" lon="4.40854667"><ele>826.0</ele><time>2026-07-29T10:00:42.751Z</time></trkpt><trkpt lat="46.13618167" lon="4.40854667"><ele>826.0</ele><time>2026-07-29T10:00:43.752Z</time></trkpt><trkpt lat="46.13616667" lon="4.40854167"><ele>826.0</ele><time>2026-07-29T10:00:44.751Z</time></trkpt><trkpt lat="46.13615167" lon="4.408535"><ele>826.0</ele><time>2026-07-29T10:00:45.752Z</time></trkpt><trkpt lat="46.13613833" lon="4.40852333"><ele>826.0</ele><time>2026-07-29T10:00:46.751Z</time></trkpt><trkpt lat="46.13612833" lon="4.40851"><ele>827.0</ele><time>2026-07-29T10:00:47.752Z</time></trkpt><trkpt lat="46.13612" lon="4.40849667"><ele>827.0</ele><time>2026-07-29T10:00:48.751Z</time></trkpt><trkpt lat="46.13611" lon="4.40848"><ele>827.0</ele><time>2026-07-29T10:00:49.751Z</time></trkpt><trkpt lat="46.13610167" lon="4.40846"><ele>827.0</ele><time>2026-07-29T10:00:50.752Z</time></trkpt><trkpt lat="46.13609333" lon="4.40844"><ele>827.0</ele><time>2026-07-29T10:00:51.751Z</time></trkpt><trkpt lat="46.13608667" lon="4.40841833"><ele>827.0</ele><time>2026-07-29T10:00:52.752Z</time></trkpt><trkpt lat="46.13608" lon="4.4084"><ele>827.0</ele><time>2026-07-29T10:00:53.752Z</time></trkpt><trkpt lat="46.13607333" lon="4.40838"><ele>827.0</ele><time>2026-07-29T10:00:54.751Z</time></trkpt><trkpt lat="46.13606667" lon="4.40836333"><ele>827.0</ele><time>2026-07-29T10:00:55.751Z</time></trkpt><trkpt lat="46.13606" lon="4.40834167"><ele>827.0</ele><time>2026-07-29T10:00:56.752Z</time></trkpt><trkpt lat="46.13605333" lon="4.40832333"><ele>827.0</ele><time>2026-07-29T10:00:57.752Z</time></trkpt><trkpt lat="46.13604333" lon="4.40830667"><ele>826.0</ele><time>2026-07-29T10:00:58.751Z</time></trkpt><trkpt lat="46.13603667" lon="4.40829167"><ele>826.0</ele><time>2026-07-29T10:00:59.751Z</time></trkpt><trkpt lat="46.136025" lon="4.40827333"><ele>826.0</ele><time>2026-07-29T10:01:00.752Z</time></trkpt><trkpt lat="46.136015" lon="4.40825333"><ele>826.0</ele><time>2026-07-29T10:01:01.752Z</time></trkpt><trkpt lat="46.136005" lon="4.408235"><ele>826.0</ele><time>2026-07-29T10:01:02.752Z</time></trkpt><trkpt lat="46.13599833" lon="4.40822"><ele>826.0</ele><time>2026-07-29T10:01:03.751Z</time></trkpt><trkpt lat="46.13599" lon="4.40820167"><ele>826.0</ele><time>2026-07-29T10:01:04.752Z</time></trkpt><trkpt lat="46.13598333" lon="4.40818167"><ele>827.0</ele><time>2026-07-29T10:01:05.751Z</time></trkpt><trkpt lat="46.135975" lon="4.40816667"><ele>827.0</ele><time>2026-07-29T10:01:06.751Z</time></trkpt><trkpt lat="46.13596667" lon="4.40815167"><ele>827.0</ele><time>2026-07-29T10:01:07.751Z</time></trkpt><trkpt lat="46.135955" lon="4.40813167"><ele>828.0</ele><time>2026-07-29T10:01:08.752Z</time></trkpt><trkpt lat="46.13594" lon="4.40810667"><ele>828.0</ele><time>2026-07-29T10:01:09.751Z</time></trkpt><trkpt lat="46.13593167" lon="4.40809333"><ele>828.0</ele><time>2026-07-29T10:01:10.752Z</time></trkpt><trkpt lat="46.135925" lon="4.40807667"><ele>829.0</ele><time>2026-07-29T10:01:11.751Z</time></trkpt><trkpt lat="46.13592" lon="4.40805"><ele>829.0</ele><time>2026-07-29T10:01:12.752Z</time></trkpt><trkpt lat="46.13591" lon="4.40803"><ele>829.0</ele><time>2026-07-29T10:01:13.752Z</time></trkpt><trkpt lat="46.135905" lon="4.40801667"><ele>829.0</ele><time>2026-07-29T10:01:14.751Z</time></trkpt><trkpt lat="46.13589167" lon="4.408"><ele>829.0</ele><time>2026-07-29T10:01:15.752Z</time></trkpt><trkpt lat="46.13588167" lon="4.407985"><ele>829.0</ele><time>2026-07-29T10:01:16.751Z</time></trkpt><trkpt lat="46.135875" lon="4.40796667"><ele>829.0</ele><time>2026-07-29T10:01:17.752Z</time></trkpt><trkpt lat="46.13586667" lon="4.40794667"><ele>829.0</ele><time>2026-07-29T10:01:18.752Z</time></trkpt><trkpt lat="46.13586" lon="4.40793"><ele>829.0</ele><time>2026-07-29T10:01:19.752Z</time></trkpt><trkpt lat="46.13585333" lon="4.40791167"><ele>829.0</ele><time>2026-07-29T10:01:20.752Z</time></trkpt><trkpt lat="46.13584667" lon="4.40789667"><ele>829.0</ele><time>2026-07-29T10:01:21.751Z</time></trkpt><trkpt lat="46.135835" lon="4.40787833"><ele>829.0</ele><time>2026-07-29T10:01:22.752Z</time></trkpt><trkpt lat="46.13582167" lon="4.40786"><ele>829.0</ele><time>2026-07-29T10:01:23.752Z</time></trkpt><trkpt lat="46.13581167" lon="4.40784167"><ele>829.0</ele><time>2026-07-29T10:01:24.751Z</time></trkpt><trkpt lat="46.13580333" lon="4.40782667"><ele>829.0</ele><time>2026-07-29T10:01:25.751Z</time></trkpt><trkpt lat="46.135795" lon="4.40781"><ele>829.0</ele><time>2026-07-29T10:01:26.751Z</time></trkpt><trkpt lat="46.135785" lon="4.40779667"><ele>829.0</ele><time>2026-07-29T10:01:27.751Z</time></trkpt><trkpt lat="46.13577667" lon="4.40778333"><ele>828.0</ele><time>2026-07-29T10:01:28.751Z</time></trkpt><trkpt lat="46.13576667" lon="4.40776667"><ele>828.0</ele><time>2026-07-29T10:01:29.751Z</time></trkpt><trkpt lat="46.13575833" lon="4.407755"><ele>827.0</ele><time>2026-07-29T10:01:30.752Z</time></trkpt><trkpt lat="46.13575167" lon="4.40774333"><ele>827.0</ele><time>2026-07-29T10:01:31.751Z</time></trkpt><trkpt lat="46.13574333" lon="4.40772667"><ele>826.0</ele><time>2026-07-29T10:01:32.751Z</time></trkpt><trkpt lat="46.13573333" lon="4.40770833"><ele>826.0</ele><time>2026-07-29T10:01:33.752Z</time></trkpt><trkpt lat="46.135725" lon="4.40769333"><ele>826.0</ele><time>2026-07-29T10:01:34.751Z</time></trkpt><trkpt lat="46.13571667" lon="4.40768"><ele>826.0</ele><time>2026-07-29T10:01:35.751Z</time></trkpt><trkpt lat="46.135705" lon="4.407665"><ele>826.0</ele><time>2026-07-29T10:01:36.752Z</time></trkpt><trkpt lat="46.13569333" lon="4.40765"><ele>826.0</ele><time>2026-07-29T10:01:37.752Z</time></trkpt><trkpt lat="46.13568167" lon="4.407635"><ele>826.0</ele><time>2026-07-29T10:01:38.752Z</time></trkpt><trkpt lat="46.13566833" lon="4.40761833"><ele>827.0</ele><time>2026-07-29T10:01:39.751Z</time></trkpt><trkpt lat="46.135655" lon="4.407605"><ele>827.0</ele><time>2026-07-29T10:01:40.752Z</time></trkpt><trkpt lat="46.13564167" lon="4.40759333"><ele>827.0</ele><time>2026-07-29T10:01:41.751Z</time></trkpt><trkpt lat="46.13563167" lon="4.40758167"><ele>828.0</ele><time>2026-07-29T10:01:42.751Z</time></trkpt><trkpt lat="46.13562833" lon="4.407575"><ele>828.0</ele><time>2026-07-29T10:01:43.751Z</time></trkpt><trkpt lat="46.13561667" lon="4.40756667"><ele>829.0</ele><time>2026-07-29T10:01:44.752Z</time></trkpt><trkpt lat="46.13560333" lon="4.40755333"><ele>829.0</ele><time>2026-07-29T10:01:45.752Z</time></trkpt><trkpt lat="46.13559" lon="4.40753833"><ele>830.0</ele><time>2026-07-29T10:01:46.751Z</time></trkpt><trkpt lat="46.13557833" lon="4.40752333"><ele>830.0</ele><time>2026-07-29T10:01:47.752Z</time></trkpt><trkpt lat="46.13556333" lon="4.40751"><ele>831.0</ele><time>2026-07-29T10:01:48.751Z</time></trkpt><trkpt lat="46.13555" lon="4.40749667"><ele>831.0</ele><time>2026-07-29T10:01:49.752Z</time></trkpt><trkpt lat="46.13553667" lon="4.407485"><ele>831.0</ele><time>2026-07-29T10:01:50.751Z</time></trkpt><trkpt lat="46.13552333" lon="4.40747667"><ele>831.0</ele><time>2026-07-29T10:01:51.752Z</time></trkpt><trkpt lat="46.13551167" lon="4.40746833"><ele>832.0</ele><time>2026-07-29T10:01:52.751Z</time></trkpt><trkpt lat="46.1355" lon="4.407455"><ele>832.0</ele><time>2026-07-29T10:01:53.752Z</time></trkpt><trkpt lat="46.13549167" lon="4.40744333"><ele>833.0</ele><time>2026-07-29T10:01:54.752Z</time></trkpt><trkpt lat="46.13547833" lon="4.40742833"><ele>833.0</ele><time>2026-07-29T10:01:55.751Z</time></trkpt><trkpt lat="46.13546667" lon="4.40741667"><ele>834.0</ele><time>2026-07-29T10:01:56.751Z</time></trkpt><trkpt lat="46.13545333" lon="4.40740833"><ele>834.0</ele><time>2026-07-29T10:01:57.751Z</time></trkpt><trkpt lat="46.13544" lon="4.407395"><ele>835.0</ele><time>2026-07-29T10:01:58.752Z</time></trkpt><trkpt lat="46.135425" lon="4.40737667"><ele>835.0</ele><time>2026-07-29T10:01:59.751Z</time></trkpt><trkpt lat="46.13541333" lon="4.40736333"><ele>836.0</ele><time>2026-07-29T10:02:00.751Z</time></trkpt><trkpt lat="46.13540167" lon="4.40735333"><ele>836.0</ele><time>2026-07-29T10:02:01.751Z</time></trkpt><trkpt lat="46.13539167" lon="4.40734667"><ele>836.0</ele><time>2026-07-29T10:02:02.751Z</time></trkpt><trkpt lat="46.13538" lon="4.40733833"><ele>836.0</ele><time>2026-07-29T10:02:03.751Z</time></trkpt><trkpt lat="46.13537" lon="4.407335"><ele>837.0</ele><time>2026-07-29T10:02:04.752Z</time></trkpt><trkpt lat="46.13535833" lon="4.40733333"><ele>837.0</ele><time>2026-07-29T10:02:05.752Z</time></trkpt><trkpt lat="46.13534667" lon="4.40733"><ele>837.0</ele><time>2026-07-29T10:02:06.751Z</time></trkpt><trkpt lat="46.135335" lon="4.40732333"><ele>837.0</ele><time>2026-07-29T10:02:07.752Z</time></trkpt><trkpt lat="46.13532667" lon="4.40731667"><ele>837.0</ele><time>2026-07-29T10:02:08.752Z</time></trkpt><trkpt lat="46.13531333" lon="4.40731"><ele>837.0</ele><time>2026-07-29T10:02:09.751Z</time></trkpt><trkpt lat="46.13529833" lon="4.40730167"><ele>837.0</ele><time>2026-07-29T10:02:10.751Z</time></trkpt><trkpt lat="46.13528667" lon="4.407295"><ele>838.0</ele><time>2026-07-29T10:02:11.752Z</time></trkpt><trkpt lat="46.135275" lon="4.40728833"><ele>838.0</ele><time>2026-07-29T10:02:12.751Z</time></trkpt><trkpt lat="46.13526333" lon="4.40728333"><ele>838.0</ele><time>2026-07-29T10:02:13.752Z</time></trkpt><trkpt lat="46.13525167" lon="4.40727667"><ele>838.0</ele><time>2026-07-29T10:02:14.751Z</time></trkpt><trkpt lat="46.13523" lon="4.40726333"><ele>838.0</ele><time>2026-07-29T10:02:15.752Z</time></trkpt><trkpt lat="46.135215" lon="4.407265"><ele>839.0</ele><time>2026-07-29T10:02:16.751Z</time></trkpt><trkpt lat="46.13520833" lon="4.40724833"><ele>839.0</ele><time>2026-07-29T10:02:17.751Z</time></trkpt><trkpt lat="46.135185" lon="4.40724"><ele>839.0</ele><time>2026-07-29T10:02:18.752Z</time></trkpt><trkpt lat="46.13517" lon="4.40721833"><ele>839.0</ele><time>2026-07-29T10:02:19.751Z</time></trkpt><trkpt lat="46.13515833" lon="4.40719"><ele>838.0</ele><time>2026-07-29T10:02:20.751Z</time></trkpt><trkpt lat="46.13515" lon="4.40716833"><ele>838.0</ele><time>2026-07-29T10:02:21.751Z</time></trkpt><trkpt lat="46.13513833" lon="4.40715167"><ele>838.0</ele><time>2026-07-29T10:02:22.751Z</time></trkpt><trkpt lat="46.13512333" lon="4.40713833"><ele>837.0</ele><time>2026-07-29T10:02:23.751Z</time></trkpt><trkpt lat="46.13511333" lon="4.40712667"><ele>837.0</ele><time>2026-07-29T10:02:24.752Z</time></trkpt><trkpt lat="46.13510167" lon="4.40710667"><ele>837.0</ele><time>2026-07-29T10:02:25.751Z</time></trkpt><trkpt lat="46.135095" lon="4.407105"><ele>836.0</ele><time>2026-07-29T10:02:26.752Z</time></trkpt><trkpt lat="46.13508333" lon="4.40709333"><ele>836.0</ele><time>2026-07-29T10:02:27.751Z</time></trkpt><trkpt lat="46.13507333" lon="4.407075"><ele>836.0</ele><time>2026-07-29T10:02:28.752Z</time></trkpt><trkpt lat="46.13505833" lon="4.407055"><ele>836.0</ele><time>2026-07-29T10:02:29.751Z</time></trkpt><trkpt lat="46.13504833" lon="4.40702833"><ele>836.0</ele><time>2026-07-29T10:02:30.751Z</time></trkpt><trkpt lat="46.13504" lon="4.407"><ele>836.0</ele><time>2026-07-29T10:02:31.751Z</time></trkpt><trkpt lat="46.135035" lon="4.406985"><ele>836.0</ele><time>2026-07-29T10:02:32.752Z</time></trkpt><trkpt lat="46.135025" lon="4.40697167"><ele>836.0</ele><time>2026-07-29T10:02:33.752Z</time></trkpt><trkpt lat="46.135015" lon="4.40695667"><ele>836.0</ele><time>2026-07-29T10:02:34.752Z</time></trkpt><trkpt lat="46.13499333" lon="4.40694833"><ele>837.0</ele><time>2026-07-29T10:02:35.751Z</time></trkpt><trkpt lat="46.13497167" lon="4.40693667"><ele>837.0</ele><time>2026-07-29T10:02:36.752Z</time></trkpt><trkpt lat="46.134955" lon="4.40693"><ele>837.0</ele><time>2026-07-29T10:02:37.752Z</time></trkpt><trkpt lat="46.134945" lon="4.406925"><ele>838.0</ele><time>2026-07-29T10:02:38.751Z</time></trkpt><trkpt lat="46.13493667" lon="4.40692"><ele>838.0</ele><time>2026-07-29T10:02:39.751Z</time></trkpt><trkpt lat="46.13492667" lon="4.40691"><ele>838.0</ele><time>2026-07-29T10:02:40.752Z</time></trkpt><trkpt lat="46.13492" lon="4.40689667"><ele>839.0</ele><time>2026-07-29T10:02:41.752Z</time></trkpt><trkpt lat="46.134915" lon="4.40688"><ele>839.0</ele><time>2026-07-29T10:02:42.752Z</time></trkpt><trkpt lat="46.13491167" lon="4.40686667"><ele>838.0</ele><time>2026-07-29T10:02:43.752Z</time></trkpt><trkpt lat="46.13491" lon="4.406855"><ele>838.0</ele><time>2026-07-29T10:02:44.752Z</time></trkpt><trkpt lat="46.13491" lon="4.40684833"><ele>838.0</ele><time>2026-07-29T10:02:45.752Z</time></trkpt><trkpt lat="46.134905" lon="4.40684"><ele>837.0</ele><time>2026-07-29T10:02:46.751Z</time></trkpt><trkpt lat="46.13489667" lon="4.40683"><ele>837.0</ele><time>2026-07-29T10:02:47.752Z</time></trkpt><trkpt lat="46.134885" lon="4.40681833"><ele>836.0</ele><time>2026-07-29T10:02:48.752Z</time></trkpt><trkpt lat="46.13487333" lon="4.406805"><ele>836.0</ele><time>2026-07-29T10:02:49.751Z</time></trkpt><trkpt lat="46.13486167" lon="4.40678833"><ele>836.0</ele><time>2026-07-29T10:02:50.751Z</time></trkpt><trkpt lat="46.13485" lon="4.40677"><ele>835.0</ele><time>2026-07-29T10:02:51.751Z</time></trkpt><trkpt lat="46.13484333" lon="4.40675"><ele>835.0</ele><time>2026-07-29T10:02:52.751Z</time></trkpt><trkpt lat="46.13483833" lon="4.40673167"><ele>835.0</ele><time>2026-07-29T10:02:53.752Z</time></trkpt><trkpt lat="46.13483333" lon="4.40671333"><ele>834.0</ele><time>2026-07-29T10:02:54.751Z</time></trkpt><trkpt lat="46.13482667" lon="4.40669667"><ele>834.0</ele><time>2026-07-29T10:02:55.751Z</time></trkpt><trkpt lat="46.13482" lon="4.40667833"><ele>833.0</ele><time>2026-07-29T10:02:56.751Z</time></trkpt><trkpt lat="46.13481" lon="4.40665833"><ele>832.0</ele><time>2026-07-29T10:02:57.751Z</time></trkpt><trkpt lat="46.134805" lon="4.40663667"><ele>832.0</ele><time>2026-07-29T10:02:58.751Z</time></trkpt><trkpt lat="46.13479667" lon="4.40661667"><ele>831.0</ele><time>2026-07-29T10:02:59.751Z</time></trkpt><trkpt lat="46.13478333" lon="4.40659333"><ele>831.0</ele><time>2026-07-29T10:03:00.752Z</time></trkpt><trkpt lat="46.13477" lon="4.40657167"><ele>831.0</ele><time>2026-07-29T10:03:01.751Z</time></trkpt><trkpt lat="46.13475833" lon="4.40655167"><ele>830.0</ele><time>2026-07-29T10:03:02.751Z</time></trkpt><trkpt lat="46.13474667" lon="4.40653167"><ele>830.0</ele><time>2026-07-29T10:03:03.751Z</time></trkpt><trkpt lat="46.13473667" lon="4.40650667"><ele>829.0</ele><time>2026-07-29T10:03:04.751Z</time></trkpt><trkpt lat="46.13472833" lon="4.40649"><ele>829.0</ele><time>2026-07-29T10:03:05.752Z</time></trkpt><trkpt lat="46.13471833" lon="4.40647667"><ele>829.0</ele><time>2026-07-29T10:03:06.751Z</time></trkpt><trkpt lat="46.13470833" lon="4.40646167"><ele>828.0</ele><time>2026-07-29T10:03:07.751Z</time></trkpt><trkpt lat="46.1347" lon="4.40644333"><ele>828.0</ele><time>2026-07-29T10:03:08.751Z</time></trkpt><trkpt lat="46.13469667" lon="4.40642"><ele>828.0</ele><time>2026-07-29T10:03:09.751Z</time></trkpt><trkpt lat="46.13468833" lon="4.4064"><ele>827.0</ele><time>2026-07-29T10:03:10.752Z</time></trkpt><trkpt lat="46.13467667" lon="4.40638167"><ele>827.0</ele><time>2026-07-29T10:03:11.751Z</time></trkpt><trkpt lat="46.134665" lon="4.40636333"><ele>827.0</ele><time>2026-07-29T10:03:12.752Z</time></trkpt><trkpt lat="46.134655" lon="4.40634833"><ele>826.0</ele><time>2026-07-29T10:03:13.752Z</time></trkpt><trkpt lat="46.13464333" lon="4.40633333"><ele>826.0</ele><time>2026-07-29T10:03:14.752Z</time></trkpt><trkpt lat="46.13462833" lon="4.40632"><ele>826.0</ele><time>2026-07-29T10:03:15.751Z</time></trkpt><trkpt lat="46.13461333" lon="4.40629833"><ele>826.0</ele><time>2026-07-29T10:03:16.751Z</time></trkpt><trkpt lat="46.13460333" lon="4.40628333"><ele>826.0</ele><time>2026-07-29T10:03:17.751Z</time></trkpt><trkpt lat="46.134595" lon="4.40627"><ele>826.0</ele><time>2026-07-29T10:03:18.752Z</time></trkpt><trkpt lat="46.13458667" lon="4.40625833"><ele>825.0</ele><time>2026-07-29T10:03:19.752Z</time></trkpt><trkpt lat="46.13457833" lon="4.40624667"><ele>825.0</ele><time>2026-07-29T10:03:20.751Z</time></trkpt><trkpt lat="46.13457" lon="4.40623333"><ele>825.0</ele><time>2026-07-29T10:03:21.752Z</time></trkpt><trkpt lat="46.13455833" lon="4.40621667"><ele>825.0</ele><time>2026-07-29T10:03:22.752Z</time></trkpt><trkpt lat="46.13454667" lon="4.40619833"><ele>825.0</ele><time>2026-07-29T10:03:23.751Z</time></trkpt><trkpt lat="46.134535" lon="4.40617667"><ele>825.0</ele><time>2026-07-29T10:03:24.752Z</time></trkpt><trkpt lat="46.13452167" lon="4.40615833"><ele>825.0</ele><time>2026-07-29T10:03:25.751Z</time></trkpt><trkpt lat="46.13451167" lon="4.40613833"><ele>824.0</ele><time>2026-07-29T10:03:26.752Z</time></trkpt><trkpt lat="46.13450333" lon="4.40612"><ele>824.0</ele><time>2026-07-29T10:03:27.751Z</time></trkpt><trkpt lat="46.13449333" lon="4.40610167"><ele>824.0</ele><time>2026-07-29T10:03:28.751Z</time></trkpt><trkpt lat="46.134485" lon="4.40608333"><ele>823.0</ele><time>2026-07-29T10:03:29.751Z</time></trkpt><trkpt lat="46.134475" lon="4.40607"><ele>823.0</ele><time>2026-07-29T10:03:30.751Z</time></trkpt><trkpt lat="46.13446333" lon="4.40605667"><ele>823.0</ele><time>2026-07-29T10:03:31.751Z</time></trkpt><trkpt lat="46.13445167" lon="4.40604333"><ele>823.0</ele><time>2026-07-29T10:03:32.752Z</time></trkpt><trkpt lat="46.13444167" lon="4.40603"><ele>822.0</ele><time>2026-07-29T10:03:33.751Z</time></trkpt><trkpt lat="46.13443167" lon="4.406015"><ele>822.0</ele><time>2026-07-29T10:03:34.751Z</time></trkpt><trkpt lat="46.13442333" lon="4.40599667"><ele>822.0</ele><time>2026-07-29T10:03:35.751Z</time></trkpt><trkpt lat="46.13441333" lon="4.40597667"><ele>821.0</ele><time>2026-07-29T10:03:36.752Z</time></trkpt><trkpt lat="46.13440667" lon="4.40595667"><ele>821.0</ele><time>2026-07-29T10:03:37.752Z</time></trkpt><trkpt lat="46.1344" lon="4.40593833"><ele>821.0</ele><time>2026-07-29T10:03:38.752Z</time></trkpt><trkpt lat="46.13439167" lon="4.40591833"><ele>821.0</ele><time>2026-07-29T10:03:39.752Z</time></trkpt><trkpt lat="46.13438333" lon="4.40589333"><ele>821.0</ele><time>2026-07-29T10:03:40.752Z</time></trkpt><trkpt lat="46.13437333" lon="4.40587"><ele>820.0</ele><time>2026-07-29T10:03:41.752Z</time></trkpt><trkpt lat="46.134365" lon="4.40584833"><ele>820.0</ele><time>2026-07-29T10:03:42.752Z</time></trkpt><trkpt lat="46.13436" lon="4.405825"><ele>820.0</ele><time>2026-07-29T10:03:43.752Z</time></trkpt><trkpt lat="46.134355" lon="4.40580833"><ele>819.0</ele><time>2026-07-29T10:03:44.751Z</time></trkpt><trkpt lat="46.134345" lon="4.40579"><ele>818.0</ele><time>2026-07-29T10:03:45.751Z</time></trkpt><trkpt lat="46.13433333" lon="4.40577167"><ele>818.0</ele><time>2026-07-29T10:03:46.751Z</time></trkpt><trkpt lat="46.134325" lon="4.405755"><ele>818.0</ele><time>2026-07-29T10:03:47.751Z</time></trkpt><trkpt lat="46.13431667" lon="4.40573667"><ele>817.0</ele><time>2026-07-29T10:03:48.752Z</time></trkpt><trkpt lat="46.13430333" lon="4.405715"><ele>817.0</ele><time>2026-07-29T10:03:49.751Z</time></trkpt><trkpt lat="46.13429333" lon="4.40569667"><ele>818.0</ele><time>2026-07-29T10:03:50.752Z</time></trkpt><trkpt lat="46.13428333" lon="4.40567667"><ele>818.0</ele><time>2026-07-29T10:03:51.752Z</time></trkpt><trkpt lat="46.13427833" lon="4.405655"><ele>818.0</ele><time>2026-07-29T10:03:52.751Z</time></trkpt><trkpt lat="46.13427167" lon="4.405635"><ele>818.0</ele><time>2026-07-29T10:03:53.752Z</time></trkpt><trkpt lat="46.13426667" lon="4.405615"><ele>818.0</ele><time>2026-07-29T10:03:54.751Z</time></trkpt><trkpt lat="46.13426" lon="4.405595"><ele>818.0</ele><time>2026-07-29T10:03:55.751Z</time></trkpt><trkpt lat="46.13425333" lon="4.40557167"><ele>818.0</ele><time>2026-07-29T10:03:56.752Z</time></trkpt><trkpt lat="46.134245" lon="4.40555167"><ele>818.0</ele><time>2026-07-29T10:03:57.752Z</time></trkpt><trkpt lat="46.13424" lon="4.40553"><ele>818.0</ele><time>2026-07-29T10:03:58.751Z</time></trkpt><trkpt lat="46.134235" lon="4.40551"><ele>818.0</ele><time>2026-07-29T10:03:59.751Z</time></trkpt><trkpt lat="46.13423167" lon="4.40548833"><ele>819.0</ele><time>2026-07-29T10:04:00.751Z</time></trkpt><trkpt lat="46.13422667" lon="4.40547"><ele>819.0</ele><time>2026-07-29T10:04:01.751Z</time></trkpt><trkpt lat="46.13422167" lon="4.40545167"><ele>818.0</ele><time>2026-07-29T10:04:02.752Z</time></trkpt><trkpt lat="46.13421667" lon="4.40543333"><ele>818.0</ele><time>2026-07-29T10:04:03.752Z</time></trkpt><trkpt lat="46.13421167" lon="4.40541167"><ele>819.0</ele><time>2026-07-29T10:04:04.752Z</time></trkpt><trkpt lat="46.134205" lon="4.40539"><ele>818.0</ele><time>2026-07-29T10:04:05.752Z</time></trkpt><trkpt lat="46.1342" lon="4.40537"><ele>818.0</ele><time>2026-07-29T10:04:06.752Z</time></trkpt><trkpt lat="46.13419333" lon="4.40535333"><ele>818.0</ele><time>2026-07-29T10:04:07.752Z</time></trkpt><trkpt lat="46.13418833" lon="4.40534333"><ele>818.0</ele><time>2026-07-29T10:04:08.751Z</time></trkpt><trkpt lat="46.13418667" lon="4.40533333"><ele>817.0</ele><time>2026-07-29T10:04:09.752Z</time></trkpt><trkpt lat="46.134185" lon="4.40532167"><ele>817.0</ele><time>2026-07-29T10:04:10.751Z</time></trkpt><trkpt lat="46.13418333" lon="4.40531167"><ele>817.0</ele><time>2026-07-29T10:04:11.751Z</time></trkpt><trkpt lat="46.13417833" lon="4.4053"><ele>816.0</ele><time>2026-07-29T10:04:12.751Z</time></trkpt><trkpt lat="46.134175" lon="4.405285"><ele>816.0</ele><time>2026-07-29T10:04:13.752Z</time></trkpt><trkpt lat="46.13417" lon="4.40527"><ele>815.0</ele><time>2026-07-29T10:04:14.752Z</time></trkpt><trkpt lat="46.134165" lon="4.40525333"><ele>814.0</ele><time>2026-07-29T10:04:15.751Z</time></trkpt><trkpt lat="46.13416" lon="4.40523667"><ele>814.0</ele><time>2026-07-29T10:04:16.752Z</time></trkpt><trkpt lat="46.134155" lon="4.40522"><ele>814.0</ele><time>2026-07-29T10:04:17.752Z</time></trkpt><trkpt lat="46.13415" lon="4.40520667"><ele>814.0</ele><time>2026-07-29T10:04:18.752Z</time></trkpt><trkpt lat="46.13414833" lon="4.40519"><ele>814.0</ele><time>2026-07-29T10:04:19.752Z</time></trkpt><trkpt lat="46.13414333" lon="4.40517333"><ele>814.0</ele><time>2026-07-29T10:04:20.752Z</time></trkpt><trkpt lat="46.13413667" lon="4.40515167"><ele>814.0</ele><time>2026-07-29T10:04:21.752Z</time></trkpt><trkpt lat="46.13413167" lon="4.40513167"><ele>814.0</ele><time>2026-07-29T10:04:22.751Z</time></trkpt><trkpt lat="46.13412667" lon="4.40511167"><ele>814.0</ele><time>2026-07-29T10:04:23.752Z</time></trkpt><trkpt lat="46.13412333" lon="4.40508833"><ele>814.0</ele><time>2026-07-29T10:04:24.752Z</time></trkpt><trkpt lat="46.13412" lon="4.40506833"><ele>814.0</ele><time>2026-07-29T10:04:25.752Z</time></trkpt><trkpt lat="46.13411167" lon="4.40504667"><ele>814.0</ele><time>2026-07-29T10:04:26.751Z</time></trkpt><trkpt lat="46.13410333" lon="4.40502667"><ele>815.0</ele><time>2026-07-29T10:04:27.752Z</time></trkpt><trkpt lat="46.13409333" lon="4.40500167"><ele>815.0</ele><time>2026-07-29T10:04:28.751Z</time></trkpt><trkpt lat="46.13408833" lon="4.40497667"><ele>815.0</ele><time>2026-07-29T10:04:29.751Z</time></trkpt><trkpt lat="46.13408167" lon="4.40494667"><ele>815.0</ele><time>2026-07-29T10:04:30.752Z</time></trkpt><trkpt lat="46.13407833" lon="4.40492333"><ele>816.0</ele><time>2026-07-29T10:04:31.751Z</time></trkpt><trkpt lat="46.13407333" lon="4.404905"><ele>816.0</ele><time>2026-07-29T10:04:32.751Z</time></trkpt><trkpt lat="46.13406833" lon="4.404885"><ele>816.0</ele><time>2026-07-29T10:04:33.751Z</time></trkpt><trkpt lat="46.13406833" lon="4.40486"><ele>816.0</ele><time>2026-07-29T10:04:34.752Z</time></trkpt><trkpt lat="46.13406667" lon="4.40483333"><ele>816.0</ele><time>2026-07-29T10:04:35.751Z</time></trkpt><trkpt lat="46.13405667" lon="4.40480833"><ele>816.0</ele><time>2026-07-29T10:04:36.752Z</time></trkpt><trkpt lat="46.13405167" lon="4.404785"><ele>816.0</ele><time>2026-07-29T10:04:37.751Z</time></trkpt><trkpt lat="46.13404333" lon="4.40476833"><ele>816.0</ele><time>2026-07-29T10:04:38.751Z</time></trkpt><trkpt lat="46.134035" lon="4.40475333"><ele>816.0</ele><time>2026-07-29T10:04:39.751Z</time></trkpt><trkpt lat="46.13403" lon="4.40473833"><ele>816.0</ele><time>2026-07-29T10:04:40.751Z</time></trkpt><trkpt lat="46.13402333" lon="4.40472167"><ele>816.0</ele><time>2026-07-29T10:04:41.751Z</time></trkpt><trkpt lat="46.13402" lon="4.40470833"><ele>816.0</ele><time>2026-07-29T10:04:42.751Z</time></trkpt><trkpt lat="46.134015" lon="4.404695"><ele>816.0</ele><time>2026-07-29T10:04:43.751Z</time></trkpt><trkpt lat="46.13401" lon="4.40467167"><ele>816.0</ele><time>2026-07-29T10:04:44.751Z</time></trkpt><trkpt lat="46.134005" lon="4.40465"><ele>816.0</ele><time>2026-07-29T10:04:45.752Z</time></trkpt><trkpt lat="46.13399667" lon="4.40463333"><ele>816.0</ele><time>2026-07-29T10:04:46.751Z</time></trkpt><trkpt lat="46.13399167" lon="4.404615"><ele>816.0</ele><time>2026-07-29T10:04:47.751Z</time></trkpt><trkpt lat="46.13398833" lon="4.40459667"><ele>816.0</ele><time>2026-07-29T10:04:48.752Z</time></trkpt><trkpt lat="46.13398167" lon="4.40457833"><ele>816.0</ele><time>2026-07-29T10:04:49.752Z</time></trkpt><trkpt lat="46.13397333" lon="4.40456167"><ele>816.0</ele><time>2026-07-29T10:04:50.752Z</time></trkpt><trkpt lat="46.13396667" lon="4.40454667"><ele>816.0</ele><time>2026-07-29T10:04:51.752Z</time></trkpt><trkpt lat="46.13395833" lon="4.40451667"><ele>815.0</ele><time>2026-07-29T10:04:52.751Z</time></trkpt><trkpt lat="46.13395" lon="4.40448667"><ele>815.0</ele><time>2026-07-29T10:04:53.751Z</time></trkpt><trkpt lat="46.133945" lon="4.40446"><ele>815.0</ele><time>2026-07-29T10:04:54.751Z</time></trkpt><trkpt lat="46.13393833" lon="4.40443167"><ele>814.0</ele><time>2026-07-29T10:04:55.752Z</time></trkpt><trkpt lat="46.13393667" lon="4.40441333"><ele>813.0</ele><time>2026-07-29T10:04:56.751Z</time></trkpt><trkpt lat="46.13393" lon="4.404385"><ele>813.0</ele><time>2026-07-29T10:04:57.752Z</time></trkpt><trkpt lat="46.13392333" lon="4.404365"><ele>812.0</ele><time>2026-07-29T10:04:58.751Z</time></trkpt><trkpt lat="46.13391833" lon="4.40434667"><ele>812.0</ele><time>2026-07-29T10:04:59.752Z</time></trkpt><trkpt lat="46.13391167" lon="4.404325"><ele>811.0</ele><time>2026-07-29T10:05:00.751Z</time></trkpt><trkpt lat="46.133905" lon="4.404305"><ele>811.0</ele><time>2026-07-29T10:05:01.752Z</time></trkpt><trkpt lat="46.1339" lon="4.404285"><ele>810.0</ele><time>2026-07-29T10:05:02.752Z</time></trkpt><trkpt lat="46.13389333" lon="4.40427333"><ele>809.0</ele><time>2026-07-29T10:05:03.751Z</time></trkpt><trkpt lat="46.133885" lon="4.40426"><ele>808.0</ele><time>2026-07-29T10:05:04.752Z</time></trkpt><trkpt lat="46.133875" lon="4.404235"><ele>808.0</ele><time>2026-07-29T10:05:05.751Z</time></trkpt><trkpt lat="46.13386667" lon="4.40420667"><ele>807.0</ele><time>2026-07-29T10:05:06.751Z</time></trkpt><trkpt lat="46.13386167" lon="4.40418833"><ele>806.0</ele><time>2026-07-29T10:05:07.752Z</time></trkpt><trkpt lat="46.13385333" lon="4.40417"><ele>806.0</ele><time>2026-07-29T10:05:08.751Z</time></trkpt><trkpt lat="46.13384333" lon="4.40415167"><ele>806.0</ele><time>2026-07-29T10:05:09.752Z</time></trkpt><trkpt lat="46.13383833" lon="4.404135"><ele>806.0</ele><time>2026-07-29T10:05:10.751Z</time></trkpt><trkpt lat="46.13383333" lon="4.40412"><ele>806.0</ele><time>2026-07-29T10:05:11.752Z</time></trkpt><trkpt lat="46.13382667" lon="4.40410333"><ele>806.0</ele><time>2026-07-29T10:05:12.751Z</time></trkpt><trkpt lat="46.13382167" lon="4.404085"><ele>806.0</ele><time>2026-07-29T10:05:13.751Z</time></trkpt><trkpt lat="46.13381667" lon="4.40406833"><ele>806.0</ele><time>2026-07-29T10:05:14.751Z</time></trkpt><trkpt lat="46.13381167" lon="4.40405"><ele>806.0</ele><time>2026-07-29T10:05:15.751Z</time></trkpt><trkpt lat="46.13380333" lon="4.40403333"><ele>806.0</ele><time>2026-07-29T10:05:16.752Z</time></trkpt><trkpt lat="46.13379667" lon="4.40401333"><ele>805.0</ele><time>2026-07-29T10:05:17.751Z</time></trkpt><trkpt lat="46.13379167" lon="4.40399"><ele>805.0</ele><time>2026-07-29T10:05:18.751Z</time></trkpt><trkpt lat="46.133785" lon="4.40396667"><ele>805.0</ele><time>2026-07-29T10:05:19.751Z</time></trkpt><trkpt lat="46.13377833" lon="4.40394667"><ele>804.0</ele><time>2026-07-29T10:05:20.751Z</time></trkpt><trkpt lat="46.13377167" lon="4.40393"><ele>804.0</ele><time>2026-07-29T10:05:21.751Z</time></trkpt><trkpt lat="46.13376333" lon="4.40390833"><ele>803.0</ele><time>2026-07-29T10:05:22.751Z</time></trkpt><trkpt lat="46.133755" lon="4.40388667"><ele>803.0</ele><time>2026-07-29T10:05:23.751Z</time></trkpt><trkpt lat="46.13375" lon="4.403865"><ele>803.0</ele><time>2026-07-29T10:05:24.751Z</time></trkpt><trkpt lat="46.13374333" lon="4.40384167"><ele>803.0</ele><time>2026-07-29T10:05:25.752Z</time></trkpt><trkpt lat="46.13373833" lon="4.40382167"><ele>803.0</ele><time>2026-07-29T10:05:26.752Z</time></trkpt><trkpt lat="46.13373333" lon="4.40380333"><ele>803.0</ele><time>2026-07-29T10:05:27.751Z</time></trkpt><trkpt lat="46.13372667" lon="4.40378667"><ele>803.0</ele><time>2026-07-29T10:05:28.751Z</time></trkpt><trkpt lat="46.13372" lon="4.40377167"><ele>803.0</ele><time>2026-07-29T10:05:29.751Z</time></trkpt><trkpt lat="46.133715" lon="4.40375667"><ele>803.0</ele><time>2026-07-29T10:05:30.751Z</time></trkpt><trkpt lat="46.13370833" lon="4.40374167"><ele>803.0</ele><time>2026-07-29T10:05:31.751Z</time></trkpt><trkpt lat="46.13370167" lon="4.40372667"><ele>802.0</ele><time>2026-07-29T10:05:32.752Z</time></trkpt><trkpt lat="46.13369333" lon="4.40371167"><ele>802.0</ele><time>2026-07-29T10:05:33.751Z</time></trkpt><trkpt lat="46.133685" lon="4.40369167"><ele>802.0</ele><time>2026-07-29T10:05:34.751Z</time></trkpt><trkpt lat="46.13367667" lon="4.40367333"><ele>802.0</ele><time>2026-07-29T10:05:35.751Z</time></trkpt><trkpt lat="46.13366833" lon="4.40365333"><ele>803.0</ele><time>2026-07-29T10:05:36.751Z</time></trkpt><trkpt lat="46.13366" lon="4.40363667"><ele>803.0</ele><time>2026-07-29T10:05:37.751Z</time></trkpt><trkpt lat="46.13365" lon="4.40362167"><ele>803.0</ele><time>2026-07-29T10:05:38.752Z</time></trkpt><trkpt lat="46.13363833" lon="4.40360833"><ele>803.0</ele><time>2026-07-29T10:05:39.752Z</time></trkpt><trkpt lat="46.13362667" lon="4.403595"><ele>803.0</ele><time>2026-07-29T10:05:40.752Z</time></trkpt><trkpt lat="46.13361667" lon="4.40358"><ele>802.0</ele><time>2026-07-29T10:05:41.751Z</time></trkpt><trkpt lat="46.13360667" lon="4.403565"><ele>802.0</ele><time>2026-07-29T10:05:42.752Z</time></trkpt><trkpt lat="46.13359667" lon="4.40355"><ele>801.0</ele><time>2026-07-29T10:05:43.752Z</time></trkpt><trkpt lat="46.133585" lon="4.40353333"><ele>801.0</ele><time>2026-07-29T10:05:44.752Z</time></trkpt><trkpt lat="46.133575" lon="4.403515"><ele>801.0</ele><time>2026-07-29T10:05:45.752Z</time></trkpt><trkpt lat="46.13356333" lon="4.4035"><ele>800.0</ele><time>2026-07-29T10:05:46.751Z</time></trkpt><trkpt lat="46.13355167" lon="4.40348333"><ele>800.0</ele><time>2026-07-29T10:05:47.752Z</time></trkpt><trkpt lat="46.13354" lon="4.40346833"><ele>800.0</ele><time>2026-07-29T10:05:48.751Z</time></trkpt><trkpt lat="46.13352833" lon="4.40345"><ele>799.0</ele><time>2026-07-29T10:05:49.751Z</time></trkpt><trkpt lat="46.13351667" lon="4.40343333"><ele>800.0</ele><time>2026-07-29T10:05:50.751Z</time></trkpt><trkpt lat="46.133505" lon="4.40341667"><ele>800.0</ele><time>2026-07-29T10:05:51.752Z</time></trkpt><trkpt lat="46.13349167" lon="4.40339833"><ele>800.0</ele><time>2026-07-29T10:05:52.751Z</time></trkpt><trkpt lat="46.13348167" lon="4.40338167"><ele>800.0</ele><time>2026-07-29T10:05:53.752Z</time></trkpt><trkpt lat="46.13347" lon="4.40336667"><ele>800.0</ele><time>2026-07-29T10:05:54.752Z</time></trkpt><trkpt lat="46.13345833" lon="4.40335167"><ele>800.0</ele><time>2026-07-29T10:05:55.751Z</time></trkpt><trkpt lat="46.13344833" lon="4.40333667"><ele>800.0</ele><time>2026-07-29T10:05:56.752Z</time></trkpt><trkpt lat="46.13343833" lon="4.40332167"><ele>800.0</ele><time>2026-07-29T10:05:57.751Z</time></trkpt><trkpt lat="46.13342833" lon="4.403305"><ele>800.0</ele><time>2026-07-29T10:05:58.752Z</time></trkpt><trkpt lat="46.133415" lon="4.40329167"><ele>800.0</ele><time>2026-07-29T10:05:59.751Z</time></trkpt><trkpt lat="46.13340167" lon="4.40328"><ele>800.0</ele><time>2026-07-29T10:06:00.752Z</time></trkpt><trkpt lat="46.13338833" lon="4.40326833"><ele>800.0</ele><time>2026-07-29T10:06:01.751Z</time></trkpt><trkpt lat="46.133375" lon="4.403255"><ele>800.0</ele><time>2026-07-29T10:06:02.751Z</time></trkpt><trkpt lat="46.13336" lon="4.40324"><ele>800.0</ele><time>2026-07-29T10:06:03.751Z</time></trkpt><trkpt lat="46.13334667" lon="4.40322833"><ele>800.0</ele><time>2026-07-29T10:06:04.752Z</time></trkpt><trkpt lat="46.133335" lon="4.40321833"><ele>800.0</ele><time>2026-07-29T10:06:05.751Z</time></trkpt><trkpt lat="46.13332333" lon="4.40320833"><ele>800.0</ele><time>2026-07-29T10:06:06.752Z</time></trkpt><trkpt lat="46.13331333" lon="4.4032"><ele>799.0</ele><time>2026-07-29T10:06:07.751Z</time></trkpt><trkpt lat="46.13330333" lon="4.40319167"><ele>799.0</ele><time>2026-07-29T10:06:08.751Z</time></trkpt><trkpt lat="46.13328833" lon="4.40318333"><ele>799.0</ele><time>2026-07-29T10:06:09.752Z</time></trkpt><trkpt lat="46.13327833" lon="4.403175"><ele>799.0</ele><time>2026-07-29T10:06:10.751Z</time></trkpt><trkpt lat="46.13326833" lon="4.40316833"><ele>799.0</ele><time>2026-07-29T10:06:11.752Z</time></trkpt><trkpt lat="46.13325333" lon="4.40316167"><ele>799.0</ele><time>2026-07-29T10:06:12.751Z</time></trkpt><trkpt lat="46.13324" lon="4.40315667"><ele>799.0</ele><time>2026-07-29T10:06:13.752Z</time></trkpt><trkpt lat="46.13323" lon="4.40314667"><ele>799.0</ele><time>2026-07-29T10:06:14.751Z</time></trkpt><trkpt lat="46.133215" lon="4.40314"><ele>799.0</ele><time>2026-07-29T10:06:15.752Z</time></trkpt><trkpt lat="46.13320167" lon="4.40313167"><ele>799.0</ele><time>2026-07-29T10:06:16.752Z</time></trkpt><trkpt lat="46.13318833" lon="4.403125"><ele>800.0</ele><time>2026-07-29T10:06:17.751Z</time></trkpt><trkpt lat="46.13318" lon="4.40311833"><ele>800.0</ele><time>2026-07-29T10:06:18.752Z</time></trkpt><trkpt lat="46.13316833" lon="4.40310833"><ele>800.0</ele><time>2026-07-29T10:06:19.751Z</time></trkpt><trkpt lat="46.13315667" lon="4.40309833"><ele>800.0</ele><time>2026-07-29T10:06:20.751Z</time></trkpt><trkpt lat="46.133145" lon="4.40308833"><ele>800.0</ele><time>2026-07-29T10:06:21.751Z</time></trkpt><trkpt lat="46.13313333" lon="4.40307833"><ele>800.0</ele><time>2026-07-29T10:06:22.752Z</time></trkpt><trkpt lat="46.13311833" lon="4.40306833"><ele>799.0</ele><time>2026-07-29T10:06:23.751Z</time></trkpt><trkpt lat="46.13310667" lon="4.40305833"><ele>799.0</ele><time>2026-07-29T10:06:24.752Z</time></trkpt><trkpt lat="46.13309333" lon="4.40305167"><ele>799.0</ele><time>2026-07-29T10:06:25.752Z</time></trkpt><trkpt lat="46.13307833" lon="4.403045"><ele>799.0</ele><time>2026-07-29T10:06:26.751Z</time></trkpt><trkpt lat="46.133065" lon="4.40303833"><ele>798.0</ele><time>2026-07-29T10:06:27.751Z</time></trkpt><trkpt lat="46.13305333" lon="4.40303"><ele>798.0</ele><time>2026-07-29T10:06:28.751Z</time></trkpt><trkpt lat="46.13303833" lon="4.40302167"><ele>798.0</ele><time>2026-07-29T10:06:29.752Z</time></trkpt><trkpt lat="46.133025" lon="4.40301333"><ele>798.0</ele><time>2026-07-29T10:06:30.752Z</time></trkpt><trkpt lat="46.13301333" lon="4.40300333"><ele>798.0</ele><time>2026-07-29T10:06:31.751Z</time></trkpt><trkpt lat="46.133" lon="4.402995"><ele>798.0</ele><time>2026-07-29T10:06:32.752Z</time></trkpt><trkpt lat="46.13298833" lon="4.40298167"><ele>798.0</ele><time>2026-07-29T10:06:33.751Z</time></trkpt><trkpt lat="46.13297833" lon="4.40297167"><ele>798.0</ele><time>2026-07-29T10:06:34.751Z</time></trkpt><trkpt lat="46.132965" lon="4.40296"><ele>798.0</ele><time>2026-07-29T10:06:35.751Z</time></trkpt><trkpt lat="46.13295333" lon="4.40294833"><ele>797.0</ele><time>2026-07-29T10:06:36.751Z</time></trkpt><trkpt lat="46.13294167" lon="4.40293667"><ele>797.0</ele><time>2026-07-29T10:06:37.751Z</time></trkpt><trkpt lat="46.13292833" lon="4.402925"><ele>797.0</ele><time>2026-07-29T10:06:38.751Z</time></trkpt><trkpt lat="46.132915" lon="4.402915"><ele>796.0</ele><time>2026-07-29T10:06:39.751Z</time></trkpt><trkpt lat="46.13290833" lon="4.40290333"><ele>796.0</ele><time>2026-07-29T10:06:40.751Z</time></trkpt><trkpt lat="46.13289833" lon="4.40289333"><ele>796.0</ele><time>2026-07-29T10:06:41.752Z</time></trkpt><trkpt lat="46.13288833" lon="4.402885"><ele>796.0</ele><time>2026-07-29T10:06:42.752Z</time></trkpt><trkpt lat="46.13287667" lon="4.402875"><ele>797.0</ele><time>2026-07-29T10:06:43.752Z</time></trkpt><trkpt lat="46.13286333" lon="4.40286667"><ele>797.0</ele><time>2026-07-29T10:06:44.751Z</time></trkpt><trkpt lat="46.13285167" lon="4.40285167"><ele>797.0</ele><time>2026-07-29T10:06:45.752Z</time></trkpt><trkpt lat="46.13283833" lon="4.40283333"><ele>797.0</ele><time>2026-07-29T10:06:46.751Z</time></trkpt><trkpt lat="46.13282833" lon="4.40281667"><ele>797.0</ele><time>2026-07-29T10:06:47.752Z</time></trkpt><trkpt lat="46.13282" lon="4.402805"><ele>797.0</ele><time>2026-07-29T10:06:48.752Z</time></trkpt><trkpt lat="46.13280833" lon="4.40279167"><ele>797.0</ele><time>2026-07-29T10:06:49.752Z</time></trkpt><trkpt lat="46.13279833" lon="4.40278"><ele>797.0</ele><time>2026-07-29T10:06:50.752Z</time></trkpt><trkpt lat="46.13278333" lon="4.40276667"><ele>797.0</ele><time>2026-07-29T10:06:51.751Z</time></trkpt><trkpt lat="46.13277167" lon="4.40275667"><ele>797.0</ele><time>2026-07-29T10:06:52.752Z</time></trkpt><trkpt lat="46.13276167" lon="4.40274667"><ele>797.0</ele><time>2026-07-29T10:06:53.751Z</time></trkpt><trkpt lat="46.13275167" lon="4.40273333"><ele>797.0</ele><time>2026-07-29T10:06:54.752Z</time></trkpt><trkpt lat="46.13274" lon="4.40271833"><ele>797.0</ele><time>2026-07-29T10:06:55.751Z</time></trkpt><trkpt lat="46.13272667" lon="4.402705"><ele>797.0</ele><time>2026-07-29T10:06:56.752Z</time></trkpt><trkpt lat="46.13271333" lon="4.40269333"><ele>796.0</ele><time>2026-07-29T10:06:57.751Z</time></trkpt><trkpt lat="46.1327" lon="4.40268"><ele>796.0</ele><time>2026-07-29T10:06:58.752Z</time></trkpt><trkpt lat="46.132685" lon="4.40266667"><ele>796.0</ele><time>2026-07-29T10:06:59.752Z</time></trkpt><trkpt lat="46.13267167" lon="4.402655"><ele>796.0</ele><time>2026-07-29T10:07:00.751Z</time></trkpt><trkpt lat="46.13266" lon="4.402645"><ele>796.0</ele><time>2026-07-29T10:07:01.751Z</time></trkpt><trkpt lat="46.13264833" lon="4.40263833"><ele>795.0</ele><time>2026-07-29T10:07:02.751Z</time></trkpt><trkpt lat="46.13263" lon="4.40262833"><ele>795.0</ele><time>2026-07-29T10:07:03.752Z</time></trkpt><trkpt lat="46.13261667" lon="4.40262167"><ele>795.0</ele><time>2026-07-29T10:07:04.752Z</time></trkpt><trkpt lat="46.132605" lon="4.40261333"><ele>795.0</ele><time>2026-07-29T10:07:05.752Z</time></trkpt><trkpt lat="46.13259167" lon="4.402605"><ele>795.0</ele><time>2026-07-29T10:07:06.751Z</time></trkpt><trkpt lat="46.13257833" lon="4.40259667"><ele>795.0</ele><time>2026-07-29T10:07:07.751Z</time></trkpt><trkpt lat="46.13256667" lon="4.40259"><ele>795.0</ele><time>2026-07-29T10:07:08.752Z</time></trkpt><trkpt lat="46.13255333" lon="4.402585"><ele>795.0</ele><time>2026-07-29T10:07:09.751Z</time></trkpt><trkpt lat="46.13253667" lon="4.40258"><ele>795.0</ele><time>2026-07-29T10:07:10.751Z</time></trkpt><trkpt lat="46.13252333" lon="4.40257667"><ele>795.0</ele><time>2026-07-29T10:07:11.751Z</time></trkpt><trkpt lat="46.13250833" lon="4.40257167"><ele>794.0</ele><time>2026-07-29T10:07:12.751Z</time></trkpt><trkpt lat="46.13249333" lon="4.40256833"><ele>794.0</ele><time>2026-07-29T10:07:13.751Z</time></trkpt><trkpt lat="46.13248167" lon="4.40255667"><ele>793.0</ele><time>2026-07-29T10:07:14.751Z</time></trkpt><trkpt lat="46.13247167" lon="4.40254833"><ele>793.0</ele><time>2026-07-29T10:07:15.752Z</time></trkpt><trkpt lat="46.13246" lon="4.40254333"><ele>793.0</ele><time>2026-07-29T10:07:16.752Z</time></trkpt><trkpt lat="46.13244833" lon="4.40253833"><ele>793.0</ele><time>2026-07-29T10:07:17.752Z</time></trkpt><trkpt lat="46.13243833" lon="4.40253167"><ele>792.0</ele><time>2026-07-29T10:07:18.751Z</time></trkpt><trkpt lat="46.13243" lon="4.40252667"><ele>792.0</ele><time>2026-07-29T10:07:19.752Z</time></trkpt><trkpt lat="46.13242333" lon="4.40252167"><ele>792.0</ele><time>2026-07-29T10:07:20.751Z</time></trkpt><trkpt lat="46.13241167" lon="4.402515"><ele>792.0</ele><time>2026-07-29T10:07:21.751Z</time></trkpt><trkpt lat="46.13239667" lon="4.40250833"><ele>792.0</ele><time>2026-07-29T10:07:22.751Z</time></trkpt><trkpt lat="46.13237833" lon="4.40249833"><ele>792.0</ele><time>2026-07-29T10:07:23.751Z</time></trkpt><trkpt lat="46.13236333" lon="4.40249"><ele>792.0</ele><time>2026-07-29T10:07:24.752Z</time></trkpt><trkpt lat="46.13235" lon="4.40248167"><ele>792.0</ele><time>2026-07-29T10:07:25.751Z</time></trkpt><trkpt lat="46.13233833" lon="4.402475"><ele>792.0</ele><time>2026-07-29T10:07:26.752Z</time></trkpt><trkpt lat="46.132325" lon="4.40247167"><ele>792.0</ele><time>2026-07-29T10:07:27.751Z</time></trkpt><trkpt lat="46.13231333" lon="4.40246"><ele>792.0</ele><time>2026-07-29T10:07:28.752Z</time></trkpt><trkpt lat="46.1323" lon="4.40244833"><ele>792.0</ele><time>2026-07-29T10:07:29.752Z</time></trkpt><trkpt lat="46.13228667" lon="4.402435"><ele>791.0</ele><time>2026-07-29T10:07:30.751Z</time></trkpt><trkpt lat="46.13227333" lon="4.402425"><ele>791.0</ele><time>2026-07-29T10:07:31.752Z</time></trkpt><trkpt lat="46.13226" lon="4.40241333"><ele>790.0</ele><time>2026-07-29T10:07:32.751Z</time></trkpt><trkpt lat="46.13224667" lon="4.40240333"><ele>790.0</ele><time>2026-07-29T10:07:33.752Z</time></trkpt><trkpt lat="46.13223333" lon="4.40239667"><ele>789.0</ele><time>2026-07-29T10:07:34.751Z</time></trkpt><trkpt lat="46.132215" lon="4.40238167"><ele>789.0</ele><time>2026-07-29T10:07:35.751Z</time></trkpt><trkpt lat="46.13220167" lon="4.40236833"><ele>788.0</ele><time>2026-07-29T10:07:36.752Z</time></trkpt><trkpt lat="46.13218833" lon="4.40235833"><ele>788.0</ele><time>2026-07-29T10:07:37.751Z</time></trkpt><trkpt lat="46.13217" lon="4.40234333"><ele>787.0</ele><time>2026-07-29T10:07:38.752Z</time></trkpt><trkpt lat="46.13215833" lon="4.40232667"><ele>787.0</ele><time>2026-07-29T10:07:39.751Z</time></trkpt><trkpt lat="46.132145" lon="4.40231167"><ele>787.0</ele><time>2026-07-29T10:07:40.751Z</time></trkpt><trkpt lat="46.13213167" lon="4.40229667"><ele>787.0</ele><time>2026-07-29T10:07:41.751Z</time></trkpt><trkpt lat="46.13211833" lon="4.402285"><ele>786.0</ele><time>2026-07-29T10:07:42.751Z</time></trkpt><trkpt lat="46.13210333" lon="4.40227167"><ele>786.0</ele><time>2026-07-29T10:07:43.752Z</time></trkpt><trkpt lat="46.13209" lon="4.40226167"><ele>786.0</ele><time>2026-07-29T10:07:44.751Z</time></trkpt><trkpt lat="46.13207333" lon="4.40224833"><ele>786.0</ele><time>2026-07-29T10:07:45.752Z</time></trkpt><trkpt lat="46.13206" lon="4.40223667"><ele>786.0</ele><time>2026-07-29T10:07:46.751Z</time></trkpt><trkpt lat="46.13205333" lon="4.40222667"><ele>786.0</ele><time>2026-07-29T10:07:47.752Z</time></trkpt><trkpt lat="46.13204333" lon="4.40221167"><ele>786.0</ele><time>2026-07-29T10:07:48.751Z</time></trkpt><trkpt lat="46.13203333" lon="4.40220167"><ele>786.0</ele><time>2026-07-29T10:07:49.751Z</time></trkpt><trkpt lat="46.13202167" lon="4.40219667"><ele>785.0</ele><time>2026-07-29T10:07:50.751Z</time></trkpt><trkpt lat="46.13201" lon="4.40219167"><ele>786.0</ele><time>2026-07-29T10:07:51.751Z</time></trkpt><trkpt lat="46.13199667" lon="4.40218167"><ele>786.0</ele><time>2026-07-29T10:07:52.751Z</time></trkpt><trkpt lat="46.13198167" lon="4.40217167"><ele>786.0</ele><time>2026-07-29T10:07:53.751Z</time></trkpt><trkpt lat="46.13196667" lon="4.40216333"><ele>786.0</ele><time>2026-07-29T10:07:54.751Z</time></trkpt><trkpt lat="46.13195333" lon="4.40215167"><ele>786.0</ele><time>2026-07-29T10:07:55.751Z</time></trkpt><trkpt lat="46.131945" lon="4.40213833"><ele>785.0</ele><time>2026-07-29T10:07:56.752Z</time></trkpt><trkpt lat="46.13193167" lon="4.40212667"><ele>785.0</ele><time>2026-07-29T10:07:57.752Z</time></trkpt><trkpt lat="46.13191833" lon="4.40211333"><ele>785.0</ele><time>2026-07-29T10:07:58.751Z</time></trkpt><trkpt lat="46.13190833" lon="4.40210333"><ele>785.0</ele><time>2026-07-29T10:07:59.751Z</time></trkpt><trkpt lat="46.13189833" lon="4.40209667"><ele>784.0</ele><time>2026-07-29T10:08:00.752Z</time></trkpt><trkpt lat="46.13188333" lon="4.40208833"><ele>784.0</ele><time>2026-07-29T10:08:01.751Z</time></trkpt><trkpt lat="46.13187333" lon="4.40208"><ele>784.0</ele><time>2026-07-29T10:08:02.752Z</time></trkpt><trkpt lat="46.13186167" lon="4.40207"><ele>783.0</ele><time>2026-07-29T10:08:03.752Z</time></trkpt><trkpt lat="46.13185167" lon="4.40206"><ele>783.0</ele><time>2026-07-29T10:08:04.752Z</time></trkpt><trkpt lat="46.13183833" lon="4.40205"><ele>783.0</ele><time>2026-07-29T10:08:05.752Z</time></trkpt><trkpt lat="46.13182667" lon="4.40204167"><ele>783.0</ele><time>2026-07-29T10:08:06.751Z</time></trkpt><trkpt lat="46.131815" lon="4.402035"><ele>782.0</ele><time>2026-07-29T10:08:07.752Z</time></trkpt><trkpt lat="46.13180167" lon="4.40202667"><ele>782.0</ele><time>2026-07-29T10:08:08.751Z</time></trkpt><trkpt lat="46.13179333" lon="4.40202167"><ele>781.0</ele><time>2026-07-29T10:08:09.752Z</time></trkpt><trkpt lat="46.13178" lon="4.40201"><ele>781.0</ele><time>2026-07-29T10:08:10.751Z</time></trkpt><trkpt lat="46.13176667" lon="4.402"><ele>781.0</ele><time>2026-07-29T10:08:11.752Z</time></trkpt><trkpt lat="46.13175333" lon="4.40199"><ele>781.0</ele><time>2026-07-29T10:08:12.752Z</time></trkpt><trkpt lat="46.13174167" lon="4.40197833"><ele>781.0</ele><time>2026-07-29T10:08:13.751Z</time></trkpt><trkpt lat="46.13173" lon="4.40197167"><ele>780.0</ele><time>2026-07-29T10:08:14.752Z</time></trkpt><trkpt lat="46.13172333" lon="4.40196333"><ele>780.0</ele><time>2026-07-29T10:08:15.751Z</time></trkpt><trkpt lat="46.13171167" lon="4.401955"><ele>779.0</ele><time>2026-07-29T10:08:16.752Z</time></trkpt><trkpt lat="46.13169833" lon="4.40194167"><ele>779.0</ele><time>2026-07-29T10:08:17.751Z</time></trkpt><trkpt lat="46.13168667" lon="4.40192833"><ele>779.0</ele><time>2026-07-29T10:08:18.752Z</time></trkpt><trkpt lat="46.131675" lon="4.40191833"><ele>778.0</ele><time>2026-07-29T10:08:19.752Z</time></trkpt><trkpt lat="46.13166167" lon="4.401905"><ele>778.0</ele><time>2026-07-29T10:08:20.751Z</time></trkpt><trkpt lat="46.13165" lon="4.401895"><ele>778.0</ele><time>2026-07-29T10:08:21.752Z</time></trkpt><trkpt lat="46.13163667" lon="4.40188667"><ele>777.0</ele><time>2026-07-29T10:08:22.751Z</time></trkpt><trkpt lat="46.13162667" lon="4.40187667"><ele>777.0</ele><time>2026-07-29T10:08:23.751Z</time></trkpt><trkpt lat="46.13162" lon="4.40186667"><ele>777.0</ele><time>2026-07-29T10:08:24.751Z</time></trkpt><trkpt lat="46.13160667" lon="4.40185667"><ele>776.0</ele><time>2026-07-29T10:08:25.751Z</time></trkpt><trkpt lat="46.13159667" lon="4.40185167"><ele>776.0</ele><time>2026-07-29T10:08:26.751Z</time></trkpt><trkpt lat="46.131585" lon="4.40184667"><ele>776.0</ele><time>2026-07-29T10:08:27.751Z</time></trkpt><trkpt lat="46.13157" lon="4.40183667"><ele>775.0</ele><time>2026-07-29T10:08:28.751Z</time></trkpt><trkpt lat="46.13156" lon="4.40183"><ele>775.0</ele><time>2026-07-29T10:08:29.751Z</time></trkpt><trkpt lat="46.13155" lon="4.40182333"><ele>775.0</ele><time>2026-07-29T10:08:30.751Z</time></trkpt><trkpt lat="46.13154" lon="4.40181333"><ele>775.0</ele><time>2026-07-29T10:08:31.751Z</time></trkpt><trkpt lat="46.13153167" lon="4.40180333"><ele>775.0</ele><time>2026-07-29T10:08:32.752Z</time></trkpt><trkpt lat="46.13152333" lon="4.40179"><ele>775.0</ele><time>2026-07-29T10:08:33.751Z</time></trkpt><trkpt lat="46.13151333" lon="4.40178"><ele>775.0</ele><time>2026-07-29T10:08:34.752Z</time></trkpt><trkpt lat="46.131505" lon="4.40177167"><ele>775.0</ele><time>2026-07-29T10:08:35.752Z</time></trkpt><trkpt lat="46.131495" lon="4.40176333"><ele>775.0</ele><time>2026-07-29T10:08:36.751Z</time></trkpt><trkpt lat="46.13148667" lon="4.40175667"><ele>774.0</ele><time>2026-07-29T10:08:37.752Z</time></trkpt><trkpt lat="46.131475" lon="4.40175"><ele>774.0</ele><time>2026-07-29T10:08:38.751Z</time></trkpt><trkpt lat="46.131465" lon="4.40174167"><ele>774.0</ele><time>2026-07-29T10:08:39.752Z</time></trkpt><trkpt lat="46.13145167" lon="4.40173"><ele>774.0</ele><time>2026-07-29T10:08:40.751Z</time></trkpt><trkpt lat="46.13144167" lon="4.40172167"><ele>773.0</ele><time>2026-07-29T10:08:41.752Z</time></trkpt><trkpt lat="46.131435" lon="4.40171667"><ele>773.0</ele><time>2026-07-29T10:08:42.752Z</time></trkpt><trkpt lat="46.13142333" lon="4.40171167"><ele>773.0</ele><time>2026-07-29T10:08:43.752Z</time></trkpt><trkpt lat="46.13141333" lon="4.40170667"><ele>772.0</ele><time>2026-07-29T10:08:44.752Z</time></trkpt><trkpt lat="46.13140333" lon="4.4017"><ele>772.0</ele><time>2026-07-29T10:08:45.751Z</time></trkpt><trkpt lat="46.13139167" lon="4.40169"><ele>771.0</ele><time>2026-07-29T10:08:46.752Z</time></trkpt><trkpt lat="46.13138167" lon="4.40167667"><ele>771.0</ele><time>2026-07-29T10:08:47.751Z</time></trkpt><trkpt lat="46.13137" lon="4.40166167"><ele>771.0</ele><time>2026-07-29T10:08:48.752Z</time></trkpt><trkpt lat="46.13136" lon="4.40164667"><ele>770.0</ele><time>2026-07-29T10:08:49.751Z</time></trkpt><trkpt lat="46.13135167" lon="4.401635"><ele>770.0</ele><time>2026-07-29T10:08:50.751Z</time></trkpt><trkpt lat="46.13134" lon="4.40162167"><ele>770.0</ele><time>2026-07-29T10:08:51.751Z</time></trkpt><trkpt lat="46.13132833" lon="4.40161167"><ele>770.0</ele><time>2026-07-29T10:08:52.752Z</time></trkpt><trkpt lat="46.13131667" lon="4.40160667"><ele>770.0</ele><time>2026-07-29T10:08:53.752Z</time></trkpt><trkpt lat="46.13130667" lon="4.4016"><ele>770.0</ele><time>2026-07-29T10:08:54.751Z</time></trkpt><trkpt lat="46.13129667" lon="4.40159333"><ele>770.0</ele><time>2026-07-29T10:08:55.752Z</time></trkpt><trkpt lat="46.13128667" lon="4.40158667"><ele>770.0</ele><time>2026-07-29T10:08:56.751Z</time></trkpt><trkpt lat="46.13127833" lon="4.40157667"><ele>770.0</ele><time>2026-07-29T10:08:57.752Z</time></trkpt><trkpt lat="46.13126667" lon="4.40156667"><ele>770.0</ele><time>2026-07-29T10:08:58.751Z</time></trkpt><trkpt lat="46.13125667" lon="4.40155667"><ele>770.0</ele><time>2026-07-29T10:08:59.751Z</time></trkpt><trkpt lat="46.13124667" lon="4.40154667"><ele>770.0</ele><time>2026-07-29T10:09:00.751Z</time></trkpt><trkpt lat="46.131235" lon="4.40154333"><ele>770.0</ele><time>2026-07-29T10:09:01.751Z</time></trkpt><trkpt lat="46.13122333" lon="4.40153167"><ele>770.0</ele><time>2026-07-29T10:09:02.751Z</time></trkpt><trkpt lat="46.13121" lon="4.40152333"><ele>770.0</ele><time>2026-07-29T10:09:03.751Z</time></trkpt><trkpt lat="46.1312" lon="4.401515"><ele>770.0</ele><time>2026-07-29T10:09:04.752Z</time></trkpt><trkpt lat="46.13119" lon="4.40150333"><ele>770.0</ele><time>2026-07-29T10:09:05.751Z</time></trkpt><trkpt lat="46.13117833" lon="4.401495"><ele>770.0</ele><time>2026-07-29T10:09:06.751Z</time></trkpt><trkpt lat="46.13116667" lon="4.401485"><ele>770.0</ele><time>2026-07-29T10:09:07.751Z</time></trkpt><trkpt lat="46.13115333" lon="4.40147833"><ele>770.0</ele><time>2026-07-29T10:09:08.751Z</time></trkpt><trkpt lat="46.13114333" lon="4.40147333"><ele>770.0</ele><time>2026-07-29T10:09:09.752Z</time></trkpt><trkpt lat="46.13113167" lon="4.40146667"><ele>770.0</ele><time>2026-07-29T10:09:10.751Z</time></trkpt><trkpt lat="46.13111833" lon="4.40146167"><ele>770.0</ele><time>2026-07-29T10:09:11.751Z</time></trkpt><trkpt lat="46.131105" lon="4.401455"><ele>770.0</ele><time>2026-07-29T10:09:12.752Z</time></trkpt><trkpt lat="46.13109" lon="4.401445"><ele>770.0</ele><time>2026-07-29T10:09:13.752Z</time></trkpt><trkpt lat="46.13108167" lon="4.40144"><ele>770.0</ele><time>2026-07-29T10:09:14.752Z</time></trkpt><trkpt lat="46.13106667" lon="4.40143167"><ele>769.0</ele><time>2026-07-29T10:09:15.751Z</time></trkpt><trkpt lat="46.13105167" lon="4.40142667"><ele>769.0</ele><time>2026-07-29T10:09:16.751Z</time></trkpt><trkpt lat="46.13103833" lon="4.40142167"><ele>769.0</ele><time>2026-07-29T10:09:17.751Z</time></trkpt><trkpt lat="46.13102333" lon="4.40141667"><ele>769.0</ele><time>2026-07-29T10:09:18.752Z</time></trkpt><trkpt lat="46.131015" lon="4.40141333"><ele>768.0</ele><time>2026-07-29T10:09:19.751Z</time></trkpt><trkpt lat="46.131" lon="4.40140667"><ele>768.0</ele><time>2026-07-29T10:09:20.751Z</time></trkpt><trkpt lat="46.130985" lon="4.40140167"><ele>768.0</ele><time>2026-07-29T10:09:21.751Z</time></trkpt><trkpt lat="46.13097333" lon="4.40139833"><ele>768.0</ele><time>2026-07-29T10:09:22.751Z</time></trkpt><trkpt lat="46.13096333" lon="4.40139667"><ele>768.0</ele><time>2026-07-29T10:09:23.752Z</time></trkpt><trkpt lat="46.13095167" lon="4.40139333"><ele>767.0</ele><time>2026-07-29T10:09:24.752Z</time></trkpt><trkpt lat="46.130935" lon="4.40139333"><ele>767.0</ele><time>2026-07-29T10:09:25.751Z</time></trkpt><trkpt lat="46.13092" lon="4.40139667"><ele>767.0</ele><time>2026-07-29T10:09:26.752Z</time></trkpt><trkpt lat="46.13090833" lon="4.40140167"><ele>767.0</ele><time>2026-07-29T10:09:27.751Z</time></trkpt><trkpt lat="46.13090167" lon="4.4014"><ele>767.0</ele><time>2026-07-29T10:09:28.752Z</time></trkpt><trkpt lat="46.13089" lon="4.40139833"><ele>767.0</ele><time>2026-07-29T10:09:29.751Z</time></trkpt><trkpt lat="46.130875" lon="4.40139833"><ele>767.0</ele><time>2026-07-29T10:09:30.752Z</time></trkpt><trkpt lat="46.13086333" lon="4.40139833"><ele>767.0</ele><time>2026-07-29T10:09:31.751Z</time></trkpt><trkpt lat="46.13085333" lon="4.40139833"><ele>767.0</ele><time>2026-07-29T10:09:32.751Z</time></trkpt><trkpt lat="46.13084333" lon="4.40139833"><ele>767.0</ele><time>2026-07-29T10:09:33.752Z</time></trkpt><trkpt lat="46.13083167" lon="4.40139833"><ele>767.0</ele><time>2026-07-29T10:09:34.752Z</time></trkpt><trkpt lat="46.13081833" lon="4.401395"><ele>767.0</ele><time>2026-07-29T10:09:35.751Z</time></trkpt><trkpt lat="46.13081" lon="4.40139333"><ele>766.0</ele><time>2026-07-29T10:09:36.751Z</time></trkpt><trkpt lat="46.1308" lon="4.40139167"><ele>766.0</ele><time>2026-07-29T10:09:37.751Z</time></trkpt><trkpt lat="46.13078833" lon="4.401395"><ele>766.0</ele><time>2026-07-29T10:09:38.751Z</time></trkpt><trkpt lat="46.13077833" lon="4.40140167"><ele>766.0</ele><time>2026-07-29T10:09:39.751Z</time></trkpt><trkpt lat="46.13076833" lon="4.401405"><ele>765.0</ele><time>2026-07-29T10:09:40.751Z</time></trkpt><trkpt lat="46.13075667" lon="4.401405"><ele>764.0</ele><time>2026-07-29T10:09:41.752Z</time></trkpt><trkpt lat="46.13074667" lon="4.40140833"><ele>764.0</ele><time>2026-07-29T10:09:42.752Z</time></trkpt><trkpt lat="46.13073333" lon="4.40141"><ele>763.0</ele><time>2026-07-29T10:09:43.751Z</time></trkpt><trkpt lat="46.13072167" lon="4.40141167"><ele>762.0</ele><time>2026-07-29T10:09:44.751Z</time></trkpt><trkpt lat="46.13070833" lon="4.40141167"><ele>762.0</ele><time>2026-07-29T10:09:45.752Z</time></trkpt><trkpt lat="46.13069667" lon="4.40140833"><ele>761.0</ele><time>2026-07-29T10:09:46.751Z</time></trkpt><trkpt lat="46.13068333" lon="4.40140833"><ele>761.0</ele><time>2026-07-29T10:09:47.752Z</time></trkpt><trkpt lat="46.13067" lon="4.40140833"><ele>760.0</ele><time>2026-07-29T10:09:48.751Z</time></trkpt><trkpt lat="46.13066" lon="4.40141"><ele>759.0</ele><time>2026-07-29T10:09:49.752Z</time></trkpt><trkpt lat="46.13064833" lon="4.40141333"><ele>759.0</ele><time>2026-07-29T10:09:50.751Z</time></trkpt><trkpt lat="46.13063833" lon="4.401415"><ele>758.0</ele><time>2026-07-29T10:09:51.752Z</time></trkpt><trkpt lat="46.130625" lon="4.40141667"><ele>758.0</ele><time>2026-07-29T10:09:52.752Z</time></trkpt><trkpt lat="46.13061333" lon="4.40141833"><ele>758.0</ele><time>2026-07-29T10:09:53.752Z</time></trkpt><trkpt lat="46.1306" lon="4.40142333"><ele>758.0</ele><time>2026-07-29T10:09:54.751Z</time></trkpt><trkpt lat="46.13058833" lon="4.40142167"><ele>758.0</ele><time>2026-07-29T10:09:55.752Z</time></trkpt><trkpt lat="46.13057167" lon="4.40142333"><ele>758.0</ele><time>2026-07-29T10:09:56.752Z</time></trkpt><trkpt lat="46.130555" lon="4.40142167"><ele>758.0</ele><time>2026-07-29T10:09:57.751Z</time></trkpt><trkpt lat="46.13054" lon="4.40141833"><ele>757.0</ele><time>2026-07-29T10:09:58.752Z</time></trkpt><trkpt lat="46.130525" lon="4.40141667"><ele>757.0</ele><time>2026-07-29T10:09:59.751Z</time></trkpt><trkpt lat="46.130515" lon="4.401415"><ele>756.0</ele><time>2026-07-29T10:10:00.752Z</time></trkpt><trkpt lat="46.13049833" lon="4.40141333"><ele>756.0</ele><time>2026-07-29T10:10:01.751Z</time></trkpt><trkpt lat="46.13048833" lon="4.401415"><ele>756.0</ele><time>2026-07-29T10:10:02.752Z</time></trkpt><trkpt lat="46.130475" lon="4.401415"><ele>755.0</ele><time>2026-07-29T10:10:03.752Z</time></trkpt><trkpt lat="46.13046" lon="4.40141167"><ele>755.0</ele><time>2026-07-29T10:10:04.752Z</time></trkpt><trkpt lat="46.13044667" lon="4.40141167"><ele>755.0</ele><time>2026-07-29T10:10:05.752Z</time></trkpt><trkpt lat="46.13043333" lon="4.401415"><ele>754.0</ele><time>2026-07-29T10:10:06.751Z</time></trkpt><trkpt lat="46.13042" lon="4.40141333"><ele>754.0</ele><time>2026-07-29T10:10:07.752Z</time></trkpt><trkpt lat="46.13040667" lon="4.40141667"><ele>753.0</ele><time>2026-07-29T10:10:08.752Z</time></trkpt><trkpt lat="46.13039667" lon="4.40141667"><ele>753.0</ele><time>2026-07-29T10:10:09.751Z</time></trkpt><trkpt lat="46.13038" lon="4.40141333"><ele>753.0</ele><time>2026-07-29T10:10:10.752Z</time></trkpt><trkpt lat="46.13036833" lon="4.40141167"><ele>752.0</ele><time>2026-07-29T10:10:11.751Z</time></trkpt><trkpt lat="46.13035833" lon="4.40140833"><ele>752.0</ele><time>2026-07-29T10:10:12.751Z</time></trkpt><trkpt lat="46.13034167" lon="4.40140333"><ele>751.0</ele><time>2026-07-29T10:10:13.751Z</time></trkpt><trkpt lat="46.13032667" lon="4.40140167"><ele>751.0</ele><time>2026-07-29T10:10:14.752Z</time></trkpt><trkpt lat="46.13031667" lon="4.40140333"><ele>750.0</ele><time>2026-07-29T10:10:15.751Z</time></trkpt><trkpt lat="46.13030333" lon="4.40140167"><ele>750.0</ele><time>2026-07-29T10:10:16.751Z</time></trkpt><trkpt lat="46.13029" lon="4.40140167"><ele>750.0</ele><time>2026-07-29T10:10:17.752Z</time></trkpt><trkpt lat="46.13027667" lon="4.40140167"><ele>749.0</ele><time>2026-07-29T10:10:18.751Z</time></trkpt><trkpt lat="46.13026" lon="4.4014"><ele>749.0</ele><time>2026-07-29T10:10:19.752Z</time></trkpt><trkpt lat="46.130245" lon="4.40139667"><ele>748.0</ele><time>2026-07-29T10:10:20.752Z</time></trkpt><trkpt lat="46.130235" lon="4.40139333"><ele>748.0</ele><time>2026-07-29T10:10:21.751Z</time></trkpt><trkpt lat="46.13022833" lon="4.40139"><ele>747.0</ele><time>2026-07-29T10:10:22.752Z</time></trkpt><trkpt lat="46.13021833" lon="4.40138667"><ele>747.0</ele><time>2026-07-29T10:10:23.751Z</time></trkpt><trkpt lat="46.13020667" lon="4.40138333"><ele>747.0</ele><time>2026-07-29T10:10:24.751Z</time></trkpt><trkpt lat="46.13019167" lon="4.40138167"><ele>747.0</ele><time>2026-07-29T10:10:25.751Z</time></trkpt><trkpt lat="46.13018" lon="4.40138"><ele>747.0</ele><time>2026-07-29T10:10:26.751Z</time></trkpt><trkpt lat="46.13016667" lon="4.40138"><ele>747.0</ele><time>2026-07-29T10:10:27.751Z</time></trkpt><trkpt lat="46.13015167" lon="4.40137833"><ele>746.0</ele><time>2026-07-29T10:10:28.752Z</time></trkpt><trkpt lat="46.13013833" lon="4.40137667"><ele>746.0</ele><time>2026-07-29T10:10:29.752Z</time></trkpt><trkpt lat="46.13012667" lon="4.40137667"><ele>745.0</ele><time>2026-07-29T10:10:30.752Z</time></trkpt><trkpt lat="46.13011333" lon="4.40137667"><ele>744.0</ele><time>2026-07-29T10:10:31.751Z</time></trkpt><trkpt lat="46.13010333" lon="4.40138"><ele>744.0</ele><time>2026-07-29T10:10:32.751Z</time></trkpt><trkpt lat="46.13009167" lon="4.40138167"><ele>743.0</ele><time>2026-07-29T10:10:33.752Z</time></trkpt><trkpt lat="46.13008" lon="4.40138"><ele>742.0</ele><time>2026-07-29T10:10:34.752Z</time></trkpt><trkpt lat="46.13007167" lon="4.40138167"><ele>742.0</ele><time>2026-07-29T10:10:35.751Z</time></trkpt><trkpt lat="46.13006" lon="4.40138333"><ele>741.0</ele><time>2026-07-29T10:10:36.752Z</time></trkpt><trkpt lat="46.13005" lon="4.40138667"><ele>741.0</ele><time>2026-07-29T10:10:37.751Z</time></trkpt><trkpt lat="46.13003833" lon="4.40138667"><ele>741.0</ele><time>2026-07-29T10:10:38.751Z</time></trkpt><trkpt lat="46.13002333" lon="4.40138667"><ele>741.0</ele><time>2026-07-29T10:10:39.752Z</time></trkpt><trkpt lat="46.13001" lon="4.401385"><ele>740.0</ele><time>2026-07-29T10:10:40.751Z</time></trkpt><trkpt lat="46.129995" lon="4.40138167"><ele>740.0</ele><time>2026-07-29T10:10:41.752Z</time></trkpt><trkpt lat="46.12997833" lon="4.40137833"><ele>740.0</ele><time>2026-07-29T10:10:42.751Z</time></trkpt><trkpt lat="46.12996333" lon="4.401375"><ele>740.0</ele><time>2026-07-29T10:10:43.752Z</time></trkpt><trkpt lat="46.12995" lon="4.40137167"><ele>740.0</ele><time>2026-07-29T10:10:44.752Z</time></trkpt><trkpt lat="46.12994167" lon="4.40137333"><ele>740.0</ele><time>2026-07-29T10:10:45.751Z</time></trkpt><trkpt lat="46.12992667" lon="4.40137667"><ele>740.0</ele><time>2026-07-29T10:10:46.752Z</time></trkpt><trkpt lat="46.12990833" lon="4.40137667"><ele>740.0</ele><time>2026-07-29T10:10:47.751Z</time></trkpt><trkpt lat="46.12989" lon="4.40137333"><ele>740.0</ele><time>2026-07-29T10:10:48.752Z</time></trkpt><trkpt lat="46.129875" lon="4.40137"><ele>740.0</ele><time>2026-07-29T10:10:49.752Z</time></trkpt><trkpt lat="46.12986333" lon="4.40137"><ele>741.0</ele><time>2026-07-29T10:10:50.751Z</time></trkpt><trkpt lat="46.12984833" lon="4.40137333"><ele>741.0</ele><time>2026-07-29T10:10:51.752Z</time></trkpt><trkpt lat="46.12983667" lon="4.40136833"><ele>740.0</ele><time>2026-07-29T10:10:52.751Z</time></trkpt><trkpt lat="46.12982167" lon="4.40136167"><ele>740.0</ele><time>2026-07-29T10:10:53.751Z</time></trkpt><trkpt lat="46.12981167" lon="4.40135667"><ele>740.0</ele><time>2026-07-29T10:10:54.752Z</time></trkpt><trkpt lat="46.12980167" lon="4.40135167"><ele>739.0</ele><time>2026-07-29T10:10:55.751Z</time></trkpt><trkpt lat="46.12978667" lon="4.40134833"><ele>739.0</ele><time>2026-07-29T10:10:56.751Z</time></trkpt><trkpt lat="46.12977167" lon="4.40134333"><ele>739.0</ele><time>2026-07-29T10:10:57.752Z</time></trkpt><trkpt lat="46.12975167" lon="4.40134"><ele>739.0</ele><time>2026-07-29T10:10:58.751Z</time></trkpt><trkpt lat="46.12973667" lon="4.40134167"><ele>739.0</ele><time>2026-07-29T10:10:59.751Z</time></trkpt><trkpt lat="46.12972167" lon="4.40133833"><ele>740.0</ele><time>2026-07-29T10:11:00.751Z</time></trkpt><trkpt lat="46.12970833" lon="4.40133667"><ele>740.0</ele><time>2026-07-29T10:11:01.752Z</time></trkpt><trkpt lat="46.129685" lon="4.40132167"><ele>740.0</ele><time>2026-07-29T10:11:02.751Z</time></trkpt><trkpt lat="46.12966833" lon="4.401315"><ele>740.0</ele><time>2026-07-29T10:11:03.751Z</time></trkpt><trkpt lat="46.12965333" lon="4.40130833"><ele>739.0</ele><time>2026-07-29T10:11:04.751Z</time></trkpt><trkpt lat="46.12963667" lon="4.40130333"><ele>739.0</ele><time>2026-07-29T10:11:05.752Z</time></trkpt><trkpt lat="46.12962" lon="4.4013"><ele>739.0</ele><time>2026-07-29T10:11:06.751Z</time></trkpt><trkpt lat="46.12960333" lon="4.40129167"><ele>739.0</ele><time>2026-07-29T10:11:07.751Z</time></trkpt><trkpt lat="46.12959" lon="4.40127833"><ele>739.0</ele><time>2026-07-29T10:11:08.751Z</time></trkpt><trkpt lat="46.12958333" lon="4.40127333"><ele>738.0</ele><time>2026-07-29T10:11:09.752Z</time></trkpt><trkpt lat="46.12957167" lon="4.40126833"><ele>738.0</ele><time>2026-07-29T10:11:10.751Z</time></trkpt><trkpt lat="46.12956" lon="4.40126167"><ele>738.0</ele><time>2026-07-29T10:11:11.751Z</time></trkpt><trkpt lat="46.12954833" lon="4.40125833"><ele>738.0</ele><time>2026-07-29T10:11:12.752Z</time></trkpt><trkpt lat="46.12953667" lon="4.401255"><ele>737.0</ele><time>2026-07-29T10:11:13.751Z</time></trkpt><trkpt lat="46.12952667" lon="4.401255"><ele>737.0</ele><time>2026-07-29T10:11:14.751Z</time></trkpt><trkpt lat="46.12951167" lon="4.40125"><ele>737.0</ele><time>2026-07-29T10:11:15.751Z</time></trkpt><trkpt lat="46.12950167" lon="4.40124833"><ele>737.0</ele><time>2026-07-29T10:11:16.752Z</time></trkpt><trkpt lat="46.12948667" lon="4.40124667"><ele>737.0</ele><time>2026-07-29T10:11:17.751Z</time></trkpt><trkpt lat="46.12947333" lon="4.40124333"><ele>737.0</ele><time>2026-07-29T10:11:18.751Z</time></trkpt><trkpt lat="46.12945833" lon="4.40123833"><ele>736.0</ele><time>2026-07-29T10:11:19.751Z</time></trkpt><trkpt lat="46.129445" lon="4.401235"><ele>736.0</ele><time>2026-07-29T10:11:20.751Z</time></trkpt><trkpt lat="46.12943333" lon="4.40123167"><ele>735.0</ele><time>2026-07-29T10:11:21.751Z</time></trkpt><trkpt lat="46.12942167" lon="4.40122833"><ele>735.0</ele><time>2026-07-29T10:11:22.751Z</time></trkpt><trkpt lat="46.12941333" lon="4.401225"><ele>734.0</ele><time>2026-07-29T10:11:23.752Z</time></trkpt><trkpt lat="46.12939833" lon="4.401225"><ele>734.0</ele><time>2026-07-29T10:11:24.751Z</time></trkpt><trkpt lat="46.12938333" lon="4.401225"><ele>734.0</ele><time>2026-07-29T10:11:25.751Z</time></trkpt><trkpt lat="46.12937333" lon="4.401225"><ele>734.0</ele><time>2026-07-29T10:11:26.751Z</time></trkpt><trkpt lat="46.12936167" lon="4.40122167"><ele>733.0</ele><time>2026-07-29T10:11:27.752Z</time></trkpt><trkpt lat="46.129345" lon="4.40121333"><ele>733.0</ele><time>2026-07-29T10:11:28.752Z</time></trkpt><trkpt lat="46.12933667" lon="4.40121167"><ele>733.0</ele><time>2026-07-29T10:11:29.752Z</time></trkpt><trkpt lat="46.12932167" lon="4.40120833"><ele>732.0</ele><time>2026-07-29T10:11:30.751Z</time></trkpt><trkpt lat="46.12930833" lon="4.40120667"><ele>732.0</ele><time>2026-07-29T10:11:31.751Z</time></trkpt><trkpt lat="46.12929833" lon="4.401205"><ele>731.0</ele><time>2026-07-29T10:11:32.751Z</time></trkpt><trkpt lat="46.12928667" lon="4.40120333"><ele>731.0</ele><time>2026-07-29T10:11:33.751Z</time></trkpt><trkpt lat="46.12927167" lon="4.40120333"><ele>730.0</ele><time>2026-07-29T10:11:34.752Z</time></trkpt><trkpt lat="46.12925833" lon="4.40120167"><ele>730.0</ele><time>2026-07-29T10:11:35.751Z</time></trkpt><trkpt lat="46.12924667" lon="4.4012"><ele>729.0</ele><time>2026-07-29T10:11:36.752Z</time></trkpt><trkpt lat="46.129235" lon="4.40119667"><ele>729.0</ele><time>2026-07-29T10:11:37.751Z</time></trkpt><trkpt lat="46.12922167" lon="4.40119333"><ele>729.0</ele><time>2026-07-29T10:11:38.752Z</time></trkpt><trkpt lat="46.12921" lon="4.40118833"><ele>729.0</ele><time>2026-07-29T10:11:39.752Z</time></trkpt><trkpt lat="46.12919833" lon="4.401185"><ele>728.0</ele><time>2026-07-29T10:11:40.751Z</time></trkpt><trkpt lat="46.12918833" lon="4.40118333"><ele>728.0</ele><time>2026-07-29T10:11:41.751Z</time></trkpt><trkpt lat="46.12917667" lon="4.40118"><ele>728.0</ele><time>2026-07-29T10:11:42.752Z</time></trkpt><trkpt lat="46.12916333" lon="4.401175"><ele>727.0</ele><time>2026-07-29T10:11:43.752Z</time></trkpt><trkpt lat="46.12915333" lon="4.40117333"><ele>727.0</ele><time>2026-07-29T10:11:44.751Z</time></trkpt><trkpt lat="46.12914" lon="4.40117167"><ele>727.0</ele><time>2026-07-29T10:11:45.751Z</time></trkpt><trkpt lat="46.129125" lon="4.40116833"><ele>727.0</ele><time>2026-07-29T10:11:46.752Z</time></trkpt><trkpt lat="46.12911167" lon="4.401165"><ele>726.0</ele><time>2026-07-29T10:11:47.751Z</time></trkpt><trkpt lat="46.12910167" lon="4.40115833"><ele>727.0</ele><time>2026-07-29T10:11:48.751Z</time></trkpt><trkpt lat="46.12909" lon="4.40115167"><ele>727.0</ele><time>2026-07-29T10:11:49.751Z</time></trkpt><trkpt lat="46.12908" lon="4.401145"><ele>727.0</ele><time>2026-07-29T10:11:50.751Z</time></trkpt><trkpt lat="46.12906833" lon="4.40114"><ele>727.0</ele><time>2026-07-29T10:11:51.752Z</time></trkpt><trkpt lat="46.129055" lon="4.401135"><ele>727.0</ele><time>2026-07-29T10:11:52.751Z</time></trkpt><trkpt lat="46.12904167" lon="4.40113"><ele>727.0</ele><time>2026-07-29T10:11:53.751Z</time></trkpt><trkpt lat="46.12903" lon="4.40112667"><ele>727.0</ele><time>2026-07-29T10:11:54.752Z</time></trkpt><trkpt lat="46.12901833" lon="4.40112333"><ele>727.0</ele><time>2026-07-29T10:11:55.752Z</time></trkpt><trkpt lat="46.12901" lon="4.40111667"><ele>726.0</ele><time>2026-07-29T10:11:56.751Z</time></trkpt><trkpt lat="46.12899833" lon="4.40110833"><ele>726.0</ele><time>2026-07-29T10:11:57.751Z</time></trkpt><trkpt lat="46.128985" lon="4.40110333"><ele>726.0</ele><time>2026-07-29T10:11:58.751Z</time></trkpt><trkpt lat="46.12897" lon="4.40109667"><ele>726.0</ele><time>2026-07-29T10:11:59.751Z</time></trkpt><trkpt lat="46.12896167" lon="4.40109"><ele>727.0</ele><time>2026-07-29T10:12:00.751Z</time></trkpt><trkpt lat="46.12895" lon="4.401085"><ele>727.0</ele><time>2026-07-29T10:12:01.752Z</time></trkpt><trkpt lat="46.12893333" lon="4.40108"><ele>727.0</ele><time>2026-07-29T10:12:02.752Z</time></trkpt><trkpt lat="46.12892167" lon="4.401075"><ele>727.0</ele><time>2026-07-29T10:12:03.751Z</time></trkpt><trkpt lat="46.12890833" lon="4.40106667"><ele>727.0</ele><time>2026-07-29T10:12:04.752Z</time></trkpt><trkpt lat="46.128895" lon="4.40105833"><ele>727.0</ele><time>2026-07-29T10:12:05.752Z</time></trkpt><trkpt lat="46.12888167" lon="4.40105167"><ele>727.0</ele><time>2026-07-29T10:12:06.752Z</time></trkpt><trkpt lat="46.12887" lon="4.40105"><ele>726.0</ele><time>2026-07-29T10:12:07.752Z</time></trkpt><trkpt lat="46.128855" lon="4.40104333"><ele>726.0</ele><time>2026-07-29T10:12:08.751Z</time></trkpt><trkpt lat="46.12884667" lon="4.401035"><ele>726.0</ele><time>2026-07-29T10:12:09.752Z</time></trkpt><trkpt lat="46.128835" lon="4.40102667"><ele>726.0</ele><time>2026-07-29T10:12:10.751Z</time></trkpt><trkpt lat="46.12882333" lon="4.40102167"><ele>726.0</ele><time>2026-07-29T10:12:11.751Z</time></trkpt><trkpt lat="46.12881" lon="4.40101833"><ele>726.0</ele><time>2026-07-29T10:12:12.751Z</time></trkpt><trkpt lat="46.12879667" lon="4.40101833"><ele>725.0</ele><time>2026-07-29T10:12:13.751Z</time></trkpt><trkpt lat="46.12878167" lon="4.40101667"><ele>725.0</ele><time>2026-07-29T10:12:14.751Z</time></trkpt><trkpt lat="46.12877" lon="4.40101333"><ele>725.0</ele><time>2026-07-29T10:12:15.752Z</time></trkpt><trkpt lat="46.12875667" lon="4.40101"><ele>725.0</ele><time>2026-07-29T10:12:16.752Z</time></trkpt><trkpt lat="46.12874167" lon="4.401005"><ele>724.0</ele><time>2026-07-29T10:12:17.751Z</time></trkpt><trkpt lat="46.12872833" lon="4.401"><ele>724.0</ele><time>2026-07-29T10:12:18.752Z</time></trkpt><trkpt lat="46.12871667" lon="4.401"><ele>724.0</ele><time>2026-07-29T10:12:19.752Z</time></trkpt><trkpt lat="46.12870167" lon="4.400995"><ele>723.0</ele><time>2026-07-29T10:12:20.751Z</time></trkpt><trkpt lat="46.12868833" lon="4.40099167"><ele>723.0</ele><time>2026-07-29T10:12:21.751Z</time></trkpt><trkpt lat="46.12867667" lon="4.40098833"><ele>723.0</ele><time>2026-07-29T10:12:22.752Z</time></trkpt><trkpt lat="46.128665" lon="4.40098"><ele>723.0</ele><time>2026-07-29T10:12:23.752Z</time></trkpt><trkpt lat="46.12864833" lon="4.400965"><ele>723.0</ele><time>2026-07-29T10:12:24.751Z</time></trkpt><trkpt lat="46.12863667" lon="4.40094833"><ele>722.0</ele><time>2026-07-29T10:12:25.751Z</time></trkpt><trkpt lat="46.12862333" lon="4.40094"><ele>722.0</ele><time>2026-07-29T10:12:26.751Z</time></trkpt><trkpt lat="46.12861" lon="4.40093167"><ele>722.0</ele><time>2026-07-29T10:12:27.751Z</time></trkpt><trkpt lat="46.12859833" lon="4.40092333"><ele>722.0</ele><time>2026-07-29T10:12:28.751Z</time></trkpt><trkpt lat="46.12858333" lon="4.40091333"><ele>723.0</ele><time>2026-07-29T10:12:29.751Z</time></trkpt><trkpt lat="46.12857167" lon="4.40090667"><ele>723.0</ele><time>2026-07-29T10:12:30.751Z</time></trkpt><trkpt lat="46.12855833" lon="4.40090333"><ele>723.0</ele><time>2026-07-29T10:12:31.751Z</time></trkpt><trkpt lat="46.12854333" lon="4.40089333"><ele>723.0</ele><time>2026-07-29T10:12:32.751Z</time></trkpt><trkpt lat="46.12853667" lon="4.400885"><ele>723.0</ele><time>2026-07-29T10:12:33.752Z</time></trkpt><trkpt lat="46.12852167" lon="4.40087667"><ele>723.0</ele><time>2026-07-29T10:12:34.752Z</time></trkpt><trkpt lat="46.12851167" lon="4.40087333"><ele>723.0</ele><time>2026-07-29T10:12:35.752Z</time></trkpt><trkpt lat="46.12850167" lon="4.40087167"><ele>723.0</ele><time>2026-07-29T10:12:36.752Z</time></trkpt><trkpt lat="46.12849333" lon="4.40086667"><ele>723.0</ele><time>2026-07-29T10:12:37.752Z</time></trkpt><trkpt lat="46.12848" lon="4.40085833"><ele>723.0</ele><time>2026-07-29T10:12:38.752Z</time></trkpt><trkpt lat="46.128465" lon="4.40085333"><ele>723.0</ele><time>2026-07-29T10:12:39.751Z</time></trkpt><trkpt lat="46.12845167" lon="4.40085167"><ele>723.0</ele><time>2026-07-29T10:12:40.751Z</time></trkpt><trkpt lat="46.12843667" lon="4.40085333"><ele>723.0</ele><time>2026-07-29T10:12:41.752Z</time></trkpt><trkpt lat="46.12842667" lon="4.40085667"><ele>723.0</ele><time>2026-07-29T10:12:42.752Z</time></trkpt><trkpt lat="46.12841" lon="4.40085667"><ele>722.0</ele><time>2026-07-29T10:12:43.751Z</time></trkpt><trkpt lat="46.12839667" lon="4.40086167"><ele>722.0</ele><time>2026-07-29T10:12:44.751Z</time></trkpt><trkpt lat="46.12838333" lon="4.40087"><ele>722.0</ele><time>2026-07-29T10:12:45.752Z</time></trkpt><trkpt lat="46.12837" lon="4.40087167"><ele>722.0</ele><time>2026-07-29T10:12:46.752Z</time></trkpt><trkpt lat="46.12835833" lon="4.40087167"><ele>722.0</ele><time>2026-07-29T10:12:47.752Z</time></trkpt><trkpt lat="46.128345" lon="4.40086667"><ele>721.0</ele><time>2026-07-29T10:12:48.751Z</time></trkpt><trkpt lat="46.12833333" lon="4.40086333"><ele>721.0</ele><time>2026-07-29T10:12:49.752Z</time></trkpt><trkpt lat="46.128325" lon="4.40085833"><ele>721.0</ele><time>2026-07-29T10:12:50.751Z</time></trkpt><trkpt lat="46.12831667" lon="4.40085"><ele>720.0</ele><time>2026-07-29T10:12:51.751Z</time></trkpt><trkpt lat="46.12830833" lon="4.40084333"><ele>719.0</ele><time>2026-07-29T10:12:52.752Z</time></trkpt><trkpt lat="46.12829333" lon="4.40083167"><ele>718.0</ele><time>2026-07-29T10:12:53.751Z</time></trkpt><trkpt lat="46.12828" lon="4.40082167"><ele>718.0</ele><time>2026-07-29T10:12:54.752Z</time></trkpt><trkpt lat="46.12826833" lon="4.400815"><ele>718.0</ele><time>2026-07-29T10:12:55.752Z</time></trkpt><trkpt lat="46.12825167" lon="4.400805"><ele>718.0</ele><time>2026-07-29T10:12:56.751Z</time></trkpt><trkpt lat="46.12824167" lon="4.400795"><ele>717.0</ele><time>2026-07-29T10:12:57.751Z</time></trkpt><trkpt lat="46.12822833" lon="4.40078167"><ele>717.0</ele><time>2026-07-29T10:12:58.752Z</time></trkpt><trkpt lat="46.12821833" lon="4.40076333"><ele>717.0</ele><time>2026-07-29T10:12:59.752Z</time></trkpt><trkpt lat="46.12821667" lon="4.40074667"><ele>717.0</ele><time>2026-07-29T10:13:00.751Z</time></trkpt><trkpt lat="46.12821333" lon="4.400725"><ele>717.0</ele><time>2026-07-29T10:13:01.751Z</time></trkpt><trkpt lat="46.12821167" lon="4.40069833"><ele>716.0</ele><time>2026-07-29T10:13:02.752Z</time></trkpt><trkpt lat="46.12821167" lon="4.400675"><ele>716.0</ele><time>2026-07-29T10:13:03.752Z</time></trkpt><trkpt lat="46.128215" lon="4.40065667"><ele>716.0</ele><time>2026-07-29T10:13:04.752Z</time></trkpt><trkpt lat="46.12822" lon="4.400635"><ele>715.0</ele><time>2026-07-29T10:13:05.751Z</time></trkpt><trkpt lat="46.12822667" lon="4.40061"><ele>715.0</ele><time>2026-07-29T10:13:06.752Z</time></trkpt><trkpt lat="46.12823833" lon="4.40059167"><ele>715.0</ele><time>2026-07-29T10:13:07.752Z</time></trkpt><trkpt lat="46.12824833" lon="4.40057667"><ele>715.0</ele><time>2026-07-29T10:13:08.752Z</time></trkpt><trkpt lat="46.12825833" lon="4.40055667"><ele>715.0</ele><time>2026-07-29T10:13:09.751Z</time></trkpt><trkpt lat="46.12826833" lon="4.40053667"><ele>715.0</ele><time>2026-07-29T10:13:10.751Z</time></trkpt><trkpt lat="46.12827833" lon="4.40052"><ele>715.0</ele><time>2026-07-29T10:13:11.751Z</time></trkpt><trkpt lat="46.12829167" lon="4.4005"><ele>714.0</ele><time>2026-07-29T10:13:12.752Z</time></trkpt><trkpt lat="46.1283" lon="4.400485"><ele>714.0</ele><time>2026-07-29T10:13:13.752Z</time></trkpt><trkpt lat="46.12831333" lon="4.40047167"><ele>714.0</ele><time>2026-07-29T10:13:14.751Z</time></trkpt><trkpt lat="46.12832667" lon="4.400455"><ele>714.0</ele><time>2026-07-29T10:13:15.751Z</time></trkpt><trkpt lat="46.12834167" lon="4.40044333"><ele>715.0</ele><time>2026-07-29T10:13:16.752Z</time></trkpt><trkpt lat="46.12834833" lon="4.400425"><ele>715.0</ele><time>2026-07-29T10:13:17.751Z</time></trkpt><trkpt lat="46.12835667" lon="4.40041167"><ele>714.0</ele><time>2026-07-29T10:13:18.751Z</time></trkpt><trkpt lat="46.12836667" lon="4.400395"><ele>714.0</ele><time>2026-07-29T10:13:19.752Z</time></trkpt><trkpt lat="46.12837833" lon="4.40038333"><ele>714.0</ele><time>2026-07-29T10:13:20.752Z</time></trkpt><trkpt lat="46.12839167" lon="4.40037"><ele>715.0</ele><time>2026-07-29T10:13:21.752Z</time></trkpt><trkpt lat="46.128405" lon="4.40035"><ele>715.0</ele><time>2026-07-29T10:13:22.751Z</time></trkpt><trkpt lat="46.12841333" lon="4.400335"><ele>715.0</ele><time>2026-07-29T10:13:23.752Z</time></trkpt><trkpt lat="46.128425" lon="4.40031333"><ele>715.0</ele><time>2026-07-29T10:13:24.752Z</time></trkpt><trkpt lat="46.128435" lon="4.40029333"><ele>715.0</ele><time>2026-07-29T10:13:25.751Z</time></trkpt><trkpt lat="46.128445" lon="4.40027333"><ele>715.0</ele><time>2026-07-29T10:13:26.751Z</time></trkpt><trkpt lat="46.12845667" lon="4.40025667"><ele>715.0</ele><time>2026-07-29T10:13:27.751Z</time></trkpt><trkpt lat="46.12846667" lon="4.40024333"><ele>715.0</ele><time>2026-07-29T10:13:28.751Z</time></trkpt><trkpt lat="46.12847667" lon="4.40022167"><ele>715.0</ele><time>2026-07-29T10:13:29.751Z</time></trkpt><trkpt lat="46.128485" lon="4.40020667"><ele>715.0</ele><time>2026-07-29T10:13:30.751Z</time></trkpt><trkpt lat="46.12849167" lon="4.40019167"><ele>716.0</ele><time>2026-07-29T10:13:31.752Z</time></trkpt><trkpt lat="46.12849833" lon="4.40018167"><ele>715.0</ele><time>2026-07-29T10:13:32.752Z</time></trkpt><trkpt lat="46.12850833" lon="4.40016833"><ele>715.0</ele><time>2026-07-29T10:13:33.752Z</time></trkpt><trkpt lat="46.12851833" lon="4.40015667"><ele>715.0</ele><time>2026-07-29T10:13:34.752Z</time></trkpt><trkpt lat="46.12852667" lon="4.40013667"><ele>715.0</ele><time>2026-07-29T10:13:35.751Z</time></trkpt><trkpt lat="46.12853333" lon="4.40011833"><ele>714.0</ele><time>2026-07-29T10:13:36.751Z</time></trkpt><trkpt lat="46.12854167" lon="4.40010667"><ele>715.0</ele><time>2026-07-29T10:13:37.752Z</time></trkpt><trkpt lat="46.12855" lon="4.40009667"><ele>714.0</ele><time>2026-07-29T10:13:38.752Z</time></trkpt><trkpt lat="46.12856" lon="4.40008"><ele>714.0</ele><time>2026-07-29T10:13:39.751Z</time></trkpt><trkpt lat="46.12857" lon="4.400065"><ele>714.0</ele><time>2026-07-29T10:13:40.751Z</time></trkpt><trkpt lat="46.12857667" lon="4.40005167"><ele>715.0</ele><time>2026-07-29T10:13:41.751Z</time></trkpt><trkpt lat="46.128585" lon="4.40003833"><ele>715.0</ele><time>2026-07-29T10:13:42.751Z</time></trkpt><trkpt lat="46.128595" lon="4.40002"><ele>715.0</ele><time>2026-07-29T10:13:43.751Z</time></trkpt><trkpt lat="46.12860333" lon="4.400005"><ele>715.0</ele><time>2026-07-29T10:13:44.751Z</time></trkpt><trkpt lat="46.12861167" lon="4.39999333"><ele>715.0</ele><time>2026-07-29T10:13:45.752Z</time></trkpt><trkpt lat="46.12862" lon="4.39998"><ele>715.0</ele><time>2026-07-29T10:13:46.752Z</time></trkpt><trkpt lat="46.12862667" lon="4.39996333"><ele>715.0</ele><time>2026-07-29T10:13:47.751Z</time></trkpt><trkpt lat="46.12863667" lon="4.39995"><ele>715.0</ele><time>2026-07-29T10:13:48.751Z</time></trkpt><trkpt lat="46.12865" lon="4.39993167"><ele>715.0</ele><time>2026-07-29T10:13:49.752Z</time></trkpt><trkpt lat="46.12865833" lon="4.39991833"><ele>715.0</ele><time>2026-07-29T10:13:50.751Z</time></trkpt><trkpt lat="46.12866667" lon="4.39990167"><ele>715.0</ele><time>2026-07-29T10:13:51.751Z</time></trkpt><trkpt lat="46.12867833" lon="4.39988833"><ele>715.0</ele><time>2026-07-29T10:13:52.752Z</time></trkpt><trkpt lat="46.128685" lon="4.39986833"><ele>715.0</ele><time>2026-07-29T10:13:53.751Z</time></trkpt><trkpt lat="46.12869167" lon="4.39985333"><ele>715.0</ele><time>2026-07-29T10:13:54.752Z</time></trkpt><trkpt lat="46.1287" lon="4.399835"><ele>715.0</ele><time>2026-07-29T10:13:55.752Z</time></trkpt><trkpt lat="46.12870833" lon="4.39981667"><ele>715.0</ele><time>2026-07-29T10:13:56.752Z</time></trkpt><trkpt lat="46.12871667" lon="4.39979667"><ele>715.0</ele><time>2026-07-29T10:13:57.751Z</time></trkpt><trkpt lat="46.128725" lon="4.39978"><ele>715.0</ele><time>2026-07-29T10:13:58.752Z</time></trkpt><trkpt lat="46.128735" lon="4.39976333"><ele>715.0</ele><time>2026-07-29T10:13:59.752Z</time></trkpt><trkpt lat="46.12874333" lon="4.39974333"><ele>715.0</ele><time>2026-07-29T10:14:00.751Z</time></trkpt><trkpt lat="46.12875167" lon="4.39972333"><ele>715.0</ele><time>2026-07-29T10:14:01.751Z</time></trkpt><trkpt lat="46.12875833" lon="4.39970167"><ele>716.0</ele><time>2026-07-29T10:14:02.751Z</time></trkpt><trkpt lat="46.12876667" lon="4.39969167"><ele>716.0</ele><time>2026-07-29T10:14:03.751Z</time></trkpt><trkpt lat="46.128775" lon="4.39967667"><ele>716.0</ele><time>2026-07-29T10:14:04.751Z</time></trkpt><trkpt lat="46.12878167" lon="4.39965667"><ele>717.0</ele><time>2026-07-29T10:14:05.751Z</time></trkpt><trkpt lat="46.12878833" lon="4.39963833"><ele>718.0</ele><time>2026-07-29T10:14:06.752Z</time></trkpt><trkpt lat="46.12879333" lon="4.39961833"><ele>719.0</ele><time>2026-07-29T10:14:07.752Z</time></trkpt><trkpt lat="46.1288" lon="4.3996"><ele>720.0</ele><time>2026-07-29T10:14:08.751Z</time></trkpt><trkpt lat="46.12880667" lon="4.39958167"><ele>720.0</ele><time>2026-07-29T10:14:09.752Z</time></trkpt><trkpt lat="46.12881333" lon="4.399565"><ele>720.0</ele><time>2026-07-29T10:14:10.751Z</time></trkpt><trkpt lat="46.12881833" lon="4.39954833"><ele>720.0</ele><time>2026-07-29T10:14:11.751Z</time></trkpt><trkpt lat="46.12882333" lon="4.39953333"><ele>720.0</ele><time>2026-07-29T10:14:12.751Z</time></trkpt><trkpt lat="46.12882833" lon="4.39951667"><ele>720.0</ele><time>2026-07-29T10:14:13.751Z</time></trkpt><trkpt lat="46.12883667" lon="4.39949667"><ele>720.0</ele><time>2026-07-29T10:14:14.752Z</time></trkpt><trkpt lat="46.12883833" lon="4.39948333"><ele>720.0</ele><time>2026-07-29T10:14:15.752Z</time></trkpt><trkpt lat="46.12884167" lon="4.399465"><ele>720.0</ele><time>2026-07-29T10:14:16.751Z</time></trkpt><trkpt lat="46.128845" lon="4.39944667"><ele>719.0</ele><time>2026-07-29T10:14:17.752Z</time></trkpt><trkpt lat="46.12885167" lon="4.39942667"><ele>719.0</ele><time>2026-07-29T10:14:18.751Z</time></trkpt><trkpt lat="46.12885833" lon="4.39941"><ele>719.0</ele><time>2026-07-29T10:14:19.751Z</time></trkpt><trkpt lat="46.12886833" lon="4.39939333"><ele>719.0</ele><time>2026-07-29T10:14:20.752Z</time></trkpt><trkpt lat="46.12887833" lon="4.39937667"><ele>719.0</ele><time>2026-07-29T10:14:21.751Z</time></trkpt><trkpt lat="46.12888833" lon="4.39935833"><ele>719.0</ele><time>2026-07-29T10:14:22.751Z</time></trkpt><trkpt lat="46.12889833" lon="4.39934333"><ele>719.0</ele><time>2026-07-29T10:14:23.751Z</time></trkpt><trkpt lat="46.12890667" lon="4.39933"><ele>719.0</ele><time>2026-07-29T10:14:24.751Z</time></trkpt><trkpt lat="46.128915" lon="4.39931167"><ele>719.0</ele><time>2026-07-29T10:14:25.751Z</time></trkpt><trkpt lat="46.12892" lon="4.39929167"><ele>719.0</ele><time>2026-07-29T10:14:26.752Z</time></trkpt><trkpt lat="46.12892667" lon="4.39927"><ele>719.0</ele><time>2026-07-29T10:14:27.752Z</time></trkpt><trkpt lat="46.12893333" lon="4.39925167"><ele>719.0</ele><time>2026-07-29T10:14:28.751Z</time></trkpt><trkpt lat="46.12893833" lon="4.39923833"><ele>719.0</ele><time>2026-07-29T10:14:29.751Z</time></trkpt><trkpt lat="46.128945" lon="4.39921333"><ele>719.0</ele><time>2026-07-29T10:14:30.751Z</time></trkpt><trkpt lat="46.12894833" lon="4.399195"><ele>719.0</ele><time>2026-07-29T10:14:31.751Z</time></trkpt><trkpt lat="46.12895333" lon="4.399175"><ele>719.0</ele><time>2026-07-29T10:14:32.751Z</time></trkpt><trkpt lat="46.12895833" lon="4.39915833"><ele>718.0</ele><time>2026-07-29T10:14:33.752Z</time></trkpt><trkpt lat="46.12896333" lon="4.39913833"><ele>718.0</ele><time>2026-07-29T10:14:34.752Z</time></trkpt><trkpt lat="46.12896833" lon="4.39912167"><ele>718.0</ele><time>2026-07-29T10:14:35.751Z</time></trkpt><trkpt lat="46.128975" lon="4.399105"><ele>718.0</ele><time>2026-07-29T10:14:36.752Z</time></trkpt><trkpt lat="46.12898167" lon="4.39909333"><ele>718.0</ele><time>2026-07-29T10:14:37.752Z</time></trkpt><trkpt lat="46.12899" lon="4.39908"><ele>718.0</ele><time>2026-07-29T10:14:38.751Z</time></trkpt><trkpt lat="46.129" lon="4.39906167"><ele>719.0</ele><time>2026-07-29T10:14:39.752Z</time></trkpt><trkpt lat="46.12901167" lon="4.399045"><ele>719.0</ele><time>2026-07-29T10:14:40.752Z</time></trkpt><trkpt lat="46.12902167" lon="4.399025"><ele>720.0</ele><time>2026-07-29T10:14:41.752Z</time></trkpt><trkpt lat="46.12903" lon="4.39900833"><ele>720.0</ele><time>2026-07-29T10:14:42.751Z</time></trkpt><trkpt lat="46.12903833" lon="4.39898833"><ele>721.0</ele><time>2026-07-29T10:14:43.752Z</time></trkpt><trkpt lat="46.12905" lon="4.398965"><ele>721.0</ele><time>2026-07-29T10:14:44.752Z</time></trkpt><trkpt lat="46.12906" lon="4.39894833"><ele>721.0</ele><time>2026-07-29T10:14:45.751Z</time></trkpt><trkpt lat="46.12906833" lon="4.39893"><ele>722.0</ele><time>2026-07-29T10:14:46.752Z</time></trkpt><trkpt lat="46.12907333" lon="4.398915"><ele>722.0</ele><time>2026-07-29T10:14:47.752Z</time></trkpt><trkpt lat="46.12908167" lon="4.39889833"><ele>723.0</ele><time>2026-07-29T10:14:48.751Z</time></trkpt><trkpt lat="46.12909" lon="4.39887667"><ele>723.0</ele><time>2026-07-29T10:14:49.752Z</time></trkpt><trkpt lat="46.129095" lon="4.39886"><ele>723.0</ele><time>2026-07-29T10:14:50.751Z</time></trkpt><trkpt lat="46.12910333" lon="4.39884333"><ele>723.0</ele><time>2026-07-29T10:14:51.751Z</time></trkpt><trkpt lat="46.12911" lon="4.39882667"><ele>723.0</ele><time>2026-07-29T10:14:52.752Z</time></trkpt><trkpt lat="46.129115" lon="4.39881"><ele>723.0</ele><time>2026-07-29T10:14:53.751Z</time></trkpt><trkpt lat="46.12912" lon="4.39879667"><ele>723.0</ele><time>2026-07-29T10:14:54.751Z</time></trkpt><trkpt lat="46.12912833" lon="4.39877833"><ele>723.0</ele><time>2026-07-29T10:14:55.752Z</time></trkpt><trkpt lat="46.129135" lon="4.39876333"><ele>723.0</ele><time>2026-07-29T10:14:56.751Z</time></trkpt><trkpt lat="46.12914" lon="4.39874333"><ele>723.0</ele><time>2026-07-29T10:14:57.752Z</time></trkpt><trkpt lat="46.12914667" lon="4.39871667"><ele>723.0</ele><time>2026-07-29T10:14:58.752Z</time></trkpt><trkpt lat="46.129155" lon="4.398695"><ele>723.0</ele><time>2026-07-29T10:14:59.751Z</time></trkpt><trkpt lat="46.129155" lon="4.39867167"><ele>724.0</ele><time>2026-07-29T10:15:00.751Z</time></trkpt><trkpt lat="46.12915333" lon="4.39865"><ele>724.0</ele><time>2026-07-29T10:15:01.752Z</time></trkpt><trkpt lat="46.12915833" lon="4.39862333"><ele>724.0</ele><time>2026-07-29T10:15:02.751Z</time></trkpt><trkpt lat="46.12916" lon="4.3986"><ele>724.0</ele><time>2026-07-29T10:15:03.752Z</time></trkpt><trkpt lat="46.12916167" lon="4.39858"><ele>723.0</ele><time>2026-07-29T10:15:04.752Z</time></trkpt><trkpt lat="46.12916167" lon="4.39856"><ele>723.0</ele><time>2026-07-29T10:15:05.751Z</time></trkpt><trkpt lat="46.12916167" lon="4.39854"><ele>723.0</ele><time>2026-07-29T10:15:06.751Z</time></trkpt><trkpt lat="46.12916" lon="4.39851833"><ele>723.0</ele><time>2026-07-29T10:15:07.751Z</time></trkpt><trkpt lat="46.12915833" lon="4.39849833"><ele>723.0</ele><time>2026-07-29T10:15:08.751Z</time></trkpt><trkpt lat="46.129155" lon="4.39847667"><ele>724.0</ele><time>2026-07-29T10:15:09.752Z</time></trkpt><trkpt lat="46.12914833" lon="4.39845333"><ele>724.0</ele><time>2026-07-29T10:15:10.752Z</time></trkpt><trkpt lat="46.12914333" lon="4.39842833"><ele>724.0</ele><time>2026-07-29T10:15:11.752Z</time></trkpt><trkpt lat="46.12913833" lon="4.39840833"><ele>724.0</ele><time>2026-07-29T10:15:12.751Z</time></trkpt><trkpt lat="46.12913167" lon="4.39839"><ele>724.0</ele><time>2026-07-29T10:15:13.752Z</time></trkpt><trkpt lat="46.12912" lon="4.39837167"><ele>724.0</ele><time>2026-07-29T10:15:14.752Z</time></trkpt><trkpt lat="46.12911167" lon="4.39835167"><ele>725.0</ele><time>2026-07-29T10:15:15.751Z</time></trkpt><trkpt lat="46.12910167" lon="4.39833667"><ele>725.0</ele><time>2026-07-29T10:15:16.752Z</time></trkpt><trkpt lat="46.12909167" lon="4.39832167"><ele>725.0</ele><time>2026-07-29T10:15:17.751Z</time></trkpt><trkpt lat="46.12908333" lon="4.398305"><ele>725.0</ele><time>2026-07-29T10:15:18.752Z</time></trkpt><trkpt lat="46.12907667" lon="4.39829"><ele>725.0</ele><time>2026-07-29T10:15:19.751Z</time></trkpt><trkpt lat="46.12907" lon="4.39826833"><ele>725.0</ele><time>2026-07-29T10:15:20.752Z</time></trkpt><trkpt lat="46.12906333" lon="4.39824833"><ele>725.0</ele><time>2026-07-29T10:15:21.752Z</time></trkpt><trkpt lat="46.129055" lon="4.39822833"><ele>725.0</ele><time>2026-07-29T10:15:22.752Z</time></trkpt><trkpt lat="46.12905167" lon="4.39820667"><ele>725.0</ele><time>2026-07-29T10:15:23.751Z</time></trkpt><trkpt lat="46.12904667" lon="4.398195"><ele>725.0</ele><time>2026-07-29T10:15:24.751Z</time></trkpt><trkpt lat="46.129035" lon="4.39817833"><ele>724.0</ele><time>2026-07-29T10:15:25.751Z</time></trkpt><trkpt lat="46.12902833" lon="4.39816167"><ele>724.0</ele><time>2026-07-29T10:15:26.751Z</time></trkpt><trkpt lat="46.12902" lon="4.398145"><ele>724.0</ele><time>2026-07-29T10:15:27.752Z</time></trkpt><trkpt lat="46.12901167" lon="4.39812833"><ele>724.0</ele><time>2026-07-29T10:15:28.752Z</time></trkpt><trkpt lat="46.12900167" lon="4.39811"><ele>724.0</ele><time>2026-07-29T10:15:29.751Z</time></trkpt><trkpt lat="46.12899167" lon="4.39809333"><ele>723.0</ele><time>2026-07-29T10:15:30.752Z</time></trkpt><trkpt lat="46.12898167" lon="4.398075"><ele>723.0</ele><time>2026-07-29T10:15:31.752Z</time></trkpt><trkpt lat="46.12897167" lon="4.39805667"><ele>723.0</ele><time>2026-07-29T10:15:32.752Z</time></trkpt><trkpt lat="46.12896333" lon="4.39804"><ele>723.0</ele><time>2026-07-29T10:15:33.751Z</time></trkpt><trkpt lat="46.12895667" lon="4.39802167"><ele>723.0</ele><time>2026-07-29T10:15:34.751Z</time></trkpt><trkpt lat="46.12894833" lon="4.39800333"><ele>723.0</ele><time>2026-07-29T10:15:35.752Z</time></trkpt><trkpt lat="46.12894" lon="4.397985"><ele>723.0</ele><time>2026-07-29T10:15:36.752Z</time></trkpt><trkpt lat="46.12893" lon="4.39797"><ele>723.0</ele><time>2026-07-29T10:15:37.751Z</time></trkpt><trkpt lat="46.12892" lon="4.397955"><ele>723.0</ele><time>2026-07-29T10:15:38.752Z</time></trkpt><trkpt lat="46.12891" lon="4.39794167"><ele>723.0</ele><time>2026-07-29T10:15:39.752Z</time></trkpt><trkpt lat="46.1289" lon="4.39792667"><ele>723.0</ele><time>2026-07-29T10:15:40.751Z</time></trkpt><trkpt lat="46.12888833" lon="4.39791167"><ele>723.0</ele><time>2026-07-29T10:15:41.752Z</time></trkpt><trkpt lat="46.12888333" lon="4.397895"><ele>723.0</ele><time>2026-07-29T10:15:42.752Z</time></trkpt><trkpt lat="46.12888333" lon="4.39787667"><ele>723.0</ele><time>2026-07-29T10:15:43.751Z</time></trkpt><trkpt lat="46.12888833" lon="4.39786"><ele>723.0</ele><time>2026-07-29T10:15:44.752Z</time></trkpt><trkpt lat="46.12889833" lon="4.39784833"><ele>723.0</ele><time>2026-07-29T10:15:45.751Z</time></trkpt><trkpt lat="46.12891167" lon="4.39784"><ele>723.0</ele><time>2026-07-29T10:15:46.751Z</time></trkpt><trkpt lat="46.12892333" lon="4.39783"><ele>723.0</ele><time>2026-07-29T10:15:47.751Z</time></trkpt><trkpt lat="46.12893333" lon="4.39781833"><ele>723.0</ele><time>2026-07-29T10:15:48.751Z</time></trkpt><trkpt lat="46.12894" lon="4.397805"><ele>723.0</ele><time>2026-07-29T10:15:49.752Z</time></trkpt><trkpt lat="46.12894667" lon="4.39779167"><ele>723.0</ele><time>2026-07-29T10:15:50.751Z</time></trkpt><trkpt lat="46.12895833" lon="4.39778167"><ele>724.0</ele><time>2026-07-29T10:15:51.751Z</time></trkpt><trkpt lat="46.12898167" lon="4.39776833"><ele>724.0</ele><time>2026-07-29T10:15:52.751Z</time></trkpt><trkpt lat="46.128995" lon="4.39776"><ele>724.0</ele><time>2026-07-29T10:15:53.751Z</time></trkpt><trkpt lat="46.12901" lon="4.39775"><ele>724.0</ele><time>2026-07-29T10:15:54.751Z</time></trkpt><trkpt lat="46.12902167" lon="4.39774667"><ele>725.0</ele><time>2026-07-29T10:15:55.752Z</time></trkpt><trkpt lat="46.12902833" lon="4.397745"><ele>725.0</ele><time>2026-07-29T10:15:56.752Z</time></trkpt><trkpt lat="46.12902833" lon="4.39773833"><ele>725.0</ele><time>2026-07-29T10:15:57.751Z</time></trkpt><trkpt lat="46.12903" lon="4.39773333"><ele>726.0</ele><time>2026-07-29T10:15:58.752Z</time></trkpt><trkpt lat="46.12903333" lon="4.39773"><ele>726.0</ele><time>2026-07-29T10:15:59.751Z</time></trkpt><trkpt lat="46.12904333" lon="4.39772667"><ele>726.0</ele><time>2026-07-29T10:16:00.751Z</time></trkpt><trkpt lat="46.12905667" lon="4.39772167"><ele>727.0</ele><time>2026-07-29T10:16:01.751Z</time></trkpt><trkpt lat="46.12907" lon="4.39772"><ele>727.0</ele><time>2026-07-29T10:16:02.752Z</time></trkpt><trkpt lat="46.12908333" lon="4.39771167"><ele>727.0</ele><time>2026-07-29T10:16:03.751Z</time></trkpt><trkpt lat="46.12909333" lon="4.39770333"><ele>727.0</ele><time>2026-07-29T10:16:04.751Z</time></trkpt><trkpt lat="46.12910333" lon="4.39768667"><ele>728.0</ele><time>2026-07-29T10:16:05.751Z</time></trkpt><trkpt lat="46.12911167" lon="4.39767333"><ele>727.0</ele><time>2026-07-29T10:16:06.751Z</time></trkpt><trkpt lat="46.12911667" lon="4.39766"><ele>728.0</ele><time>2026-07-29T10:16:07.751Z</time></trkpt><trkpt lat="46.12912333" lon="4.39764833"><ele>728.0</ele><time>2026-07-29T10:16:08.752Z</time></trkpt><trkpt lat="46.12913167" lon="4.39763667"><ele>728.0</ele><time>2026-07-29T10:16:09.751Z</time></trkpt><trkpt lat="46.12913667" lon="4.39761833"><ele>728.0</ele><time>2026-07-29T10:16:10.752Z</time></trkpt><trkpt lat="46.129145" lon="4.397605"><ele>729.0</ele><time>2026-07-29T10:16:11.751Z</time></trkpt><trkpt lat="46.129155" lon="4.39759667"><ele>729.0</ele><time>2026-07-29T10:16:12.752Z</time></trkpt><trkpt lat="46.12917" lon="4.39759333"><ele>729.0</ele><time>2026-07-29T10:16:13.751Z</time></trkpt><trkpt lat="46.12918333" lon="4.39758833"><ele>730.0</ele><time>2026-07-29T10:16:14.752Z</time></trkpt><trkpt lat="46.12919667" lon="4.39758833"><ele>731.0</ele><time>2026-07-29T10:16:15.751Z</time></trkpt><trkpt lat="46.12921" lon="4.39758667"><ele>731.0</ele><time>2026-07-29T10:16:16.751Z</time></trkpt><trkpt lat="46.12922333" lon="4.397585"><ele>732.0</ele><time>2026-07-29T10:16:17.751Z</time></trkpt><trkpt lat="46.12923833" lon="4.39758333"><ele>732.0</ele><time>2026-07-29T10:16:18.752Z</time></trkpt><trkpt lat="46.129255" lon="4.39758333"><ele>732.0</ele><time>2026-07-29T10:16:19.752Z</time></trkpt><trkpt lat="46.12927" lon="4.39758167"><ele>733.0</ele><time>2026-07-29T10:16:20.752Z</time></trkpt><trkpt lat="46.129285" lon="4.39758167"><ele>733.0</ele><time>2026-07-29T10:16:21.751Z</time></trkpt><trkpt lat="46.129295" lon="4.39757667"><ele>734.0</ele><time>2026-07-29T10:16:22.751Z</time></trkpt><trkpt lat="46.12930333" lon="4.39756667"><ele>734.0</ele><time>2026-07-29T10:16:23.751Z</time></trkpt><trkpt lat="46.12930833" lon="4.39755"><ele>734.0</ele><time>2026-07-29T10:16:24.752Z</time></trkpt><trkpt lat="46.129315" lon="4.39753167"><ele>734.0</ele><time>2026-07-29T10:16:25.752Z</time></trkpt><trkpt lat="46.12932333" lon="4.397515"><ele>734.0</ele><time>2026-07-29T10:16:26.751Z</time></trkpt><trkpt lat="46.12933333" lon="4.397505"><ele>734.0</ele><time>2026-07-29T10:16:27.752Z</time></trkpt><trkpt lat="46.12934333" lon="4.39749333"><ele>734.0</ele><time>2026-07-29T10:16:28.751Z</time></trkpt><trkpt lat="46.129355" lon="4.397485"><ele>734.0</ele><time>2026-07-29T10:16:29.751Z</time></trkpt><trkpt lat="46.12936333" lon="4.39747333"><ele>734.0</ele><time>2026-07-29T10:16:30.751Z</time></trkpt><trkpt lat="46.129375" lon="4.39747"><ele>734.0</ele><time>2026-07-29T10:16:31.752Z</time></trkpt><trkpt lat="46.12938333" lon="4.39746667"><ele>735.0</ele><time>2026-07-29T10:16:32.751Z</time></trkpt><trkpt lat="46.12940333" lon="4.39747167"><ele>735.0</ele><time>2026-07-29T10:16:33.752Z</time></trkpt><trkpt lat="46.12941667" lon="4.397465"><ele>735.0</ele><time>2026-07-29T10:16:34.751Z</time></trkpt><trkpt lat="46.12942667" lon="4.39745667"><ele>735.0</ele><time>2026-07-29T10:16:35.751Z</time></trkpt><trkpt lat="46.129435" lon="4.397445"><ele>735.0</ele><time>2026-07-29T10:16:36.752Z</time></trkpt><trkpt lat="46.12944667" lon="4.39744167"><ele>735.0</ele><time>2026-07-29T10:16:37.751Z</time></trkpt><trkpt lat="46.12946" lon="4.39743833"><ele>736.0</ele><time>2026-07-29T10:16:38.752Z</time></trkpt><trkpt lat="46.12947167" lon="4.39743333"><ele>736.0</ele><time>2026-07-29T10:16:39.751Z</time></trkpt><trkpt lat="46.12948167" lon="4.39742833"><ele>736.0</ele><time>2026-07-29T10:16:40.751Z</time></trkpt><trkpt lat="46.12949333" lon="4.397425"><ele>736.0</ele><time>2026-07-29T10:16:41.752Z</time></trkpt><trkpt lat="46.129505" lon="4.39742167"><ele>737.0</ele><time>2026-07-29T10:16:42.752Z</time></trkpt><trkpt lat="46.129515" lon="4.397425"><ele>737.0</ele><time>2026-07-29T10:16:43.752Z</time></trkpt><trkpt lat="46.129525" lon="4.397425"><ele>737.0</ele><time>2026-07-29T10:16:44.751Z</time></trkpt><trkpt lat="46.12953" lon="4.39742333"><ele>738.0</ele><time>2026-07-29T10:16:45.751Z</time></trkpt><trkpt lat="46.129535" lon="4.39741667"><ele>738.0</ele><time>2026-07-29T10:16:46.752Z</time></trkpt><trkpt lat="46.12954167" lon="4.39741333"><ele>738.0</ele><time>2026-07-29T10:16:47.752Z</time></trkpt><trkpt lat="46.12955" lon="4.39740833"><ele>739.0</ele><time>2026-07-29T10:16:48.751Z</time></trkpt><trkpt lat="46.12955667" lon="4.39740833"><ele>739.0</ele><time>2026-07-29T10:16:49.752Z</time></trkpt><trkpt lat="46.12956333" lon="4.397405"><ele>739.0</ele><time>2026-07-29T10:16:50.751Z</time></trkpt><trkpt lat="46.12957333" lon="4.397405"><ele>739.0</ele><time>2026-07-29T10:16:51.751Z</time></trkpt><trkpt lat="46.12957667" lon="4.39739833"><ele>739.0</ele><time>2026-07-29T10:16:52.751Z</time></trkpt><trkpt lat="46.12958" lon="4.39739"><ele>739.0</ele><time>2026-07-29T10:16:53.751Z</time></trkpt><trkpt lat="46.12958667" lon="4.397385"><ele>739.0</ele><time>2026-07-29T10:16:54.752Z</time></trkpt><trkpt lat="46.12959833" lon="4.39737667"><ele>739.0</ele><time>2026-07-29T10:16:55.751Z</time></trkpt><trkpt lat="46.12960833" lon="4.397365"><ele>739.0</ele><time>2026-07-29T10:16:56.751Z</time></trkpt><trkpt lat="46.12961667" lon="4.39735167"><ele>739.0</ele><time>2026-07-29T10:16:57.752Z</time></trkpt><trkpt lat="46.129625" lon="4.397335"><ele>738.0</ele><time>2026-07-29T10:16:58.752Z</time></trkpt><trkpt lat="46.12963667" lon="4.39732333"><ele>738.0</ele><time>2026-07-29T10:16:59.751Z</time></trkpt><trkpt lat="46.12965333" lon="4.39730667"><ele>738.0</ele><time>2026-07-29T10:17:00.751Z</time></trkpt><trkpt lat="46.12966833" lon="4.397295"><ele>737.0</ele><time>2026-07-29T10:17:01.752Z</time></trkpt><trkpt lat="46.129685" lon="4.39727833"><ele>737.0</ele><time>2026-07-29T10:17:02.751Z</time></trkpt><trkpt lat="46.12970167" lon="4.39726333"><ele>737.0</ele><time>2026-07-29T10:17:03.752Z</time></trkpt><trkpt lat="46.12972" lon="4.39725167"><ele>737.0</ele><time>2026-07-29T10:17:04.751Z</time></trkpt><trkpt lat="46.12974" lon="4.397235"><ele>738.0</ele><time>2026-07-29T10:17:05.752Z</time></trkpt><trkpt lat="46.12975333" lon="4.397225"><ele>738.0</ele><time>2026-07-29T10:17:06.751Z</time></trkpt><trkpt lat="46.12976667" lon="4.397215"><ele>738.0</ele><time>2026-07-29T10:17:07.752Z</time></trkpt><trkpt lat="46.12977833" lon="4.397205"><ele>738.0</ele><time>2026-07-29T10:17:08.752Z</time></trkpt><trkpt lat="46.12979" lon="4.397195"><ele>739.0</ele><time>2026-07-29T10:17:09.751Z</time></trkpt><trkpt lat="46.12980333" lon="4.39718833"><ele>739.0</ele><time>2026-07-29T10:17:10.751Z</time></trkpt><trkpt lat="46.12981833" lon="4.39718167"><ele>739.0</ele><time>2026-07-29T10:17:11.752Z</time></trkpt><trkpt lat="46.12983333" lon="4.397175"><ele>739.0</ele><time>2026-07-29T10:17:12.752Z</time></trkpt><trkpt lat="46.129845" lon="4.39716833"><ele>739.0</ele><time>2026-07-29T10:17:13.751Z</time></trkpt><trkpt lat="46.12985667" lon="4.39716"><ele>738.0</ele><time>2026-07-29T10:17:14.751Z</time></trkpt><trkpt lat="46.12986833" lon="4.39715333"><ele>738.0</ele><time>2026-07-29T10:17:15.751Z</time></trkpt><trkpt lat="46.12988" lon="4.397145"><ele>738.0</ele><time>2026-07-29T10:17:16.752Z</time></trkpt><trkpt lat="46.12989333" lon="4.397135"><ele>738.0</ele><time>2026-07-29T10:17:17.751Z</time></trkpt><trkpt lat="46.12990667" lon="4.397125"><ele>738.0</ele><time>2026-07-29T10:17:18.751Z</time></trkpt><trkpt lat="46.12992" lon="4.39711667"><ele>738.0</ele><time>2026-07-29T10:17:19.752Z</time></trkpt><trkpt lat="46.12993167" lon="4.39710833"><ele>738.0</ele><time>2026-07-29T10:17:20.751Z</time></trkpt><trkpt lat="46.129945" lon="4.39709833"><ele>738.0</ele><time>2026-07-29T10:17:21.752Z</time></trkpt><trkpt lat="46.12995833" lon="4.39708833"><ele>738.0</ele><time>2026-07-29T10:17:22.751Z</time></trkpt><trkpt lat="46.129975" lon="4.39707667"><ele>738.0</ele><time>2026-07-29T10:17:23.752Z</time></trkpt><trkpt lat="46.12999167" lon="4.397065"><ele>738.0</ele><time>2026-07-29T10:17:24.751Z</time></trkpt><trkpt lat="46.13000833" lon="4.39705167"><ele>738.0</ele><time>2026-07-29T10:17:25.752Z</time></trkpt><trkpt lat="46.130025" lon="4.39704167"><ele>738.0</ele><time>2026-07-29T10:17:26.751Z</time></trkpt><trkpt lat="46.13003833" lon="4.39703167"><ele>738.0</ele><time>2026-07-29T10:17:27.752Z</time></trkpt><trkpt lat="46.13005333" lon="4.39702167"><ele>738.0</ele><time>2026-07-29T10:17:28.751Z</time></trkpt><trkpt lat="46.13006833" lon="4.39701167"><ele>738.0</ele><time>2026-07-29T10:17:29.751Z</time></trkpt><trkpt lat="46.13008167" lon="4.39700167"><ele>738.0</ele><time>2026-07-29T10:17:30.752Z</time></trkpt><trkpt lat="46.13009667" lon="4.39699167"><ele>738.0</ele><time>2026-07-29T10:17:31.751Z</time></trkpt><trkpt lat="46.13010833" lon="4.39698333"><ele>739.0</ele><time>2026-07-29T10:17:32.752Z</time></trkpt><trkpt lat="46.13012" lon="4.39697333"><ele>739.0</ele><time>2026-07-29T10:17:33.751Z</time></trkpt><trkpt lat="46.13013167" lon="4.39696167"><ele>738.0</ele><time>2026-07-29T10:17:34.752Z</time></trkpt><trkpt lat="46.13014333" lon="4.39695"><ele>738.0</ele><time>2026-07-29T10:17:35.751Z</time></trkpt><trkpt lat="46.13015333" lon="4.39693667"><ele>738.0</ele><time>2026-07-29T10:17:36.752Z</time></trkpt><trkpt lat="46.13016667" lon="4.39692667"><ele>738.0</ele><time>2026-07-29T10:17:37.752Z</time></trkpt><trkpt lat="46.13018" lon="4.39691667"><ele>738.0</ele><time>2026-07-29T10:17:38.751Z</time></trkpt><trkpt lat="46.13019167" lon="4.39690667"><ele>738.0</ele><time>2026-07-29T10:17:39.752Z</time></trkpt><trkpt lat="46.13020667" lon="4.39689333"><ele>738.0</ele><time>2026-07-29T10:17:40.751Z</time></trkpt><trkpt lat="46.13022167" lon="4.39688167"><ele>738.0</ele><time>2026-07-29T10:17:41.752Z</time></trkpt><trkpt lat="46.130235" lon="4.39687"><ele>738.0</ele><time>2026-07-29T10:17:42.751Z</time></trkpt><trkpt lat="46.13024667" lon="4.396855"><ele>738.0</ele><time>2026-07-29T10:17:43.752Z</time></trkpt><trkpt lat="46.13025833" lon="4.39684167"><ele>738.0</ele><time>2026-07-29T10:17:44.751Z</time></trkpt><trkpt lat="46.13027333" lon="4.39683167"><ele>739.0</ele><time>2026-07-29T10:17:45.752Z</time></trkpt><trkpt lat="46.13028833" lon="4.39682333"><ele>739.0</ele><time>2026-07-29T10:17:46.751Z</time></trkpt><trkpt lat="46.1303" lon="4.39681333"><ele>739.0</ele><time>2026-07-29T10:17:47.751Z</time></trkpt><trkpt lat="46.13031167" lon="4.39680333"><ele>739.0</ele><time>2026-07-29T10:17:48.752Z</time></trkpt><trkpt lat="46.13032333" lon="4.396795"><ele>739.0</ele><time>2026-07-29T10:17:49.751Z</time></trkpt><trkpt lat="46.13033667" lon="4.39678667"><ele>739.0</ele><time>2026-07-29T10:17:50.751Z</time></trkpt><trkpt lat="46.13034667" lon="4.39677833"><ele>738.0</ele><time>2026-07-29T10:17:51.751Z</time></trkpt><trkpt lat="46.13036" lon="4.39677167"><ele>738.0</ele><time>2026-07-29T10:17:52.751Z</time></trkpt><trkpt lat="46.13037167" lon="4.39676167"><ele>738.0</ele><time>2026-07-29T10:17:53.752Z</time></trkpt><trkpt lat="46.13038667" lon="4.396755"><ele>738.0</ele><time>2026-07-29T10:17:54.751Z</time></trkpt><trkpt lat="46.13039833" lon="4.39674833"><ele>738.0</ele><time>2026-07-29T10:17:55.752Z</time></trkpt><trkpt lat="46.13041333" lon="4.39674167"><ele>739.0</ele><time>2026-07-29T10:17:56.751Z</time></trkpt><trkpt lat="46.13042667" lon="4.39673333"><ele>739.0</ele><time>2026-07-29T10:17:57.752Z</time></trkpt><trkpt lat="46.13044" lon="4.39672667"><ele>739.0</ele><time>2026-07-29T10:17:58.752Z</time></trkpt><trkpt lat="46.13045333" lon="4.39671833"><ele>739.0</ele><time>2026-07-29T10:17:59.751Z</time></trkpt><trkpt lat="46.13046833" lon="4.39671"><ele>740.0</ele><time>2026-07-29T10:18:00.752Z</time></trkpt><trkpt lat="46.13048" lon="4.39670167"><ele>740.0</ele><time>2026-07-29T10:18:01.752Z</time></trkpt><trkpt lat="46.13049333" lon="4.39669167"><ele>740.0</ele><time>2026-07-29T10:18:02.752Z</time></trkpt><trkpt lat="46.13050667" lon="4.39668167"><ele>740.0</ele><time>2026-07-29T10:18:03.752Z</time></trkpt><trkpt lat="46.13052" lon="4.39667333"><ele>740.0</ele><time>2026-07-29T10:18:04.752Z</time></trkpt><trkpt lat="46.130535" lon="4.39666833"><ele>740.0</ele><time>2026-07-29T10:18:05.751Z</time></trkpt><trkpt lat="46.13054667" lon="4.39666333"><ele>739.0</ele><time>2026-07-29T10:18:06.752Z</time></trkpt><trkpt lat="46.13056" lon="4.396655"><ele>739.0</ele><time>2026-07-29T10:18:07.751Z</time></trkpt><trkpt lat="46.13057167" lon="4.39664667"><ele>739.0</ele><time>2026-07-29T10:18:08.752Z</time></trkpt><trkpt lat="46.130585" lon="4.39663667"><ele>739.0</ele><time>2026-07-29T10:18:09.752Z</time></trkpt><trkpt lat="46.130595" lon="4.39662833"><ele>739.0</ele><time>2026-07-29T10:18:10.751Z</time></trkpt><trkpt lat="46.13060667" lon="4.39661833"><ele>739.0</ele><time>2026-07-29T10:18:11.751Z</time></trkpt><trkpt lat="46.13061667" lon="4.39661"><ele>739.0</ele><time>2026-07-29T10:18:12.751Z</time></trkpt><trkpt lat="46.13063" lon="4.39660167"><ele>740.0</ele><time>2026-07-29T10:18:13.752Z</time></trkpt><trkpt lat="46.130645" lon="4.39659667"><ele>740.0</ele><time>2026-07-29T10:18:14.751Z</time></trkpt><trkpt lat="46.13066167" lon="4.39659167"><ele>740.0</ele><time>2026-07-29T10:18:15.752Z</time></trkpt><trkpt lat="46.130675" lon="4.396585"><ele>740.0</ele><time>2026-07-29T10:18:16.752Z</time></trkpt><trkpt lat="46.13068833" lon="4.39658"><ele>740.0</ele><time>2026-07-29T10:18:17.751Z</time></trkpt><trkpt lat="46.13070333" lon="4.39657167"><ele>740.0</ele><time>2026-07-29T10:18:18.751Z</time></trkpt><trkpt lat="46.13071667" lon="4.39656333"><ele>740.0</ele><time>2026-07-29T10:18:19.751Z</time></trkpt><trkpt lat="46.13073167" lon="4.39655333"><ele>740.0</ele><time>2026-07-29T10:18:20.751Z</time></trkpt><trkpt lat="46.13074667" lon="4.39654333"><ele>740.0</ele><time>2026-07-29T10:18:21.751Z</time></trkpt><trkpt lat="46.13076" lon="4.39653333"><ele>739.0</ele><time>2026-07-29T10:18:22.751Z</time></trkpt><trkpt lat="46.130775" lon="4.39652167"><ele>740.0</ele><time>2026-07-29T10:18:23.752Z</time></trkpt><trkpt lat="46.13078833" lon="4.39651167"><ele>740.0</ele><time>2026-07-29T10:18:24.751Z</time></trkpt><trkpt lat="46.13080167" lon="4.39650167"><ele>740.0</ele><time>2026-07-29T10:18:25.751Z</time></trkpt><trkpt lat="46.13081667" lon="4.39649333"><ele>740.0</ele><time>2026-07-29T10:18:26.751Z</time></trkpt><trkpt lat="46.13083" lon="4.39648833"><ele>740.0</ele><time>2026-07-29T10:18:27.751Z</time></trkpt><trkpt lat="46.13084333" lon="4.39648"><ele>740.0</ele><time>2026-07-29T10:18:28.752Z</time></trkpt><trkpt lat="46.130855" lon="4.39647167"><ele>740.0</ele><time>2026-07-29T10:18:29.752Z</time></trkpt><trkpt lat="46.13087" lon="4.39646333"><ele>740.0</ele><time>2026-07-29T10:18:30.751Z</time></trkpt><trkpt lat="46.130885" lon="4.39645333"><ele>740.0</ele><time>2026-07-29T10:18:31.751Z</time></trkpt><trkpt lat="46.13089833" lon="4.396445"><ele>740.0</ele><time>2026-07-29T10:18:32.751Z</time></trkpt><trkpt lat="46.13091167" lon="4.39643167"><ele>740.0</ele><time>2026-07-29T10:18:33.751Z</time></trkpt><trkpt lat="46.13092667" lon="4.39642167"><ele>740.0</ele><time>2026-07-29T10:18:34.751Z</time></trkpt><trkpt lat="46.13094167" lon="4.39641167"><ele>740.0</ele><time>2026-07-29T10:18:35.751Z</time></trkpt><trkpt lat="46.13095333" lon="4.39639833"><ele>740.0</ele><time>2026-07-29T10:18:36.752Z</time></trkpt><trkpt lat="46.13096667" lon="4.39638667"><ele>740.0</ele><time>2026-07-29T10:18:37.751Z</time></trkpt><trkpt lat="46.13098167" lon="4.39637667"><ele>740.0</ele><time>2026-07-29T10:18:38.751Z</time></trkpt><trkpt lat="46.130995" lon="4.39636833"><ele>740.0</ele><time>2026-07-29T10:18:39.751Z</time></trkpt><trkpt lat="46.13100833" lon="4.396355"><ele>740.0</ele><time>2026-07-29T10:18:40.751Z</time></trkpt><trkpt lat="46.13101833" lon="4.39634"><ele>740.0</ele><time>2026-07-29T10:18:41.751Z</time></trkpt><trkpt lat="46.13103167" lon="4.396325"><ele>740.0</ele><time>2026-07-29T10:18:42.752Z</time></trkpt><trkpt lat="46.13104333" lon="4.39630833"><ele>740.0</ele><time>2026-07-29T10:18:43.752Z</time></trkpt><trkpt lat="46.13105667" lon="4.39629167"><ele>739.0</ele><time>2026-07-29T10:18:44.752Z</time></trkpt><trkpt lat="46.13107167" lon="4.39627833"><ele>739.0</ele><time>2026-07-29T10:18:45.751Z</time></trkpt><trkpt lat="46.131085" lon="4.39626333"><ele>739.0</ele><time>2026-07-29T10:18:46.752Z</time></trkpt><trkpt lat="46.13109667" lon="4.39624833"><ele>739.0</ele><time>2026-07-29T10:18:47.751Z</time></trkpt><trkpt lat="46.13110667" lon="4.39623167"><ele>739.0</ele><time>2026-07-29T10:18:48.751Z</time></trkpt><trkpt lat="46.13111667" lon="4.39620833"><ele>739.0</ele><time>2026-07-29T10:18:49.751Z</time></trkpt><trkpt lat="46.131125" lon="4.39618833"><ele>739.0</ele><time>2026-07-29T10:18:50.751Z</time></trkpt><trkpt lat="46.13113333" lon="4.39617167"><ele>739.0</ele><time>2026-07-29T10:18:51.752Z</time></trkpt><trkpt lat="46.13114333" lon="4.39615333"><ele>739.0</ele><time>2026-07-29T10:18:52.752Z</time></trkpt><trkpt lat="46.13115167" lon="4.396135"><ele>739.0</ele><time>2026-07-29T10:18:53.752Z</time></trkpt><trkpt lat="46.13116333" lon="4.39611667"><ele>739.0</ele><time>2026-07-29T10:18:54.752Z</time></trkpt><trkpt lat="46.13117333" lon="4.39609833"><ele>739.0</ele><time>2026-07-29T10:18:55.751Z</time></trkpt><trkpt lat="46.131185" lon="4.39608167"><ele>739.0</ele><time>2026-07-29T10:18:56.751Z</time></trkpt><trkpt lat="46.13119833" lon="4.39606667"><ele>739.0</ele><time>2026-07-29T10:18:57.751Z</time></trkpt><trkpt lat="46.13120833" lon="4.39605"><ele>739.0</ele><time>2026-07-29T10:18:58.751Z</time></trkpt><trkpt lat="46.13121667" lon="4.39603333"><ele>739.0</ele><time>2026-07-29T10:18:59.752Z</time></trkpt><trkpt lat="46.131225" lon="4.39601833"><ele>739.0</ele><time>2026-07-29T10:19:00.752Z</time></trkpt><trkpt lat="46.13123167" lon="4.396"><ele>738.0</ele><time>2026-07-29T10:19:01.752Z</time></trkpt><trkpt lat="46.13206167" lon="4.39623167"><ele>755.0</ele><time>2026-07-29T10:22:08.961Z</time></trkpt><trkpt lat="46.13206167" lon="4.39623167"><ele>756.0</ele><time>2026-07-29T10:22:09.962Z</time></trkpt><trkpt lat="46.132065" lon="4.39623"><ele>756.0</ele><time>2026-07-29T10:22:10.961Z</time></trkpt><trkpt lat="46.13207167" lon="4.39622333"><ele>756.0</ele><time>2026-07-29T10:22:11.962Z</time></trkpt><trkpt lat="46.13207833" lon="4.39621333"><ele>757.0</ele><time>2026-07-29T10:22:12.962Z</time></trkpt><trkpt lat="46.132085" lon="4.3962"><ele>757.0</ele><time>2026-07-29T10:22:13.961Z</time></trkpt><trkpt lat="46.13209167" lon="4.39618333"><ele>757.0</ele><time>2026-07-29T10:22:14.961Z</time></trkpt></trkseg></trk></gpx>