<?xml version="1.0" encoding="UTF-8"?><gpx xmlns="http://www.topografix.com/GPX/1/1" xmlns:xsi="http://www.w3.org/2001/XMLSchema-instance" version="1.1" creator="Polar Grit X" xsi:schemaLocation="http://www.topografix.com/GPX/1/1 http://www.topografix.com/GPX/1/1/gpx.xsd"><metadata><author><name>Polar</name></author><time>2026-07-28T19:42:17.886Z</time><bounds minlat="46.12027" minlon="4.39471833" maxlat="46.14639333" maxlon="4.42840667"></bounds></metadata><trk><trkseg><trkpt lat="46.131565" lon="4.39626167"><ele>750.0</ele><time>2026-07-28T16:50:18.533Z</time></trkpt><trkpt lat="46.13157333" lon="4.39625"><ele>750.0</ele><time>2026-07-28T16:50:19.533Z</time></trkpt><trkpt lat="46.13158167" lon="4.39622833"><ele>750.0</ele><time>2026-07-28T16:50:20.533Z</time></trkpt><trkpt lat="46.13158833" lon="4.39620833"><ele>750.0</ele><time>2026-07-28T16:50:21.533Z</time></trkpt><trkpt lat="46.13159167" lon="4.39619"><ele>750.0</ele><time>2026-07-28T16:50:22.533Z</time></trkpt><trkpt lat="46.13159667" lon="4.39617167"><ele>750.0</ele><time>2026-07-28T16:50:23.533Z</time></trkpt><trkpt lat="46.13160167" lon="4.39615333"><ele>750.0</ele><time>2026-07-28T16:50:24.534Z</time></trkpt><trkpt lat="46.13160667" lon="4.39613667"><ele>750.0</ele><time>2026-07-28T16:50:25.534Z</time></trkpt><trkpt lat="46.13161167" lon="4.39611333"><ele>750.0</ele><time>2026-07-28T16:50:26.534Z</time></trkpt><trkpt lat="46.13161833" lon="4.39609333"><ele>750.0</ele><time>2026-07-28T16:50:27.534Z</time></trkpt><trkpt lat="46.13162167" lon="4.39607167"><ele>750.0</ele><time>2026-07-28T16:50:28.533Z</time></trkpt><trkpt lat="46.13162667" lon="4.39604833"><ele>750.0</ele><time>2026-07-28T16:50:29.534Z</time></trkpt><trkpt lat="46.13162833" lon="4.39603"><ele>750.0</ele><time>2026-07-28T16:50:30.533Z</time></trkpt><trkpt lat="46.13163333" lon="4.39600667"><ele>749.0</ele><time>2026-07-28T16:50:31.533Z</time></trkpt><trkpt lat="46.13163833" lon="4.39598833"><ele>749.0</ele><time>2026-07-28T16:50:32.533Z</time></trkpt><trkpt lat="46.13164333" lon="4.39597167"><ele>749.0</ele><time>2026-07-28T16:50:33.534Z</time></trkpt><trkpt lat="46.131645" lon="4.39595833"><ele>749.0</ele><time>2026-07-28T16:50:34.533Z</time></trkpt><trkpt lat="46.13165" lon="4.39594333"><ele>749.0</ele><time>2026-07-28T16:50:35.534Z</time></trkpt><trkpt lat="46.13166667" lon="4.39592667"><ele>749.0</ele><time>2026-07-28T16:50:36.533Z</time></trkpt><trkpt lat="46.13167667" lon="4.39591333"><ele>748.0</ele><time>2026-07-28T16:50:37.533Z</time></trkpt><trkpt lat="46.13168" lon="4.39589"><ele>748.0</ele><time>2026-07-28T16:50:38.534Z</time></trkpt><trkpt lat="46.13168333" lon="4.39587"><ele>747.0</ele><time>2026-07-28T16:50:39.533Z</time></trkpt><trkpt lat="46.13169" lon="4.39584333"><ele>747.0</ele><time>2026-07-28T16:50:40.533Z</time></trkpt><trkpt lat="46.13169167" lon="4.39582"><ele>747.0</ele><time>2026-07-28T16:50:41.533Z</time></trkpt><trkpt lat="46.13169833" lon="4.39580167"><ele>746.0</ele><time>2026-07-28T16:50:42.534Z</time></trkpt><trkpt lat="46.13170167" lon="4.395785"><ele>746.0</ele><time>2026-07-28T16:50:43.533Z</time></trkpt><trkpt lat="46.13170833" lon="4.39576833"><ele>746.0</ele><time>2026-07-28T16:50:44.534Z</time></trkpt><trkpt lat="46.13171333" lon="4.39574833"><ele>745.0</ele><time>2026-07-28T16:50:45.533Z</time></trkpt><trkpt lat="46.13171833" lon="4.39573167"><ele>745.0</ele><time>2026-07-28T16:50:46.533Z</time></trkpt><trkpt lat="46.131725" lon="4.39571333"><ele>744.0</ele><time>2026-07-28T16:50:47.533Z</time></trkpt><trkpt lat="46.13173" lon="4.3957"><ele>744.0</ele><time>2026-07-28T16:50:48.533Z</time></trkpt><trkpt lat="46.13173833" lon="4.39569"><ele>744.0</ele><time>2026-07-28T16:50:49.533Z</time></trkpt><trkpt lat="46.13174" lon="4.39567333"><ele>744.0</ele><time>2026-07-28T16:50:50.534Z</time></trkpt><trkpt lat="46.131745" lon="4.39565667"><ele>744.0</ele><time>2026-07-28T16:50:51.533Z</time></trkpt><trkpt lat="46.13174667" lon="4.39564667"><ele>744.0</ele><time>2026-07-28T16:50:52.533Z</time></trkpt><trkpt lat="46.13175167" lon="4.39562833"><ele>744.0</ele><time>2026-07-28T16:50:53.533Z</time></trkpt><trkpt lat="46.13175667" lon="4.39561167"><ele>744.0</ele><time>2026-07-28T16:50:54.533Z</time></trkpt><trkpt lat="46.13176" lon="4.395595"><ele>743.0</ele><time>2026-07-28T16:50:55.534Z</time></trkpt><trkpt lat="46.131765" lon="4.39558"><ele>743.0</ele><time>2026-07-28T16:50:56.533Z</time></trkpt><trkpt lat="46.13177" lon="4.39556333"><ele>743.0</ele><time>2026-07-28T16:50:57.533Z</time></trkpt><trkpt lat="46.13177667" lon="4.39553833"><ele>742.0</ele><time>2026-07-28T16:50:58.533Z</time></trkpt><trkpt lat="46.13178167" lon="4.39551667"><ele>742.0</ele><time>2026-07-28T16:50:59.533Z</time></trkpt><trkpt lat="46.13178667" lon="4.395495"><ele>741.0</ele><time>2026-07-28T16:51:00.533Z</time></trkpt><trkpt lat="46.13179167" lon="4.39547667"><ele>740.0</ele><time>2026-07-28T16:51:01.534Z</time></trkpt><trkpt lat="46.131795" lon="4.39545833"><ele>739.0</ele><time>2026-07-28T16:51:02.534Z</time></trkpt><trkpt lat="46.13180167" lon="4.39543333"><ele>738.0</ele><time>2026-07-28T16:51:03.534Z</time></trkpt><trkpt lat="46.131805" lon="4.39541333"><ele>737.0</ele><time>2026-07-28T16:51:04.534Z</time></trkpt><trkpt lat="46.13180667" lon="4.39539333"><ele>736.0</ele><time>2026-07-28T16:51:05.533Z</time></trkpt><trkpt lat="46.13181" lon="4.395375"><ele>735.0</ele><time>2026-07-28T16:51:06.533Z</time></trkpt><trkpt lat="46.131815" lon="4.39535333"><ele>735.0</ele><time>2026-07-28T16:51:07.534Z</time></trkpt><trkpt lat="46.13182167" lon="4.395335"><ele>734.0</ele><time>2026-07-28T16:51:08.533Z</time></trkpt><trkpt lat="46.13182667" lon="4.39531167"><ele>734.0</ele><time>2026-07-28T16:51:09.533Z</time></trkpt><trkpt lat="46.13183167" lon="4.39529167"><ele>733.0</ele><time>2026-07-28T16:51:10.534Z</time></trkpt><trkpt lat="46.131835" lon="4.39527667"><ele>733.0</ele><time>2026-07-28T16:51:11.533Z</time></trkpt><trkpt lat="46.13183833" lon="4.39525"><ele>733.0</ele><time>2026-07-28T16:51:12.534Z</time></trkpt><trkpt lat="46.13183833" lon="4.39522667"><ele>733.0</ele><time>2026-07-28T16:51:13.534Z</time></trkpt><trkpt lat="46.13184" lon="4.39520667"><ele>733.0</ele><time>2026-07-28T16:51:14.533Z</time></trkpt><trkpt lat="46.13184" lon="4.39519"><ele>733.0</ele><time>2026-07-28T16:51:15.533Z</time></trkpt><trkpt lat="46.13184" lon="4.39517167"><ele>733.0</ele><time>2026-07-28T16:51:16.534Z</time></trkpt><trkpt lat="46.13184" lon="4.395145"><ele>733.0</ele><time>2026-07-28T16:51:17.534Z</time></trkpt><trkpt lat="46.13183833" lon="4.39512667"><ele>733.0</ele><time>2026-07-28T16:51:18.534Z</time></trkpt><trkpt lat="46.13183833" lon="4.39511"><ele>732.0</ele><time>2026-07-28T16:51:19.533Z</time></trkpt><trkpt lat="46.13183833" lon="4.39509"><ele>732.0</ele><time>2026-07-28T16:51:20.533Z</time></trkpt><trkpt lat="46.13184167" lon="4.39506667"><ele>732.0</ele><time>2026-07-28T16:51:21.534Z</time></trkpt><trkpt lat="46.131845" lon="4.39505167"><ele>732.0</ele><time>2026-07-28T16:51:22.533Z</time></trkpt><trkpt lat="46.13185167" lon="4.39502667"><ele>732.0</ele><time>2026-07-28T16:51:23.533Z</time></trkpt><trkpt lat="46.13186" lon="4.39501167"><ele>732.0</ele><time>2026-07-28T16:51:24.534Z</time></trkpt><trkpt lat="46.13186833" lon="4.39499333"><ele>732.0</ele><time>2026-07-28T16:51:25.533Z</time></trkpt><trkpt lat="46.13188" lon="4.394975"><ele>732.0</ele><time>2026-07-28T16:51:26.534Z</time></trkpt><trkpt lat="46.13189333" lon="4.394965"><ele>731.0</ele><time>2026-07-28T16:51:27.534Z</time></trkpt><trkpt lat="46.13190667" lon="4.394955"><ele>731.0</ele><time>2026-07-28T16:51:28.534Z</time></trkpt><trkpt lat="46.13192167" lon="4.39494667"><ele>731.0</ele><time>2026-07-28T16:51:29.533Z</time></trkpt><trkpt lat="46.131935" lon="4.39494"><ele>731.0</ele><time>2026-07-28T16:51:30.534Z</time></trkpt><trkpt lat="46.13194833" lon="4.39493167"><ele>730.0</ele><time>2026-07-28T16:51:31.533Z</time></trkpt><trkpt lat="46.13196333" lon="4.394925"><ele>730.0</ele><time>2026-07-28T16:51:32.533Z</time></trkpt><trkpt lat="46.131975" lon="4.39491833"><ele>729.0</ele><time>2026-07-28T16:51:33.533Z</time></trkpt><trkpt lat="46.13199" lon="4.39490833"><ele>729.0</ele><time>2026-07-28T16:51:34.533Z</time></trkpt><trkpt lat="46.13200333" lon="4.3949"><ele>729.0</ele><time>2026-07-28T16:51:35.534Z</time></trkpt><trkpt lat="46.132015" lon="4.39489"><ele>729.0</ele><time>2026-07-28T16:51:36.533Z</time></trkpt><trkpt lat="46.13202833" lon="4.39487833"><ele>729.0</ele><time>2026-07-28T16:51:37.533Z</time></trkpt><trkpt lat="46.13204" lon="4.39486833"><ele>729.0</ele><time>2026-07-28T16:51:38.533Z</time></trkpt><trkpt lat="46.13205" lon="4.394855"><ele>729.0</ele><time>2026-07-28T16:51:39.533Z</time></trkpt><trkpt lat="46.13206333" lon="4.39484167"><ele>729.0</ele><time>2026-07-28T16:51:40.533Z</time></trkpt><trkpt lat="46.13207833" lon="4.39483667"><ele>729.0</ele><time>2026-07-28T16:51:41.533Z</time></trkpt><trkpt lat="46.13209333" lon="4.39483167"><ele>729.0</ele><time>2026-07-28T16:51:42.533Z</time></trkpt><trkpt lat="46.132105" lon="4.39482167"><ele>729.0</ele><time>2026-07-28T16:51:43.534Z</time></trkpt><trkpt lat="46.13211667" lon="4.394805"><ele>729.0</ele><time>2026-07-28T16:51:44.534Z</time></trkpt><trkpt lat="46.13212667" lon="4.39479"><ele>729.0</ele><time>2026-07-28T16:51:45.534Z</time></trkpt><trkpt lat="46.13214167" lon="4.394775"><ele>729.0</ele><time>2026-07-28T16:51:46.534Z</time></trkpt><trkpt lat="46.13215667" lon="4.39476333"><ele>729.0</ele><time>2026-07-28T16:51:47.533Z</time></trkpt><trkpt lat="46.13217167" lon="4.394755"><ele>729.0</ele><time>2026-07-28T16:51:48.534Z</time></trkpt><trkpt lat="46.13218833" lon="4.39475"><ele>730.0</ele><time>2026-07-28T16:51:49.533Z</time></trkpt><trkpt lat="46.132205" lon="4.39474667"><ele>730.0</ele><time>2026-07-28T16:51:50.533Z</time></trkpt><trkpt lat="46.13222" lon="4.39474333"><ele>730.0</ele><time>2026-07-28T16:51:51.533Z</time></trkpt><trkpt lat="46.13223667" lon="4.39474"><ele>730.0</ele><time>2026-07-28T16:51:52.533Z</time></trkpt><trkpt lat="46.13225333" lon="4.39473667"><ele>730.0</ele><time>2026-07-28T16:51:53.533Z</time></trkpt><trkpt lat="46.13226833" lon="4.39473333"><ele>731.0</ele><time>2026-07-28T16:51:54.533Z</time></trkpt><trkpt lat="46.13228333" lon="4.39473"><ele>731.0</ele><time>2026-07-28T16:51:55.533Z</time></trkpt><trkpt lat="46.1323" lon="4.39472833"><ele>731.0</ele><time>2026-07-28T16:51:56.533Z</time></trkpt><trkpt lat="46.13231667" lon="4.394725"><ele>731.0</ele><time>2026-07-28T16:51:57.533Z</time></trkpt><trkpt lat="46.132335" lon="4.39472167"><ele>731.0</ele><time>2026-07-28T16:51:58.533Z</time></trkpt><trkpt lat="46.13235167" lon="4.39472"><ele>731.0</ele><time>2026-07-28T16:51:59.534Z</time></trkpt><trkpt lat="46.13237333" lon="4.39471833"><ele>731.0</ele><time>2026-07-28T16:52:00.534Z</time></trkpt><trkpt lat="46.13238833" lon="4.39472"><ele>730.0</ele><time>2026-07-28T16:52:01.533Z</time></trkpt><trkpt lat="46.13240333" lon="4.39472333"><ele>730.0</ele><time>2026-07-28T16:52:02.533Z</time></trkpt><trkpt lat="46.13241833" lon="4.39472333"><ele>730.0</ele><time>2026-07-28T16:52:03.533Z</time></trkpt><trkpt lat="46.13243667" lon="4.39472333"><ele>730.0</ele><time>2026-07-28T16:52:04.533Z</time></trkpt><trkpt lat="46.13245167" lon="4.39472167"><ele>730.0</ele><time>2026-07-28T16:52:05.534Z</time></trkpt><trkpt lat="46.13246667" lon="4.39471833"><ele>731.0</ele><time>2026-07-28T16:52:06.533Z</time></trkpt><trkpt lat="46.13248333" lon="4.39471833"><ele>731.0</ele><time>2026-07-28T16:52:07.533Z</time></trkpt><trkpt lat="46.13250167" lon="4.39471833"><ele>731.0</ele><time>2026-07-28T16:52:08.533Z</time></trkpt><trkpt lat="46.13251667" lon="4.39472"><ele>731.0</ele><time>2026-07-28T16:52:09.533Z</time></trkpt><trkpt lat="46.13253167" lon="4.39472167"><ele>732.0</ele><time>2026-07-28T16:52:10.534Z</time></trkpt><trkpt lat="46.13254667" lon="4.39473"><ele>732.0</ele><time>2026-07-28T16:52:11.533Z</time></trkpt><trkpt lat="46.13256167" lon="4.39473667"><ele>732.0</ele><time>2026-07-28T16:52:12.533Z</time></trkpt><trkpt lat="46.132575" lon="4.394745"><ele>732.0</ele><time>2026-07-28T16:52:13.534Z</time></trkpt><trkpt lat="46.13258667" lon="4.39475333"><ele>731.0</ele><time>2026-07-28T16:52:14.533Z</time></trkpt><trkpt lat="46.13259833" lon="4.39475833"><ele>731.0</ele><time>2026-07-28T16:52:15.533Z</time></trkpt><trkpt lat="46.13261" lon="4.394765"><ele>731.0</ele><time>2026-07-28T16:52:16.533Z</time></trkpt><trkpt lat="46.13262333" lon="4.394775"><ele>731.0</ele><time>2026-07-28T16:52:17.534Z</time></trkpt><trkpt lat="46.132635" lon="4.394785"><ele>730.0</ele><time>2026-07-28T16:52:18.533Z</time></trkpt><trkpt lat="46.13264667" lon="4.394795"><ele>730.0</ele><time>2026-07-28T16:52:19.533Z</time></trkpt><trkpt lat="46.132655" lon="4.39480333"><ele>730.0</ele><time>2026-07-28T16:52:20.533Z</time></trkpt><trkpt lat="46.13266667" lon="4.394815"><ele>729.0</ele><time>2026-07-28T16:52:21.533Z</time></trkpt><trkpt lat="46.13267667" lon="4.394825"><ele>729.0</ele><time>2026-07-28T16:52:22.533Z</time></trkpt><trkpt lat="46.13268833" lon="4.39483667"><ele>728.0</ele><time>2026-07-28T16:52:23.534Z</time></trkpt><trkpt lat="46.1327" lon="4.39484667"><ele>728.0</ele><time>2026-07-28T16:52:24.533Z</time></trkpt><trkpt lat="46.13280167" lon="4.39492333"><ele>726.0</ele><time>2026-07-28T16:52:33.383Z</time></trkpt><trkpt lat="46.13281167" lon="4.39493333"><ele>726.0</ele><time>2026-07-28T16:52:34.383Z</time></trkpt><trkpt lat="46.13282167" lon="4.394945"><ele>727.0</ele><time>2026-07-28T16:52:35.384Z</time></trkpt><trkpt lat="46.13283167" lon="4.39495833"><ele>728.0</ele><time>2026-07-28T16:52:36.384Z</time></trkpt><trkpt lat="46.13284" lon="4.39497167"><ele>729.0</ele><time>2026-07-28T16:52:37.383Z</time></trkpt><trkpt lat="46.13284667" lon="4.39498333"><ele>729.0</ele><time>2026-07-28T16:52:38.384Z</time></trkpt><trkpt lat="46.132855" lon="4.39499667"><ele>730.0</ele><time>2026-07-28T16:52:39.383Z</time></trkpt><trkpt lat="46.132865" lon="4.39501"><ele>730.0</ele><time>2026-07-28T16:52:40.383Z</time></trkpt><trkpt lat="46.13287667" lon="4.39502333"><ele>731.0</ele><time>2026-07-28T16:52:41.384Z</time></trkpt><trkpt lat="46.13288833" lon="4.395035"><ele>731.0</ele><time>2026-07-28T16:52:42.384Z</time></trkpt><trkpt lat="46.13289833" lon="4.39504833"><ele>732.0</ele><time>2026-07-28T16:52:43.383Z</time></trkpt><trkpt lat="46.13291" lon="4.39506167"><ele>732.0</ele><time>2026-07-28T16:52:44.383Z</time></trkpt><trkpt lat="46.13292167" lon="4.395075"><ele>732.0</ele><time>2026-07-28T16:52:45.384Z</time></trkpt><trkpt lat="46.132935" lon="4.39508667"><ele>733.0</ele><time>2026-07-28T16:52:46.384Z</time></trkpt><trkpt lat="46.13294833" lon="4.3951"><ele>733.0</ele><time>2026-07-28T16:52:47.383Z</time></trkpt><trkpt lat="46.13296167" lon="4.39511"><ele>733.0</ele><time>2026-07-28T16:52:48.384Z</time></trkpt><trkpt lat="46.13297333" lon="4.39512167"><ele>734.0</ele><time>2026-07-28T16:52:49.384Z</time></trkpt><trkpt lat="46.13298333" lon="4.39513333"><ele>734.0</ele><time>2026-07-28T16:52:50.383Z</time></trkpt><trkpt lat="46.13299333" lon="4.395145"><ele>734.0</ele><time>2026-07-28T16:52:51.383Z</time></trkpt><trkpt lat="46.13300333" lon="4.39515667"><ele>735.0</ele><time>2026-07-28T16:52:52.383Z</time></trkpt><trkpt lat="46.13301333" lon="4.39517"><ele>735.0</ele><time>2026-07-28T16:52:53.383Z</time></trkpt><trkpt lat="46.133025" lon="4.39518167"><ele>736.0</ele><time>2026-07-28T16:52:54.383Z</time></trkpt><trkpt lat="46.133035" lon="4.395195"><ele>736.0</ele><time>2026-07-28T16:52:55.384Z</time></trkpt><trkpt lat="46.133045" lon="4.39520833"><ele>736.0</ele><time>2026-07-28T16:52:56.383Z</time></trkpt><trkpt lat="46.13305667" lon="4.39522"><ele>736.0</ele><time>2026-07-28T16:52:57.383Z</time></trkpt><trkpt lat="46.133065" lon="4.39523333"><ele>737.0</ele><time>2026-07-28T16:52:58.383Z</time></trkpt><trkpt lat="46.13307167" lon="4.395245"><ele>737.0</ele><time>2026-07-28T16:52:59.384Z</time></trkpt><trkpt lat="46.13308167" lon="4.39525833"><ele>737.0</ele><time>2026-07-28T16:53:00.384Z</time></trkpt><trkpt lat="46.13309167" lon="4.39527167"><ele>738.0</ele><time>2026-07-28T16:53:01.383Z</time></trkpt><trkpt lat="46.13309667" lon="4.39527667"><ele>738.0</ele><time>2026-07-28T16:53:02.383Z</time></trkpt><trkpt lat="46.13310833" lon="4.39528667"><ele>738.0</ele><time>2026-07-28T16:53:03.383Z</time></trkpt><trkpt lat="46.13311833" lon="4.39529333"><ele>738.0</ele><time>2026-07-28T16:53:04.384Z</time></trkpt><trkpt lat="46.13313" lon="4.395305"><ele>738.0</ele><time>2026-07-28T16:53:05.384Z</time></trkpt><trkpt lat="46.13314" lon="4.39531667"><ele>738.0</ele><time>2026-07-28T16:53:06.384Z</time></trkpt><trkpt lat="46.13314833" lon="4.395325"><ele>738.0</ele><time>2026-07-28T16:53:07.383Z</time></trkpt><trkpt lat="46.13315833" lon="4.395335"><ele>739.0</ele><time>2026-07-28T16:53:08.384Z</time></trkpt><trkpt lat="46.13317167" lon="4.39534667"><ele>739.0</ele><time>2026-07-28T16:53:09.384Z</time></trkpt><trkpt lat="46.13318167" lon="4.39535833"><ele>739.0</ele><time>2026-07-28T16:53:10.383Z</time></trkpt><trkpt lat="46.13319333" lon="4.39536833"><ele>739.0</ele><time>2026-07-28T16:53:11.384Z</time></trkpt><trkpt lat="46.13320333" lon="4.39537667"><ele>740.0</ele><time>2026-07-28T16:53:12.383Z</time></trkpt><trkpt lat="46.13321333" lon="4.39538833"><ele>740.0</ele><time>2026-07-28T16:53:13.383Z</time></trkpt><trkpt lat="46.13322333" lon="4.3954"><ele>740.0</ele><time>2026-07-28T16:53:14.384Z</time></trkpt><trkpt lat="46.13323167" lon="4.39540833"><ele>740.0</ele><time>2026-07-28T16:53:15.384Z</time></trkpt><trkpt lat="46.13324167" lon="4.39542167"><ele>740.0</ele><time>2026-07-28T16:53:16.383Z</time></trkpt><trkpt lat="46.13325333" lon="4.39543333"><ele>740.0</ele><time>2026-07-28T16:53:17.383Z</time></trkpt><trkpt lat="46.133265" lon="4.395445"><ele>741.0</ele><time>2026-07-28T16:53:18.383Z</time></trkpt><trkpt lat="46.13327333" lon="4.39545833"><ele>741.0</ele><time>2026-07-28T16:53:19.383Z</time></trkpt><trkpt lat="46.13328333" lon="4.39546833"><ele>741.0</ele><time>2026-07-28T16:53:20.384Z</time></trkpt><trkpt lat="46.13329333" lon="4.39548"><ele>741.0</ele><time>2026-07-28T16:53:21.383Z</time></trkpt><trkpt lat="46.1333" lon="4.39549"><ele>742.0</ele><time>2026-07-28T16:53:22.383Z</time></trkpt><trkpt lat="46.13330667" lon="4.39549667"><ele>742.0</ele><time>2026-07-28T16:53:23.384Z</time></trkpt><trkpt lat="46.13332" lon="4.39550833"><ele>742.0</ele><time>2026-07-28T16:53:24.384Z</time></trkpt><trkpt lat="46.13333" lon="4.395515"><ele>743.0</ele><time>2026-07-28T16:53:25.383Z</time></trkpt><trkpt lat="46.13334333" lon="4.39552667"><ele>743.0</ele><time>2026-07-28T16:53:26.384Z</time></trkpt><trkpt lat="46.13335167" lon="4.39553667"><ele>743.0</ele><time>2026-07-28T16:53:27.383Z</time></trkpt><trkpt lat="46.13336333" lon="4.39554833"><ele>744.0</ele><time>2026-07-28T16:53:28.384Z</time></trkpt><trkpt lat="46.133375" lon="4.39556167"><ele>744.0</ele><time>2026-07-28T16:53:29.384Z</time></trkpt><trkpt lat="46.133385" lon="4.39557333"><ele>744.0</ele><time>2026-07-28T16:53:30.384Z</time></trkpt><trkpt lat="46.13339667" lon="4.39558833"><ele>744.0</ele><time>2026-07-28T16:53:31.383Z</time></trkpt><trkpt lat="46.13341" lon="4.395605"><ele>744.0</ele><time>2026-07-28T16:53:32.383Z</time></trkpt><trkpt lat="46.13342167" lon="4.39562"><ele>744.0</ele><time>2026-07-28T16:53:33.383Z</time></trkpt><trkpt lat="46.13343167" lon="4.39563167"><ele>744.0</ele><time>2026-07-28T16:53:34.384Z</time></trkpt><trkpt lat="46.13344333" lon="4.39564167"><ele>744.0</ele><time>2026-07-28T16:53:35.384Z</time></trkpt><trkpt lat="46.13345333" lon="4.39565167"><ele>745.0</ele><time>2026-07-28T16:53:36.384Z</time></trkpt><trkpt lat="46.13346667" lon="4.39566667"><ele>745.0</ele><time>2026-07-28T16:53:37.383Z</time></trkpt><trkpt lat="46.13348167" lon="4.39568333"><ele>745.0</ele><time>2026-07-28T16:53:38.384Z</time></trkpt><trkpt lat="46.13349333" lon="4.39569667"><ele>745.0</ele><time>2026-07-28T16:53:39.384Z</time></trkpt><trkpt lat="46.13350333" lon="4.39570667"><ele>745.0</ele><time>2026-07-28T16:53:40.383Z</time></trkpt><trkpt lat="46.13351833" lon="4.39572"><ele>746.0</ele><time>2026-07-28T16:53:41.384Z</time></trkpt><trkpt lat="46.13352833" lon="4.39572833"><ele>746.0</ele><time>2026-07-28T16:53:42.383Z</time></trkpt><trkpt lat="46.133545" lon="4.39574"><ele>747.0</ele><time>2026-07-28T16:53:43.383Z</time></trkpt><trkpt lat="46.13355667" lon="4.39574833"><ele>748.0</ele><time>2026-07-28T16:53:44.384Z</time></trkpt><trkpt lat="46.13356833" lon="4.39575667"><ele>748.0</ele><time>2026-07-28T16:53:45.383Z</time></trkpt><trkpt lat="46.13357833" lon="4.395765"><ele>749.0</ele><time>2026-07-28T16:53:46.383Z</time></trkpt><trkpt lat="46.13358833" lon="4.39577667"><ele>750.0</ele><time>2026-07-28T16:53:47.383Z</time></trkpt><trkpt lat="46.1336" lon="4.39578667"><ele>750.0</ele><time>2026-07-28T16:53:48.383Z</time></trkpt><trkpt lat="46.13360833" lon="4.39579167"><ele>750.0</ele><time>2026-07-28T16:53:49.383Z</time></trkpt><trkpt lat="46.13362167" lon="4.395805"><ele>751.0</ele><time>2026-07-28T16:53:50.384Z</time></trkpt><trkpt lat="46.13363333" lon="4.39581833"><ele>751.0</ele><time>2026-07-28T16:53:51.383Z</time></trkpt><trkpt lat="46.133645" lon="4.39582833"><ele>751.0</ele><time>2026-07-28T16:53:52.383Z</time></trkpt><trkpt lat="46.13365333" lon="4.39583333"><ele>751.0</ele><time>2026-07-28T16:53:53.383Z</time></trkpt><trkpt lat="46.13366833" lon="4.39585"><ele>752.0</ele><time>2026-07-28T16:53:54.384Z</time></trkpt><trkpt lat="46.133675" lon="4.39586"><ele>752.0</ele><time>2026-07-28T16:53:55.383Z</time></trkpt><trkpt lat="46.133685" lon="4.39587333"><ele>752.0</ele><time>2026-07-28T16:53:56.384Z</time></trkpt><trkpt lat="46.13369167" lon="4.39588667"><ele>752.0</ele><time>2026-07-28T16:53:57.383Z</time></trkpt><trkpt lat="46.13370167" lon="4.39589333"><ele>753.0</ele><time>2026-07-28T16:53:58.383Z</time></trkpt><trkpt lat="46.133715" lon="4.39590333"><ele>753.0</ele><time>2026-07-28T16:53:59.384Z</time></trkpt><trkpt lat="46.133725" lon="4.39590833"><ele>753.0</ele><time>2026-07-28T16:54:00.384Z</time></trkpt><trkpt lat="46.13373833" lon="4.39591333"><ele>753.0</ele><time>2026-07-28T16:54:01.384Z</time></trkpt><trkpt lat="46.13375167" lon="4.39592"><ele>753.0</ele><time>2026-07-28T16:54:02.383Z</time></trkpt><trkpt lat="46.13376667" lon="4.39593333"><ele>753.0</ele><time>2026-07-28T16:54:03.384Z</time></trkpt><trkpt lat="46.13377667" lon="4.39594833"><ele>754.0</ele><time>2026-07-28T16:54:04.383Z</time></trkpt><trkpt lat="46.13378667" lon="4.39595667"><ele>754.0</ele><time>2026-07-28T16:54:05.383Z</time></trkpt><trkpt lat="46.1338" lon="4.39596333"><ele>754.0</ele><time>2026-07-28T16:54:06.383Z</time></trkpt><trkpt lat="46.13380667" lon="4.395965"><ele>755.0</ele><time>2026-07-28T16:54:07.383Z</time></trkpt><trkpt lat="46.13381667" lon="4.39597667"><ele>755.0</ele><time>2026-07-28T16:54:08.383Z</time></trkpt><trkpt lat="46.13382667" lon="4.39599"><ele>755.0</ele><time>2026-07-28T16:54:09.383Z</time></trkpt><trkpt lat="46.13384" lon="4.39600333"><ele>755.0</ele><time>2026-07-28T16:54:10.383Z</time></trkpt><trkpt lat="46.13385833" lon="4.39602333"><ele>755.0</ele><time>2026-07-28T16:54:11.383Z</time></trkpt><trkpt lat="46.13387" lon="4.39603833"><ele>755.0</ele><time>2026-07-28T16:54:12.383Z</time></trkpt><trkpt lat="46.13388333" lon="4.39605"><ele>755.0</ele><time>2026-07-28T16:54:13.383Z</time></trkpt><trkpt lat="46.13389167" lon="4.39606"><ele>756.0</ele><time>2026-07-28T16:54:14.383Z</time></trkpt><trkpt lat="46.1339" lon="4.39606667"><ele>756.0</ele><time>2026-07-28T16:54:15.384Z</time></trkpt><trkpt lat="46.13390833" lon="4.39608"><ele>756.0</ele><time>2026-07-28T16:54:16.384Z</time></trkpt><trkpt lat="46.13391833" lon="4.39609333"><ele>757.0</ele><time>2026-07-28T16:54:17.384Z</time></trkpt><trkpt lat="46.13392833" lon="4.396105"><ele>757.0</ele><time>2026-07-28T16:54:18.383Z</time></trkpt><trkpt lat="46.13394" lon="4.39611333"><ele>757.0</ele><time>2026-07-28T16:54:19.383Z</time></trkpt><trkpt lat="46.13394667" lon="4.39612167"><ele>757.0</ele><time>2026-07-28T16:54:20.384Z</time></trkpt><trkpt lat="46.13396" lon="4.396135"><ele>756.0</ele><time>2026-07-28T16:54:21.383Z</time></trkpt><trkpt lat="46.13397333" lon="4.39614833"><ele>756.0</ele><time>2026-07-28T16:54:22.383Z</time></trkpt><trkpt lat="46.13398333" lon="4.39616"><ele>755.0</ele><time>2026-07-28T16:54:23.383Z</time></trkpt><trkpt lat="46.13399333" lon="4.39616833"><ele>755.0</ele><time>2026-07-28T16:54:24.383Z</time></trkpt><trkpt lat="46.13400167" lon="4.39618167"><ele>755.0</ele><time>2026-07-28T16:54:25.383Z</time></trkpt><trkpt lat="46.13400833" lon="4.39619167"><ele>754.0</ele><time>2026-07-28T16:54:26.383Z</time></trkpt><trkpt lat="46.13401667" lon="4.39620167"><ele>754.0</ele><time>2026-07-28T16:54:27.383Z</time></trkpt><trkpt lat="46.134025" lon="4.39621333"><ele>753.0</ele><time>2026-07-28T16:54:28.384Z</time></trkpt><trkpt lat="46.134035" lon="4.39622333"><ele>752.0</ele><time>2026-07-28T16:54:29.384Z</time></trkpt><trkpt lat="46.134045" lon="4.39623"><ele>752.0</ele><time>2026-07-28T16:54:30.384Z</time></trkpt><trkpt lat="46.13414833" lon="4.39631"><ele>749.0</ele><time>2026-07-28T16:54:38.313Z</time></trkpt><trkpt lat="46.13416" lon="4.39631167"><ele>749.0</ele><time>2026-07-28T16:54:39.313Z</time></trkpt><trkpt lat="46.13417" lon="4.39631833"><ele>749.0</ele><time>2026-07-28T16:54:40.313Z</time></trkpt><trkpt lat="46.134185" lon="4.39632833"><ele>749.0</ele><time>2026-07-28T16:54:41.313Z</time></trkpt><trkpt lat="46.13419833" lon="4.396335"><ele>749.0</ele><time>2026-07-28T16:54:42.313Z</time></trkpt><trkpt lat="46.13420833" lon="4.39634"><ele>750.0</ele><time>2026-07-28T16:54:43.313Z</time></trkpt><trkpt lat="46.13421833" lon="4.39634167"><ele>750.0</ele><time>2026-07-28T16:54:44.313Z</time></trkpt><trkpt lat="46.13422667" lon="4.39634833"><ele>751.0</ele><time>2026-07-28T16:54:45.313Z</time></trkpt><trkpt lat="46.13423833" lon="4.396355"><ele>751.0</ele><time>2026-07-28T16:54:46.313Z</time></trkpt><trkpt lat="46.13424833" lon="4.396365"><ele>751.0</ele><time>2026-07-28T16:54:47.313Z</time></trkpt><trkpt lat="46.13425667" lon="4.39637"><ele>751.0</ele><time>2026-07-28T16:54:48.313Z</time></trkpt><trkpt lat="46.13426833" lon="4.39637833"><ele>751.0</ele><time>2026-07-28T16:54:49.313Z</time></trkpt><trkpt lat="46.13428" lon="4.39638667"><ele>752.0</ele><time>2026-07-28T16:54:50.313Z</time></trkpt><trkpt lat="46.134295" lon="4.39639333"><ele>752.0</ele><time>2026-07-28T16:54:51.313Z</time></trkpt><trkpt lat="46.13431" lon="4.3964"><ele>753.0</ele><time>2026-07-28T16:54:52.313Z</time></trkpt><trkpt lat="46.134325" lon="4.39640833"><ele>753.0</ele><time>2026-07-28T16:54:53.313Z</time></trkpt><trkpt lat="46.13434" lon="4.39641833"><ele>754.0</ele><time>2026-07-28T16:54:54.313Z</time></trkpt><trkpt lat="46.13435833" lon="4.39643"><ele>754.0</ele><time>2026-07-28T16:54:55.313Z</time></trkpt><trkpt lat="46.134375" lon="4.39644"><ele>755.0</ele><time>2026-07-28T16:54:56.313Z</time></trkpt><trkpt lat="46.13439" lon="4.39645"><ele>755.0</ele><time>2026-07-28T16:54:57.313Z</time></trkpt><trkpt lat="46.1344" lon="4.39645667"><ele>756.0</ele><time>2026-07-28T16:54:58.313Z</time></trkpt><trkpt lat="46.13441167" lon="4.39646333"><ele>756.0</ele><time>2026-07-28T16:54:59.313Z</time></trkpt><trkpt lat="46.13442667" lon="4.39646833"><ele>756.0</ele><time>2026-07-28T16:55:00.313Z</time></trkpt><trkpt lat="46.13444167" lon="4.39647333"><ele>756.0</ele><time>2026-07-28T16:55:01.313Z</time></trkpt><trkpt lat="46.13445667" lon="4.39647833"><ele>757.0</ele><time>2026-07-28T16:55:02.313Z</time></trkpt><trkpt lat="46.13447167" lon="4.39648667"><ele>757.0</ele><time>2026-07-28T16:55:03.313Z</time></trkpt><trkpt lat="46.13448667" lon="4.3965"><ele>757.0</ele><time>2026-07-28T16:55:04.313Z</time></trkpt><trkpt lat="46.134505" lon="4.39651"><ele>757.0</ele><time>2026-07-28T16:55:05.313Z</time></trkpt><trkpt lat="46.13452167" lon="4.39651833"><ele>757.0</ele><time>2026-07-28T16:55:06.313Z</time></trkpt><trkpt lat="46.13453667" lon="4.39652667"><ele>757.0</ele><time>2026-07-28T16:55:07.313Z</time></trkpt><trkpt lat="46.13455167" lon="4.39653667"><ele>757.0</ele><time>2026-07-28T16:55:08.313Z</time></trkpt><trkpt lat="46.13456667" lon="4.39654333"><ele>757.0</ele><time>2026-07-28T16:55:09.313Z</time></trkpt><trkpt lat="46.13458333" lon="4.39654833"><ele>757.0</ele><time>2026-07-28T16:55:10.313Z</time></trkpt><trkpt lat="46.13459833" lon="4.396555"><ele>757.0</ele><time>2026-07-28T16:55:11.313Z</time></trkpt><trkpt lat="46.134615" lon="4.39656333"><ele>757.0</ele><time>2026-07-28T16:55:12.313Z</time></trkpt><trkpt lat="46.13462833" lon="4.39657"><ele>757.0</ele><time>2026-07-28T16:55:13.313Z</time></trkpt><trkpt lat="46.13464333" lon="4.39657667"><ele>757.0</ele><time>2026-07-28T16:55:14.313Z</time></trkpt><trkpt lat="46.13465667" lon="4.396585"><ele>757.0</ele><time>2026-07-28T16:55:15.313Z</time></trkpt><trkpt lat="46.13467167" lon="4.39659333"><ele>757.0</ele><time>2026-07-28T16:55:16.313Z</time></trkpt><trkpt lat="46.13468833" lon="4.39660333"><ele>756.0</ele><time>2026-07-28T16:55:17.313Z</time></trkpt><trkpt lat="46.13470333" lon="4.39660833"><ele>756.0</ele><time>2026-07-28T16:55:18.313Z</time></trkpt><trkpt lat="46.13471333" lon="4.39661333"><ele>756.0</ele><time>2026-07-28T16:55:19.313Z</time></trkpt><trkpt lat="46.13472833" lon="4.396625"><ele>755.0</ele><time>2026-07-28T16:55:20.313Z</time></trkpt><trkpt lat="46.13474333" lon="4.39663333"><ele>755.0</ele><time>2026-07-28T16:55:21.313Z</time></trkpt><trkpt lat="46.13475667" lon="4.39663833"><ele>755.0</ele><time>2026-07-28T16:55:22.313Z</time></trkpt><trkpt lat="46.13477" lon="4.396645"><ele>755.0</ele><time>2026-07-28T16:55:23.313Z</time></trkpt><trkpt lat="46.134785" lon="4.39665333"><ele>755.0</ele><time>2026-07-28T16:55:24.313Z</time></trkpt><trkpt lat="46.1348" lon="4.39666333"><ele>755.0</ele><time>2026-07-28T16:55:25.313Z</time></trkpt><trkpt lat="46.13481333" lon="4.39667167"><ele>754.0</ele><time>2026-07-28T16:55:26.313Z</time></trkpt><trkpt lat="46.13483" lon="4.39668"><ele>754.0</ele><time>2026-07-28T16:55:27.313Z</time></trkpt><trkpt lat="46.134845" lon="4.39668667"><ele>754.0</ele><time>2026-07-28T16:55:28.313Z</time></trkpt><trkpt lat="46.13485667" lon="4.39669167"><ele>754.0</ele><time>2026-07-28T16:55:29.313Z</time></trkpt><trkpt lat="46.13487" lon="4.3967"><ele>755.0</ele><time>2026-07-28T16:55:30.313Z</time></trkpt><trkpt lat="46.13488333" lon="4.39670833"><ele>755.0</ele><time>2026-07-28T16:55:31.313Z</time></trkpt><trkpt lat="46.13489667" lon="4.39671667"><ele>755.0</ele><time>2026-07-28T16:55:32.313Z</time></trkpt><trkpt lat="46.13491" lon="4.39672333"><ele>756.0</ele><time>2026-07-28T16:55:33.313Z</time></trkpt><trkpt lat="46.13492167" lon="4.39672833"><ele>756.0</ele><time>2026-07-28T16:55:34.313Z</time></trkpt><trkpt lat="46.13494333" lon="4.39674"><ele>757.0</ele><time>2026-07-28T16:55:35.313Z</time></trkpt><trkpt lat="46.13495833" lon="4.39675"><ele>757.0</ele><time>2026-07-28T16:55:36.313Z</time></trkpt><trkpt lat="46.134975" lon="4.396755"><ele>757.0</ele><time>2026-07-28T16:55:37.313Z</time></trkpt><trkpt lat="46.13499167" lon="4.39676"><ele>758.0</ele><time>2026-07-28T16:55:38.313Z</time></trkpt><trkpt lat="46.13501" lon="4.39676333"><ele>759.0</ele><time>2026-07-28T16:55:39.313Z</time></trkpt><trkpt lat="46.13503" lon="4.39677"><ele>760.0</ele><time>2026-07-28T16:55:40.313Z</time></trkpt><trkpt lat="46.13504833" lon="4.39677667"><ele>760.0</ele><time>2026-07-28T16:55:41.313Z</time></trkpt><trkpt lat="46.13506167" lon="4.39677833"><ele>760.0</ele><time>2026-07-28T16:55:42.313Z</time></trkpt><trkpt lat="46.13507833" lon="4.39678167"><ele>761.0</ele><time>2026-07-28T16:55:43.313Z</time></trkpt><trkpt lat="46.13509833" lon="4.39679"><ele>761.0</ele><time>2026-07-28T16:55:44.313Z</time></trkpt><trkpt lat="46.135115" lon="4.39679667"><ele>761.0</ele><time>2026-07-28T16:55:45.313Z</time></trkpt><trkpt lat="46.13513167" lon="4.396805"><ele>762.0</ele><time>2026-07-28T16:55:46.313Z</time></trkpt><trkpt lat="46.13514667" lon="4.39681167"><ele>762.0</ele><time>2026-07-28T16:55:47.313Z</time></trkpt><trkpt lat="46.135165" lon="4.39682"><ele>762.0</ele><time>2026-07-28T16:55:48.313Z</time></trkpt><trkpt lat="46.135175" lon="4.396825"><ele>763.0</ele><time>2026-07-28T16:55:49.313Z</time></trkpt><trkpt lat="46.135185" lon="4.39683333"><ele>764.0</ele><time>2026-07-28T16:55:50.313Z</time></trkpt><trkpt lat="46.13518667" lon="4.39685"><ele>764.0</ele><time>2026-07-28T16:55:51.313Z</time></trkpt><trkpt lat="46.13519333" lon="4.39686667"><ele>764.0</ele><time>2026-07-28T16:55:52.313Z</time></trkpt><trkpt lat="46.135205" lon="4.39688167"><ele>765.0</ele><time>2026-07-28T16:55:53.313Z</time></trkpt><trkpt lat="46.13521" lon="4.39689333"><ele>765.0</ele><time>2026-07-28T16:55:54.313Z</time></trkpt><trkpt lat="46.13521167" lon="4.39690833"><ele>765.0</ele><time>2026-07-28T16:55:55.313Z</time></trkpt><trkpt lat="46.13521667" lon="4.39691667"><ele>765.0</ele><time>2026-07-28T16:55:56.313Z</time></trkpt><trkpt lat="46.13523833" lon="4.39692833"><ele>765.0</ele><time>2026-07-28T16:55:57.313Z</time></trkpt><trkpt lat="46.13526333" lon="4.39692833"><ele>765.0</ele><time>2026-07-28T16:55:58.313Z</time></trkpt><trkpt lat="46.13528167" lon="4.39693167"><ele>765.0</ele><time>2026-07-28T16:55:59.313Z</time></trkpt><trkpt lat="46.13530167" lon="4.39693833"><ele>765.0</ele><time>2026-07-28T16:56:00.313Z</time></trkpt><trkpt lat="46.13532" lon="4.396945"><ele>765.0</ele><time>2026-07-28T16:56:01.313Z</time></trkpt><trkpt lat="46.13533167" lon="4.39695167"><ele>766.0</ele><time>2026-07-28T16:56:02.313Z</time></trkpt><trkpt lat="46.135345" lon="4.396965"><ele>766.0</ele><time>2026-07-28T16:56:03.313Z</time></trkpt><trkpt lat="46.13535667" lon="4.39697333"><ele>766.0</ele><time>2026-07-28T16:56:04.313Z</time></trkpt><trkpt lat="46.135375" lon="4.39698167"><ele>767.0</ele><time>2026-07-28T16:56:05.313Z</time></trkpt><trkpt lat="46.135395" lon="4.39698667"><ele>767.0</ele><time>2026-07-28T16:56:06.313Z</time></trkpt><trkpt lat="46.13540167" lon="4.397"><ele>768.0</ele><time>2026-07-28T16:56:07.313Z</time></trkpt><trkpt lat="46.13541" lon="4.39701167"><ele>768.0</ele><time>2026-07-28T16:56:08.313Z</time></trkpt><trkpt lat="46.135425" lon="4.39701833"><ele>769.0</ele><time>2026-07-28T16:56:09.313Z</time></trkpt><trkpt lat="46.13544333" lon="4.39702333"><ele>769.0</ele><time>2026-07-28T16:56:10.313Z</time></trkpt><trkpt lat="46.13545667" lon="4.397035"><ele>770.0</ele><time>2026-07-28T16:56:11.313Z</time></trkpt><trkpt lat="46.13547167" lon="4.397045"><ele>770.0</ele><time>2026-07-28T16:56:12.313Z</time></trkpt><trkpt lat="46.13548833" lon="4.39705333"><ele>770.0</ele><time>2026-07-28T16:56:13.313Z</time></trkpt><trkpt lat="46.135505" lon="4.39706333"><ele>770.0</ele><time>2026-07-28T16:56:14.313Z</time></trkpt><trkpt lat="46.13551667" lon="4.39707333"><ele>770.0</ele><time>2026-07-28T16:56:15.313Z</time></trkpt><trkpt lat="46.13552833" lon="4.397085"><ele>770.0</ele><time>2026-07-28T16:56:16.313Z</time></trkpt><trkpt lat="46.13553833" lon="4.39709833"><ele>770.0</ele><time>2026-07-28T16:56:17.313Z</time></trkpt><trkpt lat="46.13555" lon="4.39711167"><ele>770.0</ele><time>2026-07-28T16:56:18.313Z</time></trkpt><trkpt lat="46.13556167" lon="4.397125"><ele>770.0</ele><time>2026-07-28T16:56:19.313Z</time></trkpt><trkpt lat="46.13557667" lon="4.39714167"><ele>769.0</ele><time>2026-07-28T16:56:20.313Z</time></trkpt><trkpt lat="46.135585" lon="4.39715167"><ele>769.0</ele><time>2026-07-28T16:56:21.313Z</time></trkpt><trkpt lat="46.135595" lon="4.39716333"><ele>769.0</ele><time>2026-07-28T16:56:22.313Z</time></trkpt><trkpt lat="46.13560667" lon="4.39717667"><ele>769.0</ele><time>2026-07-28T16:56:23.313Z</time></trkpt><trkpt lat="46.13561833" lon="4.39718833"><ele>769.0</ele><time>2026-07-28T16:56:24.313Z</time></trkpt><trkpt lat="46.13563167" lon="4.39720333"><ele>769.0</ele><time>2026-07-28T16:56:25.313Z</time></trkpt><trkpt lat="46.13564333" lon="4.39721667"><ele>769.0</ele><time>2026-07-28T16:56:26.313Z</time></trkpt><trkpt lat="46.13565333" lon="4.39723333"><ele>769.0</ele><time>2026-07-28T16:56:27.313Z</time></trkpt><trkpt lat="46.135665" lon="4.39725"><ele>770.0</ele><time>2026-07-28T16:56:28.313Z</time></trkpt><trkpt lat="46.13567833" lon="4.397265"><ele>770.0</ele><time>2026-07-28T16:56:29.313Z</time></trkpt><trkpt lat="46.13569167" lon="4.39728167"><ele>770.0</ele><time>2026-07-28T16:56:30.313Z</time></trkpt><trkpt lat="46.135705" lon="4.39729667"><ele>770.0</ele><time>2026-07-28T16:56:31.313Z</time></trkpt><trkpt lat="46.13571833" lon="4.39731333"><ele>770.0</ele><time>2026-07-28T16:56:32.313Z</time></trkpt><trkpt lat="46.13573167" lon="4.39732667"><ele>770.0</ele><time>2026-07-28T16:56:33.313Z</time></trkpt><trkpt lat="46.13574167" lon="4.39734333"><ele>770.0</ele><time>2026-07-28T16:56:34.313Z</time></trkpt><trkpt lat="46.135755" lon="4.39735833"><ele>770.0</ele><time>2026-07-28T16:56:35.313Z</time></trkpt><trkpt lat="46.135765" lon="4.39737333"><ele>770.0</ele><time>2026-07-28T16:56:36.313Z</time></trkpt><trkpt lat="46.13577667" lon="4.39738833"><ele>770.0</ele><time>2026-07-28T16:56:37.313Z</time></trkpt><trkpt lat="46.13578833" lon="4.39740167"><ele>770.0</ele><time>2026-07-28T16:56:38.313Z</time></trkpt><trkpt lat="46.13579833" lon="4.397415"><ele>770.0</ele><time>2026-07-28T16:56:39.313Z</time></trkpt><trkpt lat="46.13580667" lon="4.39742833"><ele>770.0</ele><time>2026-07-28T16:56:40.313Z</time></trkpt><trkpt lat="46.13581333" lon="4.39744"><ele>770.0</ele><time>2026-07-28T16:56:41.313Z</time></trkpt><trkpt lat="46.13582333" lon="4.39745"><ele>770.0</ele><time>2026-07-28T16:56:42.313Z</time></trkpt><trkpt lat="46.13583167" lon="4.39746333"><ele>770.0</ele><time>2026-07-28T16:56:43.313Z</time></trkpt><trkpt lat="46.13584167" lon="4.397475"><ele>770.0</ele><time>2026-07-28T16:56:44.313Z</time></trkpt><trkpt lat="46.13585" lon="4.39748667"><ele>769.0</ele><time>2026-07-28T16:56:45.313Z</time></trkpt><trkpt lat="46.13585667" lon="4.39750167"><ele>769.0</ele><time>2026-07-28T16:56:46.313Z</time></trkpt><trkpt lat="46.135865" lon="4.39751667"><ele>769.0</ele><time>2026-07-28T16:56:47.313Z</time></trkpt><trkpt lat="46.13587333" lon="4.39753"><ele>769.0</ele><time>2026-07-28T16:56:48.313Z</time></trkpt><trkpt lat="46.13588667" lon="4.39754833"><ele>769.0</ele><time>2026-07-28T16:56:49.313Z</time></trkpt><trkpt lat="46.1359" lon="4.39756167"><ele>770.0</ele><time>2026-07-28T16:56:50.313Z</time></trkpt><trkpt lat="46.13591" lon="4.39757333"><ele>770.0</ele><time>2026-07-28T16:56:51.313Z</time></trkpt><trkpt lat="46.13592" lon="4.397585"><ele>770.0</ele><time>2026-07-28T16:56:52.313Z</time></trkpt><trkpt lat="46.13593333" lon="4.39760333"><ele>771.0</ele><time>2026-07-28T16:56:53.313Z</time></trkpt><trkpt lat="46.13594667" lon="4.39761667"><ele>771.0</ele><time>2026-07-28T16:56:54.313Z</time></trkpt><trkpt lat="46.13596" lon="4.39763333"><ele>771.0</ele><time>2026-07-28T16:56:55.313Z</time></trkpt><trkpt lat="46.13597167" lon="4.39764833"><ele>771.0</ele><time>2026-07-28T16:56:56.313Z</time></trkpt><trkpt lat="46.135985" lon="4.397665"><ele>772.0</ele><time>2026-07-28T16:56:57.313Z</time></trkpt><trkpt lat="46.13599833" lon="4.39767667"><ele>771.0</ele><time>2026-07-28T16:56:58.313Z</time></trkpt><trkpt lat="46.13600833" lon="4.39769"><ele>772.0</ele><time>2026-07-28T16:56:59.313Z</time></trkpt><trkpt lat="46.13602" lon="4.39770167"><ele>772.0</ele><time>2026-07-28T16:57:00.313Z</time></trkpt><trkpt lat="46.13603167" lon="4.39771333"><ele>772.0</ele><time>2026-07-28T16:57:01.313Z</time></trkpt><trkpt lat="46.13604167" lon="4.397725"><ele>773.0</ele><time>2026-07-28T16:57:02.313Z</time></trkpt><trkpt lat="46.13605" lon="4.39773833"><ele>773.0</ele><time>2026-07-28T16:57:03.313Z</time></trkpt><trkpt lat="46.13605833" lon="4.39775333"><ele>773.0</ele><time>2026-07-28T16:57:04.313Z</time></trkpt><trkpt lat="46.13607" lon="4.39776833"><ele>773.0</ele><time>2026-07-28T16:57:05.313Z</time></trkpt><trkpt lat="46.13608167" lon="4.39778167"><ele>773.0</ele><time>2026-07-28T16:57:06.313Z</time></trkpt><trkpt lat="46.13609167" lon="4.3978"><ele>773.0</ele><time>2026-07-28T16:57:07.313Z</time></trkpt><trkpt lat="46.13610333" lon="4.39781667"><ele>773.0</ele><time>2026-07-28T16:57:08.313Z</time></trkpt><trkpt lat="46.13611167" lon="4.39783667"><ele>773.0</ele><time>2026-07-28T16:57:09.313Z</time></trkpt><trkpt lat="46.13612" lon="4.397855"><ele>773.0</ele><time>2026-07-28T16:57:10.313Z</time></trkpt><trkpt lat="46.13613" lon="4.397875"><ele>773.0</ele><time>2026-07-28T16:57:11.313Z</time></trkpt><trkpt lat="46.13613667" lon="4.39789333"><ele>773.0</ele><time>2026-07-28T16:57:12.313Z</time></trkpt><trkpt lat="46.13614667" lon="4.39791"><ele>773.0</ele><time>2026-07-28T16:57:13.313Z</time></trkpt><trkpt lat="46.136155" lon="4.39792833"><ele>773.0</ele><time>2026-07-28T16:57:14.313Z</time></trkpt><trkpt lat="46.13616333" lon="4.39794833"><ele>773.0</ele><time>2026-07-28T16:57:15.313Z</time></trkpt><trkpt lat="46.13617167" lon="4.39796667"><ele>773.0</ele><time>2026-07-28T16:57:16.313Z</time></trkpt><trkpt lat="46.13618" lon="4.39798"><ele>773.0</ele><time>2026-07-28T16:57:17.313Z</time></trkpt><trkpt lat="46.13619" lon="4.398"><ele>773.0</ele><time>2026-07-28T16:57:18.313Z</time></trkpt><trkpt lat="46.13619667" lon="4.398015"><ele>773.0</ele><time>2026-07-28T16:57:19.313Z</time></trkpt><trkpt lat="46.13620667" lon="4.39803"><ele>773.0</ele><time>2026-07-28T16:57:20.313Z</time></trkpt><trkpt lat="46.13621667" lon="4.398055"><ele>773.0</ele><time>2026-07-28T16:57:21.313Z</time></trkpt><trkpt lat="46.13622333" lon="4.39807167"><ele>774.0</ele><time>2026-07-28T16:57:22.313Z</time></trkpt><trkpt lat="46.13623167" lon="4.39809167"><ele>774.0</ele><time>2026-07-28T16:57:23.313Z</time></trkpt><trkpt lat="46.13624167" lon="4.39811167"><ele>774.0</ele><time>2026-07-28T16:57:24.313Z</time></trkpt><trkpt lat="46.13625" lon="4.39813"><ele>774.0</ele><time>2026-07-28T16:57:25.313Z</time></trkpt><trkpt lat="46.13625833" lon="4.39814833"><ele>774.0</ele><time>2026-07-28T16:57:26.313Z</time></trkpt><trkpt lat="46.13626833" lon="4.39817333"><ele>774.0</ele><time>2026-07-28T16:57:27.313Z</time></trkpt><trkpt lat="46.136275" lon="4.39818833"><ele>774.0</ele><time>2026-07-28T16:57:28.313Z</time></trkpt><trkpt lat="46.136285" lon="4.398205"><ele>774.0</ele><time>2026-07-28T16:57:29.313Z</time></trkpt><trkpt lat="46.13629667" lon="4.39822"><ele>775.0</ele><time>2026-07-28T16:57:30.313Z</time></trkpt><trkpt lat="46.13630667" lon="4.39823667"><ele>775.0</ele><time>2026-07-28T16:57:31.313Z</time></trkpt><trkpt lat="46.13631667" lon="4.39825667"><ele>776.0</ele><time>2026-07-28T16:57:32.313Z</time></trkpt><trkpt lat="46.13632167" lon="4.39827"><ele>776.0</ele><time>2026-07-28T16:57:33.313Z</time></trkpt><trkpt lat="46.13633" lon="4.398285"><ele>776.0</ele><time>2026-07-28T16:57:34.313Z</time></trkpt><trkpt lat="46.13633833" lon="4.39829833"><ele>776.0</ele><time>2026-07-28T16:57:35.313Z</time></trkpt><trkpt lat="46.13634833" lon="4.39831167"><ele>776.0</ele><time>2026-07-28T16:57:36.313Z</time></trkpt><trkpt lat="46.13635833" lon="4.39832667"><ele>776.0</ele><time>2026-07-28T16:57:37.313Z</time></trkpt><trkpt lat="46.13636667" lon="4.39834167"><ele>777.0</ele><time>2026-07-28T16:57:38.313Z</time></trkpt><trkpt lat="46.13637833" lon="4.39835833"><ele>777.0</ele><time>2026-07-28T16:57:39.313Z</time></trkpt><trkpt lat="46.13639" lon="4.398375"><ele>778.0</ele><time>2026-07-28T16:57:40.313Z</time></trkpt><trkpt lat="46.13640167" lon="4.39839167"><ele>778.0</ele><time>2026-07-28T16:57:41.313Z</time></trkpt><trkpt lat="46.136415" lon="4.39841"><ele>779.0</ele><time>2026-07-28T16:57:42.313Z</time></trkpt><trkpt lat="46.136425" lon="4.39842333"><ele>779.0</ele><time>2026-07-28T16:57:43.313Z</time></trkpt><trkpt lat="46.13643833" lon="4.39844333"><ele>780.0</ele><time>2026-07-28T16:57:44.313Z</time></trkpt><trkpt lat="46.13644667" lon="4.39845667"><ele>780.0</ele><time>2026-07-28T16:57:45.313Z</time></trkpt><trkpt lat="46.13645667" lon="4.39847333"><ele>780.0</ele><time>2026-07-28T16:57:46.313Z</time></trkpt><trkpt lat="46.136465" lon="4.39849167"><ele>780.0</ele><time>2026-07-28T16:57:47.313Z</time></trkpt><trkpt lat="46.13647333" lon="4.39851"><ele>779.0</ele><time>2026-07-28T16:57:48.313Z</time></trkpt><trkpt lat="46.13648" lon="4.398525"><ele>779.0</ele><time>2026-07-28T16:57:49.313Z</time></trkpt><trkpt lat="46.13648833" lon="4.39854167"><ele>779.0</ele><time>2026-07-28T16:57:50.313Z</time></trkpt><trkpt lat="46.13649833" lon="4.398555"><ele>779.0</ele><time>2026-07-28T16:57:51.313Z</time></trkpt><trkpt lat="46.13650667" lon="4.39856833"><ele>779.0</ele><time>2026-07-28T16:57:52.313Z</time></trkpt><trkpt lat="46.13651333" lon="4.39858333"><ele>778.0</ele><time>2026-07-28T16:57:53.313Z</time></trkpt><trkpt lat="46.136525" lon="4.39859667"><ele>778.0</ele><time>2026-07-28T16:57:54.313Z</time></trkpt><trkpt lat="46.136535" lon="4.39861167"><ele>778.0</ele><time>2026-07-28T16:57:55.313Z</time></trkpt><trkpt lat="46.13654667" lon="4.39862833"><ele>778.0</ele><time>2026-07-28T16:57:56.313Z</time></trkpt><trkpt lat="46.136555" lon="4.39864833"><ele>778.0</ele><time>2026-07-28T16:57:57.313Z</time></trkpt><trkpt lat="46.136565" lon="4.39866667"><ele>778.0</ele><time>2026-07-28T16:57:58.313Z</time></trkpt><trkpt lat="46.13657333" lon="4.39868833"><ele>779.0</ele><time>2026-07-28T16:57:59.313Z</time></trkpt><trkpt lat="46.13658333" lon="4.398705"><ele>779.0</ele><time>2026-07-28T16:58:00.313Z</time></trkpt><trkpt lat="46.136595" lon="4.39872333"><ele>779.0</ele><time>2026-07-28T16:58:01.313Z</time></trkpt><trkpt lat="46.13661167" lon="4.39875167"><ele>778.0</ele><time>2026-07-28T16:58:02.313Z</time></trkpt><trkpt lat="46.13662" lon="4.39877667"><ele>778.0</ele><time>2026-07-28T16:58:03.313Z</time></trkpt><trkpt lat="46.13663167" lon="4.39880167"><ele>778.0</ele><time>2026-07-28T16:58:04.313Z</time></trkpt><trkpt lat="46.136635" lon="4.39882333"><ele>778.0</ele><time>2026-07-28T16:58:05.313Z</time></trkpt><trkpt lat="46.13664167" lon="4.39884167"><ele>778.0</ele><time>2026-07-28T16:58:06.313Z</time></trkpt><trkpt lat="46.13665" lon="4.39885833"><ele>778.0</ele><time>2026-07-28T16:58:07.313Z</time></trkpt><trkpt lat="46.13666" lon="4.39887167"><ele>778.0</ele><time>2026-07-28T16:58:08.313Z</time></trkpt><trkpt lat="46.13666667" lon="4.39888833"><ele>778.0</ele><time>2026-07-28T16:58:09.313Z</time></trkpt><trkpt lat="46.13667" lon="4.39889833"><ele>778.0</ele><time>2026-07-28T16:58:10.313Z</time></trkpt><trkpt lat="46.136675" lon="4.398915"><ele>778.0</ele><time>2026-07-28T16:58:11.313Z</time></trkpt><trkpt lat="46.136685" lon="4.39893167"><ele>778.0</ele><time>2026-07-28T16:58:12.313Z</time></trkpt><trkpt lat="46.136695" lon="4.39894833"><ele>778.0</ele><time>2026-07-28T16:58:13.313Z</time></trkpt><trkpt lat="46.13670333" lon="4.398965"><ele>777.0</ele><time>2026-07-28T16:58:14.313Z</time></trkpt><trkpt lat="46.13671333" lon="4.39897833"><ele>777.0</ele><time>2026-07-28T16:58:15.313Z</time></trkpt><trkpt lat="46.136715" lon="4.39898667"><ele>777.0</ele><time>2026-07-28T16:58:16.313Z</time></trkpt><trkpt lat="46.13672" lon="4.398995"><ele>778.0</ele><time>2026-07-28T16:58:17.313Z</time></trkpt><trkpt lat="46.13673" lon="4.39900333"><ele>778.0</ele><time>2026-07-28T16:58:18.313Z</time></trkpt><trkpt lat="46.13673667" lon="4.39901333"><ele>778.0</ele><time>2026-07-28T16:58:19.313Z</time></trkpt><trkpt lat="46.13674667" lon="4.39902833"><ele>778.0</ele><time>2026-07-28T16:58:20.313Z</time></trkpt><trkpt lat="46.13675667" lon="4.399045"><ele>779.0</ele><time>2026-07-28T16:58:21.313Z</time></trkpt><trkpt lat="46.13676333" lon="4.39906"><ele>779.0</ele><time>2026-07-28T16:58:22.313Z</time></trkpt><trkpt lat="46.13676833" lon="4.39907333"><ele>780.0</ele><time>2026-07-28T16:58:23.313Z</time></trkpt><trkpt lat="46.13677333" lon="4.39908"><ele>780.0</ele><time>2026-07-28T16:58:24.313Z</time></trkpt><trkpt lat="46.13678333" lon="4.39908667"><ele>780.0</ele><time>2026-07-28T16:58:25.313Z</time></trkpt><trkpt lat="46.136795" lon="4.39909667"><ele>780.0</ele><time>2026-07-28T16:58:26.313Z</time></trkpt><trkpt lat="46.13680833" lon="4.39911167"><ele>779.0</ele><time>2026-07-28T16:58:27.313Z</time></trkpt><trkpt lat="46.13682167" lon="4.399125"><ele>779.0</ele><time>2026-07-28T16:58:28.313Z</time></trkpt><trkpt lat="46.13683667" lon="4.39913667"><ele>779.0</ele><time>2026-07-28T16:58:29.313Z</time></trkpt><trkpt lat="46.13685167" lon="4.39915667"><ele>778.0</ele><time>2026-07-28T16:58:30.313Z</time></trkpt><trkpt lat="46.136865" lon="4.399175"><ele>778.0</ele><time>2026-07-28T16:58:31.313Z</time></trkpt><trkpt lat="46.13687667" lon="4.39919333"><ele>778.0</ele><time>2026-07-28T16:58:32.313Z</time></trkpt><trkpt lat="46.13688833" lon="4.39921"><ele>779.0</ele><time>2026-07-28T16:58:33.313Z</time></trkpt><trkpt lat="46.13689833" lon="4.399225"><ele>779.0</ele><time>2026-07-28T16:58:34.313Z</time></trkpt><trkpt lat="46.136905" lon="4.39924"><ele>779.0</ele><time>2026-07-28T16:58:35.313Z</time></trkpt><trkpt lat="46.13691" lon="4.39925167"><ele>779.0</ele><time>2026-07-28T16:58:36.313Z</time></trkpt><trkpt lat="46.136915" lon="4.39926167"><ele>780.0</ele><time>2026-07-28T16:58:37.313Z</time></trkpt><trkpt lat="46.13692" lon="4.39927333"><ele>780.0</ele><time>2026-07-28T16:58:38.313Z</time></trkpt><trkpt lat="46.13692667" lon="4.39928667"><ele>780.0</ele><time>2026-07-28T16:58:39.313Z</time></trkpt><trkpt lat="46.13693333" lon="4.39929833"><ele>780.0</ele><time>2026-07-28T16:58:40.313Z</time></trkpt><trkpt lat="46.13694167" lon="4.39931"><ele>780.0</ele><time>2026-07-28T16:58:41.313Z</time></trkpt><trkpt lat="46.13695167" lon="4.39931833"><ele>780.0</ele><time>2026-07-28T16:58:42.313Z</time></trkpt><trkpt lat="46.13696167" lon="4.39932667"><ele>781.0</ele><time>2026-07-28T16:58:43.313Z</time></trkpt><trkpt lat="46.13697167" lon="4.39933833"><ele>781.0</ele><time>2026-07-28T16:58:44.313Z</time></trkpt><trkpt lat="46.13699167" lon="4.39935667"><ele>781.0</ele><time>2026-07-28T16:58:45.313Z</time></trkpt><trkpt lat="46.13700333" lon="4.399375"><ele>781.0</ele><time>2026-07-28T16:58:46.313Z</time></trkpt><trkpt lat="46.13701167" lon="4.399385"><ele>781.0</ele><time>2026-07-28T16:58:47.313Z</time></trkpt><trkpt lat="46.13702" lon="4.39939667"><ele>781.0</ele><time>2026-07-28T16:58:48.313Z</time></trkpt><trkpt lat="46.13703" lon="4.39941167"><ele>781.0</ele><time>2026-07-28T16:58:49.313Z</time></trkpt><trkpt lat="46.13703667" lon="4.39942333"><ele>782.0</ele><time>2026-07-28T16:58:50.313Z</time></trkpt><trkpt lat="46.13704667" lon="4.39943833"><ele>782.0</ele><time>2026-07-28T16:58:51.313Z</time></trkpt><trkpt lat="46.13705667" lon="4.39945333"><ele>783.0</ele><time>2026-07-28T16:58:52.313Z</time></trkpt><trkpt lat="46.13707" lon="4.39946667"><ele>783.0</ele><time>2026-07-28T16:58:53.313Z</time></trkpt><trkpt lat="46.137085" lon="4.39947833"><ele>783.0</ele><time>2026-07-28T16:58:54.313Z</time></trkpt><trkpt lat="46.13709833" lon="4.39949"><ele>783.0</ele><time>2026-07-28T16:58:55.313Z</time></trkpt><trkpt lat="46.13711333" lon="4.3995"><ele>783.0</ele><time>2026-07-28T16:58:56.313Z</time></trkpt><trkpt lat="46.13712833" lon="4.39951833"><ele>784.0</ele><time>2026-07-28T16:58:57.313Z</time></trkpt><trkpt lat="46.13714333" lon="4.39953167"><ele>784.0</ele><time>2026-07-28T16:58:58.313Z</time></trkpt><trkpt lat="46.13716" lon="4.399545"><ele>784.0</ele><time>2026-07-28T16:58:59.313Z</time></trkpt><trkpt lat="46.13718167" lon="4.39956167"><ele>785.0</ele><time>2026-07-28T16:59:00.313Z</time></trkpt><trkpt lat="46.13720167" lon="4.39957667"><ele>785.0</ele><time>2026-07-28T16:59:01.313Z</time></trkpt><trkpt lat="46.137215" lon="4.39959667"><ele>785.0</ele><time>2026-07-28T16:59:02.313Z</time></trkpt><trkpt lat="46.13722833" lon="4.39961"><ele>785.0</ele><time>2026-07-28T16:59:03.313Z</time></trkpt><trkpt lat="46.137245" lon="4.39962667"><ele>785.0</ele><time>2026-07-28T16:59:04.313Z</time></trkpt><trkpt lat="46.13726333" lon="4.39965"><ele>786.0</ele><time>2026-07-28T16:59:05.313Z</time></trkpt><trkpt lat="46.13727167" lon="4.39966"><ele>786.0</ele><time>2026-07-28T16:59:06.313Z</time></trkpt><trkpt lat="46.13728833" lon="4.399675"><ele>786.0</ele><time>2026-07-28T16:59:07.313Z</time></trkpt><trkpt lat="46.1373" lon="4.39968667"><ele>786.0</ele><time>2026-07-28T16:59:08.313Z</time></trkpt><trkpt lat="46.13731333" lon="4.3997"><ele>786.0</ele><time>2026-07-28T16:59:09.313Z</time></trkpt><trkpt lat="46.13732333" lon="4.39971167"><ele>787.0</ele><time>2026-07-28T16:59:10.313Z</time></trkpt><trkpt lat="46.137335" lon="4.399725"><ele>787.0</ele><time>2026-07-28T16:59:11.313Z</time></trkpt><trkpt lat="46.137345" lon="4.39973667"><ele>787.0</ele><time>2026-07-28T16:59:12.313Z</time></trkpt><trkpt lat="46.13735833" lon="4.39974667"><ele>787.0</ele><time>2026-07-28T16:59:13.313Z</time></trkpt><trkpt lat="46.13737167" lon="4.399755"><ele>787.0</ele><time>2026-07-28T16:59:14.313Z</time></trkpt><trkpt lat="46.13738333" lon="4.39976"><ele>787.0</ele><time>2026-07-28T16:59:15.313Z</time></trkpt><trkpt lat="46.1374" lon="4.39977"><ele>788.0</ele><time>2026-07-28T16:59:16.313Z</time></trkpt><trkpt lat="46.137415" lon="4.399775"><ele>789.0</ele><time>2026-07-28T16:59:17.313Z</time></trkpt><trkpt lat="46.13743167" lon="4.39978333"><ele>789.0</ele><time>2026-07-28T16:59:18.313Z</time></trkpt><trkpt lat="46.137445" lon="4.39978333"><ele>790.0</ele><time>2026-07-28T16:59:19.313Z</time></trkpt><trkpt lat="46.13745833" lon="4.399785"><ele>790.0</ele><time>2026-07-28T16:59:20.313Z</time></trkpt><trkpt lat="46.13747333" lon="4.39979167"><ele>790.0</ele><time>2026-07-28T16:59:21.313Z</time></trkpt><trkpt lat="46.13749167" lon="4.3998"><ele>791.0</ele><time>2026-07-28T16:59:22.313Z</time></trkpt><trkpt lat="46.13750333" lon="4.399805"><ele>791.0</ele><time>2026-07-28T16:59:23.313Z</time></trkpt><trkpt lat="46.13751833" lon="4.39981167"><ele>792.0</ele><time>2026-07-28T16:59:24.313Z</time></trkpt><trkpt lat="46.13753" lon="4.39982"><ele>792.0</ele><time>2026-07-28T16:59:25.313Z</time></trkpt><trkpt lat="46.13754167" lon="4.399825"><ele>793.0</ele><time>2026-07-28T16:59:26.313Z</time></trkpt><trkpt lat="46.13756" lon="4.39982833"><ele>794.0</ele><time>2026-07-28T16:59:27.313Z</time></trkpt><trkpt lat="46.13757333" lon="4.39983333"><ele>795.0</ele><time>2026-07-28T16:59:28.313Z</time></trkpt><trkpt lat="46.13758167" lon="4.39984"><ele>796.0</ele><time>2026-07-28T16:59:29.313Z</time></trkpt><trkpt lat="46.13759333" lon="4.39985"><ele>796.0</ele><time>2026-07-28T16:59:30.313Z</time></trkpt><trkpt lat="46.13759667" lon="4.39986167"><ele>796.0</ele><time>2026-07-28T16:59:31.313Z</time></trkpt><trkpt lat="46.1376" lon="4.39988333"><ele>796.0</ele><time>2026-07-28T16:59:32.313Z</time></trkpt><trkpt lat="46.13760167" lon="4.39990333"><ele>796.0</ele><time>2026-07-28T16:59:33.313Z</time></trkpt><trkpt lat="46.13760167" lon="4.399925"><ele>796.0</ele><time>2026-07-28T16:59:34.313Z</time></trkpt><trkpt lat="46.13761" lon="4.39995833"><ele>796.0</ele><time>2026-07-28T16:59:35.313Z</time></trkpt><trkpt lat="46.13760333" lon="4.39998"><ele>795.0</ele><time>2026-07-28T16:59:36.313Z</time></trkpt><trkpt lat="46.137595" lon="4.40000167"><ele>795.0</ele><time>2026-07-28T16:59:37.313Z</time></trkpt><trkpt lat="46.137585" lon="4.40002333"><ele>795.0</ele><time>2026-07-28T16:59:38.313Z</time></trkpt><trkpt lat="46.13757833" lon="4.40004"><ele>795.0</ele><time>2026-07-28T16:59:39.313Z</time></trkpt><trkpt lat="46.13757" lon="4.40005333"><ele>795.0</ele><time>2026-07-28T16:59:40.313Z</time></trkpt><trkpt lat="46.137565" lon="4.40007"><ele>795.0</ele><time>2026-07-28T16:59:41.313Z</time></trkpt><trkpt lat="46.13756333" lon="4.40008667"><ele>796.0</ele><time>2026-07-28T16:59:42.313Z</time></trkpt><trkpt lat="46.13755833" lon="4.4001"><ele>796.0</ele><time>2026-07-28T16:59:43.313Z</time></trkpt><trkpt lat="46.13755333" lon="4.40011167"><ele>796.0</ele><time>2026-07-28T16:59:44.313Z</time></trkpt><trkpt lat="46.13754667" lon="4.400125"><ele>796.0</ele><time>2026-07-28T16:59:45.313Z</time></trkpt><trkpt lat="46.13753667" lon="4.40013833"><ele>796.0</ele><time>2026-07-28T16:59:46.313Z</time></trkpt><trkpt lat="46.13752667" lon="4.40015333"><ele>796.0</ele><time>2026-07-28T16:59:47.313Z</time></trkpt><trkpt lat="46.13752167" lon="4.40016667"><ele>795.0</ele><time>2026-07-28T16:59:48.313Z</time></trkpt><trkpt lat="46.137515" lon="4.40018"><ele>795.0</ele><time>2026-07-28T16:59:49.313Z</time></trkpt><trkpt lat="46.137505" lon="4.400195"><ele>795.0</ele><time>2026-07-28T16:59:50.313Z</time></trkpt><trkpt lat="46.1375" lon="4.40021333"><ele>795.0</ele><time>2026-07-28T16:59:51.313Z</time></trkpt><trkpt lat="46.13749333" lon="4.40022833"><ele>794.0</ele><time>2026-07-28T16:59:52.313Z</time></trkpt><trkpt lat="46.13748833" lon="4.40024833"><ele>794.0</ele><time>2026-07-28T16:59:53.313Z</time></trkpt><trkpt lat="46.13748" lon="4.40026333"><ele>794.0</ele><time>2026-07-28T16:59:54.313Z</time></trkpt><trkpt lat="46.137475" lon="4.40027667"><ele>794.0</ele><time>2026-07-28T16:59:55.313Z</time></trkpt><trkpt lat="46.13747167" lon="4.40029333"><ele>794.0</ele><time>2026-07-28T16:59:56.313Z</time></trkpt><trkpt lat="46.13746667" lon="4.40031167"><ele>794.0</ele><time>2026-07-28T16:59:57.313Z</time></trkpt><trkpt lat="46.13746167" lon="4.40032667"><ele>795.0</ele><time>2026-07-28T16:59:58.313Z</time></trkpt><trkpt lat="46.137455" lon="4.40034"><ele>794.0</ele><time>2026-07-28T16:59:59.313Z</time></trkpt><trkpt lat="46.13744833" lon="4.400355"><ele>794.0</ele><time>2026-07-28T17:00:00.313Z</time></trkpt><trkpt lat="46.13744333" lon="4.40036833"><ele>794.0</ele><time>2026-07-28T17:00:01.313Z</time></trkpt><trkpt lat="46.13743667" lon="4.40038333"><ele>795.0</ele><time>2026-07-28T17:00:02.313Z</time></trkpt><trkpt lat="46.13742833" lon="4.400395"><ele>795.0</ele><time>2026-07-28T17:00:03.313Z</time></trkpt><trkpt lat="46.13742" lon="4.40040667"><ele>795.0</ele><time>2026-07-28T17:00:04.313Z</time></trkpt><trkpt lat="46.13741167" lon="4.40041833"><ele>795.0</ele><time>2026-07-28T17:00:05.313Z</time></trkpt><trkpt lat="46.137405" lon="4.40043333"><ele>795.0</ele><time>2026-07-28T17:00:06.313Z</time></trkpt><trkpt lat="46.13739833" lon="4.40044667"><ele>795.0</ele><time>2026-07-28T17:00:07.313Z</time></trkpt><trkpt lat="46.13739333" lon="4.40045667"><ele>795.0</ele><time>2026-07-28T17:00:08.313Z</time></trkpt><trkpt lat="46.137385" lon="4.40047"><ele>795.0</ele><time>2026-07-28T17:00:09.313Z</time></trkpt><trkpt lat="46.13737667" lon="4.40048333"><ele>796.0</ele><time>2026-07-28T17:00:10.313Z</time></trkpt><trkpt lat="46.13736833" lon="4.40049833"><ele>796.0</ele><time>2026-07-28T17:00:11.313Z</time></trkpt><trkpt lat="46.137365" lon="4.40051333"><ele>797.0</ele><time>2026-07-28T17:00:12.313Z</time></trkpt><trkpt lat="46.13736" lon="4.40052833"><ele>797.0</ele><time>2026-07-28T17:00:13.313Z</time></trkpt><trkpt lat="46.13735667" lon="4.40055167"><ele>797.0</ele><time>2026-07-28T17:00:14.313Z</time></trkpt><trkpt lat="46.13735333" lon="4.400565"><ele>798.0</ele><time>2026-07-28T17:00:15.313Z</time></trkpt><trkpt lat="46.13735" lon="4.400575"><ele>798.0</ele><time>2026-07-28T17:00:16.313Z</time></trkpt><trkpt lat="46.13734667" lon="4.40058667"><ele>798.0</ele><time>2026-07-28T17:00:17.313Z</time></trkpt><trkpt lat="46.13734333" lon="4.400595"><ele>798.0</ele><time>2026-07-28T17:00:18.313Z</time></trkpt><trkpt lat="46.13733833" lon="4.40060333"><ele>799.0</ele><time>2026-07-28T17:00:19.313Z</time></trkpt><trkpt lat="46.13733333" lon="4.40061333"><ele>799.0</ele><time>2026-07-28T17:00:20.313Z</time></trkpt><trkpt lat="46.13732833" lon="4.40062333"><ele>799.0</ele><time>2026-07-28T17:00:21.313Z</time></trkpt><trkpt lat="46.13732" lon="4.400635"><ele>800.0</ele><time>2026-07-28T17:00:22.313Z</time></trkpt><trkpt lat="46.137315" lon="4.40064833"><ele>800.0</ele><time>2026-07-28T17:00:23.313Z</time></trkpt><trkpt lat="46.137305" lon="4.40066167"><ele>800.0</ele><time>2026-07-28T17:00:24.313Z</time></trkpt><trkpt lat="46.13729667" lon="4.40067167"><ele>801.0</ele><time>2026-07-28T17:00:25.313Z</time></trkpt><trkpt lat="46.13729" lon="4.40068333"><ele>801.0</ele><time>2026-07-28T17:00:26.313Z</time></trkpt><trkpt lat="46.13728" lon="4.40069667"><ele>802.0</ele><time>2026-07-28T17:00:27.313Z</time></trkpt><trkpt lat="46.13727667" lon="4.40069833"><ele>802.0</ele><time>2026-07-28T17:00:28.313Z</time></trkpt><trkpt lat="46.13727167" lon="4.40070167"><ele>802.0</ele><time>2026-07-28T17:00:29.313Z</time></trkpt><trkpt lat="46.13726167" lon="4.40070167"><ele>802.0</ele><time>2026-07-28T17:00:30.313Z</time></trkpt><trkpt lat="46.13724667" lon="4.40069667"><ele>802.0</ele><time>2026-07-28T17:00:31.313Z</time></trkpt><trkpt lat="46.13723667" lon="4.40069"><ele>803.0</ele><time>2026-07-28T17:00:32.313Z</time></trkpt><trkpt lat="46.13722167" lon="4.400685"><ele>803.0</ele><time>2026-07-28T17:00:33.313Z</time></trkpt><trkpt lat="46.13720833" lon="4.40067833"><ele>803.0</ele><time>2026-07-28T17:00:34.313Z</time></trkpt><trkpt lat="46.13719667" lon="4.40067667"><ele>804.0</ele><time>2026-07-28T17:00:35.313Z</time></trkpt><trkpt lat="46.13718667" lon="4.40067333"><ele>805.0</ele><time>2026-07-28T17:00:36.313Z</time></trkpt><trkpt lat="46.13717333" lon="4.40066833"><ele>805.0</ele><time>2026-07-28T17:00:37.313Z</time></trkpt><trkpt lat="46.13716" lon="4.40066167"><ele>806.0</ele><time>2026-07-28T17:00:38.313Z</time></trkpt><trkpt lat="46.13714667" lon="4.40065167"><ele>807.0</ele><time>2026-07-28T17:00:39.313Z</time></trkpt><trkpt lat="46.13713333" lon="4.40064333"><ele>807.0</ele><time>2026-07-28T17:00:40.313Z</time></trkpt><trkpt lat="46.13711667" lon="4.400635"><ele>808.0</ele><time>2026-07-28T17:00:41.313Z</time></trkpt><trkpt lat="46.13709833" lon="4.40062833"><ele>809.0</ele><time>2026-07-28T17:00:42.313Z</time></trkpt><trkpt lat="46.13707" lon="4.40062833"><ele>810.0</ele><time>2026-07-28T17:00:43.313Z</time></trkpt><trkpt lat="46.13705667" lon="4.40063"><ele>810.0</ele><time>2026-07-28T17:00:44.313Z</time></trkpt><trkpt lat="46.13704167" lon="4.40062167"><ele>811.0</ele><time>2026-07-28T17:00:45.313Z</time></trkpt><trkpt lat="46.13703167" lon="4.40062667"><ele>811.0</ele><time>2026-07-28T17:00:46.313Z</time></trkpt><trkpt lat="46.13702" lon="4.40063"><ele>812.0</ele><time>2026-07-28T17:00:47.313Z</time></trkpt><trkpt lat="46.13701333" lon="4.40063667"><ele>813.0</ele><time>2026-07-28T17:00:48.313Z</time></trkpt><trkpt lat="46.13700333" lon="4.40064"><ele>813.0</ele><time>2026-07-28T17:00:49.313Z</time></trkpt><trkpt lat="46.13699333" lon="4.40064"><ele>813.0</ele><time>2026-07-28T17:00:50.313Z</time></trkpt><trkpt lat="46.13697833" lon="4.40063833"><ele>813.0</ele><time>2026-07-28T17:00:51.313Z</time></trkpt><trkpt lat="46.13696" lon="4.40063833"><ele>813.0</ele><time>2026-07-28T17:00:52.313Z</time></trkpt><trkpt lat="46.13694167" lon="4.40063167"><ele>813.0</ele><time>2026-07-28T17:00:53.313Z</time></trkpt><trkpt lat="46.13692333" lon="4.400625"><ele>813.0</ele><time>2026-07-28T17:00:54.313Z</time></trkpt><trkpt lat="46.1369" lon="4.400625"><ele>813.0</ele><time>2026-07-28T17:00:55.313Z</time></trkpt><trkpt lat="46.136875" lon="4.40062667"><ele>813.0</ele><time>2026-07-28T17:00:56.313Z</time></trkpt><trkpt lat="46.13686" lon="4.400625"><ele>813.0</ele><time>2026-07-28T17:00:57.313Z</time></trkpt><trkpt lat="46.13684167" lon="4.40062333"><ele>813.0</ele><time>2026-07-28T17:00:58.313Z</time></trkpt><trkpt lat="46.13682833" lon="4.40062667"><ele>812.0</ele><time>2026-07-28T17:00:59.313Z</time></trkpt><trkpt lat="46.13681667" lon="4.40063167"><ele>812.0</ele><time>2026-07-28T17:01:00.313Z</time></trkpt><trkpt lat="46.136805" lon="4.40063667"><ele>811.0</ele><time>2026-07-28T17:01:01.313Z</time></trkpt><trkpt lat="46.13679333" lon="4.40064167"><ele>811.0</ele><time>2026-07-28T17:01:02.313Z</time></trkpt><trkpt lat="46.13678333" lon="4.40064667"><ele>811.0</ele><time>2026-07-28T17:01:03.313Z</time></trkpt><trkpt lat="46.13677167" lon="4.40065167"><ele>810.0</ele><time>2026-07-28T17:01:04.313Z</time></trkpt><trkpt lat="46.13675833" lon="4.40065667"><ele>810.0</ele><time>2026-07-28T17:01:05.313Z</time></trkpt><trkpt lat="46.13674333" lon="4.40066"><ele>810.0</ele><time>2026-07-28T17:01:06.313Z</time></trkpt><trkpt lat="46.13672833" lon="4.40066667"><ele>810.0</ele><time>2026-07-28T17:01:07.313Z</time></trkpt><trkpt lat="46.13671167" lon="4.40067333"><ele>810.0</ele><time>2026-07-28T17:01:08.313Z</time></trkpt><trkpt lat="46.136695" lon="4.40067833"><ele>810.0</ele><time>2026-07-28T17:01:09.313Z</time></trkpt><trkpt lat="46.136685" lon="4.40069667"><ele>810.0</ele><time>2026-07-28T17:01:10.313Z</time></trkpt><trkpt lat="46.13666667" lon="4.40070833"><ele>810.0</ele><time>2026-07-28T17:01:11.313Z</time></trkpt><trkpt lat="46.13664333" lon="4.400715"><ele>810.0</ele><time>2026-07-28T17:01:12.313Z</time></trkpt><trkpt lat="46.136625" lon="4.40071333"><ele>810.0</ele><time>2026-07-28T17:01:13.313Z</time></trkpt><trkpt lat="46.136605" lon="4.40070667"><ele>810.0</ele><time>2026-07-28T17:01:14.313Z</time></trkpt><trkpt lat="46.13658833" lon="4.40070833"><ele>810.0</ele><time>2026-07-28T17:01:15.313Z</time></trkpt><trkpt lat="46.13657" lon="4.40070333"><ele>811.0</ele><time>2026-07-28T17:01:16.313Z</time></trkpt><trkpt lat="46.13655667" lon="4.400705"><ele>812.0</ele><time>2026-07-28T17:01:17.313Z</time></trkpt><trkpt lat="46.13654667" lon="4.40071333"><ele>812.0</ele><time>2026-07-28T17:01:18.313Z</time></trkpt><trkpt lat="46.13653167" lon="4.40072167"><ele>812.0</ele><time>2026-07-28T17:01:19.313Z</time></trkpt><trkpt lat="46.13651667" lon="4.40072667"><ele>813.0</ele><time>2026-07-28T17:01:20.313Z</time></trkpt><trkpt lat="46.13650167" lon="4.40072333"><ele>813.0</ele><time>2026-07-28T17:01:21.313Z</time></trkpt><trkpt lat="46.13648833" lon="4.40072333"><ele>814.0</ele><time>2026-07-28T17:01:22.313Z</time></trkpt><trkpt lat="46.13647333" lon="4.400725"><ele>814.0</ele><time>2026-07-28T17:01:23.313Z</time></trkpt><trkpt lat="46.13645333" lon="4.40072167"><ele>814.0</ele><time>2026-07-28T17:01:24.313Z</time></trkpt><trkpt lat="46.13643667" lon="4.40071833"><ele>814.0</ele><time>2026-07-28T17:01:25.313Z</time></trkpt><trkpt lat="46.13642167" lon="4.400715"><ele>815.0</ele><time>2026-07-28T17:01:26.313Z</time></trkpt><trkpt lat="46.136405" lon="4.40071167"><ele>815.0</ele><time>2026-07-28T17:01:27.313Z</time></trkpt><trkpt lat="46.13638833" lon="4.40071333"><ele>815.0</ele><time>2026-07-28T17:01:28.313Z</time></trkpt><trkpt lat="46.13637333" lon="4.40071333"><ele>815.0</ele><time>2026-07-28T17:01:29.313Z</time></trkpt><trkpt lat="46.13636" lon="4.40071833"><ele>815.0</ele><time>2026-07-28T17:01:30.313Z</time></trkpt><trkpt lat="46.13634" lon="4.40071333"><ele>815.0</ele><time>2026-07-28T17:01:31.313Z</time></trkpt><trkpt lat="46.13632167" lon="4.40071833"><ele>815.0</ele><time>2026-07-28T17:01:32.313Z</time></trkpt><trkpt lat="46.13629833" lon="4.40073167"><ele>816.0</ele><time>2026-07-28T17:01:33.313Z</time></trkpt><trkpt lat="46.13628" lon="4.40074"><ele>816.0</ele><time>2026-07-28T17:01:34.313Z</time></trkpt><trkpt lat="46.13625833" lon="4.40073333"><ele>816.0</ele><time>2026-07-28T17:01:35.313Z</time></trkpt><trkpt lat="46.13623667" lon="4.40073833"><ele>816.0</ele><time>2026-07-28T17:01:36.313Z</time></trkpt><trkpt lat="46.13621667" lon="4.400745"><ele>816.0</ele><time>2026-07-28T17:01:37.313Z</time></trkpt><trkpt lat="46.13619833" lon="4.40075"><ele>816.0</ele><time>2026-07-28T17:01:38.313Z</time></trkpt><trkpt lat="46.13618667" lon="4.40075167"><ele>816.0</ele><time>2026-07-28T17:01:39.313Z</time></trkpt><trkpt lat="46.13617167" lon="4.40075333"><ele>817.0</ele><time>2026-07-28T17:01:40.313Z</time></trkpt><trkpt lat="46.13615667" lon="4.40075833"><ele>816.0</ele><time>2026-07-28T17:01:41.313Z</time></trkpt><trkpt lat="46.13613667" lon="4.40076833"><ele>816.0</ele><time>2026-07-28T17:01:42.313Z</time></trkpt><trkpt lat="46.13611833" lon="4.40079833"><ele>816.0</ele><time>2026-07-28T17:01:43.313Z</time></trkpt><trkpt lat="46.13609667" lon="4.40083167"><ele>816.0</ele><time>2026-07-28T17:01:44.313Z</time></trkpt><trkpt lat="46.136075" lon="4.40086"><ele>816.0</ele><time>2026-07-28T17:01:45.313Z</time></trkpt><trkpt lat="46.13606" lon="4.40089167"><ele>816.0</ele><time>2026-07-28T17:01:46.313Z</time></trkpt><trkpt lat="46.13605167" lon="4.40088333"><ele>816.0</ele><time>2026-07-28T17:01:47.313Z</time></trkpt><trkpt lat="46.136045" lon="4.40086167"><ele>816.0</ele><time>2026-07-28T17:01:48.313Z</time></trkpt><trkpt lat="46.136035" lon="4.40085167"><ele>816.0</ele><time>2026-07-28T17:01:49.313Z</time></trkpt><trkpt lat="46.13602167" lon="4.400835"><ele>817.0</ele><time>2026-07-28T17:01:50.313Z</time></trkpt><trkpt lat="46.13602333" lon="4.40082667"><ele>817.0</ele><time>2026-07-28T17:01:51.313Z</time></trkpt><trkpt lat="46.136015" lon="4.40083167"><ele>818.0</ele><time>2026-07-28T17:01:52.313Z</time></trkpt><trkpt lat="46.13601" lon="4.40083667"><ele>818.0</ele><time>2026-07-28T17:01:53.313Z</time></trkpt><trkpt lat="46.13600333" lon="4.40084167"><ele>819.0</ele><time>2026-07-28T17:01:54.313Z</time></trkpt><trkpt lat="46.13599833" lon="4.40084667"><ele>819.0</ele><time>2026-07-28T17:01:55.313Z</time></trkpt><trkpt lat="46.13599" lon="4.40084667"><ele>820.0</ele><time>2026-07-28T17:01:56.313Z</time></trkpt><trkpt lat="46.13598" lon="4.40085"><ele>821.0</ele><time>2026-07-28T17:01:57.313Z</time></trkpt><trkpt lat="46.135975" lon="4.40085667"><ele>822.0</ele><time>2026-07-28T17:01:58.313Z</time></trkpt><trkpt lat="46.13596833" lon="4.40086333"><ele>822.0</ele><time>2026-07-28T17:01:59.313Z</time></trkpt><trkpt lat="46.13596167" lon="4.40087"><ele>823.0</ele><time>2026-07-28T17:02:00.313Z</time></trkpt><trkpt lat="46.13595" lon="4.40088167"><ele>823.0</ele><time>2026-07-28T17:02:01.313Z</time></trkpt><trkpt lat="46.13594" lon="4.40088833"><ele>824.0</ele><time>2026-07-28T17:02:02.313Z</time></trkpt><trkpt lat="46.13592833" lon="4.40089333"><ele>824.0</ele><time>2026-07-28T17:02:03.313Z</time></trkpt><trkpt lat="46.13592167" lon="4.40089167"><ele>825.0</ele><time>2026-07-28T17:02:04.313Z</time></trkpt><trkpt lat="46.13591333" lon="4.40089"><ele>826.0</ele><time>2026-07-28T17:02:05.313Z</time></trkpt><trkpt lat="46.13590667" lon="4.400895"><ele>826.0</ele><time>2026-07-28T17:02:06.313Z</time></trkpt><trkpt lat="46.13589833" lon="4.4009"><ele>827.0</ele><time>2026-07-28T17:02:07.313Z</time></trkpt><trkpt lat="46.13589167" lon="4.40090333"><ele>827.0</ele><time>2026-07-28T17:02:08.313Z</time></trkpt><trkpt lat="46.13588667" lon="4.400905"><ele>827.0</ele><time>2026-07-28T17:02:09.313Z</time></trkpt><trkpt lat="46.13588167" lon="4.40091167"><ele>826.0</ele><time>2026-07-28T17:02:10.313Z</time></trkpt><trkpt lat="46.13587833" lon="4.40092"><ele>826.0</ele><time>2026-07-28T17:02:11.313Z</time></trkpt><trkpt lat="46.135875" lon="4.40092667"><ele>825.0</ele><time>2026-07-28T17:02:12.313Z</time></trkpt><trkpt lat="46.13587167" lon="4.40093167"><ele>825.0</ele><time>2026-07-28T17:02:13.313Z</time></trkpt><trkpt lat="46.135865" lon="4.40093667"><ele>824.0</ele><time>2026-07-28T17:02:14.313Z</time></trkpt><trkpt lat="46.13585833" lon="4.40093833"><ele>824.0</ele><time>2026-07-28T17:02:15.313Z</time></trkpt><trkpt lat="46.13585167" lon="4.40093833"><ele>824.0</ele><time>2026-07-28T17:02:16.313Z</time></trkpt><trkpt lat="46.13584333" lon="4.40093833"><ele>823.0</ele><time>2026-07-28T17:02:17.313Z</time></trkpt><trkpt lat="46.13583667" lon="4.40094"><ele>823.0</ele><time>2026-07-28T17:02:18.313Z</time></trkpt><trkpt lat="46.13582667" lon="4.40094167"><ele>822.0</ele><time>2026-07-28T17:02:19.313Z</time></trkpt><trkpt lat="46.13582167" lon="4.40094667"><ele>821.0</ele><time>2026-07-28T17:02:20.313Z</time></trkpt><trkpt lat="46.135815" lon="4.40094833"><ele>820.0</ele><time>2026-07-28T17:02:21.313Z</time></trkpt><trkpt lat="46.13580667" lon="4.40095"><ele>819.0</ele><time>2026-07-28T17:02:22.313Z</time></trkpt><trkpt lat="46.13580167" lon="4.40095167"><ele>819.0</ele><time>2026-07-28T17:02:23.313Z</time></trkpt><trkpt lat="46.13579167" lon="4.40095833"><ele>818.0</ele><time>2026-07-28T17:02:24.313Z</time></trkpt><trkpt lat="46.13578" lon="4.40097"><ele>818.0</ele><time>2026-07-28T17:02:25.313Z</time></trkpt><trkpt lat="46.13577167" lon="4.40098333"><ele>818.0</ele><time>2026-07-28T17:02:26.313Z</time></trkpt><trkpt lat="46.13576167" lon="4.40099333"><ele>818.0</ele><time>2026-07-28T17:02:27.313Z</time></trkpt><trkpt lat="46.135755" lon="4.40100333"><ele>817.0</ele><time>2026-07-28T17:02:28.313Z</time></trkpt><trkpt lat="46.13575" lon="4.40101"><ele>817.0</ele><time>2026-07-28T17:02:29.313Z</time></trkpt><trkpt lat="46.13574333" lon="4.40101667"><ele>817.0</ele><time>2026-07-28T17:02:30.313Z</time></trkpt><trkpt lat="46.13573833" lon="4.401025"><ele>817.0</ele><time>2026-07-28T17:02:31.313Z</time></trkpt><trkpt lat="46.135735" lon="4.40102833"><ele>817.0</ele><time>2026-07-28T17:02:32.313Z</time></trkpt><trkpt lat="46.13573" lon="4.401035"><ele>817.0</ele><time>2026-07-28T17:02:33.313Z</time></trkpt><trkpt lat="46.13572667" lon="4.40104167"><ele>817.0</ele><time>2026-07-28T17:02:34.313Z</time></trkpt><trkpt lat="46.13571833" lon="4.40104667"><ele>817.0</ele><time>2026-07-28T17:02:35.313Z</time></trkpt><trkpt lat="46.135705" lon="4.40105833"><ele>817.0</ele><time>2026-07-28T17:02:36.313Z</time></trkpt><trkpt lat="46.13569833" lon="4.40107167"><ele>817.0</ele><time>2026-07-28T17:02:37.313Z</time></trkpt><trkpt lat="46.135695" lon="4.401085"><ele>817.0</ele><time>2026-07-28T17:02:38.313Z</time></trkpt><trkpt lat="46.13569333" lon="4.40109833"><ele>817.0</ele><time>2026-07-28T17:02:39.313Z</time></trkpt><trkpt lat="46.13569" lon="4.40111"><ele>818.0</ele><time>2026-07-28T17:02:40.313Z</time></trkpt><trkpt lat="46.13568333" lon="4.40111667"><ele>818.0</ele><time>2026-07-28T17:02:41.313Z</time></trkpt><trkpt lat="46.135675" lon="4.40112667"><ele>819.0</ele><time>2026-07-28T17:02:42.313Z</time></trkpt><trkpt lat="46.13566333" lon="4.40113833"><ele>820.0</ele><time>2026-07-28T17:02:43.313Z</time></trkpt><trkpt lat="46.13565833" lon="4.40114833"><ele>821.0</ele><time>2026-07-28T17:02:44.313Z</time></trkpt><trkpt lat="46.13565167" lon="4.40116"><ele>822.0</ele><time>2026-07-28T17:02:45.313Z</time></trkpt><trkpt lat="46.13564167" lon="4.401175"><ele>823.0</ele><time>2026-07-28T17:02:46.313Z</time></trkpt><trkpt lat="46.135635" lon="4.40118833"><ele>824.0</ele><time>2026-07-28T17:02:47.313Z</time></trkpt><trkpt lat="46.13562833" lon="4.40119833"><ele>824.0</ele><time>2026-07-28T17:02:48.313Z</time></trkpt><trkpt lat="46.13562" lon="4.40121167"><ele>825.0</ele><time>2026-07-28T17:02:49.313Z</time></trkpt><trkpt lat="46.13560833" lon="4.401225"><ele>826.0</ele><time>2026-07-28T17:02:50.313Z</time></trkpt><trkpt lat="46.13560167" lon="4.401235"><ele>826.0</ele><time>2026-07-28T17:02:51.313Z</time></trkpt><trkpt lat="46.13559167" lon="4.401245"><ele>826.0</ele><time>2026-07-28T17:02:52.313Z</time></trkpt><trkpt lat="46.13558167" lon="4.40125667"><ele>826.0</ele><time>2026-07-28T17:02:53.313Z</time></trkpt><trkpt lat="46.13557" lon="4.40126667"><ele>826.0</ele><time>2026-07-28T17:02:54.313Z</time></trkpt><trkpt lat="46.13556" lon="4.40128"><ele>826.0</ele><time>2026-07-28T17:02:55.313Z</time></trkpt><trkpt lat="46.13554833" lon="4.401295"><ele>826.0</ele><time>2026-07-28T17:02:56.313Z</time></trkpt><trkpt lat="46.135535" lon="4.40130667"><ele>826.0</ele><time>2026-07-28T17:02:57.313Z</time></trkpt><trkpt lat="46.13552333" lon="4.401315"><ele>827.0</ele><time>2026-07-28T17:02:58.313Z</time></trkpt><trkpt lat="46.13550833" lon="4.40132667"><ele>828.0</ele><time>2026-07-28T17:02:59.313Z</time></trkpt><trkpt lat="46.13549667" lon="4.40133833"><ele>828.0</ele><time>2026-07-28T17:03:00.313Z</time></trkpt><trkpt lat="46.13548833" lon="4.40135167"><ele>829.0</ele><time>2026-07-28T17:03:01.313Z</time></trkpt><trkpt lat="46.13548" lon="4.401365"><ele>829.0</ele><time>2026-07-28T17:03:02.313Z</time></trkpt><trkpt lat="46.13547" lon="4.40137833"><ele>830.0</ele><time>2026-07-28T17:03:03.313Z</time></trkpt><trkpt lat="46.13546" lon="4.40139167"><ele>830.0</ele><time>2026-07-28T17:03:04.313Z</time></trkpt><trkpt lat="46.13544667" lon="4.40140167"><ele>830.0</ele><time>2026-07-28T17:03:05.313Z</time></trkpt><trkpt lat="46.13543333" lon="4.40141333"><ele>831.0</ele><time>2026-07-28T17:03:06.313Z</time></trkpt><trkpt lat="46.13542" lon="4.401425"><ele>831.0</ele><time>2026-07-28T17:03:07.313Z</time></trkpt><trkpt lat="46.13541" lon="4.40144"><ele>831.0</ele><time>2026-07-28T17:03:08.313Z</time></trkpt><trkpt lat="46.13539833" lon="4.40145333"><ele>831.0</ele><time>2026-07-28T17:03:09.313Z</time></trkpt><trkpt lat="46.13538667" lon="4.401465"><ele>831.0</ele><time>2026-07-28T17:03:10.313Z</time></trkpt><trkpt lat="46.135375" lon="4.401475"><ele>831.0</ele><time>2026-07-28T17:03:11.313Z</time></trkpt><trkpt lat="46.13536667" lon="4.40148333"><ele>831.0</ele><time>2026-07-28T17:03:12.313Z</time></trkpt><trkpt lat="46.135355" lon="4.401495"><ele>831.0</ele><time>2026-07-28T17:03:13.313Z</time></trkpt><trkpt lat="46.135345" lon="4.40150833"><ele>832.0</ele><time>2026-07-28T17:03:14.313Z</time></trkpt><trkpt lat="46.13534" lon="4.40151833"><ele>832.0</ele><time>2026-07-28T17:03:15.313Z</time></trkpt><trkpt lat="46.13533833" lon="4.40152833"><ele>831.0</ele><time>2026-07-28T17:03:16.313Z</time></trkpt><trkpt lat="46.13533833" lon="4.40154333"><ele>831.0</ele><time>2026-07-28T17:03:17.313Z</time></trkpt><trkpt lat="46.13534167" lon="4.40156"><ele>830.0</ele><time>2026-07-28T17:03:18.313Z</time></trkpt><trkpt lat="46.13534667" lon="4.40157833"><ele>830.0</ele><time>2026-07-28T17:03:19.313Z</time></trkpt><trkpt lat="46.135355" lon="4.401595"><ele>830.0</ele><time>2026-07-28T17:03:20.313Z</time></trkpt><trkpt lat="46.13536" lon="4.401615"><ele>829.0</ele><time>2026-07-28T17:03:21.313Z</time></trkpt><trkpt lat="46.13536667" lon="4.401635"><ele>829.0</ele><time>2026-07-28T17:03:22.313Z</time></trkpt><trkpt lat="46.13537167" lon="4.401655"><ele>828.0</ele><time>2026-07-28T17:03:23.313Z</time></trkpt><trkpt lat="46.13537667" lon="4.401675"><ele>828.0</ele><time>2026-07-28T17:03:24.313Z</time></trkpt><trkpt lat="46.13538" lon="4.40169167"><ele>828.0</ele><time>2026-07-28T17:03:25.313Z</time></trkpt><trkpt lat="46.13538667" lon="4.40171667"><ele>827.0</ele><time>2026-07-28T17:03:26.313Z</time></trkpt><trkpt lat="46.13539" lon="4.401735"><ele>827.0</ele><time>2026-07-28T17:03:27.313Z</time></trkpt><trkpt lat="46.13539667" lon="4.40175167"><ele>827.0</ele><time>2026-07-28T17:03:28.313Z</time></trkpt><trkpt lat="46.135405" lon="4.40177"><ele>827.0</ele><time>2026-07-28T17:03:29.313Z</time></trkpt><trkpt lat="46.135415" lon="4.40178833"><ele>827.0</ele><time>2026-07-28T17:03:30.313Z</time></trkpt><trkpt lat="46.13542333" lon="4.40180667"><ele>827.0</ele><time>2026-07-28T17:03:31.313Z</time></trkpt><trkpt lat="46.13542833" lon="4.401825"><ele>827.0</ele><time>2026-07-28T17:03:32.313Z</time></trkpt><trkpt lat="46.13543167" lon="4.40184333"><ele>827.0</ele><time>2026-07-28T17:03:33.313Z</time></trkpt><trkpt lat="46.13543667" lon="4.40186333"><ele>827.0</ele><time>2026-07-28T17:03:34.313Z</time></trkpt><trkpt lat="46.13544333" lon="4.40187833"><ele>828.0</ele><time>2026-07-28T17:03:35.313Z</time></trkpt><trkpt lat="46.13545" lon="4.40189667"><ele>828.0</ele><time>2026-07-28T17:03:36.313Z</time></trkpt><trkpt lat="46.135455" lon="4.40191667"><ele>828.0</ele><time>2026-07-28T17:03:37.313Z</time></trkpt><trkpt lat="46.13546667" lon="4.40194333"><ele>828.0</ele><time>2026-07-28T17:03:38.313Z</time></trkpt><trkpt lat="46.13547" lon="4.40195833"><ele>828.0</ele><time>2026-07-28T17:03:39.313Z</time></trkpt><trkpt lat="46.13547333" lon="4.40197333"><ele>828.0</ele><time>2026-07-28T17:03:40.313Z</time></trkpt><trkpt lat="46.13547667" lon="4.40199167"><ele>828.0</ele><time>2026-07-28T17:03:41.313Z</time></trkpt><trkpt lat="46.13548" lon="4.40201"><ele>828.0</ele><time>2026-07-28T17:03:42.313Z</time></trkpt><trkpt lat="46.135485" lon="4.40202833"><ele>828.0</ele><time>2026-07-28T17:03:43.313Z</time></trkpt><trkpt lat="46.135495" lon="4.40204667"><ele>828.0</ele><time>2026-07-28T17:03:44.313Z</time></trkpt><trkpt lat="46.1355" lon="4.402065"><ele>828.0</ele><time>2026-07-28T17:03:45.313Z</time></trkpt><trkpt lat="46.1355" lon="4.402085"><ele>828.0</ele><time>2026-07-28T17:03:46.313Z</time></trkpt><trkpt lat="46.13550333" lon="4.402105"><ele>828.0</ele><time>2026-07-28T17:03:47.313Z</time></trkpt><trkpt lat="46.13550667" lon="4.40212333"><ele>828.0</ele><time>2026-07-28T17:03:48.313Z</time></trkpt><trkpt lat="46.13550667" lon="4.40214167"><ele>828.0</ele><time>2026-07-28T17:03:49.313Z</time></trkpt><trkpt lat="46.13551" lon="4.40216"><ele>828.0</ele><time>2026-07-28T17:03:50.313Z</time></trkpt><trkpt lat="46.13551333" lon="4.402175"><ele>828.0</ele><time>2026-07-28T17:03:51.313Z</time></trkpt><trkpt lat="46.13551833" lon="4.40218667"><ele>828.0</ele><time>2026-07-28T17:03:52.313Z</time></trkpt><trkpt lat="46.13552333" lon="4.40220333"><ele>828.0</ele><time>2026-07-28T17:03:53.313Z</time></trkpt><trkpt lat="46.13553" lon="4.40221667"><ele>828.0</ele><time>2026-07-28T17:03:54.313Z</time></trkpt><trkpt lat="46.135535" lon="4.40223"><ele>827.0</ele><time>2026-07-28T17:03:55.313Z</time></trkpt><trkpt lat="46.13553833" lon="4.402245"><ele>828.0</ele><time>2026-07-28T17:03:56.313Z</time></trkpt><trkpt lat="46.13554333" lon="4.40225667"><ele>828.0</ele><time>2026-07-28T17:03:57.313Z</time></trkpt><trkpt lat="46.13554667" lon="4.40226833"><ele>828.0</ele><time>2026-07-28T17:03:58.313Z</time></trkpt><trkpt lat="46.13555167" lon="4.40228"><ele>828.0</ele><time>2026-07-28T17:03:59.313Z</time></trkpt><trkpt lat="46.13556" lon="4.402295"><ele>828.0</ele><time>2026-07-28T17:04:00.313Z</time></trkpt><trkpt lat="46.13556833" lon="4.40230667"><ele>829.0</ele><time>2026-07-28T17:04:01.313Z</time></trkpt><trkpt lat="46.13557667" lon="4.40231833"><ele>829.0</ele><time>2026-07-28T17:04:02.313Z</time></trkpt><trkpt lat="46.13558667" lon="4.40233333"><ele>829.0</ele><time>2026-07-28T17:04:03.313Z</time></trkpt><trkpt lat="46.13559833" lon="4.402345"><ele>829.0</ele><time>2026-07-28T17:04:04.313Z</time></trkpt><trkpt lat="46.13560333" lon="4.402355"><ele>830.0</ele><time>2026-07-28T17:04:05.313Z</time></trkpt><trkpt lat="46.13560167" lon="4.40236833"><ele>830.0</ele><time>2026-07-28T17:04:06.313Z</time></trkpt><trkpt lat="46.13560333" lon="4.40237667"><ele>830.0</ele><time>2026-07-28T17:04:07.313Z</time></trkpt><trkpt lat="46.13560667" lon="4.40238833"><ele>830.0</ele><time>2026-07-28T17:04:08.313Z</time></trkpt><trkpt lat="46.135615" lon="4.40240333"><ele>830.0</ele><time>2026-07-28T17:04:09.313Z</time></trkpt><trkpt lat="46.13561833" lon="4.40241833"><ele>830.0</ele><time>2026-07-28T17:04:10.313Z</time></trkpt><trkpt lat="46.13562" lon="4.40243167"><ele>831.0</ele><time>2026-07-28T17:04:11.313Z</time></trkpt><trkpt lat="46.13562333" lon="4.402445"><ele>831.0</ele><time>2026-07-28T17:04:12.313Z</time></trkpt><trkpt lat="46.135625" lon="4.402455"><ele>831.0</ele><time>2026-07-28T17:04:13.313Z</time></trkpt><trkpt lat="46.13562833" lon="4.40246667"><ele>831.0</ele><time>2026-07-28T17:04:14.313Z</time></trkpt><trkpt lat="46.13563" lon="4.40247833"><ele>831.0</ele><time>2026-07-28T17:04:15.313Z</time></trkpt><trkpt lat="46.13563167" lon="4.40249"><ele>832.0</ele><time>2026-07-28T17:04:16.313Z</time></trkpt><trkpt lat="46.135635" lon="4.402505"><ele>832.0</ele><time>2026-07-28T17:04:17.313Z</time></trkpt><trkpt lat="46.13564167" lon="4.40251833"><ele>833.0</ele><time>2026-07-28T17:04:18.313Z</time></trkpt><trkpt lat="46.13564667" lon="4.40253333"><ele>833.0</ele><time>2026-07-28T17:04:19.313Z</time></trkpt><trkpt lat="46.13565" lon="4.40254833"><ele>834.0</ele><time>2026-07-28T17:04:20.313Z</time></trkpt><trkpt lat="46.135655" lon="4.402565"><ele>834.0</ele><time>2026-07-28T17:04:21.313Z</time></trkpt><trkpt lat="46.13565667" lon="4.40258"><ele>834.0</ele><time>2026-07-28T17:04:22.313Z</time></trkpt><trkpt lat="46.13566" lon="4.40259333"><ele>834.0</ele><time>2026-07-28T17:04:23.313Z</time></trkpt><trkpt lat="46.13566333" lon="4.40260833"><ele>835.0</ele><time>2026-07-28T17:04:24.313Z</time></trkpt><trkpt lat="46.13566667" lon="4.40262333"><ele>835.0</ele><time>2026-07-28T17:04:25.313Z</time></trkpt><trkpt lat="46.13567167" lon="4.40263833"><ele>835.0</ele><time>2026-07-28T17:04:26.313Z</time></trkpt><trkpt lat="46.135675" lon="4.402655"><ele>835.0</ele><time>2026-07-28T17:04:27.313Z</time></trkpt><trkpt lat="46.13567833" lon="4.40267167"><ele>835.0</ele><time>2026-07-28T17:04:28.313Z</time></trkpt><trkpt lat="46.13568" lon="4.40268667"><ele>834.0</ele><time>2026-07-28T17:04:29.313Z</time></trkpt><trkpt lat="46.13568333" lon="4.402705"><ele>835.0</ele><time>2026-07-28T17:04:30.313Z</time></trkpt><trkpt lat="46.135685" lon="4.40271833"><ele>835.0</ele><time>2026-07-28T17:04:31.313Z</time></trkpt><trkpt lat="46.13568833" lon="4.40273"><ele>835.0</ele><time>2026-07-28T17:04:32.313Z</time></trkpt><trkpt lat="46.13569167" lon="4.402745"><ele>835.0</ele><time>2026-07-28T17:04:33.313Z</time></trkpt><trkpt lat="46.135695" lon="4.40276"><ele>834.0</ele><time>2026-07-28T17:04:34.313Z</time></trkpt><trkpt lat="46.1357" lon="4.40277333"><ele>834.0</ele><time>2026-07-28T17:04:35.313Z</time></trkpt><trkpt lat="46.13570333" lon="4.40278667"><ele>835.0</ele><time>2026-07-28T17:04:36.313Z</time></trkpt><trkpt lat="46.135705" lon="4.40280333"><ele>835.0</ele><time>2026-07-28T17:04:37.313Z</time></trkpt><trkpt lat="46.13570833" lon="4.40282"><ele>835.0</ele><time>2026-07-28T17:04:38.313Z</time></trkpt><trkpt lat="46.13571333" lon="4.40283667"><ele>836.0</ele><time>2026-07-28T17:04:39.313Z</time></trkpt><trkpt lat="46.13571667" lon="4.40285167"><ele>836.0</ele><time>2026-07-28T17:04:40.313Z</time></trkpt><trkpt lat="46.13572167" lon="4.40286833"><ele>836.0</ele><time>2026-07-28T17:04:41.313Z</time></trkpt><trkpt lat="46.13572667" lon="4.40288333"><ele>837.0</ele><time>2026-07-28T17:04:42.313Z</time></trkpt><trkpt lat="46.13573333" lon="4.40290167"><ele>837.0</ele><time>2026-07-28T17:04:43.313Z</time></trkpt><trkpt lat="46.13574" lon="4.402915"><ele>838.0</ele><time>2026-07-28T17:04:44.313Z</time></trkpt><trkpt lat="46.13574667" lon="4.402925"><ele>838.0</ele><time>2026-07-28T17:04:45.313Z</time></trkpt><trkpt lat="46.135755" lon="4.40293667"><ele>839.0</ele><time>2026-07-28T17:04:46.313Z</time></trkpt><trkpt lat="46.13576333" lon="4.40294833"><ele>839.0</ele><time>2026-07-28T17:04:47.313Z</time></trkpt><trkpt lat="46.13577" lon="4.40295833"><ele>840.0</ele><time>2026-07-28T17:04:48.313Z</time></trkpt><trkpt lat="46.13577833" lon="4.40297"><ele>840.0</ele><time>2026-07-28T17:04:49.313Z</time></trkpt><trkpt lat="46.13578833" lon="4.40298167"><ele>840.0</ele><time>2026-07-28T17:04:50.313Z</time></trkpt><trkpt lat="46.13579667" lon="4.40299333"><ele>841.0</ele><time>2026-07-28T17:04:51.313Z</time></trkpt><trkpt lat="46.13580833" lon="4.40300333"><ele>841.0</ele><time>2026-07-28T17:04:52.313Z</time></trkpt><trkpt lat="46.13582" lon="4.403015"><ele>841.0</ele><time>2026-07-28T17:04:53.313Z</time></trkpt><trkpt lat="46.13582667" lon="4.40302833"><ele>842.0</ele><time>2026-07-28T17:04:54.313Z</time></trkpt><trkpt lat="46.13583167" lon="4.40304"><ele>842.0</ele><time>2026-07-28T17:04:55.313Z</time></trkpt><trkpt lat="46.135835" lon="4.40305333"><ele>842.0</ele><time>2026-07-28T17:04:56.313Z</time></trkpt><trkpt lat="46.13583833" lon="4.40307"><ele>842.0</ele><time>2026-07-28T17:04:57.313Z</time></trkpt><trkpt lat="46.13584167" lon="4.403085"><ele>842.0</ele><time>2026-07-28T17:04:58.313Z</time></trkpt><trkpt lat="46.13584833" lon="4.4031"><ele>842.0</ele><time>2026-07-28T17:04:59.313Z</time></trkpt><trkpt lat="46.135855" lon="4.40311167"><ele>842.0</ele><time>2026-07-28T17:05:00.313Z</time></trkpt><trkpt lat="46.13586167" lon="4.40312333"><ele>842.0</ele><time>2026-07-28T17:05:01.313Z</time></trkpt><trkpt lat="46.13587333" lon="4.40313667"><ele>842.0</ele><time>2026-07-28T17:05:02.313Z</time></trkpt><trkpt lat="46.13588167" lon="4.403145"><ele>843.0</ele><time>2026-07-28T17:05:03.313Z</time></trkpt><trkpt lat="46.135895" lon="4.40315833"><ele>843.0</ele><time>2026-07-28T17:05:04.313Z</time></trkpt><trkpt lat="46.135905" lon="4.40316667"><ele>843.0</ele><time>2026-07-28T17:05:05.313Z</time></trkpt><trkpt lat="46.135915" lon="4.40318"><ele>844.0</ele><time>2026-07-28T17:05:06.313Z</time></trkpt><trkpt lat="46.135925" lon="4.40319333"><ele>844.0</ele><time>2026-07-28T17:05:07.313Z</time></trkpt><trkpt lat="46.135935" lon="4.40321167"><ele>844.0</ele><time>2026-07-28T17:05:08.313Z</time></trkpt><trkpt lat="46.13594167" lon="4.40322833"><ele>844.0</ele><time>2026-07-28T17:05:09.313Z</time></trkpt><trkpt lat="46.13594833" lon="4.40324333"><ele>844.0</ele><time>2026-07-28T17:05:10.313Z</time></trkpt><trkpt lat="46.13595333" lon="4.40326333"><ele>844.0</ele><time>2026-07-28T17:05:11.313Z</time></trkpt><trkpt lat="46.13595833" lon="4.40328"><ele>844.0</ele><time>2026-07-28T17:05:12.313Z</time></trkpt><trkpt lat="46.13596333" lon="4.40329"><ele>844.0</ele><time>2026-07-28T17:05:13.313Z</time></trkpt><trkpt lat="46.13597" lon="4.40330167"><ele>844.0</ele><time>2026-07-28T17:05:14.313Z</time></trkpt><trkpt lat="46.13597833" lon="4.40331"><ele>844.0</ele><time>2026-07-28T17:05:15.313Z</time></trkpt><trkpt lat="46.13598833" lon="4.40331833"><ele>844.0</ele><time>2026-07-28T17:05:16.313Z</time></trkpt><trkpt lat="46.13599667" lon="4.403325"><ele>844.0</ele><time>2026-07-28T17:05:17.313Z</time></trkpt><trkpt lat="46.13600667" lon="4.40333167"><ele>843.0</ele><time>2026-07-28T17:05:18.313Z</time></trkpt><trkpt lat="46.136015" lon="4.40333833"><ele>843.0</ele><time>2026-07-28T17:05:19.313Z</time></trkpt><trkpt lat="46.13602667" lon="4.40335"><ele>843.0</ele><time>2026-07-28T17:05:20.313Z</time></trkpt><trkpt lat="46.136035" lon="4.40335833"><ele>843.0</ele><time>2026-07-28T17:05:21.313Z</time></trkpt><trkpt lat="46.13603667" lon="4.40336667"><ele>843.0</ele><time>2026-07-28T17:05:22.313Z</time></trkpt><trkpt lat="46.13604167" lon="4.40337833"><ele>843.0</ele><time>2026-07-28T17:05:23.313Z</time></trkpt><trkpt lat="46.13604667" lon="4.40339333"><ele>843.0</ele><time>2026-07-28T17:05:24.313Z</time></trkpt><trkpt lat="46.13605167" lon="4.40340667"><ele>843.0</ele><time>2026-07-28T17:05:25.313Z</time></trkpt><trkpt lat="46.13606" lon="4.40342333"><ele>843.0</ele><time>2026-07-28T17:05:26.313Z</time></trkpt><trkpt lat="46.13606667" lon="4.40343333"><ele>843.0</ele><time>2026-07-28T17:05:27.313Z</time></trkpt><trkpt lat="46.13607167" lon="4.40344"><ele>842.0</ele><time>2026-07-28T17:05:28.313Z</time></trkpt><trkpt lat="46.13607833" lon="4.40344167"><ele>842.0</ele><time>2026-07-28T17:05:29.313Z</time></trkpt><trkpt lat="46.13608667" lon="4.40344"><ele>842.0</ele><time>2026-07-28T17:05:30.313Z</time></trkpt><trkpt lat="46.13609167" lon="4.40343167"><ele>842.0</ele><time>2026-07-28T17:05:31.313Z</time></trkpt><trkpt lat="46.13609833" lon="4.403425"><ele>842.0</ele><time>2026-07-28T17:05:32.313Z</time></trkpt><trkpt lat="46.136105" lon="4.40341833"><ele>843.0</ele><time>2026-07-28T17:05:33.313Z</time></trkpt><trkpt lat="46.13611167" lon="4.40340833"><ele>843.0</ele><time>2026-07-28T17:05:34.313Z</time></trkpt><trkpt lat="46.13612333" lon="4.40339833"><ele>843.0</ele><time>2026-07-28T17:05:35.313Z</time></trkpt><trkpt lat="46.13612667" lon="4.40338833"><ele>843.0</ele><time>2026-07-28T17:05:36.313Z</time></trkpt><trkpt lat="46.13613167" lon="4.403385"><ele>843.0</ele><time>2026-07-28T17:05:37.313Z</time></trkpt><trkpt lat="46.13613833" lon="4.403375"><ele>843.0</ele><time>2026-07-28T17:05:38.313Z</time></trkpt><trkpt lat="46.13614667" lon="4.40336333"><ele>844.0</ele><time>2026-07-28T17:05:39.313Z</time></trkpt><trkpt lat="46.136155" lon="4.40334833"><ele>843.0</ele><time>2026-07-28T17:05:40.313Z</time></trkpt><trkpt lat="46.13616167" lon="4.403335"><ele>843.0</ele><time>2026-07-28T17:05:41.313Z</time></trkpt><trkpt lat="46.13616833" lon="4.40332167"><ele>843.0</ele><time>2026-07-28T17:05:42.313Z</time></trkpt><trkpt lat="46.13617833" lon="4.40331167"><ele>843.0</ele><time>2026-07-28T17:05:43.313Z</time></trkpt><trkpt lat="46.13618833" lon="4.40330333"><ele>843.0</ele><time>2026-07-28T17:05:44.313Z</time></trkpt><trkpt lat="46.13619833" lon="4.40329833"><ele>843.0</ele><time>2026-07-28T17:05:45.313Z</time></trkpt><trkpt lat="46.13620667" lon="4.40329167"><ele>843.0</ele><time>2026-07-28T17:05:46.313Z</time></trkpt><trkpt lat="46.136215" lon="4.40328"><ele>843.0</ele><time>2026-07-28T17:05:47.313Z</time></trkpt><trkpt lat="46.13622333" lon="4.40327"><ele>843.0</ele><time>2026-07-28T17:05:48.313Z</time></trkpt><trkpt lat="46.13622833" lon="4.40325833"><ele>843.0</ele><time>2026-07-28T17:05:49.313Z</time></trkpt><trkpt lat="46.13623667" lon="4.40323167"><ele>843.0</ele><time>2026-07-28T17:05:50.313Z</time></trkpt><trkpt lat="46.13624667" lon="4.40321167"><ele>843.0</ele><time>2026-07-28T17:05:51.313Z</time></trkpt><trkpt lat="46.13626167" lon="4.40319667"><ele>843.0</ele><time>2026-07-28T17:05:52.313Z</time></trkpt><trkpt lat="46.136275" lon="4.40318"><ele>844.0</ele><time>2026-07-28T17:05:53.313Z</time></trkpt><trkpt lat="46.13628667" lon="4.40316333"><ele>844.0</ele><time>2026-07-28T17:05:54.313Z</time></trkpt><trkpt lat="46.13630333" lon="4.40315333"><ele>845.0</ele><time>2026-07-28T17:05:55.313Z</time></trkpt><trkpt lat="46.13632" lon="4.40314667"><ele>845.0</ele><time>2026-07-28T17:05:56.313Z</time></trkpt><trkpt lat="46.13633833" lon="4.40314333"><ele>845.0</ele><time>2026-07-28T17:05:57.313Z</time></trkpt><trkpt lat="46.13635167" lon="4.40314333"><ele>845.0</ele><time>2026-07-28T17:05:58.313Z</time></trkpt><trkpt lat="46.13636667" lon="4.40314333"><ele>845.0</ele><time>2026-07-28T17:05:59.313Z</time></trkpt><trkpt lat="46.13638167" lon="4.40314333"><ele>845.0</ele><time>2026-07-28T17:06:00.313Z</time></trkpt><trkpt lat="46.13639167" lon="4.40314333"><ele>845.0</ele><time>2026-07-28T17:06:01.313Z</time></trkpt><trkpt lat="46.13640833" lon="4.403145"><ele>846.0</ele><time>2026-07-28T17:06:02.313Z</time></trkpt><trkpt lat="46.13642" lon="4.40314333"><ele>846.0</ele><time>2026-07-28T17:06:03.313Z</time></trkpt><trkpt lat="46.13643333" lon="4.40314167"><ele>846.0</ele><time>2026-07-28T17:06:04.313Z</time></trkpt><trkpt lat="46.13645" lon="4.403145"><ele>846.0</ele><time>2026-07-28T17:06:05.313Z</time></trkpt><trkpt lat="46.13646833" lon="4.40314833"><ele>846.0</ele><time>2026-07-28T17:06:06.313Z</time></trkpt><trkpt lat="46.13648833" lon="4.403155"><ele>846.0</ele><time>2026-07-28T17:06:07.313Z</time></trkpt><trkpt lat="46.13651" lon="4.40316833"><ele>846.0</ele><time>2026-07-28T17:06:08.313Z</time></trkpt><trkpt lat="46.13653667" lon="4.40318"><ele>846.0</ele><time>2026-07-28T17:06:09.313Z</time></trkpt><trkpt lat="46.13654333" lon="4.403185"><ele>846.0</ele><time>2026-07-28T17:06:10.313Z</time></trkpt><trkpt lat="46.13655333" lon="4.40319167"><ele>846.0</ele><time>2026-07-28T17:06:11.313Z</time></trkpt><trkpt lat="46.13656667" lon="4.40319"><ele>845.0</ele><time>2026-07-28T17:06:12.313Z</time></trkpt><trkpt lat="46.13657667" lon="4.40319167"><ele>845.0</ele><time>2026-07-28T17:06:13.313Z</time></trkpt><trkpt lat="46.13658833" lon="4.4032"><ele>844.0</ele><time>2026-07-28T17:06:14.313Z</time></trkpt><trkpt lat="46.13660333" lon="4.40321167"><ele>844.0</ele><time>2026-07-28T17:06:15.313Z</time></trkpt><trkpt lat="46.13663" lon="4.40323667"><ele>844.0</ele><time>2026-07-28T17:06:16.313Z</time></trkpt><trkpt lat="46.13664167" lon="4.40324833"><ele>844.0</ele><time>2026-07-28T17:06:17.313Z</time></trkpt><trkpt lat="46.13666" lon="4.40325667"><ele>844.0</ele><time>2026-07-28T17:06:18.313Z</time></trkpt><trkpt lat="46.13667" lon="4.40326833"><ele>844.0</ele><time>2026-07-28T17:06:19.313Z</time></trkpt><trkpt lat="46.13668" lon="4.40328333"><ele>844.0</ele><time>2026-07-28T17:06:20.313Z</time></trkpt><trkpt lat="46.13668833" lon="4.40329167"><ele>844.0</ele><time>2026-07-28T17:06:21.313Z</time></trkpt><trkpt lat="46.13669667" lon="4.403295"><ele>845.0</ele><time>2026-07-28T17:06:22.313Z</time></trkpt><trkpt lat="46.13670333" lon="4.40330167"><ele>845.0</ele><time>2026-07-28T17:06:23.313Z</time></trkpt><trkpt lat="46.136715" lon="4.40331167"><ele>845.0</ele><time>2026-07-28T17:06:24.313Z</time></trkpt><trkpt lat="46.13672833" lon="4.40331833"><ele>845.0</ele><time>2026-07-28T17:06:25.313Z</time></trkpt><trkpt lat="46.13673833" lon="4.40332333"><ele>845.0</ele><time>2026-07-28T17:06:26.313Z</time></trkpt><trkpt lat="46.13674667" lon="4.40332833"><ele>845.0</ele><time>2026-07-28T17:06:27.313Z</time></trkpt><trkpt lat="46.13675833" lon="4.40333167"><ele>845.0</ele><time>2026-07-28T17:06:28.313Z</time></trkpt><trkpt lat="46.13676833" lon="4.40333"><ele>846.0</ele><time>2026-07-28T17:06:29.313Z</time></trkpt><trkpt lat="46.13678167" lon="4.40332667"><ele>846.0</ele><time>2026-07-28T17:06:30.313Z</time></trkpt><trkpt lat="46.136795" lon="4.40331667"><ele>847.0</ele><time>2026-07-28T17:06:31.313Z</time></trkpt><trkpt lat="46.13680667" lon="4.40331167"><ele>847.0</ele><time>2026-07-28T17:06:32.313Z</time></trkpt><trkpt lat="46.13681" lon="4.40331167"><ele>847.0</ele><time>2026-07-28T17:06:33.313Z</time></trkpt><trkpt lat="46.13681333" lon="4.40331667"><ele>847.0</ele><time>2026-07-28T17:06:34.313Z</time></trkpt><trkpt lat="46.13682167" lon="4.40332333"><ele>847.0</ele><time>2026-07-28T17:06:35.313Z</time></trkpt><trkpt lat="46.13682667" lon="4.403325"><ele>848.0</ele><time>2026-07-28T17:06:36.313Z</time></trkpt><trkpt lat="46.13683667" lon="4.40332833"><ele>848.0</ele><time>2026-07-28T17:06:37.313Z</time></trkpt><trkpt lat="46.13684667" lon="4.40332667"><ele>849.0</ele><time>2026-07-28T17:06:38.313Z</time></trkpt><trkpt lat="46.13685833" lon="4.40332167"><ele>849.0</ele><time>2026-07-28T17:06:39.313Z</time></trkpt><trkpt lat="46.13686833" lon="4.40331333"><ele>850.0</ele><time>2026-07-28T17:06:40.313Z</time></trkpt><trkpt lat="46.13688167" lon="4.40331333"><ele>850.0</ele><time>2026-07-28T17:06:41.313Z</time></trkpt><trkpt lat="46.13690833" lon="4.40332333"><ele>850.0</ele><time>2026-07-28T17:06:42.313Z</time></trkpt><trkpt lat="46.13692833" lon="4.40332833"><ele>850.0</ele><time>2026-07-28T17:06:43.313Z</time></trkpt><trkpt lat="46.13694833" lon="4.40332667"><ele>850.0</ele><time>2026-07-28T17:06:44.313Z</time></trkpt><trkpt lat="46.13696333" lon="4.40332333"><ele>850.0</ele><time>2026-07-28T17:06:45.313Z</time></trkpt><trkpt lat="46.13698167" lon="4.40332333"><ele>850.0</ele><time>2026-07-28T17:06:46.313Z</time></trkpt><trkpt lat="46.136995" lon="4.40332167"><ele>850.0</ele><time>2026-07-28T17:06:47.313Z</time></trkpt><trkpt lat="46.13701" lon="4.40331833"><ele>851.0</ele><time>2026-07-28T17:06:48.313Z</time></trkpt><trkpt lat="46.137025" lon="4.403315"><ele>851.0</ele><time>2026-07-28T17:06:49.313Z</time></trkpt><trkpt lat="46.13704" lon="4.40331167"><ele>851.0</ele><time>2026-07-28T17:06:50.313Z</time></trkpt><trkpt lat="46.13705667" lon="4.40330667"><ele>851.0</ele><time>2026-07-28T17:06:51.313Z</time></trkpt><trkpt lat="46.13706667" lon="4.4033"><ele>851.0</ele><time>2026-07-28T17:06:52.313Z</time></trkpt><trkpt lat="46.13707833" lon="4.40329333"><ele>852.0</ele><time>2026-07-28T17:06:53.313Z</time></trkpt><trkpt lat="46.13709167" lon="4.40328833"><ele>852.0</ele><time>2026-07-28T17:06:54.313Z</time></trkpt><trkpt lat="46.13710833" lon="4.40328833"><ele>852.0</ele><time>2026-07-28T17:06:55.313Z</time></trkpt><trkpt lat="46.13712833" lon="4.40328667"><ele>852.0</ele><time>2026-07-28T17:06:56.313Z</time></trkpt><trkpt lat="46.13714333" lon="4.40328167"><ele>852.0</ele><time>2026-07-28T17:06:57.313Z</time></trkpt><trkpt lat="46.13715667" lon="4.40327"><ele>852.0</ele><time>2026-07-28T17:06:58.313Z</time></trkpt><trkpt lat="46.13717167" lon="4.40326"><ele>853.0</ele><time>2026-07-28T17:06:59.313Z</time></trkpt><trkpt lat="46.13718667" lon="4.40324667"><ele>854.0</ele><time>2026-07-28T17:07:00.313Z</time></trkpt><trkpt lat="46.13720333" lon="4.40323333"><ele>854.0</ele><time>2026-07-28T17:07:01.313Z</time></trkpt><trkpt lat="46.13722167" lon="4.403225"><ele>855.0</ele><time>2026-07-28T17:07:02.313Z</time></trkpt><trkpt lat="46.13724167" lon="4.40321167"><ele>855.0</ele><time>2026-07-28T17:07:03.313Z</time></trkpt><trkpt lat="46.13725667" lon="4.403195"><ele>855.0</ele><time>2026-07-28T17:07:04.313Z</time></trkpt><trkpt lat="46.13726333" lon="4.40318667"><ele>856.0</ele><time>2026-07-28T17:07:05.313Z</time></trkpt><trkpt lat="46.13728333" lon="4.403185"><ele>856.0</ele><time>2026-07-28T17:07:06.313Z</time></trkpt><trkpt lat="46.13731167" lon="4.40318667"><ele>856.0</ele><time>2026-07-28T17:07:07.313Z</time></trkpt><trkpt lat="46.13733" lon="4.40318667"><ele>856.0</ele><time>2026-07-28T17:07:08.313Z</time></trkpt><trkpt lat="46.137335" lon="4.40317833"><ele>856.0</ele><time>2026-07-28T17:07:09.313Z</time></trkpt><trkpt lat="46.13734167" lon="4.40317"><ele>856.0</ele><time>2026-07-28T17:07:10.313Z</time></trkpt><trkpt lat="46.13736" lon="4.40316167"><ele>855.0</ele><time>2026-07-28T17:07:11.313Z</time></trkpt><trkpt lat="46.137375" lon="4.40317167"><ele>855.0</ele><time>2026-07-28T17:07:12.313Z</time></trkpt><trkpt lat="46.13739167" lon="4.40318167"><ele>855.0</ele><time>2026-07-28T17:07:13.313Z</time></trkpt><trkpt lat="46.13740667" lon="4.40318333"><ele>855.0</ele><time>2026-07-28T17:07:14.313Z</time></trkpt><trkpt lat="46.137415" lon="4.40318167"><ele>855.0</ele><time>2026-07-28T17:07:15.313Z</time></trkpt><trkpt lat="46.13742833" lon="4.403175"><ele>855.0</ele><time>2026-07-28T17:07:16.313Z</time></trkpt><trkpt lat="46.13744333" lon="4.40316833"><ele>855.0</ele><time>2026-07-28T17:07:17.313Z</time></trkpt><trkpt lat="46.13746" lon="4.40315833"><ele>855.0</ele><time>2026-07-28T17:07:18.313Z</time></trkpt><trkpt lat="46.13747333" lon="4.40314667"><ele>856.0</ele><time>2026-07-28T17:07:19.313Z</time></trkpt><trkpt lat="46.13748333" lon="4.40313833"><ele>856.0</ele><time>2026-07-28T17:07:20.313Z</time></trkpt><trkpt lat="46.13749667" lon="4.40313167"><ele>857.0</ele><time>2026-07-28T17:07:21.313Z</time></trkpt><trkpt lat="46.13751" lon="4.40313"><ele>857.0</ele><time>2026-07-28T17:07:22.313Z</time></trkpt><trkpt lat="46.13752667" lon="4.40313167"><ele>858.0</ele><time>2026-07-28T17:07:23.313Z</time></trkpt><trkpt lat="46.137545" lon="4.40313667"><ele>858.0</ele><time>2026-07-28T17:07:24.313Z</time></trkpt><trkpt lat="46.13756" lon="4.40314167"><ele>858.0</ele><time>2026-07-28T17:07:25.313Z</time></trkpt><trkpt lat="46.13757167" lon="4.40314333"><ele>859.0</ele><time>2026-07-28T17:07:26.313Z</time></trkpt><trkpt lat="46.137585" lon="4.40314833"><ele>859.0</ele><time>2026-07-28T17:07:27.313Z</time></trkpt><trkpt lat="46.1376" lon="4.40315167"><ele>859.0</ele><time>2026-07-28T17:07:28.313Z</time></trkpt><trkpt lat="46.13761333" lon="4.40315167"><ele>859.0</ele><time>2026-07-28T17:07:29.313Z</time></trkpt><trkpt lat="46.13763" lon="4.40315167"><ele>859.0</ele><time>2026-07-28T17:07:30.313Z</time></trkpt><trkpt lat="46.13764833" lon="4.40315667"><ele>859.0</ele><time>2026-07-28T17:07:31.313Z</time></trkpt><trkpt lat="46.13766667" lon="4.403155"><ele>859.0</ele><time>2026-07-28T17:07:32.313Z</time></trkpt><trkpt lat="46.13768167" lon="4.40315167"><ele>859.0</ele><time>2026-07-28T17:07:33.313Z</time></trkpt><trkpt lat="46.13769833" lon="4.40314333"><ele>859.0</ele><time>2026-07-28T17:07:34.313Z</time></trkpt><trkpt lat="46.13771667" lon="4.403135"><ele>859.0</ele><time>2026-07-28T17:07:35.313Z</time></trkpt><trkpt lat="46.137735" lon="4.40312667"><ele>859.0</ele><time>2026-07-28T17:07:36.313Z</time></trkpt><trkpt lat="46.137755" lon="4.40311833"><ele>859.0</ele><time>2026-07-28T17:07:37.313Z</time></trkpt><trkpt lat="46.13776667" lon="4.40311167"><ele>859.0</ele><time>2026-07-28T17:07:38.313Z</time></trkpt><trkpt lat="46.13777833" lon="4.40310833"><ele>859.0</ele><time>2026-07-28T17:07:39.313Z</time></trkpt><trkpt lat="46.13779167" lon="4.40310667"><ele>859.0</ele><time>2026-07-28T17:07:40.313Z</time></trkpt><trkpt lat="46.137805" lon="4.40310667"><ele>859.0</ele><time>2026-07-28T17:07:41.313Z</time></trkpt><trkpt lat="46.13782167" lon="4.40311167"><ele>859.0</ele><time>2026-07-28T17:07:42.313Z</time></trkpt><trkpt lat="46.13783667" lon="4.40311667"><ele>858.0</ele><time>2026-07-28T17:07:43.313Z</time></trkpt><trkpt lat="46.13784167" lon="4.403115"><ele>858.0</ele><time>2026-07-28T17:07:44.313Z</time></trkpt><trkpt lat="46.13784333" lon="4.40311167"><ele>858.0</ele><time>2026-07-28T17:07:45.313Z</time></trkpt><trkpt lat="46.13785167" lon="4.40310667"><ele>857.0</ele><time>2026-07-28T17:07:46.313Z</time></trkpt><trkpt lat="46.13786167" lon="4.40310333"><ele>856.0</ele><time>2026-07-28T17:07:47.313Z</time></trkpt><trkpt lat="46.137875" lon="4.40310167"><ele>856.0</ele><time>2026-07-28T17:07:48.313Z</time></trkpt><trkpt lat="46.13789167" lon="4.40309833"><ele>855.0</ele><time>2026-07-28T17:07:49.313Z</time></trkpt><trkpt lat="46.137905" lon="4.40309667"><ele>854.0</ele><time>2026-07-28T17:07:50.313Z</time></trkpt><trkpt lat="46.13792167" lon="4.40309667"><ele>854.0</ele><time>2026-07-28T17:07:51.313Z</time></trkpt><trkpt lat="46.13793333" lon="4.40309333"><ele>854.0</ele><time>2026-07-28T17:07:52.313Z</time></trkpt><trkpt lat="46.137945" lon="4.40309"><ele>854.0</ele><time>2026-07-28T17:07:53.313Z</time></trkpt><trkpt lat="46.13795833" lon="4.40308833"><ele>853.0</ele><time>2026-07-28T17:07:54.313Z</time></trkpt><trkpt lat="46.137975" lon="4.403085"><ele>853.0</ele><time>2026-07-28T17:07:55.313Z</time></trkpt><trkpt lat="46.137995" lon="4.40308167"><ele>852.0</ele><time>2026-07-28T17:07:56.313Z</time></trkpt><trkpt lat="46.13801167" lon="4.40307833"><ele>852.0</ele><time>2026-07-28T17:07:57.313Z</time></trkpt><trkpt lat="46.13802333" lon="4.40307833"><ele>852.0</ele><time>2026-07-28T17:07:58.313Z</time></trkpt><trkpt lat="46.13803833" lon="4.40308"><ele>852.0</ele><time>2026-07-28T17:07:59.313Z</time></trkpt><trkpt lat="46.13805" lon="4.40308"><ele>851.0</ele><time>2026-07-28T17:08:00.313Z</time></trkpt><trkpt lat="46.13806167" lon="4.40308"><ele>851.0</ele><time>2026-07-28T17:08:01.313Z</time></trkpt><trkpt lat="46.13807333" lon="4.40308"><ele>851.0</ele><time>2026-07-28T17:08:02.313Z</time></trkpt><trkpt lat="46.13808333" lon="4.403075"><ele>851.0</ele><time>2026-07-28T17:08:03.313Z</time></trkpt><trkpt lat="46.13809833" lon="4.40307167"><ele>851.0</ele><time>2026-07-28T17:08:04.313Z</time></trkpt><trkpt lat="46.13811" lon="4.40306333"><ele>850.0</ele><time>2026-07-28T17:08:05.313Z</time></trkpt><trkpt lat="46.13812333" lon="4.40305833"><ele>850.0</ele><time>2026-07-28T17:08:06.313Z</time></trkpt><trkpt lat="46.13814333" lon="4.40305167"><ele>850.0</ele><time>2026-07-28T17:08:07.313Z</time></trkpt><trkpt lat="46.13815833" lon="4.403055"><ele>850.0</ele><time>2026-07-28T17:08:08.313Z</time></trkpt><trkpt lat="46.13816167" lon="4.40305833"><ele>851.0</ele><time>2026-07-28T17:08:09.313Z</time></trkpt><trkpt lat="46.138165" lon="4.40305833"><ele>851.0</ele><time>2026-07-28T17:08:10.313Z</time></trkpt><trkpt lat="46.13818" lon="4.40305833"><ele>851.0</ele><time>2026-07-28T17:08:11.313Z</time></trkpt><trkpt lat="46.138195" lon="4.40305667"><ele>852.0</ele><time>2026-07-28T17:08:12.313Z</time></trkpt><trkpt lat="46.13821333" lon="4.403055"><ele>852.0</ele><time>2026-07-28T17:08:13.313Z</time></trkpt><trkpt lat="46.13822833" lon="4.40305333"><ele>853.0</ele><time>2026-07-28T17:08:14.313Z</time></trkpt><trkpt lat="46.13824" lon="4.40305333"><ele>853.0</ele><time>2026-07-28T17:08:15.313Z</time></trkpt><trkpt lat="46.138255" lon="4.40305333"><ele>853.0</ele><time>2026-07-28T17:08:16.313Z</time></trkpt><trkpt lat="46.13826833" lon="4.40304833"><ele>854.0</ele><time>2026-07-28T17:08:17.313Z</time></trkpt><trkpt lat="46.13828167" lon="4.40304167"><ele>854.0</ele><time>2026-07-28T17:08:18.313Z</time></trkpt><trkpt lat="46.13829833" lon="4.40304333"><ele>854.0</ele><time>2026-07-28T17:08:19.313Z</time></trkpt><trkpt lat="46.13831667" lon="4.403045"><ele>854.0</ele><time>2026-07-28T17:08:20.313Z</time></trkpt><trkpt lat="46.138335" lon="4.403045"><ele>854.0</ele><time>2026-07-28T17:08:21.313Z</time></trkpt><trkpt lat="46.13835167" lon="4.40304333"><ele>854.0</ele><time>2026-07-28T17:08:22.313Z</time></trkpt><trkpt lat="46.13837" lon="4.40304"><ele>854.0</ele><time>2026-07-28T17:08:23.313Z</time></trkpt><trkpt lat="46.13838" lon="4.403035"><ele>853.0</ele><time>2026-07-28T17:08:24.313Z</time></trkpt><trkpt lat="46.13839333" lon="4.40303667"><ele>853.0</ele><time>2026-07-28T17:08:25.313Z</time></trkpt><trkpt lat="46.138405" lon="4.40303667"><ele>853.0</ele><time>2026-07-28T17:08:26.313Z</time></trkpt><trkpt lat="46.13842167" lon="4.40303333"><ele>853.0</ele><time>2026-07-28T17:08:27.313Z</time></trkpt><trkpt lat="46.13843333" lon="4.40302667"><ele>853.0</ele><time>2026-07-28T17:08:28.313Z</time></trkpt><trkpt lat="46.13844" lon="4.40302"><ele>853.0</ele><time>2026-07-28T17:08:29.313Z</time></trkpt><trkpt lat="46.138455" lon="4.40301"><ele>853.0</ele><time>2026-07-28T17:08:30.313Z</time></trkpt><trkpt lat="46.13845833" lon="4.40300667"><ele>853.0</ele><time>2026-07-28T17:08:31.313Z</time></trkpt><trkpt lat="46.13846833" lon="4.40300167"><ele>853.0</ele><time>2026-07-28T17:08:32.313Z</time></trkpt><trkpt lat="46.13847667" lon="4.40299833"><ele>853.0</ele><time>2026-07-28T17:08:33.313Z</time></trkpt><trkpt lat="46.13848667" lon="4.40299833"><ele>853.0</ele><time>2026-07-28T17:08:34.313Z</time></trkpt><trkpt lat="46.13849833" lon="4.40299833"><ele>853.0</ele><time>2026-07-28T17:08:35.313Z</time></trkpt><trkpt lat="46.13852333" lon="4.40299167"><ele>853.0</ele><time>2026-07-28T17:08:36.313Z</time></trkpt><trkpt lat="46.13854333" lon="4.40298"><ele>853.0</ele><time>2026-07-28T17:08:37.313Z</time></trkpt><trkpt lat="46.13856333" lon="4.40297833"><ele>853.0</ele><time>2026-07-28T17:08:38.313Z</time></trkpt><trkpt lat="46.13858167" lon="4.40297667"><ele>853.0</ele><time>2026-07-28T17:08:39.313Z</time></trkpt><trkpt lat="46.1386" lon="4.40298"><ele>852.0</ele><time>2026-07-28T17:08:40.313Z</time></trkpt><trkpt lat="46.138615" lon="4.40299"><ele>852.0</ele><time>2026-07-28T17:08:41.313Z</time></trkpt><trkpt lat="46.13862667" lon="4.40300333"><ele>853.0</ele><time>2026-07-28T17:08:42.313Z</time></trkpt><trkpt lat="46.13863833" lon="4.40303167"><ele>853.0</ele><time>2026-07-28T17:08:43.313Z</time></trkpt><trkpt lat="46.13865" lon="4.40304167"><ele>853.0</ele><time>2026-07-28T17:08:44.313Z</time></trkpt><trkpt lat="46.13867" lon="4.403055"><ele>852.0</ele><time>2026-07-28T17:08:45.313Z</time></trkpt><trkpt lat="46.13869167" lon="4.40307667"><ele>852.0</ele><time>2026-07-28T17:08:46.313Z</time></trkpt><trkpt lat="46.13870333" lon="4.40308833"><ele>851.0</ele><time>2026-07-28T17:08:47.313Z</time></trkpt><trkpt lat="46.13873" lon="4.403125"><ele>851.0</ele><time>2026-07-28T17:08:48.313Z</time></trkpt><trkpt lat="46.13875333" lon="4.40315667"><ele>851.0</ele><time>2026-07-28T17:08:49.313Z</time></trkpt><trkpt lat="46.13876" lon="4.40318333"><ele>850.0</ele><time>2026-07-28T17:08:50.313Z</time></trkpt><trkpt lat="46.13876333" lon="4.40319"><ele>850.0</ele><time>2026-07-28T17:08:51.313Z</time></trkpt><trkpt lat="46.138775" lon="4.40320333"><ele>850.0</ele><time>2026-07-28T17:08:52.313Z</time></trkpt><trkpt lat="46.13879333" lon="4.40321833"><ele>851.0</ele><time>2026-07-28T17:08:53.313Z</time></trkpt><trkpt lat="46.13880833" lon="4.403245"><ele>851.0</ele><time>2026-07-28T17:08:54.313Z</time></trkpt><trkpt lat="46.13882" lon="4.40327167"><ele>851.0</ele><time>2026-07-28T17:08:55.313Z</time></trkpt><trkpt lat="46.13883" lon="4.4033"><ele>851.0</ele><time>2026-07-28T17:08:56.313Z</time></trkpt><trkpt lat="46.13884167" lon="4.4033"><ele>851.0</ele><time>2026-07-28T17:08:57.313Z</time></trkpt><trkpt lat="46.13885667" lon="4.40331"><ele>851.0</ele><time>2026-07-28T17:08:58.313Z</time></trkpt><trkpt lat="46.13886667" lon="4.40331333"><ele>851.0</ele><time>2026-07-28T17:08:59.313Z</time></trkpt><trkpt lat="46.13887667" lon="4.403325"><ele>852.0</ele><time>2026-07-28T17:09:00.313Z</time></trkpt><trkpt lat="46.13888333" lon="4.40333333"><ele>852.0</ele><time>2026-07-28T17:09:01.313Z</time></trkpt><trkpt lat="46.13888667" lon="4.40335167"><ele>852.0</ele><time>2026-07-28T17:09:02.313Z</time></trkpt><trkpt lat="46.13889333" lon="4.40337"><ele>852.0</ele><time>2026-07-28T17:09:03.313Z</time></trkpt><trkpt lat="46.138905" lon="4.40338833"><ele>852.0</ele><time>2026-07-28T17:09:04.313Z</time></trkpt><trkpt lat="46.13891167" lon="4.40339833"><ele>852.0</ele><time>2026-07-28T17:09:05.313Z</time></trkpt><trkpt lat="46.13891" lon="4.40340667"><ele>852.0</ele><time>2026-07-28T17:09:06.313Z</time></trkpt><trkpt lat="46.138915" lon="4.40340833"><ele>852.0</ele><time>2026-07-28T17:09:07.313Z</time></trkpt><trkpt lat="46.13890833" lon="4.40340667"><ele>851.0</ele><time>2026-07-28T17:09:08.313Z</time></trkpt><trkpt lat="46.13890833" lon="4.40340833"><ele>852.0</ele><time>2026-07-28T17:09:09.313Z</time></trkpt><trkpt lat="46.138915" lon="4.40340333"><ele>852.0</ele><time>2026-07-28T17:09:10.313Z</time></trkpt><trkpt lat="46.13892167" lon="4.40340667"><ele>853.0</ele><time>2026-07-28T17:09:11.313Z</time></trkpt><trkpt lat="46.138935" lon="4.403425"><ele>854.0</ele><time>2026-07-28T17:09:12.313Z</time></trkpt><trkpt lat="46.13895333" lon="4.403445"><ele>854.0</ele><time>2026-07-28T17:09:13.313Z</time></trkpt><trkpt lat="46.13896667" lon="4.40344833"><ele>855.0</ele><time>2026-07-28T17:09:14.313Z</time></trkpt><trkpt lat="46.13897333" lon="4.40346667"><ele>856.0</ele><time>2026-07-28T17:09:15.313Z</time></trkpt><trkpt lat="46.138975" lon="4.40348667"><ele>856.0</ele><time>2026-07-28T17:09:16.313Z</time></trkpt><trkpt lat="46.13898167" lon="4.40349667"><ele>857.0</ele><time>2026-07-28T17:09:17.313Z</time></trkpt><trkpt lat="46.13898667" lon="4.40350333"><ele>858.0</ele><time>2026-07-28T17:09:18.313Z</time></trkpt><trkpt lat="46.13898667" lon="4.40351333"><ele>858.0</ele><time>2026-07-28T17:09:19.313Z</time></trkpt><trkpt lat="46.13899167" lon="4.40351833"><ele>859.0</ele><time>2026-07-28T17:09:20.313Z</time></trkpt><trkpt lat="46.13899833" lon="4.403525"><ele>860.0</ele><time>2026-07-28T17:09:21.313Z</time></trkpt><trkpt lat="46.13900167" lon="4.40353333"><ele>860.0</ele><time>2026-07-28T17:09:22.313Z</time></trkpt><trkpt lat="46.13901" lon="4.40354"><ele>861.0</ele><time>2026-07-28T17:09:23.313Z</time></trkpt><trkpt lat="46.13901833" lon="4.40355167"><ele>862.0</ele><time>2026-07-28T17:09:24.313Z</time></trkpt><trkpt lat="46.13902667" lon="4.40356833"><ele>862.0</ele><time>2026-07-28T17:09:25.313Z</time></trkpt><trkpt lat="46.13904" lon="4.40358167"><ele>862.0</ele><time>2026-07-28T17:09:26.313Z</time></trkpt><trkpt lat="46.13904833" lon="4.40359333"><ele>862.0</ele><time>2026-07-28T17:09:27.313Z</time></trkpt><trkpt lat="46.13905833" lon="4.40360333"><ele>862.0</ele><time>2026-07-28T17:09:28.313Z</time></trkpt><trkpt lat="46.13906667" lon="4.40361"><ele>862.0</ele><time>2026-07-28T17:09:29.313Z</time></trkpt><trkpt lat="46.139075" lon="4.40361833"><ele>863.0</ele><time>2026-07-28T17:09:30.313Z</time></trkpt><trkpt lat="46.13907833" lon="4.40363"><ele>863.0</ele><time>2026-07-28T17:09:31.313Z</time></trkpt><trkpt lat="46.13908" lon="4.403645"><ele>863.0</ele><time>2026-07-28T17:09:32.313Z</time></trkpt><trkpt lat="46.139085" lon="4.40365833"><ele>863.0</ele><time>2026-07-28T17:09:33.313Z</time></trkpt><trkpt lat="46.13909667" lon="4.40367167"><ele>863.0</ele><time>2026-07-28T17:09:34.313Z</time></trkpt><trkpt lat="46.139105" lon="4.40368833"><ele>863.0</ele><time>2026-07-28T17:09:35.313Z</time></trkpt><trkpt lat="46.13912" lon="4.403715"><ele>863.0</ele><time>2026-07-28T17:09:36.313Z</time></trkpt><trkpt lat="46.13913" lon="4.40373667"><ele>863.0</ele><time>2026-07-28T17:09:37.313Z</time></trkpt><trkpt lat="46.13914" lon="4.403755"><ele>863.0</ele><time>2026-07-28T17:09:38.313Z</time></trkpt><trkpt lat="46.13915333" lon="4.40377"><ele>862.0</ele><time>2026-07-28T17:09:39.313Z</time></trkpt><trkpt lat="46.13916333" lon="4.40378333"><ele>862.0</ele><time>2026-07-28T17:09:40.313Z</time></trkpt><trkpt lat="46.13917167" lon="4.40379667"><ele>862.0</ele><time>2026-07-28T17:09:41.313Z</time></trkpt><trkpt lat="46.13918" lon="4.40381333"><ele>861.0</ele><time>2026-07-28T17:09:42.313Z</time></trkpt><trkpt lat="46.13918667" lon="4.403835"><ele>861.0</ele><time>2026-07-28T17:09:43.313Z</time></trkpt><trkpt lat="46.13919667" lon="4.40385167"><ele>861.0</ele><time>2026-07-28T17:09:44.313Z</time></trkpt><trkpt lat="46.13921" lon="4.40386333"><ele>861.0</ele><time>2026-07-28T17:09:45.313Z</time></trkpt><trkpt lat="46.13922167" lon="4.403875"><ele>861.0</ele><time>2026-07-28T17:09:46.313Z</time></trkpt><trkpt lat="46.13923167" lon="4.40388667"><ele>862.0</ele><time>2026-07-28T17:09:47.313Z</time></trkpt><trkpt lat="46.139245" lon="4.40390333"><ele>862.0</ele><time>2026-07-28T17:09:48.313Z</time></trkpt><trkpt lat="46.139255" lon="4.40391"><ele>862.0</ele><time>2026-07-28T17:09:49.313Z</time></trkpt><trkpt lat="46.13926833" lon="4.40392"><ele>862.0</ele><time>2026-07-28T17:09:50.313Z</time></trkpt><trkpt lat="46.13928" lon="4.40393167"><ele>862.0</ele><time>2026-07-28T17:09:51.313Z</time></trkpt><trkpt lat="46.13929" lon="4.40394333"><ele>863.0</ele><time>2026-07-28T17:09:52.313Z</time></trkpt><trkpt lat="46.139295" lon="4.403955"><ele>863.0</ele><time>2026-07-28T17:09:53.313Z</time></trkpt><trkpt lat="46.13930333" lon="4.40397"><ele>863.0</ele><time>2026-07-28T17:09:54.313Z</time></trkpt><trkpt lat="46.13931333" lon="4.40399"><ele>864.0</ele><time>2026-07-28T17:09:55.313Z</time></trkpt><trkpt lat="46.13932167" lon="4.404005"><ele>864.0</ele><time>2026-07-28T17:09:56.313Z</time></trkpt><trkpt lat="46.13933167" lon="4.404025"><ele>864.0</ele><time>2026-07-28T17:09:57.313Z</time></trkpt><trkpt lat="46.13934" lon="4.40404"><ele>864.0</ele><time>2026-07-28T17:09:58.313Z</time></trkpt><trkpt lat="46.13934833" lon="4.40405833"><ele>864.0</ele><time>2026-07-28T17:09:59.313Z</time></trkpt><trkpt lat="46.13935667" lon="4.40407167"><ele>864.0</ele><time>2026-07-28T17:10:00.313Z</time></trkpt><trkpt lat="46.13936" lon="4.404085"><ele>864.0</ele><time>2026-07-28T17:10:01.313Z</time></trkpt><trkpt lat="46.13936667" lon="4.40409833"><ele>864.0</ele><time>2026-07-28T17:10:02.313Z</time></trkpt><trkpt lat="46.13937" lon="4.40411"><ele>864.0</ele><time>2026-07-28T17:10:03.313Z</time></trkpt><trkpt lat="46.139375" lon="4.40412833"><ele>864.0</ele><time>2026-07-28T17:10:04.313Z</time></trkpt><trkpt lat="46.13938667" lon="4.40414833"><ele>864.0</ele><time>2026-07-28T17:10:05.313Z</time></trkpt><trkpt lat="46.13941333" lon="4.40417167"><ele>863.0</ele><time>2026-07-28T17:10:06.313Z</time></trkpt><trkpt lat="46.13942833" lon="4.404195"><ele>863.0</ele><time>2026-07-28T17:10:07.313Z</time></trkpt><trkpt lat="46.13943833" lon="4.40421333"><ele>862.0</ele><time>2026-07-28T17:10:08.313Z</time></trkpt><trkpt lat="46.13945167" lon="4.40423667"><ele>862.0</ele><time>2026-07-28T17:10:09.313Z</time></trkpt><trkpt lat="46.13946333" lon="4.40425333"><ele>862.0</ele><time>2026-07-28T17:10:10.313Z</time></trkpt><trkpt lat="46.13947333" lon="4.40427"><ele>862.0</ele><time>2026-07-28T17:10:11.313Z</time></trkpt><trkpt lat="46.13948167" lon="4.40428333"><ele>862.0</ele><time>2026-07-28T17:10:12.313Z</time></trkpt><trkpt lat="46.13949167" lon="4.404295"><ele>862.0</ele><time>2026-07-28T17:10:13.313Z</time></trkpt><trkpt lat="46.13950167" lon="4.40430167"><ele>862.0</ele><time>2026-07-28T17:10:14.313Z</time></trkpt><trkpt lat="46.13951333" lon="4.40430667"><ele>862.0</ele><time>2026-07-28T17:10:15.313Z</time></trkpt><trkpt lat="46.13953" lon="4.40432"><ele>862.0</ele><time>2026-07-28T17:10:16.313Z</time></trkpt><trkpt lat="46.13954" lon="4.404345"><ele>862.0</ele><time>2026-07-28T17:10:17.313Z</time></trkpt><trkpt lat="46.13955167" lon="4.40437833"><ele>862.0</ele><time>2026-07-28T17:10:18.313Z</time></trkpt><trkpt lat="46.13956333" lon="4.40439667"><ele>863.0</ele><time>2026-07-28T17:10:19.313Z</time></trkpt><trkpt lat="46.13959" lon="4.40443167"><ele>863.0</ele><time>2026-07-28T17:10:20.313Z</time></trkpt><trkpt lat="46.13962333" lon="4.40446"><ele>863.0</ele><time>2026-07-28T17:10:21.313Z</time></trkpt><trkpt lat="46.139635" lon="4.40447333"><ele>864.0</ele><time>2026-07-28T17:10:22.313Z</time></trkpt><trkpt lat="46.13965" lon="4.40448333"><ele>864.0</ele><time>2026-07-28T17:10:23.313Z</time></trkpt><trkpt lat="46.13967667" lon="4.4045"><ele>864.0</ele><time>2026-07-28T17:10:24.313Z</time></trkpt><trkpt lat="46.13971167" lon="4.40451"><ele>864.0</ele><time>2026-07-28T17:10:25.313Z</time></trkpt><trkpt lat="46.13974333" lon="4.4045"><ele>864.0</ele><time>2026-07-28T17:10:26.313Z</time></trkpt><trkpt lat="46.13977167" lon="4.40449167"><ele>864.0</ele><time>2026-07-28T17:10:27.313Z</time></trkpt><trkpt lat="46.13979833" lon="4.40450667"><ele>864.0</ele><time>2026-07-28T17:10:28.313Z</time></trkpt><trkpt lat="46.13982333" lon="4.40452167"><ele>864.0</ele><time>2026-07-28T17:10:29.313Z</time></trkpt><trkpt lat="46.139835" lon="4.40452667"><ele>864.0</ele><time>2026-07-28T17:10:30.313Z</time></trkpt><trkpt lat="46.139865" lon="4.40453667"><ele>864.0</ele><time>2026-07-28T17:10:31.313Z</time></trkpt><trkpt lat="46.13987333" lon="4.404565"><ele>865.0</ele><time>2026-07-28T17:10:32.313Z</time></trkpt><trkpt lat="46.13985667" lon="4.404595"><ele>865.0</ele><time>2026-07-28T17:10:33.313Z</time></trkpt><trkpt lat="46.13985833" lon="4.40463333"><ele>865.0</ele><time>2026-07-28T17:10:34.313Z</time></trkpt><trkpt lat="46.13986333" lon="4.404645"><ele>864.0</ele><time>2026-07-28T17:10:35.313Z</time></trkpt><trkpt lat="46.139875" lon="4.40463667"><ele>864.0</ele><time>2026-07-28T17:10:36.313Z</time></trkpt><trkpt lat="46.13989833" lon="4.404635"><ele>863.0</ele><time>2026-07-28T17:10:37.313Z</time></trkpt><trkpt lat="46.13993833" lon="4.40463833"><ele>863.0</ele><time>2026-07-28T17:10:38.313Z</time></trkpt><trkpt lat="46.13996167" lon="4.404635"><ele>863.0</ele><time>2026-07-28T17:10:39.313Z</time></trkpt><trkpt lat="46.13998167" lon="4.40463167"><ele>863.0</ele><time>2026-07-28T17:10:40.313Z</time></trkpt><trkpt lat="46.14" lon="4.404615"><ele>863.0</ele><time>2026-07-28T17:10:41.313Z</time></trkpt><trkpt lat="46.14001" lon="4.40460833"><ele>863.0</ele><time>2026-07-28T17:10:42.313Z</time></trkpt><trkpt lat="46.14001167" lon="4.40457833"><ele>863.0</ele><time>2026-07-28T17:10:43.313Z</time></trkpt><trkpt lat="46.14001167" lon="4.40455"><ele>863.0</ele><time>2026-07-28T17:10:44.313Z</time></trkpt><trkpt lat="46.14001" lon="4.40453333"><ele>864.0</ele><time>2026-07-28T17:10:45.313Z</time></trkpt><trkpt lat="46.14001" lon="4.40451333"><ele>864.0</ele><time>2026-07-28T17:10:46.313Z</time></trkpt><trkpt lat="46.14002167" lon="4.40450167"><ele>864.0</ele><time>2026-07-28T17:10:47.313Z</time></trkpt><trkpt lat="46.14003333" lon="4.40447833"><ele>863.0</ele><time>2026-07-28T17:10:48.313Z</time></trkpt><trkpt lat="46.14004833" lon="4.40446"><ele>863.0</ele><time>2026-07-28T17:10:49.313Z</time></trkpt><trkpt lat="46.140055" lon="4.404445"><ele>863.0</ele><time>2026-07-28T17:10:50.313Z</time></trkpt><trkpt lat="46.14006167" lon="4.40442167"><ele>863.0</ele><time>2026-07-28T17:10:51.313Z</time></trkpt><trkpt lat="46.14006667" lon="4.40439"><ele>862.0</ele><time>2026-07-28T17:10:52.313Z</time></trkpt><trkpt lat="46.14006833" lon="4.40437333"><ele>862.0</ele><time>2026-07-28T17:10:53.313Z</time></trkpt><trkpt lat="46.14007667" lon="4.404355"><ele>862.0</ele><time>2026-07-28T17:10:54.313Z</time></trkpt><trkpt lat="46.14009167" lon="4.40434333"><ele>862.0</ele><time>2026-07-28T17:10:55.313Z</time></trkpt><trkpt lat="46.14009333" lon="4.404325"><ele>862.0</ele><time>2026-07-28T17:10:56.313Z</time></trkpt><trkpt lat="46.1401" lon="4.40430333"><ele>861.0</ele><time>2026-07-28T17:10:57.313Z</time></trkpt><trkpt lat="46.14010833" lon="4.40428333"><ele>861.0</ele><time>2026-07-28T17:10:58.313Z</time></trkpt><trkpt lat="46.14011167" lon="4.40427"><ele>860.0</ele><time>2026-07-28T17:10:59.313Z</time></trkpt><trkpt lat="46.14011833" lon="4.404255"><ele>860.0</ele><time>2026-07-28T17:11:00.313Z</time></trkpt><trkpt lat="46.14012667" lon="4.40423333"><ele>860.0</ele><time>2026-07-28T17:11:01.313Z</time></trkpt><trkpt lat="46.14013667" lon="4.40421333"><ele>860.0</ele><time>2026-07-28T17:11:02.313Z</time></trkpt><trkpt lat="46.14014833" lon="4.40419667"><ele>859.0</ele><time>2026-07-28T17:11:03.313Z</time></trkpt><trkpt lat="46.14015833" lon="4.40418"><ele>859.0</ele><time>2026-07-28T17:11:04.313Z</time></trkpt><trkpt lat="46.14016833" lon="4.40416"><ele>859.0</ele><time>2026-07-28T17:11:05.313Z</time></trkpt><trkpt lat="46.140175" lon="4.40413833"><ele>859.0</ele><time>2026-07-28T17:11:06.313Z</time></trkpt><trkpt lat="46.14018" lon="4.404115"><ele>859.0</ele><time>2026-07-28T17:11:07.313Z</time></trkpt><trkpt lat="46.14018667" lon="4.40409667"><ele>859.0</ele><time>2026-07-28T17:11:08.313Z</time></trkpt><trkpt lat="46.14019167" lon="4.40407833"><ele>859.0</ele><time>2026-07-28T17:11:09.313Z</time></trkpt><trkpt lat="46.1402" lon="4.40405833"><ele>859.0</ele><time>2026-07-28T17:11:10.313Z</time></trkpt><trkpt lat="46.14020667" lon="4.40404333"><ele>859.0</ele><time>2026-07-28T17:11:11.313Z</time></trkpt><trkpt lat="46.14021667" lon="4.40402333"><ele>859.0</ele><time>2026-07-28T17:11:12.313Z</time></trkpt><trkpt lat="46.14022167" lon="4.40400833"><ele>859.0</ele><time>2026-07-28T17:11:13.313Z</time></trkpt><trkpt lat="46.14022333" lon="4.40398167"><ele>859.0</ele><time>2026-07-28T17:11:14.313Z</time></trkpt><trkpt lat="46.14023333" lon="4.40396"><ele>859.0</ele><time>2026-07-28T17:11:15.313Z</time></trkpt><trkpt lat="46.14023833" lon="4.40394333"><ele>859.0</ele><time>2026-07-28T17:11:16.313Z</time></trkpt><trkpt lat="46.14024667" lon="4.40392333"><ele>859.0</ele><time>2026-07-28T17:11:17.313Z</time></trkpt><trkpt lat="46.140255" lon="4.40390333"><ele>859.0</ele><time>2026-07-28T17:11:18.313Z</time></trkpt><trkpt lat="46.14026167" lon="4.40388167"><ele>858.0</ele><time>2026-07-28T17:11:19.313Z</time></trkpt><trkpt lat="46.14026833" lon="4.40386"><ele>858.0</ele><time>2026-07-28T17:11:20.313Z</time></trkpt><trkpt lat="46.14027833" lon="4.40383667"><ele>859.0</ele><time>2026-07-28T17:11:21.313Z</time></trkpt><trkpt lat="46.14028833" lon="4.40381833"><ele>859.0</ele><time>2026-07-28T17:11:22.313Z</time></trkpt><trkpt lat="46.140295" lon="4.40380333"><ele>859.0</ele><time>2026-07-28T17:11:23.313Z</time></trkpt><trkpt lat="46.14030333" lon="4.40377833"><ele>859.0</ele><time>2026-07-28T17:11:24.313Z</time></trkpt><trkpt lat="46.14030667" lon="4.40375667"><ele>859.0</ele><time>2026-07-28T17:11:25.313Z</time></trkpt><trkpt lat="46.14031" lon="4.40373833"><ele>860.0</ele><time>2026-07-28T17:11:26.313Z</time></trkpt><trkpt lat="46.14031833" lon="4.40372167"><ele>861.0</ele><time>2026-07-28T17:11:27.313Z</time></trkpt><trkpt lat="46.14032667" lon="4.40370333"><ele>862.0</ele><time>2026-07-28T17:11:28.313Z</time></trkpt><trkpt lat="46.14033667" lon="4.403685"><ele>862.0</ele><time>2026-07-28T17:11:29.313Z</time></trkpt><trkpt lat="46.14034333" lon="4.40367167"><ele>863.0</ele><time>2026-07-28T17:11:30.313Z</time></trkpt><trkpt lat="46.14035333" lon="4.40365333"><ele>863.0</ele><time>2026-07-28T17:11:31.313Z</time></trkpt><trkpt lat="46.14036" lon="4.40364"><ele>863.0</ele><time>2026-07-28T17:11:32.313Z</time></trkpt><trkpt lat="46.14037167" lon="4.40362167"><ele>863.0</ele><time>2026-07-28T17:11:33.313Z</time></trkpt><trkpt lat="46.140385" lon="4.40361"><ele>862.0</ele><time>2026-07-28T17:11:34.313Z</time></trkpt><trkpt lat="46.14039833" lon="4.40359167"><ele>862.0</ele><time>2026-07-28T17:11:35.313Z</time></trkpt><trkpt lat="46.140405" lon="4.40357667"><ele>862.0</ele><time>2026-07-28T17:11:36.313Z</time></trkpt><trkpt lat="46.14040833" lon="4.40356167"><ele>861.0</ele><time>2026-07-28T17:11:37.313Z</time></trkpt><trkpt lat="46.14041667" lon="4.403545"><ele>861.0</ele><time>2026-07-28T17:11:38.313Z</time></trkpt><trkpt lat="46.14042833" lon="4.40352667"><ele>861.0</ele><time>2026-07-28T17:11:39.313Z</time></trkpt><trkpt lat="46.14043833" lon="4.40351333"><ele>861.0</ele><time>2026-07-28T17:11:40.313Z</time></trkpt><trkpt lat="46.14044833" lon="4.40350333"><ele>861.0</ele><time>2026-07-28T17:11:41.313Z</time></trkpt><trkpt lat="46.14046" lon="4.40349167"><ele>861.0</ele><time>2026-07-28T17:11:42.313Z</time></trkpt><trkpt lat="46.14047" lon="4.403485"><ele>860.0</ele><time>2026-07-28T17:11:43.313Z</time></trkpt><trkpt lat="46.14048" lon="4.40347667"><ele>860.0</ele><time>2026-07-28T17:11:44.313Z</time></trkpt><trkpt lat="46.14049333" lon="4.403465"><ele>859.0</ele><time>2026-07-28T17:11:45.313Z</time></trkpt><trkpt lat="46.140505" lon="4.40345667"><ele>859.0</ele><time>2026-07-28T17:11:46.313Z</time></trkpt><trkpt lat="46.140525" lon="4.40344333"><ele>859.0</ele><time>2026-07-28T17:11:47.313Z</time></trkpt><trkpt lat="46.14053667" lon="4.40343667"><ele>859.0</ele><time>2026-07-28T17:11:48.313Z</time></trkpt><trkpt lat="46.14054833" lon="4.40342667"><ele>859.0</ele><time>2026-07-28T17:11:49.313Z</time></trkpt><trkpt lat="46.14056" lon="4.40341667"><ele>859.0</ele><time>2026-07-28T17:11:50.313Z</time></trkpt><trkpt lat="46.140575" lon="4.40340667"><ele>858.0</ele><time>2026-07-28T17:11:51.313Z</time></trkpt><trkpt lat="46.14058833" lon="4.403395"><ele>859.0</ele><time>2026-07-28T17:11:52.313Z</time></trkpt><trkpt lat="46.14060667" lon="4.40337333"><ele>859.0</ele><time>2026-07-28T17:11:53.313Z</time></trkpt><trkpt lat="46.14061667" lon="4.40335833"><ele>859.0</ele><time>2026-07-28T17:11:54.313Z</time></trkpt><trkpt lat="46.14063667" lon="4.40334667"><ele>860.0</ele><time>2026-07-28T17:11:55.313Z</time></trkpt><trkpt lat="46.14065833" lon="4.40333167"><ele>860.0</ele><time>2026-07-28T17:11:56.313Z</time></trkpt><trkpt lat="46.14066667" lon="4.40332833"><ele>861.0</ele><time>2026-07-28T17:11:57.313Z</time></trkpt><trkpt lat="46.14067333" lon="4.40332333"><ele>861.0</ele><time>2026-07-28T17:11:58.313Z</time></trkpt><trkpt lat="46.140685" lon="4.403315"><ele>861.0</ele><time>2026-07-28T17:11:59.313Z</time></trkpt><trkpt lat="46.1407" lon="4.40330667"><ele>861.0</ele><time>2026-07-28T17:12:00.313Z</time></trkpt><trkpt lat="46.14071167" lon="4.4033"><ele>862.0</ele><time>2026-07-28T17:12:01.313Z</time></trkpt><trkpt lat="46.14072333" lon="4.40329667"><ele>862.0</ele><time>2026-07-28T17:12:02.313Z</time></trkpt><trkpt lat="46.14073" lon="4.40329333"><ele>862.0</ele><time>2026-07-28T17:12:03.313Z</time></trkpt><trkpt lat="46.14074333" lon="4.40328667"><ele>861.0</ele><time>2026-07-28T17:12:04.313Z</time></trkpt><trkpt lat="46.14075667" lon="4.40328"><ele>861.0</ele><time>2026-07-28T17:12:05.313Z</time></trkpt><trkpt lat="46.14076667" lon="4.40327"><ele>861.0</ele><time>2026-07-28T17:12:06.313Z</time></trkpt><trkpt lat="46.14078167" lon="4.403265"><ele>861.0</ele><time>2026-07-28T17:12:07.313Z</time></trkpt><trkpt lat="46.140795" lon="4.40326"><ele>861.0</ele><time>2026-07-28T17:12:08.313Z</time></trkpt><trkpt lat="46.14080833" lon="4.40326167"><ele>862.0</ele><time>2026-07-28T17:12:09.313Z</time></trkpt><trkpt lat="46.14082" lon="4.40326"><ele>862.0</ele><time>2026-07-28T17:12:10.313Z</time></trkpt><trkpt lat="46.14083667" lon="4.40324333"><ele>863.0</ele><time>2026-07-28T17:12:11.313Z</time></trkpt><trkpt lat="46.14084833" lon="4.40322833"><ele>863.0</ele><time>2026-07-28T17:12:12.313Z</time></trkpt><trkpt lat="46.14086" lon="4.40320667"><ele>863.0</ele><time>2026-07-28T17:12:13.313Z</time></trkpt><trkpt lat="46.14087167" lon="4.403195"><ele>863.0</ele><time>2026-07-28T17:12:14.313Z</time></trkpt><trkpt lat="46.140885" lon="4.40318667"><ele>863.0</ele><time>2026-07-28T17:12:15.313Z</time></trkpt><trkpt lat="46.140905" lon="4.40317833"><ele>864.0</ele><time>2026-07-28T17:12:16.313Z</time></trkpt><trkpt lat="46.14092" lon="4.40317333"><ele>864.0</ele><time>2026-07-28T17:12:17.313Z</time></trkpt><trkpt lat="46.140935" lon="4.40316333"><ele>864.0</ele><time>2026-07-28T17:12:18.313Z</time></trkpt><trkpt lat="46.14094667" lon="4.40315333"><ele>865.0</ele><time>2026-07-28T17:12:19.313Z</time></trkpt><trkpt lat="46.14095833" lon="4.403145"><ele>865.0</ele><time>2026-07-28T17:12:20.313Z</time></trkpt><trkpt lat="46.14097" lon="4.40313167"><ele>865.0</ele><time>2026-07-28T17:12:21.313Z</time></trkpt><trkpt lat="46.14098" lon="4.40311833"><ele>864.0</ele><time>2026-07-28T17:12:22.313Z</time></trkpt><trkpt lat="46.14098833" lon="4.40310333"><ele>864.0</ele><time>2026-07-28T17:12:23.313Z</time></trkpt><trkpt lat="46.14099833" lon="4.40309167"><ele>864.0</ele><time>2026-07-28T17:12:24.313Z</time></trkpt><trkpt lat="46.141015" lon="4.403085"><ele>864.0</ele><time>2026-07-28T17:12:25.313Z</time></trkpt><trkpt lat="46.14102333" lon="4.40308333"><ele>864.0</ele><time>2026-07-28T17:12:26.313Z</time></trkpt><trkpt lat="46.141035" lon="4.40308"><ele>864.0</ele><time>2026-07-28T17:12:27.313Z</time></trkpt><trkpt lat="46.14104833" lon="4.40307167"><ele>864.0</ele><time>2026-07-28T17:12:28.313Z</time></trkpt><trkpt lat="46.14106167" lon="4.40306167"><ele>864.0</ele><time>2026-07-28T17:12:29.313Z</time></trkpt><trkpt lat="46.14107333" lon="4.40305"><ele>863.0</ele><time>2026-07-28T17:12:30.313Z</time></trkpt><trkpt lat="46.141085" lon="4.40304"><ele>864.0</ele><time>2026-07-28T17:12:31.313Z</time></trkpt><trkpt lat="46.141095" lon="4.403025"><ele>864.0</ele><time>2026-07-28T17:12:32.313Z</time></trkpt><trkpt lat="46.14110833" lon="4.40301"><ele>864.0</ele><time>2026-07-28T17:12:33.313Z</time></trkpt><trkpt lat="46.14111333" lon="4.40299333"><ele>865.0</ele><time>2026-07-28T17:12:34.313Z</time></trkpt><trkpt lat="46.14112833" lon="4.40298167"><ele>866.0</ele><time>2026-07-28T17:12:35.313Z</time></trkpt><trkpt lat="46.14113667" lon="4.40297333"><ele>866.0</ele><time>2026-07-28T17:12:36.313Z</time></trkpt><trkpt lat="46.14114833" lon="4.402965"><ele>866.0</ele><time>2026-07-28T17:12:37.313Z</time></trkpt><trkpt lat="46.14115833" lon="4.40295833"><ele>867.0</ele><time>2026-07-28T17:12:38.313Z</time></trkpt><trkpt lat="46.14116667" lon="4.40294833"><ele>867.0</ele><time>2026-07-28T17:12:39.313Z</time></trkpt><trkpt lat="46.14117833" lon="4.40293"><ele>868.0</ele><time>2026-07-28T17:12:40.313Z</time></trkpt><trkpt lat="46.14118833" lon="4.40292"><ele>869.0</ele><time>2026-07-28T17:12:41.313Z</time></trkpt><trkpt lat="46.1412" lon="4.40291167"><ele>869.0</ele><time>2026-07-28T17:12:42.313Z</time></trkpt><trkpt lat="46.14121" lon="4.40290167"><ele>869.0</ele><time>2026-07-28T17:12:43.313Z</time></trkpt><trkpt lat="46.14122167" lon="4.402895"><ele>870.0</ele><time>2026-07-28T17:12:44.313Z</time></trkpt><trkpt lat="46.14123167" lon="4.40288667"><ele>870.0</ele><time>2026-07-28T17:12:45.313Z</time></trkpt><trkpt lat="46.14124333" lon="4.40287667"><ele>870.0</ele><time>2026-07-28T17:12:46.313Z</time></trkpt><trkpt lat="46.141255" lon="4.40287"><ele>870.0</ele><time>2026-07-28T17:12:47.313Z</time></trkpt><trkpt lat="46.141265" lon="4.40285833"><ele>870.0</ele><time>2026-07-28T17:12:48.313Z</time></trkpt><trkpt lat="46.14127667" lon="4.40284667"><ele>870.0</ele><time>2026-07-28T17:12:49.313Z</time></trkpt><trkpt lat="46.14128833" lon="4.40283833"><ele>870.0</ele><time>2026-07-28T17:12:50.313Z</time></trkpt><trkpt lat="46.1413" lon="4.40283"><ele>870.0</ele><time>2026-07-28T17:12:51.313Z</time></trkpt><trkpt lat="46.14130833" lon="4.40282"><ele>869.0</ele><time>2026-07-28T17:12:52.313Z</time></trkpt><trkpt lat="46.14132" lon="4.40280833"><ele>869.0</ele><time>2026-07-28T17:12:53.313Z</time></trkpt><trkpt lat="46.14132833" lon="4.40279667"><ele>869.0</ele><time>2026-07-28T17:12:54.313Z</time></trkpt><trkpt lat="46.141335" lon="4.40278667"><ele>869.0</ele><time>2026-07-28T17:12:55.313Z</time></trkpt><trkpt lat="46.141345" lon="4.40277833"><ele>869.0</ele><time>2026-07-28T17:12:56.313Z</time></trkpt><trkpt lat="46.14135667" lon="4.40277"><ele>868.0</ele><time>2026-07-28T17:12:57.313Z</time></trkpt><trkpt lat="46.14137" lon="4.40276167"><ele>868.0</ele><time>2026-07-28T17:12:58.313Z</time></trkpt><trkpt lat="46.14138" lon="4.40275667"><ele>868.0</ele><time>2026-07-28T17:12:59.313Z</time></trkpt><trkpt lat="46.14139167" lon="4.40274667"><ele>868.0</ele><time>2026-07-28T17:13:00.313Z</time></trkpt><trkpt lat="46.14140667" lon="4.40273667"><ele>867.0</ele><time>2026-07-28T17:13:01.313Z</time></trkpt><trkpt lat="46.14142" lon="4.40273"><ele>866.0</ele><time>2026-07-28T17:13:02.313Z</time></trkpt><trkpt lat="46.14143" lon="4.402725"><ele>866.0</ele><time>2026-07-28T17:13:03.313Z</time></trkpt><trkpt lat="46.14144333" lon="4.40271833"><ele>865.0</ele><time>2026-07-28T17:13:04.313Z</time></trkpt><trkpt lat="46.141455" lon="4.402715"><ele>865.0</ele><time>2026-07-28T17:13:05.313Z</time></trkpt><trkpt lat="46.14146667" lon="4.40271167"><ele>865.0</ele><time>2026-07-28T17:13:06.313Z</time></trkpt><trkpt lat="46.14147833" lon="4.40270667"><ele>865.0</ele><time>2026-07-28T17:13:07.313Z</time></trkpt><trkpt lat="46.14149167" lon="4.4027"><ele>865.0</ele><time>2026-07-28T17:13:08.313Z</time></trkpt><trkpt lat="46.14150333" lon="4.402695"><ele>865.0</ele><time>2026-07-28T17:13:09.313Z</time></trkpt><trkpt lat="46.14151667" lon="4.40268833"><ele>865.0</ele><time>2026-07-28T17:13:10.313Z</time></trkpt><trkpt lat="46.14152833" lon="4.40268"><ele>865.0</ele><time>2026-07-28T17:13:11.313Z</time></trkpt><trkpt lat="46.141545" lon="4.40267333"><ele>865.0</ele><time>2026-07-28T17:13:12.313Z</time></trkpt><trkpt lat="46.14155833" lon="4.40266667"><ele>865.0</ele><time>2026-07-28T17:13:13.313Z</time></trkpt><trkpt lat="46.14156833" lon="4.40266"><ele>865.0</ele><time>2026-07-28T17:13:14.313Z</time></trkpt><trkpt lat="46.14158333" lon="4.40264833"><ele>865.0</ele><time>2026-07-28T17:13:15.313Z</time></trkpt><trkpt lat="46.14159333" lon="4.40264333"><ele>865.0</ele><time>2026-07-28T17:13:16.313Z</time></trkpt><trkpt lat="46.14160333" lon="4.40263667"><ele>865.0</ele><time>2026-07-28T17:13:17.313Z</time></trkpt><trkpt lat="46.14161333" lon="4.40262833"><ele>866.0</ele><time>2026-07-28T17:13:18.313Z</time></trkpt><trkpt lat="46.14162333" lon="4.40261833"><ele>866.0</ele><time>2026-07-28T17:13:19.313Z</time></trkpt><trkpt lat="46.14163667" lon="4.40260833"><ele>866.0</ele><time>2026-07-28T17:13:20.313Z</time></trkpt><trkpt lat="46.14164833" lon="4.40259833"><ele>867.0</ele><time>2026-07-28T17:13:21.313Z</time></trkpt><trkpt lat="46.14165833" lon="4.40259167"><ele>866.0</ele><time>2026-07-28T17:13:22.313Z</time></trkpt><trkpt lat="46.14166833" lon="4.402585"><ele>866.0</ele><time>2026-07-28T17:13:23.313Z</time></trkpt><trkpt lat="46.14167833" lon="4.402575"><ele>866.0</ele><time>2026-07-28T17:13:24.313Z</time></trkpt><trkpt lat="46.14168833" lon="4.402565"><ele>866.0</ele><time>2026-07-28T17:13:25.313Z</time></trkpt><trkpt lat="46.1417" lon="4.402555"><ele>866.0</ele><time>2026-07-28T17:13:26.313Z</time></trkpt><trkpt lat="46.14171167" lon="4.402545"><ele>866.0</ele><time>2026-07-28T17:13:27.313Z</time></trkpt><trkpt lat="46.14172333" lon="4.402535"><ele>866.0</ele><time>2026-07-28T17:13:28.313Z</time></trkpt><trkpt lat="46.141735" lon="4.40252333"><ele>867.0</ele><time>2026-07-28T17:13:29.313Z</time></trkpt><trkpt lat="46.141745" lon="4.40251167"><ele>867.0</ele><time>2026-07-28T17:13:30.313Z</time></trkpt><trkpt lat="46.14175333" lon="4.40250333"><ele>867.0</ele><time>2026-07-28T17:13:31.313Z</time></trkpt><trkpt lat="46.141765" lon="4.40249167"><ele>868.0</ele><time>2026-07-28T17:13:32.313Z</time></trkpt><trkpt lat="46.14177667" lon="4.40248167"><ele>868.0</ele><time>2026-07-28T17:13:33.313Z</time></trkpt><trkpt lat="46.14178667" lon="4.40247"><ele>868.0</ele><time>2026-07-28T17:13:34.313Z</time></trkpt><trkpt lat="46.14179833" lon="4.402455"><ele>868.0</ele><time>2026-07-28T17:13:35.313Z</time></trkpt><trkpt lat="46.14180833" lon="4.402445"><ele>868.0</ele><time>2026-07-28T17:13:36.313Z</time></trkpt><trkpt lat="46.14182" lon="4.40243167"><ele>869.0</ele><time>2026-07-28T17:13:37.313Z</time></trkpt><trkpt lat="46.14183333" lon="4.402415"><ele>869.0</ele><time>2026-07-28T17:13:38.313Z</time></trkpt><trkpt lat="46.14184167" lon="4.40240167"><ele>869.0</ele><time>2026-07-28T17:13:39.313Z</time></trkpt><trkpt lat="46.14185" lon="4.40239167"><ele>869.0</ele><time>2026-07-28T17:13:40.313Z</time></trkpt><trkpt lat="46.141855" lon="4.402385"><ele>869.0</ele><time>2026-07-28T17:13:41.313Z</time></trkpt><trkpt lat="46.14186167" lon="4.40237833"><ele>869.0</ele><time>2026-07-28T17:13:42.313Z</time></trkpt><trkpt lat="46.14187" lon="4.40236833"><ele>869.0</ele><time>2026-07-28T17:13:43.313Z</time></trkpt><trkpt lat="46.14188167" lon="4.40235667"><ele>870.0</ele><time>2026-07-28T17:13:44.313Z</time></trkpt><trkpt lat="46.14189167" lon="4.402345"><ele>870.0</ele><time>2026-07-28T17:13:45.313Z</time></trkpt><trkpt lat="46.14190167" lon="4.40233167"><ele>871.0</ele><time>2026-07-28T17:13:46.313Z</time></trkpt><trkpt lat="46.14191333" lon="4.40231667"><ele>871.0</ele><time>2026-07-28T17:13:47.313Z</time></trkpt><trkpt lat="46.141925" lon="4.40230167"><ele>872.0</ele><time>2026-07-28T17:13:48.313Z</time></trkpt><trkpt lat="46.14193833" lon="4.40228667"><ele>872.0</ele><time>2026-07-28T17:13:49.313Z</time></trkpt><trkpt lat="46.14195" lon="4.402275"><ele>873.0</ele><time>2026-07-28T17:13:50.313Z</time></trkpt><trkpt lat="46.14195833" lon="4.40226"><ele>873.0</ele><time>2026-07-28T17:13:51.313Z</time></trkpt><trkpt lat="46.14197167" lon="4.402245"><ele>874.0</ele><time>2026-07-28T17:13:52.313Z</time></trkpt><trkpt lat="46.14198833" lon="4.40223833"><ele>874.0</ele><time>2026-07-28T17:13:53.313Z</time></trkpt><trkpt lat="46.14199833" lon="4.40223333"><ele>874.0</ele><time>2026-07-28T17:13:54.313Z</time></trkpt><trkpt lat="46.14201167" lon="4.40222667"><ele>874.0</ele><time>2026-07-28T17:13:55.313Z</time></trkpt><trkpt lat="46.142025" lon="4.40222"><ele>875.0</ele><time>2026-07-28T17:13:56.313Z</time></trkpt><trkpt lat="46.14203667" lon="4.40221167"><ele>875.0</ele><time>2026-07-28T17:13:57.313Z</time></trkpt><trkpt lat="46.14205167" lon="4.40220167"><ele>875.0</ele><time>2026-07-28T17:13:58.313Z</time></trkpt><trkpt lat="46.14206333" lon="4.40219333"><ele>876.0</ele><time>2026-07-28T17:13:59.313Z</time></trkpt><trkpt lat="46.142075" lon="4.40218667"><ele>875.0</ele><time>2026-07-28T17:14:00.313Z</time></trkpt><trkpt lat="46.14209" lon="4.40218"><ele>875.0</ele><time>2026-07-28T17:14:01.313Z</time></trkpt><trkpt lat="46.14210667" lon="4.40217"><ele>875.0</ele><time>2026-07-28T17:14:02.313Z</time></trkpt><trkpt lat="46.14212167" lon="4.40216667"><ele>875.0</ele><time>2026-07-28T17:14:03.313Z</time></trkpt><trkpt lat="46.14213333" lon="4.40216667"><ele>875.0</ele><time>2026-07-28T17:14:04.313Z</time></trkpt><trkpt lat="46.142145" lon="4.40216667"><ele>875.0</ele><time>2026-07-28T17:14:05.313Z</time></trkpt><trkpt lat="46.14215667" lon="4.40216333"><ele>875.0</ele><time>2026-07-28T17:14:06.313Z</time></trkpt><trkpt lat="46.14217" lon="4.40215667"><ele>875.0</ele><time>2026-07-28T17:14:07.313Z</time></trkpt><trkpt lat="46.14218333" lon="4.40215333"><ele>875.0</ele><time>2026-07-28T17:14:08.313Z</time></trkpt><trkpt lat="46.14219833" lon="4.40214667"><ele>875.0</ele><time>2026-07-28T17:14:09.313Z</time></trkpt><trkpt lat="46.14221" lon="4.40214333"><ele>875.0</ele><time>2026-07-28T17:14:10.313Z</time></trkpt><trkpt lat="46.14223" lon="4.40214167"><ele>875.0</ele><time>2026-07-28T17:14:11.313Z</time></trkpt><trkpt lat="46.14224667" lon="4.40213"><ele>875.0</ele><time>2026-07-28T17:14:12.313Z</time></trkpt><trkpt lat="46.14225833" lon="4.40212"><ele>875.0</ele><time>2026-07-28T17:14:13.313Z</time></trkpt><trkpt lat="46.14226833" lon="4.402115"><ele>875.0</ele><time>2026-07-28T17:14:14.313Z</time></trkpt><trkpt lat="46.14228333" lon="4.40210833"><ele>875.0</ele><time>2026-07-28T17:14:15.313Z</time></trkpt><trkpt lat="46.14229667" lon="4.40210667"><ele>875.0</ele><time>2026-07-28T17:14:16.313Z</time></trkpt><trkpt lat="46.14230833" lon="4.402105"><ele>875.0</ele><time>2026-07-28T17:14:17.313Z</time></trkpt><trkpt lat="46.14232333" lon="4.40210167"><ele>875.0</ele><time>2026-07-28T17:14:18.313Z</time></trkpt><trkpt lat="46.14234" lon="4.40209833"><ele>875.0</ele><time>2026-07-28T17:14:19.313Z</time></trkpt><trkpt lat="46.142355" lon="4.4021"><ele>876.0</ele><time>2026-07-28T17:14:20.313Z</time></trkpt><trkpt lat="46.14237167" lon="4.402105"><ele>876.0</ele><time>2026-07-28T17:14:21.313Z</time></trkpt><trkpt lat="46.14238333" lon="4.40210833"><ele>876.0</ele><time>2026-07-28T17:14:22.313Z</time></trkpt><trkpt lat="46.142395" lon="4.40211167"><ele>876.0</ele><time>2026-07-28T17:14:23.313Z</time></trkpt><trkpt lat="46.14240833" lon="4.40211833"><ele>876.0</ele><time>2026-07-28T17:14:24.313Z</time></trkpt><trkpt lat="46.14242333" lon="4.402125"><ele>876.0</ele><time>2026-07-28T17:14:25.313Z</time></trkpt><trkpt lat="46.14243333" lon="4.40213"><ele>876.0</ele><time>2026-07-28T17:14:26.313Z</time></trkpt><trkpt lat="46.142445" lon="4.40213667"><ele>876.0</ele><time>2026-07-28T17:14:27.313Z</time></trkpt><trkpt lat="46.14245833" lon="4.40214167"><ele>876.0</ele><time>2026-07-28T17:14:28.313Z</time></trkpt><trkpt lat="46.14247167" lon="4.40215"><ele>877.0</ele><time>2026-07-28T17:14:29.313Z</time></trkpt><trkpt lat="46.142485" lon="4.40215833"><ele>877.0</ele><time>2026-07-28T17:14:30.313Z</time></trkpt><trkpt lat="46.142505" lon="4.40217167"><ele>877.0</ele><time>2026-07-28T17:14:31.313Z</time></trkpt><trkpt lat="46.14251833" lon="4.40218833"><ele>877.0</ele><time>2026-07-28T17:14:32.313Z</time></trkpt><trkpt lat="46.14253333" lon="4.40219667"><ele>878.0</ele><time>2026-07-28T17:14:33.313Z</time></trkpt><trkpt lat="46.142545" lon="4.40221"><ele>878.0</ele><time>2026-07-28T17:14:34.313Z</time></trkpt><trkpt lat="46.14255833" lon="4.40222167"><ele>878.0</ele><time>2026-07-28T17:14:35.313Z</time></trkpt><trkpt lat="46.14256833" lon="4.40222667"><ele>878.0</ele><time>2026-07-28T17:14:36.313Z</time></trkpt><trkpt lat="46.14257833" lon="4.40223667"><ele>878.0</ele><time>2026-07-28T17:14:37.313Z</time></trkpt><trkpt lat="46.14259" lon="4.40224833"><ele>878.0</ele><time>2026-07-28T17:14:38.313Z</time></trkpt><trkpt lat="46.14260333" lon="4.40225833"><ele>877.0</ele><time>2026-07-28T17:14:39.313Z</time></trkpt><trkpt lat="46.14261667" lon="4.40226667"><ele>877.0</ele><time>2026-07-28T17:14:40.313Z</time></trkpt><trkpt lat="46.14263" lon="4.40227333"><ele>876.0</ele><time>2026-07-28T17:14:41.313Z</time></trkpt><trkpt lat="46.14264333" lon="4.40227833"><ele>876.0</ele><time>2026-07-28T17:14:42.313Z</time></trkpt><trkpt lat="46.14265833" lon="4.40228167"><ele>876.0</ele><time>2026-07-28T17:14:43.313Z</time></trkpt><trkpt lat="46.14267333" lon="4.40228167"><ele>876.0</ele><time>2026-07-28T17:14:44.313Z</time></trkpt><trkpt lat="46.14268833" lon="4.40228167"><ele>876.0</ele><time>2026-07-28T17:14:45.313Z</time></trkpt><trkpt lat="46.14270333" lon="4.40228333"><ele>875.0</ele><time>2026-07-28T17:14:46.313Z</time></trkpt><trkpt lat="46.14271667" lon="4.40228167"><ele>875.0</ele><time>2026-07-28T17:14:47.313Z</time></trkpt><trkpt lat="46.14273167" lon="4.402275"><ele>876.0</ele><time>2026-07-28T17:14:48.313Z</time></trkpt><trkpt lat="46.14274833" lon="4.40227167"><ele>875.0</ele><time>2026-07-28T17:14:49.313Z</time></trkpt><trkpt lat="46.14276333" lon="4.40227333"><ele>875.0</ele><time>2026-07-28T17:14:50.313Z</time></trkpt><trkpt lat="46.14277833" lon="4.402275"><ele>875.0</ele><time>2026-07-28T17:14:51.313Z</time></trkpt><trkpt lat="46.14279333" lon="4.40227833"><ele>874.0</ele><time>2026-07-28T17:14:52.313Z</time></trkpt><trkpt lat="46.14280833" lon="4.40228333"><ele>873.0</ele><time>2026-07-28T17:14:53.313Z</time></trkpt><trkpt lat="46.14282" lon="4.40228667"><ele>873.0</ele><time>2026-07-28T17:14:54.313Z</time></trkpt><trkpt lat="46.142835" lon="4.40229"><ele>873.0</ele><time>2026-07-28T17:14:55.313Z</time></trkpt><trkpt lat="46.14284833" lon="4.40229333"><ele>873.0</ele><time>2026-07-28T17:14:56.313Z</time></trkpt><trkpt lat="46.14286333" lon="4.40229667"><ele>873.0</ele><time>2026-07-28T17:14:57.313Z</time></trkpt><trkpt lat="46.14287667" lon="4.40229833"><ele>873.0</ele><time>2026-07-28T17:14:58.313Z</time></trkpt><trkpt lat="46.14289167" lon="4.40230167"><ele>873.0</ele><time>2026-07-28T17:14:59.313Z</time></trkpt><trkpt lat="46.142905" lon="4.402305"><ele>873.0</ele><time>2026-07-28T17:15:00.313Z</time></trkpt><trkpt lat="46.14291667" lon="4.40230833"><ele>872.0</ele><time>2026-07-28T17:15:01.313Z</time></trkpt><trkpt lat="46.14293167" lon="4.40231333"><ele>872.0</ele><time>2026-07-28T17:15:02.313Z</time></trkpt><trkpt lat="46.14294667" lon="4.40231667"><ele>872.0</ele><time>2026-07-28T17:15:03.313Z</time></trkpt><trkpt lat="46.14296" lon="4.40231667"><ele>871.0</ele><time>2026-07-28T17:15:04.313Z</time></trkpt><trkpt lat="46.14297167" lon="4.40232"><ele>871.0</ele><time>2026-07-28T17:15:05.313Z</time></trkpt><trkpt lat="46.14298333" lon="4.40232333"><ele>871.0</ele><time>2026-07-28T17:15:06.313Z</time></trkpt><trkpt lat="46.14299833" lon="4.40232833"><ele>871.0</ele><time>2026-07-28T17:15:07.313Z</time></trkpt><trkpt lat="46.14301333" lon="4.40233333"><ele>871.0</ele><time>2026-07-28T17:15:08.313Z</time></trkpt><trkpt lat="46.14302667" lon="4.40233333"><ele>871.0</ele><time>2026-07-28T17:15:09.313Z</time></trkpt><trkpt lat="46.14304" lon="4.40233167"><ele>871.0</ele><time>2026-07-28T17:15:10.313Z</time></trkpt><trkpt lat="46.14305333" lon="4.40233"><ele>871.0</ele><time>2026-07-28T17:15:11.313Z</time></trkpt><trkpt lat="46.14306667" lon="4.40232833"><ele>871.0</ele><time>2026-07-28T17:15:12.313Z</time></trkpt><trkpt lat="46.14307667" lon="4.40232833"><ele>871.0</ele><time>2026-07-28T17:15:13.313Z</time></trkpt><trkpt lat="46.14309" lon="4.40232667"><ele>871.0</ele><time>2026-07-28T17:15:14.313Z</time></trkpt><trkpt lat="46.14310667" lon="4.40232667"><ele>871.0</ele><time>2026-07-28T17:15:15.313Z</time></trkpt><trkpt lat="46.14312" lon="4.402325"><ele>871.0</ele><time>2026-07-28T17:15:16.313Z</time></trkpt><trkpt lat="46.143135" lon="4.40232667"><ele>871.0</ele><time>2026-07-28T17:15:17.313Z</time></trkpt><trkpt lat="46.14315167" lon="4.40232667"><ele>871.0</ele><time>2026-07-28T17:15:18.313Z</time></trkpt><trkpt lat="46.14316333" lon="4.402325"><ele>871.0</ele><time>2026-07-28T17:15:19.313Z</time></trkpt><trkpt lat="46.14317833" lon="4.40232333"><ele>871.0</ele><time>2026-07-28T17:15:20.313Z</time></trkpt><trkpt lat="46.14319167" lon="4.40232167"><ele>870.0</ele><time>2026-07-28T17:15:21.313Z</time></trkpt><trkpt lat="46.143205" lon="4.40231833"><ele>870.0</ele><time>2026-07-28T17:15:22.313Z</time></trkpt><trkpt lat="46.143215" lon="4.40231667"><ele>870.0</ele><time>2026-07-28T17:15:23.313Z</time></trkpt><trkpt lat="46.14322833" lon="4.40231333"><ele>871.0</ele><time>2026-07-28T17:15:24.313Z</time></trkpt><trkpt lat="46.14324333" lon="4.40231333"><ele>871.0</ele><time>2026-07-28T17:15:25.313Z</time></trkpt><trkpt lat="46.14325667" lon="4.40231167"><ele>871.0</ele><time>2026-07-28T17:15:26.313Z</time></trkpt><trkpt lat="46.14327" lon="4.40230833"><ele>871.0</ele><time>2026-07-28T17:15:27.313Z</time></trkpt><trkpt lat="46.14328333" lon="4.40230667"><ele>871.0</ele><time>2026-07-28T17:15:28.313Z</time></trkpt><trkpt lat="46.14329667" lon="4.40230333"><ele>871.0</ele><time>2026-07-28T17:15:29.313Z</time></trkpt><trkpt lat="46.14331" lon="4.40229833"><ele>871.0</ele><time>2026-07-28T17:15:30.313Z</time></trkpt><trkpt lat="46.14332167" lon="4.40229667"><ele>871.0</ele><time>2026-07-28T17:15:31.313Z</time></trkpt><trkpt lat="46.143335" lon="4.40229333"><ele>870.0</ele><time>2026-07-28T17:15:32.313Z</time></trkpt><trkpt lat="46.14334667" lon="4.40229"><ele>870.0</ele><time>2026-07-28T17:15:33.313Z</time></trkpt><trkpt lat="46.14336" lon="4.40228833"><ele>870.0</ele><time>2026-07-28T17:15:34.313Z</time></trkpt><trkpt lat="46.143375" lon="4.40228333"><ele>870.0</ele><time>2026-07-28T17:15:35.313Z</time></trkpt><trkpt lat="46.143385" lon="4.40228"><ele>870.0</ele><time>2026-07-28T17:15:36.313Z</time></trkpt><trkpt lat="46.14339833" lon="4.402275"><ele>870.0</ele><time>2026-07-28T17:15:37.313Z</time></trkpt><trkpt lat="46.14341167" lon="4.40227167"><ele>870.0</ele><time>2026-07-28T17:15:38.313Z</time></trkpt><trkpt lat="46.143425" lon="4.40227"><ele>870.0</ele><time>2026-07-28T17:15:39.313Z</time></trkpt><trkpt lat="46.14344" lon="4.40226667"><ele>870.0</ele><time>2026-07-28T17:15:40.313Z</time></trkpt><trkpt lat="46.14345667" lon="4.40226"><ele>870.0</ele><time>2026-07-28T17:15:41.313Z</time></trkpt><trkpt lat="46.14347" lon="4.40225833"><ele>870.0</ele><time>2026-07-28T17:15:42.313Z</time></trkpt><trkpt lat="46.14348333" lon="4.40225333"><ele>870.0</ele><time>2026-07-28T17:15:43.313Z</time></trkpt><trkpt lat="46.143495" lon="4.40225167"><ele>870.0</ele><time>2026-07-28T17:15:44.313Z</time></trkpt><trkpt lat="46.14350667" lon="4.40224667"><ele>870.0</ele><time>2026-07-28T17:15:45.313Z</time></trkpt><trkpt lat="46.14351833" lon="4.402245"><ele>869.0</ele><time>2026-07-28T17:15:46.313Z</time></trkpt><trkpt lat="46.14352833" lon="4.402245"><ele>869.0</ele><time>2026-07-28T17:15:47.313Z</time></trkpt><trkpt lat="46.14353833" lon="4.40224667"><ele>869.0</ele><time>2026-07-28T17:15:48.313Z</time></trkpt><trkpt lat="46.14354833" lon="4.40224667"><ele>869.0</ele><time>2026-07-28T17:15:49.313Z</time></trkpt><trkpt lat="46.14355833" lon="4.40224167"><ele>868.0</ele><time>2026-07-28T17:15:50.313Z</time></trkpt><trkpt lat="46.14357" lon="4.402235"><ele>868.0</ele><time>2026-07-28T17:15:51.313Z</time></trkpt><trkpt lat="46.14358167" lon="4.40223"><ele>868.0</ele><time>2026-07-28T17:15:52.313Z</time></trkpt><trkpt lat="46.143595" lon="4.40222667"><ele>867.0</ele><time>2026-07-28T17:15:53.313Z</time></trkpt><trkpt lat="46.14361167" lon="4.40222667"><ele>867.0</ele><time>2026-07-28T17:15:54.313Z</time></trkpt><trkpt lat="46.14362833" lon="4.402225"><ele>867.0</ele><time>2026-07-28T17:15:55.313Z</time></trkpt><trkpt lat="46.14364" lon="4.40222"><ele>867.0</ele><time>2026-07-28T17:15:56.313Z</time></trkpt><trkpt lat="46.14365333" lon="4.40222167"><ele>867.0</ele><time>2026-07-28T17:15:57.313Z</time></trkpt><trkpt lat="46.143665" lon="4.402225"><ele>867.0</ele><time>2026-07-28T17:15:58.313Z</time></trkpt><trkpt lat="46.143675" lon="4.40222333"><ele>867.0</ele><time>2026-07-28T17:15:59.313Z</time></trkpt><trkpt lat="46.143685" lon="4.40221667"><ele>866.0</ele><time>2026-07-28T17:16:00.313Z</time></trkpt><trkpt lat="46.14369167" lon="4.40219667"><ele>866.0</ele><time>2026-07-28T17:16:01.313Z</time></trkpt><trkpt lat="46.14370333" lon="4.40218"><ele>866.0</ele><time>2026-07-28T17:16:02.313Z</time></trkpt><trkpt lat="46.14371333" lon="4.40217"><ele>865.0</ele><time>2026-07-28T17:16:03.313Z</time></trkpt><trkpt lat="46.143725" lon="4.40216167"><ele>865.0</ele><time>2026-07-28T17:16:04.313Z</time></trkpt><trkpt lat="46.14373833" lon="4.40215333"><ele>864.0</ele><time>2026-07-28T17:16:05.313Z</time></trkpt><trkpt lat="46.14374667" lon="4.40215"><ele>864.0</ele><time>2026-07-28T17:16:06.313Z</time></trkpt><trkpt lat="46.14375833" lon="4.40214167"><ele>864.0</ele><time>2026-07-28T17:16:07.313Z</time></trkpt><trkpt lat="46.14377" lon="4.40213167"><ele>863.0</ele><time>2026-07-28T17:16:08.313Z</time></trkpt><trkpt lat="46.14378333" lon="4.40212167"><ele>863.0</ele><time>2026-07-28T17:16:09.313Z</time></trkpt><trkpt lat="46.14379667" lon="4.40211333"><ele>863.0</ele><time>2026-07-28T17:16:10.313Z</time></trkpt><trkpt lat="46.14380667" lon="4.40210833"><ele>864.0</ele><time>2026-07-28T17:16:11.313Z</time></trkpt><trkpt lat="46.14382167" lon="4.40209333"><ele>863.0</ele><time>2026-07-28T17:16:12.313Z</time></trkpt><trkpt lat="46.14383333" lon="4.40208667"><ele>863.0</ele><time>2026-07-28T17:16:13.313Z</time></trkpt><trkpt lat="46.143845" lon="4.40208"><ele>863.0</ele><time>2026-07-28T17:16:14.313Z</time></trkpt><trkpt lat="46.143855" lon="4.402075"><ele>863.0</ele><time>2026-07-28T17:16:15.313Z</time></trkpt><trkpt lat="46.143865" lon="4.40207"><ele>863.0</ele><time>2026-07-28T17:16:16.313Z</time></trkpt><trkpt lat="46.14388167" lon="4.40206667"><ele>863.0</ele><time>2026-07-28T17:16:17.313Z</time></trkpt><trkpt lat="46.14389167" lon="4.40205667"><ele>863.0</ele><time>2026-07-28T17:16:18.313Z</time></trkpt><trkpt lat="46.14390167" lon="4.40205167"><ele>863.0</ele><time>2026-07-28T17:16:19.313Z</time></trkpt><trkpt lat="46.14391333" lon="4.40204167"><ele>863.0</ele><time>2026-07-28T17:16:20.313Z</time></trkpt><trkpt lat="46.143925" lon="4.402035"><ele>863.0</ele><time>2026-07-28T17:16:21.313Z</time></trkpt><trkpt lat="46.14394" lon="4.40203"><ele>863.0</ele><time>2026-07-28T17:16:22.313Z</time></trkpt><trkpt lat="46.143955" lon="4.402025"><ele>863.0</ele><time>2026-07-28T17:16:23.313Z</time></trkpt><trkpt lat="46.14397167" lon="4.40202"><ele>862.0</ele><time>2026-07-28T17:16:24.313Z</time></trkpt><trkpt lat="46.14398667" lon="4.40201333"><ele>862.0</ele><time>2026-07-28T17:16:25.313Z</time></trkpt><trkpt lat="46.14400167" lon="4.40200333"><ele>862.0</ele><time>2026-07-28T17:16:26.313Z</time></trkpt><trkpt lat="46.14401333" lon="4.40199833"><ele>861.0</ele><time>2026-07-28T17:16:27.313Z</time></trkpt><trkpt lat="46.14403" lon="4.40199167"><ele>861.0</ele><time>2026-07-28T17:16:28.313Z</time></trkpt><trkpt lat="46.14404" lon="4.401985"><ele>861.0</ele><time>2026-07-28T17:16:29.313Z</time></trkpt><trkpt lat="46.144055" lon="4.40198167"><ele>860.0</ele><time>2026-07-28T17:16:30.313Z</time></trkpt><trkpt lat="46.14406833" lon="4.40197833"><ele>860.0</ele><time>2026-07-28T17:16:31.313Z</time></trkpt><trkpt lat="46.144085" lon="4.40197"><ele>860.0</ele><time>2026-07-28T17:16:32.313Z</time></trkpt><trkpt lat="46.14409667" lon="4.40196333"><ele>859.0</ele><time>2026-07-28T17:16:33.313Z</time></trkpt><trkpt lat="46.14410833" lon="4.40195667"><ele>859.0</ele><time>2026-07-28T17:16:34.313Z</time></trkpt><trkpt lat="46.14412167" lon="4.40194667"><ele>859.0</ele><time>2026-07-28T17:16:35.313Z</time></trkpt><trkpt lat="46.14413333" lon="4.40194167"><ele>858.0</ele><time>2026-07-28T17:16:36.313Z</time></trkpt><trkpt lat="46.144145" lon="4.40194167"><ele>858.0</ele><time>2026-07-28T17:16:37.313Z</time></trkpt><trkpt lat="46.14416" lon="4.40194167"><ele>858.0</ele><time>2026-07-28T17:16:38.313Z</time></trkpt><trkpt lat="46.14417333" lon="4.40194"><ele>858.0</ele><time>2026-07-28T17:16:39.313Z</time></trkpt><trkpt lat="46.14418833" lon="4.40193333"><ele>857.0</ele><time>2026-07-28T17:16:40.313Z</time></trkpt><trkpt lat="46.14420167" lon="4.40193"><ele>857.0</ele><time>2026-07-28T17:16:41.313Z</time></trkpt><trkpt lat="46.14421667" lon="4.40192833"><ele>857.0</ele><time>2026-07-28T17:16:42.313Z</time></trkpt><trkpt lat="46.14423333" lon="4.40192667"><ele>857.0</ele><time>2026-07-28T17:16:43.313Z</time></trkpt><trkpt lat="46.14424833" lon="4.40192167"><ele>856.0</ele><time>2026-07-28T17:16:44.313Z</time></trkpt><trkpt lat="46.14426333" lon="4.40191667"><ele>856.0</ele><time>2026-07-28T17:16:45.313Z</time></trkpt><trkpt lat="46.14428167" lon="4.40191"><ele>856.0</ele><time>2026-07-28T17:16:46.313Z</time></trkpt><trkpt lat="46.14429833" lon="4.401905"><ele>856.0</ele><time>2026-07-28T17:16:47.313Z</time></trkpt><trkpt lat="46.14431" lon="4.4019"><ele>856.0</ele><time>2026-07-28T17:16:48.313Z</time></trkpt><trkpt lat="46.144325" lon="4.40189167"><ele>856.0</ele><time>2026-07-28T17:16:49.313Z</time></trkpt><trkpt lat="46.14434" lon="4.401885"><ele>856.0</ele><time>2026-07-28T17:16:50.313Z</time></trkpt><trkpt lat="46.14435167" lon="4.40188"><ele>855.0</ele><time>2026-07-28T17:16:51.313Z</time></trkpt><trkpt lat="46.14436167" lon="4.40187"><ele>855.0</ele><time>2026-07-28T17:16:52.313Z</time></trkpt><trkpt lat="46.14437" lon="4.40185"><ele>855.0</ele><time>2026-07-28T17:16:53.313Z</time></trkpt><trkpt lat="46.14438333" lon="4.40183667"><ele>854.0</ele><time>2026-07-28T17:16:54.313Z</time></trkpt><trkpt lat="46.14439833" lon="4.401825"><ele>853.0</ele><time>2026-07-28T17:16:55.313Z</time></trkpt><trkpt lat="46.14441167" lon="4.401815"><ele>853.0</ele><time>2026-07-28T17:16:56.313Z</time></trkpt><trkpt lat="46.14442333" lon="4.40180167"><ele>853.0</ele><time>2026-07-28T17:16:57.313Z</time></trkpt><trkpt lat="46.14443833" lon="4.40179333"><ele>853.0</ele><time>2026-07-28T17:16:58.313Z</time></trkpt><trkpt lat="46.144455" lon="4.40177667"><ele>853.0</ele><time>2026-07-28T17:16:59.313Z</time></trkpt><trkpt lat="46.14446833" lon="4.40177"><ele>853.0</ele><time>2026-07-28T17:17:00.313Z</time></trkpt><trkpt lat="46.14448" lon="4.40176333"><ele>854.0</ele><time>2026-07-28T17:17:01.313Z</time></trkpt><trkpt lat="46.14449" lon="4.40175"><ele>854.0</ele><time>2026-07-28T17:17:02.313Z</time></trkpt><trkpt lat="46.14449167" lon="4.401745"><ele>854.0</ele><time>2026-07-28T17:17:03.313Z</time></trkpt><trkpt lat="46.14450333" lon="4.40173667"><ele>854.0</ele><time>2026-07-28T17:17:04.313Z</time></trkpt><trkpt lat="46.14451833" lon="4.40172833"><ele>854.0</ele><time>2026-07-28T17:17:05.313Z</time></trkpt><trkpt lat="46.144535" lon="4.40171833"><ele>854.0</ele><time>2026-07-28T17:17:06.313Z</time></trkpt><trkpt lat="46.14455" lon="4.40171333"><ele>854.0</ele><time>2026-07-28T17:17:07.313Z</time></trkpt><trkpt lat="46.14456167" lon="4.40171333"><ele>854.0</ele><time>2026-07-28T17:17:08.313Z</time></trkpt><trkpt lat="46.14457333" lon="4.40170833"><ele>855.0</ele><time>2026-07-28T17:17:09.313Z</time></trkpt><trkpt lat="46.14457667" lon="4.40170333"><ele>855.0</ele><time>2026-07-28T17:17:10.313Z</time></trkpt><trkpt lat="46.14458333" lon="4.401695"><ele>856.0</ele><time>2026-07-28T17:17:11.313Z</time></trkpt><trkpt lat="46.14459167" lon="4.40168333"><ele>857.0</ele><time>2026-07-28T17:17:12.313Z</time></trkpt><trkpt lat="46.14460667" lon="4.40165667"><ele>858.0</ele><time>2026-07-28T17:17:13.313Z</time></trkpt><trkpt lat="46.144625" lon="4.401645"><ele>859.0</ele><time>2026-07-28T17:17:14.313Z</time></trkpt><trkpt lat="46.14464" lon="4.40163833"><ele>859.0</ele><time>2026-07-28T17:17:15.313Z</time></trkpt><trkpt lat="46.14465167" lon="4.40163"><ele>860.0</ele><time>2026-07-28T17:17:16.313Z</time></trkpt><trkpt lat="46.14466" lon="4.40162333"><ele>860.0</ele><time>2026-07-28T17:17:17.313Z</time></trkpt><trkpt lat="46.14466" lon="4.401615"><ele>860.0</ele><time>2026-07-28T17:17:18.313Z</time></trkpt><trkpt lat="46.14466833" lon="4.401615"><ele>860.0</ele><time>2026-07-28T17:17:19.313Z</time></trkpt><trkpt lat="46.14467833" lon="4.40160833"><ele>860.0</ele><time>2026-07-28T17:17:20.313Z</time></trkpt><trkpt lat="46.14469167" lon="4.401605"><ele>860.0</ele><time>2026-07-28T17:17:21.313Z</time></trkpt><trkpt lat="46.14470833" lon="4.40159333"><ele>860.0</ele><time>2026-07-28T17:17:22.313Z</time></trkpt><trkpt lat="46.14471667" lon="4.40159"><ele>861.0</ele><time>2026-07-28T17:17:23.313Z</time></trkpt><trkpt lat="46.14472833" lon="4.40157833"><ele>861.0</ele><time>2026-07-28T17:17:24.313Z</time></trkpt><trkpt lat="46.14474333" lon="4.40156333"><ele>860.0</ele><time>2026-07-28T17:17:25.313Z</time></trkpt><trkpt lat="46.14475333" lon="4.40154667"><ele>860.0</ele><time>2026-07-28T17:17:26.313Z</time></trkpt><trkpt lat="46.14476667" lon="4.40153167"><ele>860.0</ele><time>2026-07-28T17:17:27.313Z</time></trkpt><trkpt lat="46.14478167" lon="4.40152333"><ele>860.0</ele><time>2026-07-28T17:17:28.313Z</time></trkpt><trkpt lat="46.14479333" lon="4.40151333"><ele>860.0</ele><time>2026-07-28T17:17:29.313Z</time></trkpt><trkpt lat="46.14480167" lon="4.40150333"><ele>860.0</ele><time>2026-07-28T17:17:30.313Z</time></trkpt><trkpt lat="46.14481167" lon="4.40148667"><ele>860.0</ele><time>2026-07-28T17:17:31.313Z</time></trkpt><trkpt lat="46.14482167" lon="4.40147333"><ele>860.0</ele><time>2026-07-28T17:17:32.313Z</time></trkpt><trkpt lat="46.14483333" lon="4.40146167"><ele>859.0</ele><time>2026-07-28T17:17:33.313Z</time></trkpt><trkpt lat="46.14484833" lon="4.40145667"><ele>859.0</ele><time>2026-07-28T17:17:34.313Z</time></trkpt><trkpt lat="46.14486333" lon="4.40145333"><ele>858.0</ele><time>2026-07-28T17:17:35.313Z</time></trkpt><trkpt lat="46.14488" lon="4.40144833"><ele>857.0</ele><time>2026-07-28T17:17:36.313Z</time></trkpt><trkpt lat="46.1449" lon="4.40144333"><ele>857.0</ele><time>2026-07-28T17:17:37.313Z</time></trkpt><trkpt lat="46.14491167" lon="4.40142833"><ele>857.0</ele><time>2026-07-28T17:17:38.313Z</time></trkpt><trkpt lat="46.144925" lon="4.40141333"><ele>857.0</ele><time>2026-07-28T17:17:39.313Z</time></trkpt><trkpt lat="46.14494167" lon="4.40139833"><ele>857.0</ele><time>2026-07-28T17:17:40.313Z</time></trkpt><trkpt lat="46.14495333" lon="4.40137833"><ele>857.0</ele><time>2026-07-28T17:17:41.313Z</time></trkpt><trkpt lat="46.14497167" lon="4.40137333"><ele>857.0</ele><time>2026-07-28T17:17:42.313Z</time></trkpt><trkpt lat="46.14499333" lon="4.40136833"><ele>857.0</ele><time>2026-07-28T17:17:43.313Z</time></trkpt><trkpt lat="46.145015" lon="4.40135833"><ele>857.0</ele><time>2026-07-28T17:17:44.313Z</time></trkpt><trkpt lat="46.14502833" lon="4.40134333"><ele>857.0</ele><time>2026-07-28T17:17:45.313Z</time></trkpt><trkpt lat="46.14504333" lon="4.401325"><ele>857.0</ele><time>2026-07-28T17:17:46.313Z</time></trkpt><trkpt lat="46.14505833" lon="4.40131167"><ele>857.0</ele><time>2026-07-28T17:17:47.313Z</time></trkpt><trkpt lat="46.14507" lon="4.40129833"><ele>857.0</ele><time>2026-07-28T17:17:48.313Z</time></trkpt><trkpt lat="46.14507833" lon="4.40129333"><ele>856.0</ele><time>2026-07-28T17:17:49.313Z</time></trkpt><trkpt lat="46.14509" lon="4.401285"><ele>856.0</ele><time>2026-07-28T17:17:50.313Z</time></trkpt><trkpt lat="46.14510333" lon="4.401275"><ele>856.0</ele><time>2026-07-28T17:17:51.313Z</time></trkpt><trkpt lat="46.14512167" lon="4.40126833"><ele>856.0</ele><time>2026-07-28T17:17:52.313Z</time></trkpt><trkpt lat="46.14513833" lon="4.40125833"><ele>856.0</ele><time>2026-07-28T17:17:53.313Z</time></trkpt><trkpt lat="46.14515167" lon="4.40124833"><ele>855.0</ele><time>2026-07-28T17:17:54.313Z</time></trkpt><trkpt lat="46.14516667" lon="4.40124167"><ele>855.0</ele><time>2026-07-28T17:17:55.313Z</time></trkpt><trkpt lat="46.14518" lon="4.40123"><ele>855.0</ele><time>2026-07-28T17:17:56.313Z</time></trkpt><trkpt lat="46.14519667" lon="4.40121333"><ele>855.0</ele><time>2026-07-28T17:17:57.313Z</time></trkpt><trkpt lat="46.14521167" lon="4.40119667"><ele>855.0</ele><time>2026-07-28T17:17:58.313Z</time></trkpt><trkpt lat="46.14522667" lon="4.401185"><ele>855.0</ele><time>2026-07-28T17:17:59.313Z</time></trkpt><trkpt lat="46.14524" lon="4.40117667"><ele>854.0</ele><time>2026-07-28T17:18:00.313Z</time></trkpt><trkpt lat="46.14524333" lon="4.40116833"><ele>854.0</ele><time>2026-07-28T17:18:01.313Z</time></trkpt><trkpt lat="46.145255" lon="4.40115667"><ele>853.0</ele><time>2026-07-28T17:18:02.313Z</time></trkpt><trkpt lat="46.14526167" lon="4.40114167"><ele>853.0</ele><time>2026-07-28T17:18:03.313Z</time></trkpt><trkpt lat="46.14527667" lon="4.40112333"><ele>852.0</ele><time>2026-07-28T17:18:04.313Z</time></trkpt><trkpt lat="46.145295" lon="4.40111333"><ele>852.0</ele><time>2026-07-28T17:18:05.313Z</time></trkpt><trkpt lat="46.14531667" lon="4.4011"><ele>852.0</ele><time>2026-07-28T17:18:06.313Z</time></trkpt><trkpt lat="46.14533333" lon="4.401085"><ele>851.0</ele><time>2026-07-28T17:18:07.313Z</time></trkpt><trkpt lat="46.14535" lon="4.40107167"><ele>851.0</ele><time>2026-07-28T17:18:08.313Z</time></trkpt><trkpt lat="46.14536333" lon="4.401065"><ele>850.0</ele><time>2026-07-28T17:18:09.313Z</time></trkpt><trkpt lat="46.14537667" lon="4.401055"><ele>849.0</ele><time>2026-07-28T17:18:10.313Z</time></trkpt><trkpt lat="46.145395" lon="4.401045"><ele>849.0</ele><time>2026-07-28T17:18:11.313Z</time></trkpt><trkpt lat="46.14541333" lon="4.40103667"><ele>848.0</ele><time>2026-07-28T17:18:12.313Z</time></trkpt><trkpt lat="46.14543167" lon="4.401025"><ele>848.0</ele><time>2026-07-28T17:18:13.313Z</time></trkpt><trkpt lat="46.14545" lon="4.40101167"><ele>848.0</ele><time>2026-07-28T17:18:14.313Z</time></trkpt><trkpt lat="46.14546667" lon="4.40099167"><ele>848.0</ele><time>2026-07-28T17:18:15.313Z</time></trkpt><trkpt lat="46.14548167" lon="4.40097167"><ele>848.0</ele><time>2026-07-28T17:18:16.313Z</time></trkpt><trkpt lat="46.14549667" lon="4.400955"><ele>848.0</ele><time>2026-07-28T17:18:17.313Z</time></trkpt><trkpt lat="46.14551333" lon="4.40094"><ele>848.0</ele><time>2026-07-28T17:18:18.313Z</time></trkpt><trkpt lat="46.14552167" lon="4.40093167"><ele>849.0</ele><time>2026-07-28T17:18:19.313Z</time></trkpt><trkpt lat="46.14552833" lon="4.40092"><ele>849.0</ele><time>2026-07-28T17:18:20.313Z</time></trkpt><trkpt lat="46.145535" lon="4.40091"><ele>849.0</ele><time>2026-07-28T17:18:21.313Z</time></trkpt><trkpt lat="46.145545" lon="4.40090333"><ele>849.0</ele><time>2026-07-28T17:18:22.313Z</time></trkpt><trkpt lat="46.14556" lon="4.40088833"><ele>849.0</ele><time>2026-07-28T17:18:23.313Z</time></trkpt><trkpt lat="46.145585" lon="4.40087"><ele>849.0</ele><time>2026-07-28T17:18:24.313Z</time></trkpt><trkpt lat="46.14559833" lon="4.40086833"><ele>848.0</ele><time>2026-07-28T17:18:25.313Z</time></trkpt><trkpt lat="46.14561333" lon="4.40087167"><ele>848.0</ele><time>2026-07-28T17:18:26.313Z</time></trkpt><trkpt lat="46.14560667" lon="4.40086333"><ele>847.0</ele><time>2026-07-28T17:18:27.313Z</time></trkpt><trkpt lat="46.14561167" lon="4.40084667"><ele>847.0</ele><time>2026-07-28T17:18:28.313Z</time></trkpt><trkpt lat="46.14562667" lon="4.40082"><ele>846.0</ele><time>2026-07-28T17:18:29.313Z</time></trkpt><trkpt lat="46.145635" lon="4.40078833"><ele>846.0</ele><time>2026-07-28T17:18:30.313Z</time></trkpt><trkpt lat="46.14574" lon="4.40071333"><ele>839.0</ele><time>2026-07-28T17:18:49.136Z</time></trkpt><trkpt lat="46.14575" lon="4.4007"><ele>838.0</ele><time>2026-07-28T17:18:50.135Z</time></trkpt><trkpt lat="46.14575833" lon="4.40069333"><ele>838.0</ele><time>2026-07-28T17:18:51.135Z</time></trkpt><trkpt lat="46.14577333" lon="4.40068833"><ele>838.0</ele><time>2026-07-28T17:18:52.135Z</time></trkpt><trkpt lat="46.14578667" lon="4.400685"><ele>838.0</ele><time>2026-07-28T17:18:53.135Z</time></trkpt><trkpt lat="46.14580333" lon="4.40067833"><ele>838.0</ele><time>2026-07-28T17:18:54.135Z</time></trkpt><trkpt lat="46.14581667" lon="4.40067167"><ele>838.0</ele><time>2026-07-28T17:18:55.135Z</time></trkpt><trkpt lat="46.14582833" lon="4.40067333"><ele>838.0</ele><time>2026-07-28T17:18:56.135Z</time></trkpt><trkpt lat="46.14583667" lon="4.400675"><ele>837.0</ele><time>2026-07-28T17:18:57.136Z</time></trkpt><trkpt lat="46.14585" lon="4.40067333"><ele>837.0</ele><time>2026-07-28T17:18:58.136Z</time></trkpt><trkpt lat="46.145865" lon="4.40066833"><ele>836.0</ele><time>2026-07-28T17:18:59.135Z</time></trkpt><trkpt lat="46.145875" lon="4.40065833"><ele>836.0</ele><time>2026-07-28T17:19:00.136Z</time></trkpt><trkpt lat="46.14589167" lon="4.40064833"><ele>836.0</ele><time>2026-07-28T17:19:01.135Z</time></trkpt><trkpt lat="46.14590667" lon="4.40064167"><ele>836.0</ele><time>2026-07-28T17:19:02.135Z</time></trkpt><trkpt lat="46.14591833" lon="4.40063167"><ele>836.0</ele><time>2026-07-28T17:19:03.135Z</time></trkpt><trkpt lat="46.14592667" lon="4.400625"><ele>837.0</ele><time>2026-07-28T17:19:04.135Z</time></trkpt><trkpt lat="46.145935" lon="4.40061167"><ele>837.0</ele><time>2026-07-28T17:19:05.135Z</time></trkpt><trkpt lat="46.14595" lon="4.40059833"><ele>837.0</ele><time>2026-07-28T17:19:06.135Z</time></trkpt><trkpt lat="46.14595833" lon="4.400585"><ele>837.0</ele><time>2026-07-28T17:19:07.135Z</time></trkpt><trkpt lat="46.14596667" lon="4.40056667"><ele>837.0</ele><time>2026-07-28T17:19:08.135Z</time></trkpt><trkpt lat="46.14597" lon="4.40055167"><ele>837.0</ele><time>2026-07-28T17:19:09.135Z</time></trkpt><trkpt lat="46.14598" lon="4.40054167"><ele>837.0</ele><time>2026-07-28T17:19:10.135Z</time></trkpt><trkpt lat="46.14599" lon="4.40053333"><ele>837.0</ele><time>2026-07-28T17:19:11.135Z</time></trkpt><trkpt lat="46.146" lon="4.400525"><ele>837.0</ele><time>2026-07-28T17:19:12.135Z</time></trkpt><trkpt lat="46.14600833" lon="4.40051833"><ele>837.0</ele><time>2026-07-28T17:19:13.135Z</time></trkpt><trkpt lat="46.14601167" lon="4.40050333"><ele>836.0</ele><time>2026-07-28T17:19:14.135Z</time></trkpt><trkpt lat="46.14602167" lon="4.40048833"><ele>836.0</ele><time>2026-07-28T17:19:15.135Z</time></trkpt><trkpt lat="46.14603833" lon="4.400475"><ele>836.0</ele><time>2026-07-28T17:19:16.136Z</time></trkpt><trkpt lat="46.14605167" lon="4.40047167"><ele>835.0</ele><time>2026-07-28T17:19:17.136Z</time></trkpt><trkpt lat="46.14606833" lon="4.40047"><ele>835.0</ele><time>2026-07-28T17:19:18.136Z</time></trkpt><trkpt lat="46.14609333" lon="4.40047"><ele>834.0</ele><time>2026-07-28T17:19:19.136Z</time></trkpt><trkpt lat="46.14611167" lon="4.400475"><ele>833.0</ele><time>2026-07-28T17:19:20.135Z</time></trkpt><trkpt lat="46.14612667" lon="4.40047167"><ele>833.0</ele><time>2026-07-28T17:19:21.135Z</time></trkpt><trkpt lat="46.14613667" lon="4.40046167"><ele>832.0</ele><time>2026-07-28T17:19:22.135Z</time></trkpt><trkpt lat="46.14614833" lon="4.40045167"><ele>832.0</ele><time>2026-07-28T17:19:23.135Z</time></trkpt><trkpt lat="46.14615667" lon="4.40044"><ele>831.0</ele><time>2026-07-28T17:19:24.135Z</time></trkpt><trkpt lat="46.14616667" lon="4.40043"><ele>831.0</ele><time>2026-07-28T17:19:25.135Z</time></trkpt><trkpt lat="46.14618" lon="4.40041833"><ele>831.0</ele><time>2026-07-28T17:19:26.135Z</time></trkpt><trkpt lat="46.14619167" lon="4.40041"><ele>831.0</ele><time>2026-07-28T17:19:27.135Z</time></trkpt><trkpt lat="46.14620333" lon="4.400405"><ele>830.0</ele><time>2026-07-28T17:19:28.135Z</time></trkpt><trkpt lat="46.14621667" lon="4.400395"><ele>830.0</ele><time>2026-07-28T17:19:29.135Z</time></trkpt><trkpt lat="46.14622833" lon="4.40038333"><ele>829.0</ele><time>2026-07-28T17:19:30.136Z</time></trkpt><trkpt lat="46.14624" lon="4.40037167"><ele>829.0</ele><time>2026-07-28T17:19:31.136Z</time></trkpt><trkpt lat="46.14625" lon="4.40035333"><ele>828.0</ele><time>2026-07-28T17:19:32.135Z</time></trkpt><trkpt lat="46.14626" lon="4.40034333"><ele>828.0</ele><time>2026-07-28T17:19:33.135Z</time></trkpt><trkpt lat="46.14627" lon="4.40033833"><ele>827.0</ele><time>2026-07-28T17:19:34.135Z</time></trkpt><trkpt lat="46.14628167" lon="4.40033"><ele>826.0</ele><time>2026-07-28T17:19:35.135Z</time></trkpt><trkpt lat="46.14629333" lon="4.40031833"><ele>826.0</ele><time>2026-07-28T17:19:36.135Z</time></trkpt><trkpt lat="46.14631" lon="4.40030333"><ele>825.0</ele><time>2026-07-28T17:19:37.135Z</time></trkpt><trkpt lat="46.14633333" lon="4.40029667"><ele>825.0</ele><time>2026-07-28T17:19:38.135Z</time></trkpt><trkpt lat="46.14635667" lon="4.400295"><ele>824.0</ele><time>2026-07-28T17:19:39.135Z</time></trkpt><trkpt lat="46.14637667" lon="4.40031"><ele>823.0</ele><time>2026-07-28T17:19:40.136Z</time></trkpt><trkpt lat="46.14638167" lon="4.40032"><ele>823.0</ele><time>2026-07-28T17:19:41.136Z</time></trkpt><trkpt lat="46.14638167" lon="4.40034167"><ele>823.0</ele><time>2026-07-28T17:19:42.136Z</time></trkpt><trkpt lat="46.14638167" lon="4.40036667"><ele>823.0</ele><time>2026-07-28T17:19:43.135Z</time></trkpt><trkpt lat="46.14639333" lon="4.40041667"><ele>822.0</ele><time>2026-07-28T17:19:44.135Z</time></trkpt><trkpt lat="46.14638667" lon="4.40045167"><ele>822.0</ele><time>2026-07-28T17:19:45.135Z</time></trkpt><trkpt lat="46.14637833" lon="4.40048167"><ele>821.0</ele><time>2026-07-28T17:19:46.135Z</time></trkpt><trkpt lat="46.14637" lon="4.40051333"><ele>821.0</ele><time>2026-07-28T17:19:47.135Z</time></trkpt><trkpt lat="46.14636167" lon="4.40053667"><ele>821.0</ele><time>2026-07-28T17:19:48.136Z</time></trkpt><trkpt lat="46.14635167" lon="4.400555"><ele>820.0</ele><time>2026-07-28T17:19:49.135Z</time></trkpt><trkpt lat="46.14634333" lon="4.40056833"><ele>820.0</ele><time>2026-07-28T17:19:50.135Z</time></trkpt><trkpt lat="46.14634167" lon="4.400585"><ele>820.0</ele><time>2026-07-28T17:19:51.136Z</time></trkpt><trkpt lat="46.14633333" lon="4.4006"><ele>820.0</ele><time>2026-07-28T17:19:52.136Z</time></trkpt><trkpt lat="46.14632333" lon="4.40061667"><ele>820.0</ele><time>2026-07-28T17:19:53.135Z</time></trkpt><trkpt lat="46.14631667" lon="4.40063167"><ele>820.0</ele><time>2026-07-28T17:19:54.135Z</time></trkpt><trkpt lat="46.14630333" lon="4.40064833"><ele>820.0</ele><time>2026-07-28T17:19:55.135Z</time></trkpt><trkpt lat="46.14628833" lon="4.40067"><ele>820.0</ele><time>2026-07-28T17:19:56.135Z</time></trkpt><trkpt lat="46.14628167" lon="4.40069167"><ele>820.0</ele><time>2026-07-28T17:19:57.135Z</time></trkpt><trkpt lat="46.14627333" lon="4.40072"><ele>821.0</ele><time>2026-07-28T17:19:58.135Z</time></trkpt><trkpt lat="46.14627" lon="4.40074833"><ele>820.0</ele><time>2026-07-28T17:19:59.135Z</time></trkpt><trkpt lat="46.14627" lon="4.40077333"><ele>821.0</ele><time>2026-07-28T17:20:00.135Z</time></trkpt><trkpt lat="46.14627" lon="4.4008"><ele>821.0</ele><time>2026-07-28T17:20:01.136Z</time></trkpt><trkpt lat="46.146265" lon="4.40082333"><ele>821.0</ele><time>2026-07-28T17:20:02.135Z</time></trkpt><trkpt lat="46.14625333" lon="4.40084667"><ele>822.0</ele><time>2026-07-28T17:20:03.136Z</time></trkpt><trkpt lat="46.14624833" lon="4.40087"><ele>822.0</ele><time>2026-07-28T17:20:04.135Z</time></trkpt><trkpt lat="46.14623833" lon="4.40088833"><ele>822.0</ele><time>2026-07-28T17:20:05.136Z</time></trkpt><trkpt lat="46.14622167" lon="4.40092"><ele>822.0</ele><time>2026-07-28T17:20:06.135Z</time></trkpt><trkpt lat="46.14621667" lon="4.40094167"><ele>822.0</ele><time>2026-07-28T17:20:07.135Z</time></trkpt><trkpt lat="46.14621" lon="4.400965"><ele>822.0</ele><time>2026-07-28T17:20:08.136Z</time></trkpt><trkpt lat="46.14619333" lon="4.40098167"><ele>822.0</ele><time>2026-07-28T17:20:09.136Z</time></trkpt><trkpt lat="46.14618333" lon="4.401005"><ele>822.0</ele><time>2026-07-28T17:20:10.136Z</time></trkpt><trkpt lat="46.146175" lon="4.40103"><ele>822.0</ele><time>2026-07-28T17:20:11.135Z</time></trkpt><trkpt lat="46.146165" lon="4.40105"><ele>822.0</ele><time>2026-07-28T17:20:12.135Z</time></trkpt><trkpt lat="46.14615667" lon="4.40107167"><ele>823.0</ele><time>2026-07-28T17:20:13.135Z</time></trkpt><trkpt lat="46.14614833" lon="4.40108667"><ele>823.0</ele><time>2026-07-28T17:20:14.136Z</time></trkpt><trkpt lat="46.14613667" lon="4.401105"><ele>823.0</ele><time>2026-07-28T17:20:15.135Z</time></trkpt><trkpt lat="46.146125" lon="4.40112667"><ele>823.0</ele><time>2026-07-28T17:20:16.135Z</time></trkpt><trkpt lat="46.14611833" lon="4.40114167"><ele>824.0</ele><time>2026-07-28T17:20:17.135Z</time></trkpt><trkpt lat="46.14610667" lon="4.40116333"><ele>824.0</ele><time>2026-07-28T17:20:18.135Z</time></trkpt><trkpt lat="46.14609667" lon="4.40118167"><ele>824.0</ele><time>2026-07-28T17:20:19.135Z</time></trkpt><trkpt lat="46.14608333" lon="4.40120167"><ele>825.0</ele><time>2026-07-28T17:20:20.136Z</time></trkpt><trkpt lat="46.14607167" lon="4.40122"><ele>825.0</ele><time>2026-07-28T17:20:21.136Z</time></trkpt><trkpt lat="46.14606" lon="4.40123667"><ele>826.0</ele><time>2026-07-28T17:20:22.135Z</time></trkpt><trkpt lat="46.14604667" lon="4.40125167"><ele>826.0</ele><time>2026-07-28T17:20:23.135Z</time></trkpt><trkpt lat="46.14604" lon="4.401265"><ele>826.0</ele><time>2026-07-28T17:20:24.135Z</time></trkpt><trkpt lat="46.14603333" lon="4.401275"><ele>825.0</ele><time>2026-07-28T17:20:25.135Z</time></trkpt><trkpt lat="46.14602" lon="4.40129"><ele>825.0</ele><time>2026-07-28T17:20:26.136Z</time></trkpt><trkpt lat="46.14601" lon="4.401305"><ele>825.0</ele><time>2026-07-28T17:20:27.136Z</time></trkpt><trkpt lat="46.14600833" lon="4.401315"><ele>825.0</ele><time>2026-07-28T17:20:28.136Z</time></trkpt><trkpt lat="46.145995" lon="4.40132833"><ele>825.0</ele><time>2026-07-28T17:20:29.136Z</time></trkpt><trkpt lat="46.14597833" lon="4.40135333"><ele>825.0</ele><time>2026-07-28T17:20:30.135Z</time></trkpt><trkpt lat="46.14596" lon="4.40137333"><ele>825.0</ele><time>2026-07-28T17:20:31.136Z</time></trkpt><trkpt lat="46.14594333" lon="4.40139667"><ele>825.0</ele><time>2026-07-28T17:20:32.136Z</time></trkpt><trkpt lat="46.14593" lon="4.40141833"><ele>825.0</ele><time>2026-07-28T17:20:33.135Z</time></trkpt><trkpt lat="46.14592333" lon="4.40143333"><ele>825.0</ele><time>2026-07-28T17:20:34.136Z</time></trkpt><trkpt lat="46.14590833" lon="4.40145167"><ele>824.0</ele><time>2026-07-28T17:20:35.135Z</time></trkpt><trkpt lat="46.14588833" lon="4.40146167"><ele>824.0</ele><time>2026-07-28T17:20:36.135Z</time></trkpt><trkpt lat="46.14587667" lon="4.40147667"><ele>824.0</ele><time>2026-07-28T17:20:37.135Z</time></trkpt><trkpt lat="46.14586667" lon="4.40149167"><ele>824.0</ele><time>2026-07-28T17:20:38.136Z</time></trkpt><trkpt lat="46.145855" lon="4.401505"><ele>824.0</ele><time>2026-07-28T17:20:39.135Z</time></trkpt><trkpt lat="46.14583833" lon="4.40152833"><ele>824.0</ele><time>2026-07-28T17:20:40.135Z</time></trkpt><trkpt lat="46.14582333" lon="4.40155"><ele>823.0</ele><time>2026-07-28T17:20:41.136Z</time></trkpt><trkpt lat="46.14581167" lon="4.40157667"><ele>823.0</ele><time>2026-07-28T17:20:42.135Z</time></trkpt><trkpt lat="46.14579833" lon="4.40159333"><ele>823.0</ele><time>2026-07-28T17:20:43.135Z</time></trkpt><trkpt lat="46.14579667" lon="4.40160667"><ele>824.0</ele><time>2026-07-28T17:20:44.135Z</time></trkpt><trkpt lat="46.14578333" lon="4.40162833"><ele>824.0</ele><time>2026-07-28T17:20:45.136Z</time></trkpt><trkpt lat="46.14577167" lon="4.40164"><ele>824.0</ele><time>2026-07-28T17:20:46.135Z</time></trkpt><trkpt lat="46.14577" lon="4.40165167"><ele>825.0</ele><time>2026-07-28T17:20:47.135Z</time></trkpt><trkpt lat="46.14576833" lon="4.40167333"><ele>825.0</ele><time>2026-07-28T17:20:48.135Z</time></trkpt><trkpt lat="46.145765" lon="4.401695"><ele>826.0</ele><time>2026-07-28T17:20:49.135Z</time></trkpt><trkpt lat="46.145755" lon="4.40171833"><ele>826.0</ele><time>2026-07-28T17:20:50.135Z</time></trkpt><trkpt lat="46.14574667" lon="4.40174167"><ele>826.0</ele><time>2026-07-28T17:20:51.136Z</time></trkpt><trkpt lat="46.14573833" lon="4.40175833"><ele>827.0</ele><time>2026-07-28T17:20:52.135Z</time></trkpt><trkpt lat="46.14572833" lon="4.401775"><ele>827.0</ele><time>2026-07-28T17:20:53.136Z</time></trkpt><trkpt lat="46.145715" lon="4.40179167"><ele>827.0</ele><time>2026-07-28T17:20:54.135Z</time></trkpt><trkpt lat="46.145695" lon="4.40181"><ele>827.0</ele><time>2026-07-28T17:20:55.136Z</time></trkpt><trkpt lat="46.14568333" lon="4.40182833"><ele>827.0</ele><time>2026-07-28T17:20:56.135Z</time></trkpt><trkpt lat="46.14567833" lon="4.401845"><ele>827.0</ele><time>2026-07-28T17:20:57.135Z</time></trkpt><trkpt lat="46.14567167" lon="4.40186333"><ele>827.0</ele><time>2026-07-28T17:20:58.135Z</time></trkpt><trkpt lat="46.14567" lon="4.40188"><ele>827.0</ele><time>2026-07-28T17:20:59.136Z</time></trkpt><trkpt lat="46.14566667" lon="4.4019"><ele>827.0</ele><time>2026-07-28T17:21:00.135Z</time></trkpt><trkpt lat="46.14566333" lon="4.40191833"><ele>827.0</ele><time>2026-07-28T17:21:01.136Z</time></trkpt><trkpt lat="46.14565667" lon="4.40193833"><ele>828.0</ele><time>2026-07-28T17:21:02.135Z</time></trkpt><trkpt lat="46.14564833" lon="4.40195833"><ele>828.0</ele><time>2026-07-28T17:21:03.135Z</time></trkpt><trkpt lat="46.14564" lon="4.40197167"><ele>827.0</ele><time>2026-07-28T17:21:04.135Z</time></trkpt><trkpt lat="46.14563" lon="4.40198833"><ele>827.0</ele><time>2026-07-28T17:21:05.136Z</time></trkpt><trkpt lat="46.14561333" lon="4.40200667"><ele>827.0</ele><time>2026-07-28T17:21:06.135Z</time></trkpt><trkpt lat="46.14559833" lon="4.40202333"><ele>827.0</ele><time>2026-07-28T17:21:07.135Z</time></trkpt><trkpt lat="46.14559" lon="4.40203833"><ele>826.0</ele><time>2026-07-28T17:21:08.136Z</time></trkpt><trkpt lat="46.14557667" lon="4.40205667"><ele>826.0</ele><time>2026-07-28T17:21:09.136Z</time></trkpt><trkpt lat="46.14556333" lon="4.40207667"><ele>826.0</ele><time>2026-07-28T17:21:10.135Z</time></trkpt><trkpt lat="46.14554833" lon="4.40209667"><ele>826.0</ele><time>2026-07-28T17:21:11.136Z</time></trkpt><trkpt lat="46.145535" lon="4.40212"><ele>826.0</ele><time>2026-07-28T17:21:12.136Z</time></trkpt><trkpt lat="46.14553333" lon="4.40213167"><ele>825.0</ele><time>2026-07-28T17:21:13.135Z</time></trkpt><trkpt lat="46.14552333" lon="4.40214167"><ele>825.0</ele><time>2026-07-28T17:21:14.135Z</time></trkpt><trkpt lat="46.14550833" lon="4.40215333"><ele>825.0</ele><time>2026-07-28T17:21:15.135Z</time></trkpt><trkpt lat="46.14549833" lon="4.40217"><ele>825.0</ele><time>2026-07-28T17:21:16.135Z</time></trkpt><trkpt lat="46.14548833" lon="4.402195"><ele>826.0</ele><time>2026-07-28T17:21:17.135Z</time></trkpt><trkpt lat="46.145485" lon="4.40222667"><ele>826.0</ele><time>2026-07-28T17:21:18.135Z</time></trkpt><trkpt lat="46.145475" lon="4.40225"><ele>826.0</ele><time>2026-07-28T17:21:19.135Z</time></trkpt><trkpt lat="46.14546333" lon="4.402265"><ele>826.0</ele><time>2026-07-28T17:21:20.136Z</time></trkpt><trkpt lat="46.14544833" lon="4.40227667"><ele>826.0</ele><time>2026-07-28T17:21:21.135Z</time></trkpt><trkpt lat="46.145435" lon="4.40229333"><ele>826.0</ele><time>2026-07-28T17:21:22.136Z</time></trkpt><trkpt lat="46.145425" lon="4.402315"><ele>827.0</ele><time>2026-07-28T17:21:23.135Z</time></trkpt><trkpt lat="46.14542167" lon="4.40233833"><ele>827.0</ele><time>2026-07-28T17:21:24.135Z</time></trkpt><trkpt lat="46.14541333" lon="4.40236333"><ele>827.0</ele><time>2026-07-28T17:21:25.136Z</time></trkpt><trkpt lat="46.145405" lon="4.402385"><ele>827.0</ele><time>2026-07-28T17:21:26.136Z</time></trkpt><trkpt lat="46.1454" lon="4.40240333"><ele>827.0</ele><time>2026-07-28T17:21:27.136Z</time></trkpt><trkpt lat="46.14538667" lon="4.40242"><ele>827.0</ele><time>2026-07-28T17:21:28.135Z</time></trkpt><trkpt lat="46.14537667" lon="4.40242833"><ele>827.0</ele><time>2026-07-28T17:21:29.135Z</time></trkpt><trkpt lat="46.14537167" lon="4.40244833"><ele>827.0</ele><time>2026-07-28T17:21:30.135Z</time></trkpt><trkpt lat="46.14537" lon="4.40246667"><ele>827.0</ele><time>2026-07-28T17:21:31.135Z</time></trkpt><trkpt lat="46.145365" lon="4.40247833"><ele>827.0</ele><time>2026-07-28T17:21:32.135Z</time></trkpt><trkpt lat="46.14535667" lon="4.40249333"><ele>828.0</ele><time>2026-07-28T17:21:33.135Z</time></trkpt><trkpt lat="46.14534667" lon="4.402505"><ele>828.0</ele><time>2026-07-28T17:21:34.135Z</time></trkpt><trkpt lat="46.14533833" lon="4.40251833"><ele>829.0</ele><time>2026-07-28T17:21:35.135Z</time></trkpt><trkpt lat="46.14533" lon="4.402535"><ele>829.0</ele><time>2026-07-28T17:21:36.135Z</time></trkpt><trkpt lat="46.145325" lon="4.40255"><ele>829.0</ele><time>2026-07-28T17:21:37.136Z</time></trkpt><trkpt lat="46.14531833" lon="4.40256333"><ele>829.0</ele><time>2026-07-28T17:21:38.135Z</time></trkpt><trkpt lat="46.14531" lon="4.402575"><ele>830.0</ele><time>2026-07-28T17:21:39.136Z</time></trkpt><trkpt lat="46.1453" lon="4.40259833"><ele>830.0</ele><time>2026-07-28T17:21:40.135Z</time></trkpt><trkpt lat="46.14529667" lon="4.40261333"><ele>830.0</ele><time>2026-07-28T17:21:41.135Z</time></trkpt><trkpt lat="46.14529" lon="4.40262833"><ele>830.0</ele><time>2026-07-28T17:21:42.135Z</time></trkpt><trkpt lat="46.14527833" lon="4.40265333"><ele>830.0</ele><time>2026-07-28T17:21:43.135Z</time></trkpt><trkpt lat="46.14528" lon="4.40266833"><ele>830.0</ele><time>2026-07-28T17:21:44.135Z</time></trkpt><trkpt lat="46.14527667" lon="4.40268"><ele>830.0</ele><time>2026-07-28T17:21:45.136Z</time></trkpt><trkpt lat="46.14527333" lon="4.40269167"><ele>831.0</ele><time>2026-07-28T17:21:46.135Z</time></trkpt><trkpt lat="46.145265" lon="4.40271"><ele>831.0</ele><time>2026-07-28T17:21:47.135Z</time></trkpt><trkpt lat="46.14526167" lon="4.40272833"><ele>831.0</ele><time>2026-07-28T17:21:48.135Z</time></trkpt><trkpt lat="46.14526" lon="4.402745"><ele>831.0</ele><time>2026-07-28T17:21:49.135Z</time></trkpt><trkpt lat="46.14525" lon="4.40276"><ele>831.0</ele><time>2026-07-28T17:21:50.135Z</time></trkpt><trkpt lat="46.14523667" lon="4.40276167"><ele>831.0</ele><time>2026-07-28T17:21:51.135Z</time></trkpt><trkpt lat="46.14522333" lon="4.40278"><ele>832.0</ele><time>2026-07-28T17:21:52.136Z</time></trkpt><trkpt lat="46.14520667" lon="4.402805"><ele>832.0</ele><time>2026-07-28T17:21:53.136Z</time></trkpt><trkpt lat="46.14519333" lon="4.40283"><ele>832.0</ele><time>2026-07-28T17:21:54.136Z</time></trkpt><trkpt lat="46.14517833" lon="4.40285333"><ele>832.0</ele><time>2026-07-28T17:21:55.135Z</time></trkpt><trkpt lat="46.14516667" lon="4.40286833"><ele>833.0</ele><time>2026-07-28T17:21:56.135Z</time></trkpt><trkpt lat="46.14515" lon="4.40288167"><ele>833.0</ele><time>2026-07-28T17:21:57.135Z</time></trkpt><trkpt lat="46.145135" lon="4.402895"><ele>834.0</ele><time>2026-07-28T17:21:58.135Z</time></trkpt><trkpt lat="46.14512167" lon="4.402915"><ele>834.0</ele><time>2026-07-28T17:21:59.135Z</time></trkpt><trkpt lat="46.14510167" lon="4.40293333"><ele>835.0</ele><time>2026-07-28T17:22:00.135Z</time></trkpt><trkpt lat="46.145085" lon="4.40296333"><ele>835.0</ele><time>2026-07-28T17:22:01.135Z</time></trkpt><trkpt lat="46.14507167" lon="4.40297667"><ele>836.0</ele><time>2026-07-28T17:22:02.136Z</time></trkpt><trkpt lat="46.14506" lon="4.40298833"><ele>836.0</ele><time>2026-07-28T17:22:03.135Z</time></trkpt><trkpt lat="46.14505333" lon="4.40299833"><ele>837.0</ele><time>2026-07-28T17:22:04.136Z</time></trkpt><trkpt lat="46.14504333" lon="4.40300833"><ele>837.0</ele><time>2026-07-28T17:22:05.136Z</time></trkpt><trkpt lat="46.14503333" lon="4.40301833"><ele>837.0</ele><time>2026-07-28T17:22:06.135Z</time></trkpt><trkpt lat="46.14502833" lon="4.403035"><ele>838.0</ele><time>2026-07-28T17:22:07.135Z</time></trkpt><trkpt lat="46.14502333" lon="4.40305167"><ele>838.0</ele><time>2026-07-28T17:22:08.135Z</time></trkpt><trkpt lat="46.14501667" lon="4.40307167"><ele>838.0</ele><time>2026-07-28T17:22:09.136Z</time></trkpt><trkpt lat="46.145005" lon="4.40308833"><ele>838.0</ele><time>2026-07-28T17:22:10.135Z</time></trkpt><trkpt lat="46.14499167" lon="4.40309833"><ele>838.0</ele><time>2026-07-28T17:22:11.135Z</time></trkpt><trkpt lat="46.14498" lon="4.40311333"><ele>839.0</ele><time>2026-07-28T17:22:12.135Z</time></trkpt><trkpt lat="46.14496833" lon="4.40314167"><ele>839.0</ele><time>2026-07-28T17:22:13.135Z</time></trkpt><trkpt lat="46.14496" lon="4.40315833"><ele>839.0</ele><time>2026-07-28T17:22:14.135Z</time></trkpt><trkpt lat="46.14494833" lon="4.40317333"><ele>840.0</ele><time>2026-07-28T17:22:15.135Z</time></trkpt><trkpt lat="46.14494333" lon="4.40318167"><ele>840.0</ele><time>2026-07-28T17:22:16.135Z</time></trkpt><trkpt lat="46.14493833" lon="4.40319333"><ele>840.0</ele><time>2026-07-28T17:22:17.136Z</time></trkpt><trkpt lat="46.144935" lon="4.40319833"><ele>841.0</ele><time>2026-07-28T17:22:18.136Z</time></trkpt><trkpt lat="46.14492333" lon="4.40321"><ele>841.0</ele><time>2026-07-28T17:22:19.135Z</time></trkpt><trkpt lat="46.14491167" lon="4.40322"><ele>841.0</ele><time>2026-07-28T17:22:20.136Z</time></trkpt><trkpt lat="46.14489833" lon="4.40323"><ele>841.0</ele><time>2026-07-28T17:22:21.135Z</time></trkpt><trkpt lat="46.144885" lon="4.40324167"><ele>840.0</ele><time>2026-07-28T17:22:22.135Z</time></trkpt><trkpt lat="46.14486667" lon="4.40326"><ele>840.0</ele><time>2026-07-28T17:22:23.136Z</time></trkpt><trkpt lat="46.14485" lon="4.40328"><ele>840.0</ele><time>2026-07-28T17:22:24.136Z</time></trkpt><trkpt lat="46.14483833" lon="4.40330667"><ele>839.0</ele><time>2026-07-28T17:22:25.135Z</time></trkpt><trkpt lat="46.14483167" lon="4.40332333"><ele>839.0</ele><time>2026-07-28T17:22:26.135Z</time></trkpt><trkpt lat="46.14482" lon="4.40333"><ele>839.0</ele><time>2026-07-28T17:22:27.136Z</time></trkpt><trkpt lat="46.144795" lon="4.40335"><ele>839.0</ele><time>2026-07-28T17:22:28.135Z</time></trkpt><trkpt lat="46.14477833" lon="4.40336833"><ele>839.0</ele><time>2026-07-28T17:22:29.136Z</time></trkpt><trkpt lat="46.144765" lon="4.40339167"><ele>839.0</ele><time>2026-07-28T17:22:30.136Z</time></trkpt><trkpt lat="46.144755" lon="4.40341667"><ele>839.0</ele><time>2026-07-28T17:22:31.135Z</time></trkpt><trkpt lat="46.14474667" lon="4.40343"><ele>840.0</ele><time>2026-07-28T17:22:32.135Z</time></trkpt><trkpt lat="46.14474667" lon="4.40344167"><ele>840.0</ele><time>2026-07-28T17:22:33.135Z</time></trkpt><trkpt lat="46.144735" lon="4.403455"><ele>840.0</ele><time>2026-07-28T17:22:34.135Z</time></trkpt><trkpt lat="46.14472833" lon="4.40346"><ele>840.0</ele><time>2026-07-28T17:22:35.135Z</time></trkpt><trkpt lat="46.14472167" lon="4.40347"><ele>840.0</ele><time>2026-07-28T17:22:36.135Z</time></trkpt><trkpt lat="46.14471333" lon="4.40348167"><ele>840.0</ele><time>2026-07-28T17:22:37.135Z</time></trkpt><trkpt lat="46.144705" lon="4.40349833"><ele>840.0</ele><time>2026-07-28T17:22:38.135Z</time></trkpt><trkpt lat="46.1447" lon="4.403515"><ele>840.0</ele><time>2026-07-28T17:22:39.135Z</time></trkpt><trkpt lat="46.14468667" lon="4.40353167"><ele>840.0</ele><time>2026-07-28T17:22:40.135Z</time></trkpt><trkpt lat="46.14467" lon="4.40354333"><ele>840.0</ele><time>2026-07-28T17:22:41.136Z</time></trkpt><trkpt lat="46.14465167" lon="4.40355667"><ele>839.0</ele><time>2026-07-28T17:22:42.135Z</time></trkpt><trkpt lat="46.14463" lon="4.403565"><ele>839.0</ele><time>2026-07-28T17:22:43.136Z</time></trkpt><trkpt lat="46.14461" lon="4.40357333"><ele>839.0</ele><time>2026-07-28T17:22:44.135Z</time></trkpt><trkpt lat="46.14459167" lon="4.40358"><ele>839.0</ele><time>2026-07-28T17:22:45.135Z</time></trkpt><trkpt lat="46.14457833" lon="4.40358"><ele>838.0</ele><time>2026-07-28T17:22:46.136Z</time></trkpt><trkpt lat="46.14456667" lon="4.40359"><ele>838.0</ele><time>2026-07-28T17:22:47.135Z</time></trkpt><trkpt lat="46.14456333" lon="4.40358833"><ele>838.0</ele><time>2026-07-28T17:22:48.135Z</time></trkpt><trkpt lat="46.14455333" lon="4.4036"><ele>838.0</ele><time>2026-07-28T17:22:49.136Z</time></trkpt><trkpt lat="46.14453" lon="4.40362"><ele>837.0</ele><time>2026-07-28T17:22:50.135Z</time></trkpt><trkpt lat="46.14451667" lon="4.40363"><ele>837.0</ele><time>2026-07-28T17:22:51.135Z</time></trkpt><trkpt lat="46.14450167" lon="4.403635"><ele>837.0</ele><time>2026-07-28T17:22:52.135Z</time></trkpt><trkpt lat="46.14448833" lon="4.40364333"><ele>836.0</ele><time>2026-07-28T17:22:53.135Z</time></trkpt><trkpt lat="46.14448333" lon="4.40364833"><ele>836.0</ele><time>2026-07-28T17:22:54.136Z</time></trkpt><trkpt lat="46.14447833" lon="4.40365167"><ele>836.0</ele><time>2026-07-28T17:22:55.135Z</time></trkpt><trkpt lat="46.14447167" lon="4.40365667"><ele>835.0</ele><time>2026-07-28T17:22:56.135Z</time></trkpt><trkpt lat="46.144465" lon="4.40366167"><ele>835.0</ele><time>2026-07-28T17:22:57.135Z</time></trkpt><trkpt lat="46.14445" lon="4.40366667"><ele>835.0</ele><time>2026-07-28T17:22:58.135Z</time></trkpt><trkpt lat="46.144425" lon="4.40368167"><ele>834.0</ele><time>2026-07-28T17:22:59.135Z</time></trkpt><trkpt lat="46.14439833" lon="4.40369833"><ele>834.0</ele><time>2026-07-28T17:23:00.136Z</time></trkpt><trkpt lat="46.14438" lon="4.403715"><ele>834.0</ele><time>2026-07-28T17:23:01.136Z</time></trkpt><trkpt lat="46.144365" lon="4.403725"><ele>834.0</ele><time>2026-07-28T17:23:02.135Z</time></trkpt><trkpt lat="46.14435333" lon="4.403735"><ele>834.0</ele><time>2026-07-28T17:23:03.136Z</time></trkpt><trkpt lat="46.14434667" lon="4.40374167"><ele>834.0</ele><time>2026-07-28T17:23:04.135Z</time></trkpt><trkpt lat="46.14434" lon="4.40375"><ele>834.0</ele><time>2026-07-28T17:23:05.135Z</time></trkpt><trkpt lat="46.144335" lon="4.40375667"><ele>834.0</ele><time>2026-07-28T17:23:06.135Z</time></trkpt><trkpt lat="46.14432833" lon="4.40376333"><ele>834.0</ele><time>2026-07-28T17:23:07.135Z</time></trkpt><trkpt lat="46.14432333" lon="4.40377333"><ele>834.0</ele><time>2026-07-28T17:23:08.135Z</time></trkpt><trkpt lat="46.14431" lon="4.40378667"><ele>835.0</ele><time>2026-07-28T17:23:09.135Z</time></trkpt><trkpt lat="46.14429667" lon="4.40379833"><ele>835.0</ele><time>2026-07-28T17:23:10.136Z</time></trkpt><trkpt lat="46.14427833" lon="4.40381"><ele>835.0</ele><time>2026-07-28T17:23:11.136Z</time></trkpt><trkpt lat="46.144255" lon="4.40381667"><ele>835.0</ele><time>2026-07-28T17:23:12.135Z</time></trkpt><trkpt lat="46.14423833" lon="4.40382833"><ele>835.0</ele><time>2026-07-28T17:23:13.136Z</time></trkpt><trkpt lat="46.14422667" lon="4.40384333"><ele>835.0</ele><time>2026-07-28T17:23:14.136Z</time></trkpt><trkpt lat="46.14422167" lon="4.40385667"><ele>835.0</ele><time>2026-07-28T17:23:15.136Z</time></trkpt><trkpt lat="46.14421167" lon="4.403875"><ele>835.0</ele><time>2026-07-28T17:23:16.135Z</time></trkpt><trkpt lat="46.14420333" lon="4.40388833"><ele>835.0</ele><time>2026-07-28T17:23:17.135Z</time></trkpt><trkpt lat="46.14420167" lon="4.403905"><ele>835.0</ele><time>2026-07-28T17:23:18.135Z</time></trkpt><trkpt lat="46.14420333" lon="4.403925"><ele>835.0</ele><time>2026-07-28T17:23:19.135Z</time></trkpt><trkpt lat="46.14420333" lon="4.403945"><ele>835.0</ele><time>2026-07-28T17:23:20.136Z</time></trkpt><trkpt lat="46.14419833" lon="4.40395833"><ele>835.0</ele><time>2026-07-28T17:23:21.136Z</time></trkpt><trkpt lat="46.144195" lon="4.40397333"><ele>835.0</ele><time>2026-07-28T17:23:22.135Z</time></trkpt><trkpt lat="46.14419" lon="4.40398"><ele>835.0</ele><time>2026-07-28T17:23:23.135Z</time></trkpt><trkpt lat="46.14418333" lon="4.404"><ele>835.0</ele><time>2026-07-28T17:23:24.135Z</time></trkpt><trkpt lat="46.14418167" lon="4.40401667"><ele>835.0</ele><time>2026-07-28T17:23:25.135Z</time></trkpt><trkpt lat="46.14417667" lon="4.404035"><ele>835.0</ele><time>2026-07-28T17:23:26.135Z</time></trkpt><trkpt lat="46.14416833" lon="4.40405"><ele>835.0</ele><time>2026-07-28T17:23:27.135Z</time></trkpt><trkpt lat="46.14415833" lon="4.40406667"><ele>835.0</ele><time>2026-07-28T17:23:28.136Z</time></trkpt><trkpt lat="46.144145" lon="4.40408"><ele>835.0</ele><time>2026-07-28T17:23:29.135Z</time></trkpt><trkpt lat="46.144135" lon="4.40409167"><ele>835.0</ele><time>2026-07-28T17:23:30.136Z</time></trkpt><trkpt lat="46.14413167" lon="4.40411667"><ele>834.0</ele><time>2026-07-28T17:23:31.135Z</time></trkpt><trkpt lat="46.14412167" lon="4.40413833"><ele>834.0</ele><time>2026-07-28T17:23:32.135Z</time></trkpt><trkpt lat="46.14411833" lon="4.404165"><ele>833.0</ele><time>2026-07-28T17:23:33.136Z</time></trkpt><trkpt lat="46.144105" lon="4.40418333"><ele>832.0</ele><time>2026-07-28T17:23:34.135Z</time></trkpt><trkpt lat="46.144095" lon="4.404195"><ele>831.0</ele><time>2026-07-28T17:23:35.135Z</time></trkpt><trkpt lat="46.14408333" lon="4.40420667"><ele>831.0</ele><time>2026-07-28T17:23:36.136Z</time></trkpt><trkpt lat="46.14407333" lon="4.40421667"><ele>830.0</ele><time>2026-07-28T17:23:37.136Z</time></trkpt><trkpt lat="46.14406667" lon="4.40423167"><ele>829.0</ele><time>2026-07-28T17:23:38.136Z</time></trkpt><trkpt lat="46.14405667" lon="4.404245"><ele>828.0</ele><time>2026-07-28T17:23:39.136Z</time></trkpt><trkpt lat="46.14405167" lon="4.404255"><ele>828.0</ele><time>2026-07-28T17:23:40.136Z</time></trkpt><trkpt lat="46.14404333" lon="4.404265"><ele>827.0</ele><time>2026-07-28T17:23:41.135Z</time></trkpt><trkpt lat="46.14402833" lon="4.40427833"><ele>826.0</ele><time>2026-07-28T17:23:42.136Z</time></trkpt><trkpt lat="46.14401" lon="4.40429"><ele>826.0</ele><time>2026-07-28T17:23:43.136Z</time></trkpt><trkpt lat="46.14399333" lon="4.40430167"><ele>825.0</ele><time>2026-07-28T17:23:44.136Z</time></trkpt><trkpt lat="46.14397167" lon="4.40431333"><ele>825.0</ele><time>2026-07-28T17:23:45.135Z</time></trkpt><trkpt lat="46.143955" lon="4.40431833"><ele>824.0</ele><time>2026-07-28T17:23:46.135Z</time></trkpt><trkpt lat="46.143945" lon="4.40433"><ele>823.0</ele><time>2026-07-28T17:23:47.136Z</time></trkpt><trkpt lat="46.14393333" lon="4.40434667"><ele>822.0</ele><time>2026-07-28T17:23:48.135Z</time></trkpt><trkpt lat="46.14392833" lon="4.404365"><ele>821.0</ele><time>2026-07-28T17:23:49.135Z</time></trkpt><trkpt lat="46.14391833" lon="4.40438"><ele>820.0</ele><time>2026-07-28T17:23:50.135Z</time></trkpt><trkpt lat="46.14391" lon="4.404395"><ele>820.0</ele><time>2026-07-28T17:23:51.136Z</time></trkpt><trkpt lat="46.14390167" lon="4.40441833"><ele>819.0</ele><time>2026-07-28T17:23:52.136Z</time></trkpt><trkpt lat="46.14388667" lon="4.40444"><ele>818.0</ele><time>2026-07-28T17:23:53.135Z</time></trkpt><trkpt lat="46.14386833" lon="4.40445833"><ele>817.0</ele><time>2026-07-28T17:23:54.135Z</time></trkpt><trkpt lat="46.14386167" lon="4.40447833"><ele>816.0</ele><time>2026-07-28T17:23:55.136Z</time></trkpt><trkpt lat="46.143845" lon="4.404495"><ele>816.0</ele><time>2026-07-28T17:23:56.135Z</time></trkpt><trkpt lat="46.143825" lon="4.40451333"><ele>815.0</ele><time>2026-07-28T17:23:57.135Z</time></trkpt><trkpt lat="46.14380833" lon="4.40453333"><ele>815.0</ele><time>2026-07-28T17:23:58.135Z</time></trkpt><trkpt lat="46.14379833" lon="4.404545"><ele>815.0</ele><time>2026-07-28T17:23:59.135Z</time></trkpt><trkpt lat="46.14379" lon="4.40454833"><ele>815.0</ele><time>2026-07-28T17:24:00.135Z</time></trkpt><trkpt lat="46.14378333" lon="4.40456333"><ele>815.0</ele><time>2026-07-28T17:24:01.136Z</time></trkpt><trkpt lat="46.14377833" lon="4.40457833"><ele>815.0</ele><time>2026-07-28T17:24:02.135Z</time></trkpt><trkpt lat="46.14377333" lon="4.40459667"><ele>814.0</ele><time>2026-07-28T17:24:03.136Z</time></trkpt><trkpt lat="46.14376167" lon="4.40461333"><ele>814.0</ele><time>2026-07-28T17:24:04.135Z</time></trkpt><trkpt lat="46.14374833" lon="4.40462667"><ele>813.0</ele><time>2026-07-28T17:24:05.135Z</time></trkpt><trkpt lat="46.14373667" lon="4.40463667"><ele>813.0</ele><time>2026-07-28T17:24:06.135Z</time></trkpt><trkpt lat="46.14372333" lon="4.40464833"><ele>812.0</ele><time>2026-07-28T17:24:07.135Z</time></trkpt><trkpt lat="46.14370667" lon="4.40466167"><ele>812.0</ele><time>2026-07-28T17:24:08.135Z</time></trkpt><trkpt lat="46.14368833" lon="4.404675"><ele>812.0</ele><time>2026-07-28T17:24:09.135Z</time></trkpt><trkpt lat="46.14367333" lon="4.40469167"><ele>812.0</ele><time>2026-07-28T17:24:10.135Z</time></trkpt><trkpt lat="46.143655" lon="4.40470667"><ele>812.0</ele><time>2026-07-28T17:24:11.135Z</time></trkpt><trkpt lat="46.14363667" lon="4.40472"><ele>812.0</ele><time>2026-07-28T17:24:12.136Z</time></trkpt><trkpt lat="46.143625" lon="4.40473167"><ele>812.0</ele><time>2026-07-28T17:24:13.135Z</time></trkpt><trkpt lat="46.14361167" lon="4.40474"><ele>812.0</ele><time>2026-07-28T17:24:14.136Z</time></trkpt><trkpt lat="46.1436" lon="4.404755"><ele>813.0</ele><time>2026-07-28T17:24:15.135Z</time></trkpt><trkpt lat="46.14358833" lon="4.40477167"><ele>813.0</ele><time>2026-07-28T17:24:16.135Z</time></trkpt><trkpt lat="46.14357833" lon="4.40478833"><ele>813.0</ele><time>2026-07-28T17:24:17.135Z</time></trkpt><trkpt lat="46.14356833" lon="4.404805"><ele>813.0</ele><time>2026-07-28T17:24:18.135Z</time></trkpt><trkpt lat="46.14356" lon="4.40482"><ele>813.0</ele><time>2026-07-28T17:24:19.135Z</time></trkpt><trkpt lat="46.143555" lon="4.40484"><ele>813.0</ele><time>2026-07-28T17:24:20.135Z</time></trkpt><trkpt lat="46.14354333" lon="4.40485833"><ele>814.0</ele><time>2026-07-28T17:24:21.135Z</time></trkpt><trkpt lat="46.14352667" lon="4.40487667"><ele>815.0</ele><time>2026-07-28T17:24:22.135Z</time></trkpt><trkpt lat="46.14351333" lon="4.40489"><ele>816.0</ele><time>2026-07-28T17:24:23.135Z</time></trkpt><trkpt lat="46.14349167" lon="4.40491"><ele>817.0</ele><time>2026-07-28T17:24:24.136Z</time></trkpt><trkpt lat="46.143475" lon="4.40493"><ele>818.0</ele><time>2026-07-28T17:24:25.136Z</time></trkpt><trkpt lat="46.14345167" lon="4.40497"><ele>818.0</ele><time>2026-07-28T17:24:26.135Z</time></trkpt><trkpt lat="46.14344333" lon="4.40499"><ele>819.0</ele><time>2026-07-28T17:24:27.135Z</time></trkpt><trkpt lat="46.14342667" lon="4.40500833"><ele>819.0</ele><time>2026-07-28T17:24:28.136Z</time></trkpt><trkpt lat="46.14340833" lon="4.40502"><ele>820.0</ele><time>2026-07-28T17:24:29.136Z</time></trkpt><trkpt lat="46.14339333" lon="4.40503333"><ele>820.0</ele><time>2026-07-28T17:24:30.135Z</time></trkpt><trkpt lat="46.14338" lon="4.40504667"><ele>821.0</ele><time>2026-07-28T17:24:31.136Z</time></trkpt><trkpt lat="46.14336" lon="4.40506667"><ele>821.0</ele><time>2026-07-28T17:24:32.136Z</time></trkpt><trkpt lat="46.14334167" lon="4.40507667"><ele>821.0</ele><time>2026-07-28T17:24:33.135Z</time></trkpt><trkpt lat="46.14332833" lon="4.405095"><ele>822.0</ele><time>2026-07-28T17:24:34.136Z</time></trkpt><trkpt lat="46.143325" lon="4.40512167"><ele>822.0</ele><time>2026-07-28T17:24:35.136Z</time></trkpt><trkpt lat="46.143315" lon="4.40513667"><ele>823.0</ele><time>2026-07-28T17:24:36.136Z</time></trkpt><trkpt lat="46.143305" lon="4.40514667"><ele>823.0</ele><time>2026-07-28T17:24:37.135Z</time></trkpt><trkpt lat="46.14328667" lon="4.40515667"><ele>823.0</ele><time>2026-07-28T17:24:38.136Z</time></trkpt><trkpt lat="46.14329167" lon="4.405155"><ele>824.0</ele><time>2026-07-28T17:24:39.136Z</time></trkpt><trkpt lat="46.14328833" lon="4.405165"><ele>824.0</ele><time>2026-07-28T17:24:40.135Z</time></trkpt><trkpt lat="46.14327667" lon="4.40518833"><ele>824.0</ele><time>2026-07-28T17:24:41.135Z</time></trkpt><trkpt lat="46.14327167" lon="4.405205"><ele>823.0</ele><time>2026-07-28T17:24:42.135Z</time></trkpt><trkpt lat="46.14326333" lon="4.40522"><ele>823.0</ele><time>2026-07-28T17:24:43.136Z</time></trkpt><trkpt lat="46.14325667" lon="4.40523167"><ele>823.0</ele><time>2026-07-28T17:24:44.135Z</time></trkpt><trkpt lat="46.14325" lon="4.40524333"><ele>823.0</ele><time>2026-07-28T17:24:45.136Z</time></trkpt><trkpt lat="46.14324167" lon="4.405255"><ele>823.0</ele><time>2026-07-28T17:24:46.136Z</time></trkpt><trkpt lat="46.14323167" lon="4.40526833"><ele>823.0</ele><time>2026-07-28T17:24:47.135Z</time></trkpt><trkpt lat="46.14321667" lon="4.40528833"><ele>823.0</ele><time>2026-07-28T17:24:48.136Z</time></trkpt><trkpt lat="46.14320167" lon="4.40530833"><ele>824.0</ele><time>2026-07-28T17:24:49.136Z</time></trkpt><trkpt lat="46.14318833" lon="4.40531833"><ele>824.0</ele><time>2026-07-28T17:24:50.135Z</time></trkpt><trkpt lat="46.14318" lon="4.405335"><ele>824.0</ele><time>2026-07-28T17:24:51.135Z</time></trkpt><trkpt lat="46.14317333" lon="4.405355"><ele>823.0</ele><time>2026-07-28T17:24:52.136Z</time></trkpt><trkpt lat="46.14316167" lon="4.40538167"><ele>823.0</ele><time>2026-07-28T17:24:53.135Z</time></trkpt><trkpt lat="46.14315" lon="4.40541167"><ele>823.0</ele><time>2026-07-28T17:24:54.136Z</time></trkpt><trkpt lat="46.143145" lon="4.40542833"><ele>823.0</ele><time>2026-07-28T17:24:55.135Z</time></trkpt><trkpt lat="46.14313667" lon="4.40543333"><ele>822.0</ele><time>2026-07-28T17:24:56.135Z</time></trkpt><trkpt lat="46.143125" lon="4.405435"><ele>821.0</ele><time>2026-07-28T17:24:57.135Z</time></trkpt><trkpt lat="46.14310667" lon="4.40545333"><ele>821.0</ele><time>2026-07-28T17:24:58.135Z</time></trkpt><trkpt lat="46.14309667" lon="4.40547667"><ele>820.0</ele><time>2026-07-28T17:24:59.136Z</time></trkpt><trkpt lat="46.14308667" lon="4.405495"><ele>820.0</ele><time>2026-07-28T17:25:00.135Z</time></trkpt><trkpt lat="46.14307667" lon="4.40551167"><ele>819.0</ele><time>2026-07-28T17:25:01.135Z</time></trkpt><trkpt lat="46.14306333" lon="4.40552833"><ele>818.0</ele><time>2026-07-28T17:25:02.135Z</time></trkpt><trkpt lat="46.14305333" lon="4.40553833"><ele>818.0</ele><time>2026-07-28T17:25:03.135Z</time></trkpt><trkpt lat="46.14304333" lon="4.40555667"><ele>818.0</ele><time>2026-07-28T17:25:04.135Z</time></trkpt><trkpt lat="46.143035" lon="4.40559333"><ele>818.0</ele><time>2026-07-28T17:25:05.136Z</time></trkpt><trkpt lat="46.14302333" lon="4.40561833"><ele>818.0</ele><time>2026-07-28T17:25:06.136Z</time></trkpt><trkpt lat="46.14300833" lon="4.40563667"><ele>818.0</ele><time>2026-07-28T17:25:07.135Z</time></trkpt><trkpt lat="46.14298667" lon="4.40565833"><ele>818.0</ele><time>2026-07-28T17:25:08.136Z</time></trkpt><trkpt lat="46.142955" lon="4.40567833"><ele>818.0</ele><time>2026-07-28T17:25:09.135Z</time></trkpt><trkpt lat="46.14294333" lon="4.40568833"><ele>818.0</ele><time>2026-07-28T17:25:10.135Z</time></trkpt><trkpt lat="46.142935" lon="4.40570167"><ele>819.0</ele><time>2026-07-28T17:25:11.135Z</time></trkpt><trkpt lat="46.142925" lon="4.40573667"><ele>819.0</ele><time>2026-07-28T17:25:12.135Z</time></trkpt><trkpt lat="46.14292" lon="4.40576167"><ele>819.0</ele><time>2026-07-28T17:25:13.135Z</time></trkpt><trkpt lat="46.14291667" lon="4.40577"><ele>819.0</ele><time>2026-07-28T17:25:14.136Z</time></trkpt><trkpt lat="46.14290333" lon="4.40579"><ele>819.0</ele><time>2026-07-28T17:25:15.136Z</time></trkpt><trkpt lat="46.14289667" lon="4.40580667"><ele>819.0</ele><time>2026-07-28T17:25:16.135Z</time></trkpt><trkpt lat="46.14288667" lon="4.40582333"><ele>818.0</ele><time>2026-07-28T17:25:17.135Z</time></trkpt><trkpt lat="46.14288167" lon="4.40584"><ele>818.0</ele><time>2026-07-28T17:25:18.135Z</time></trkpt><trkpt lat="46.14288333" lon="4.40585167"><ele>817.0</ele><time>2026-07-28T17:25:19.136Z</time></trkpt><trkpt lat="46.142875" lon="4.40587167"><ele>817.0</ele><time>2026-07-28T17:25:20.135Z</time></trkpt><trkpt lat="46.142875" lon="4.40588167"><ele>817.0</ele><time>2026-07-28T17:25:21.135Z</time></trkpt><trkpt lat="46.14288" lon="4.40589167"><ele>817.0</ele><time>2026-07-28T17:25:22.135Z</time></trkpt><trkpt lat="46.14288333" lon="4.405905"><ele>816.0</ele><time>2026-07-28T17:25:23.135Z</time></trkpt><trkpt lat="46.14288167" lon="4.40591833"><ele>816.0</ele><time>2026-07-28T17:25:24.136Z</time></trkpt><trkpt lat="46.14287667" lon="4.40594"><ele>815.0</ele><time>2026-07-28T17:25:25.135Z</time></trkpt><trkpt lat="46.14287" lon="4.405955"><ele>815.0</ele><time>2026-07-28T17:25:26.135Z</time></trkpt><trkpt lat="46.14285833" lon="4.405965"><ele>814.0</ele><time>2026-07-28T17:25:27.135Z</time></trkpt><trkpt lat="46.14284667" lon="4.40597167"><ele>814.0</ele><time>2026-07-28T17:25:28.136Z</time></trkpt><trkpt lat="46.14282167" lon="4.40598167"><ele>813.0</ele><time>2026-07-28T17:25:29.135Z</time></trkpt><trkpt lat="46.1428" lon="4.406"><ele>813.0</ele><time>2026-07-28T17:25:30.135Z</time></trkpt><trkpt lat="46.14278333" lon="4.40602667"><ele>813.0</ele><time>2026-07-28T17:25:31.136Z</time></trkpt><trkpt lat="46.142775" lon="4.406045"><ele>812.0</ele><time>2026-07-28T17:25:32.135Z</time></trkpt><trkpt lat="46.14276333" lon="4.40606333"><ele>812.0</ele><time>2026-07-28T17:25:33.135Z</time></trkpt><trkpt lat="46.14275667" lon="4.40607833"><ele>812.0</ele><time>2026-07-28T17:25:34.135Z</time></trkpt><trkpt lat="46.14275" lon="4.406105"><ele>811.0</ele><time>2026-07-28T17:25:35.135Z</time></trkpt><trkpt lat="46.14273833" lon="4.40613"><ele>811.0</ele><time>2026-07-28T17:25:36.136Z</time></trkpt><trkpt lat="46.14272833" lon="4.406145"><ele>811.0</ele><time>2026-07-28T17:25:37.135Z</time></trkpt><trkpt lat="46.14271333" lon="4.40617333"><ele>811.0</ele><time>2026-07-28T17:25:38.135Z</time></trkpt><trkpt lat="46.1427" lon="4.40619"><ele>811.0</ele><time>2026-07-28T17:25:39.135Z</time></trkpt><trkpt lat="46.14268667" lon="4.40620833"><ele>811.0</ele><time>2026-07-28T17:25:40.136Z</time></trkpt><trkpt lat="46.14268" lon="4.406225"><ele>812.0</ele><time>2026-07-28T17:25:41.135Z</time></trkpt><trkpt lat="46.14266833" lon="4.406245"><ele>812.0</ele><time>2026-07-28T17:25:42.135Z</time></trkpt><trkpt lat="46.14265333" lon="4.406265"><ele>813.0</ele><time>2026-07-28T17:25:43.135Z</time></trkpt><trkpt lat="46.14264" lon="4.40628333"><ele>814.0</ele><time>2026-07-28T17:25:44.136Z</time></trkpt><trkpt lat="46.142635" lon="4.40629667"><ele>814.0</ele><time>2026-07-28T17:25:45.136Z</time></trkpt><trkpt lat="46.14263" lon="4.40631"><ele>815.0</ele><time>2026-07-28T17:25:46.136Z</time></trkpt><trkpt lat="46.142625" lon="4.40632"><ele>815.0</ele><time>2026-07-28T17:25:47.136Z</time></trkpt><trkpt lat="46.14261667" lon="4.40634667"><ele>814.0</ele><time>2026-07-28T17:25:48.135Z</time></trkpt><trkpt lat="46.14261667" lon="4.40636667"><ele>814.0</ele><time>2026-07-28T17:25:49.135Z</time></trkpt><trkpt lat="46.14260667" lon="4.40639667"><ele>814.0</ele><time>2026-07-28T17:25:50.135Z</time></trkpt><trkpt lat="46.14258667" lon="4.40641833"><ele>814.0</ele><time>2026-07-28T17:25:51.135Z</time></trkpt><trkpt lat="46.14257667" lon="4.40643167"><ele>813.0</ele><time>2026-07-28T17:25:52.136Z</time></trkpt><trkpt lat="46.14256667" lon="4.40644667"><ele>813.0</ele><time>2026-07-28T17:25:53.136Z</time></trkpt><trkpt lat="46.142555" lon="4.40645333"><ele>813.0</ele><time>2026-07-28T17:25:54.136Z</time></trkpt><trkpt lat="46.14253" lon="4.40646833"><ele>812.0</ele><time>2026-07-28T17:25:55.135Z</time></trkpt><trkpt lat="46.14252333" lon="4.406485"><ele>811.0</ele><time>2026-07-28T17:25:56.135Z</time></trkpt><trkpt lat="46.14251667" lon="4.40650333"><ele>810.0</ele><time>2026-07-28T17:25:57.136Z</time></trkpt><trkpt lat="46.142505" lon="4.40652333"><ele>810.0</ele><time>2026-07-28T17:25:58.135Z</time></trkpt><trkpt lat="46.14249" lon="4.40654167"><ele>809.0</ele><time>2026-07-28T17:25:59.135Z</time></trkpt><trkpt lat="46.14247833" lon="4.406565"><ele>809.0</ele><time>2026-07-28T17:26:00.135Z</time></trkpt><trkpt lat="46.14246833" lon="4.40659167"><ele>809.0</ele><time>2026-07-28T17:26:01.136Z</time></trkpt><trkpt lat="46.14246" lon="4.40661833"><ele>809.0</ele><time>2026-07-28T17:26:02.135Z</time></trkpt><trkpt lat="46.14245" lon="4.40664"><ele>808.0</ele><time>2026-07-28T17:26:03.135Z</time></trkpt><trkpt lat="46.14244" lon="4.40665833"><ele>808.0</ele><time>2026-07-28T17:26:04.135Z</time></trkpt><trkpt lat="46.14242833" lon="4.40667833"><ele>808.0</ele><time>2026-07-28T17:26:05.135Z</time></trkpt><trkpt lat="46.14241833" lon="4.40669667"><ele>808.0</ele><time>2026-07-28T17:26:06.135Z</time></trkpt><trkpt lat="46.14240833" lon="4.40672667"><ele>808.0</ele><time>2026-07-28T17:26:07.135Z</time></trkpt><trkpt lat="46.14239833" lon="4.40675667"><ele>807.0</ele><time>2026-07-28T17:26:08.136Z</time></trkpt><trkpt lat="46.14237333" lon="4.40677667"><ele>807.0</ele><time>2026-07-28T17:26:09.136Z</time></trkpt><trkpt lat="46.14236" lon="4.40678833"><ele>807.0</ele><time>2026-07-28T17:26:10.136Z</time></trkpt><trkpt lat="46.14234833" lon="4.40680167"><ele>806.0</ele><time>2026-07-28T17:26:11.135Z</time></trkpt><trkpt lat="46.14232833" lon="4.406815"><ele>806.0</ele><time>2026-07-28T17:26:12.136Z</time></trkpt><trkpt lat="46.14231" lon="4.40683667"><ele>806.0</ele><time>2026-07-28T17:26:13.136Z</time></trkpt><trkpt lat="46.14229667" lon="4.406855"><ele>805.0</ele><time>2026-07-28T17:26:14.135Z</time></trkpt><trkpt lat="46.14228833" lon="4.40686833"><ele>805.0</ele><time>2026-07-28T17:26:15.135Z</time></trkpt><trkpt lat="46.14227833" lon="4.406885"><ele>805.0</ele><time>2026-07-28T17:26:16.135Z</time></trkpt><trkpt lat="46.14227333" lon="4.406895"><ele>804.0</ele><time>2026-07-28T17:26:17.135Z</time></trkpt><trkpt lat="46.142255" lon="4.40691833"><ele>804.0</ele><time>2026-07-28T17:26:18.135Z</time></trkpt><trkpt lat="46.14224167" lon="4.40694"><ele>803.0</ele><time>2026-07-28T17:26:19.135Z</time></trkpt><trkpt lat="46.14223" lon="4.406955"><ele>803.0</ele><time>2026-07-28T17:26:20.136Z</time></trkpt><trkpt lat="46.14222833" lon="4.40695333"><ele>802.0</ele><time>2026-07-28T17:26:21.135Z</time></trkpt><trkpt lat="46.14222167" lon="4.40696"><ele>802.0</ele><time>2026-07-28T17:26:22.136Z</time></trkpt><trkpt lat="46.14221333" lon="4.40698167"><ele>802.0</ele><time>2026-07-28T17:26:23.135Z</time></trkpt><trkpt lat="46.14220833" lon="4.40699333"><ele>802.0</ele><time>2026-07-28T17:26:24.136Z</time></trkpt><trkpt lat="46.1422" lon="4.40700167"><ele>802.0</ele><time>2026-07-28T17:26:25.136Z</time></trkpt><trkpt lat="46.142195" lon="4.407025"><ele>802.0</ele><time>2026-07-28T17:26:26.135Z</time></trkpt><trkpt lat="46.14219" lon="4.40703167"><ele>802.0</ele><time>2026-07-28T17:26:27.135Z</time></trkpt><trkpt lat="46.14218" lon="4.40704667"><ele>802.0</ele><time>2026-07-28T17:26:28.135Z</time></trkpt><trkpt lat="46.14216667" lon="4.40705833"><ele>801.0</ele><time>2026-07-28T17:26:29.135Z</time></trkpt><trkpt lat="46.14215333" lon="4.40707333"><ele>801.0</ele><time>2026-07-28T17:26:30.135Z</time></trkpt><trkpt lat="46.14213833" lon="4.407085"><ele>801.0</ele><time>2026-07-28T17:26:31.136Z</time></trkpt><trkpt lat="46.142125" lon="4.40709167"><ele>800.0</ele><time>2026-07-28T17:26:32.136Z</time></trkpt><trkpt lat="46.14211833" lon="4.40709833"><ele>800.0</ele><time>2026-07-28T17:26:33.136Z</time></trkpt><trkpt lat="46.14210667" lon="4.40710667"><ele>799.0</ele><time>2026-07-28T17:26:34.135Z</time></trkpt><trkpt lat="46.14209667" lon="4.40711333"><ele>799.0</ele><time>2026-07-28T17:26:35.135Z</time></trkpt><trkpt lat="46.142085" lon="4.40712167"><ele>798.0</ele><time>2026-07-28T17:26:36.135Z</time></trkpt><trkpt lat="46.142075" lon="4.40713167"><ele>798.0</ele><time>2026-07-28T17:26:37.136Z</time></trkpt><trkpt lat="46.14206" lon="4.407145"><ele>798.0</ele><time>2026-07-28T17:26:38.135Z</time></trkpt><trkpt lat="46.142045" lon="4.40716"><ele>798.0</ele><time>2026-07-28T17:26:39.135Z</time></trkpt><trkpt lat="46.14203" lon="4.407175"><ele>798.0</ele><time>2026-07-28T17:26:40.135Z</time></trkpt><trkpt lat="46.14201333" lon="4.40718667"><ele>797.0</ele><time>2026-07-28T17:26:41.135Z</time></trkpt><trkpt lat="46.142" lon="4.407195"><ele>797.0</ele><time>2026-07-28T17:26:42.135Z</time></trkpt><trkpt lat="46.14198833" lon="4.4072"><ele>797.0</ele><time>2026-07-28T17:26:43.135Z</time></trkpt><trkpt lat="46.14197667" lon="4.407205"><ele>797.0</ele><time>2026-07-28T17:26:44.135Z</time></trkpt><trkpt lat="46.14196667" lon="4.40720833"><ele>796.0</ele><time>2026-07-28T17:26:45.136Z</time></trkpt><trkpt lat="46.14195333" lon="4.407215"><ele>796.0</ele><time>2026-07-28T17:26:46.136Z</time></trkpt><trkpt lat="46.14193833" lon="4.40721833"><ele>796.0</ele><time>2026-07-28T17:26:47.136Z</time></trkpt><trkpt lat="46.14192667" lon="4.40721167"><ele>796.0</ele><time>2026-07-28T17:26:48.135Z</time></trkpt><trkpt lat="46.14191667" lon="4.40721833"><ele>795.0</ele><time>2026-07-28T17:26:49.135Z</time></trkpt><trkpt lat="46.14190833" lon="4.40722"><ele>795.0</ele><time>2026-07-28T17:26:50.135Z</time></trkpt><trkpt lat="46.14189667" lon="4.40722167"><ele>795.0</ele><time>2026-07-28T17:26:51.135Z</time></trkpt><trkpt lat="46.14188167" lon="4.40722833"><ele>795.0</ele><time>2026-07-28T17:26:52.135Z</time></trkpt><trkpt lat="46.14186" lon="4.40723333"><ele>795.0</ele><time>2026-07-28T17:26:53.135Z</time></trkpt><trkpt lat="46.14184333" lon="4.40724167"><ele>795.0</ele><time>2026-07-28T17:26:54.135Z</time></trkpt><trkpt lat="46.14182833" lon="4.40724333"><ele>795.0</ele><time>2026-07-28T17:26:55.135Z</time></trkpt><trkpt lat="46.141815" lon="4.40724833"><ele>795.0</ele><time>2026-07-28T17:26:56.136Z</time></trkpt><trkpt lat="46.14179833" lon="4.40724833"><ele>794.0</ele><time>2026-07-28T17:26:57.135Z</time></trkpt><trkpt lat="46.14178333" lon="4.40724667"><ele>794.0</ele><time>2026-07-28T17:26:58.135Z</time></trkpt><trkpt lat="46.14176667" lon="4.40725167"><ele>794.0</ele><time>2026-07-28T17:26:59.135Z</time></trkpt><trkpt lat="46.14175333" lon="4.407255"><ele>794.0</ele><time>2026-07-28T17:27:00.135Z</time></trkpt><trkpt lat="46.14174333" lon="4.407255"><ele>794.0</ele><time>2026-07-28T17:27:01.135Z</time></trkpt><trkpt lat="46.14172667" lon="4.40725333"><ele>794.0</ele><time>2026-07-28T17:27:02.135Z</time></trkpt><trkpt lat="46.141705" lon="4.40725167"><ele>795.0</ele><time>2026-07-28T17:27:03.135Z</time></trkpt><trkpt lat="46.141685" lon="4.40724833"><ele>795.0</ele><time>2026-07-28T17:27:04.135Z</time></trkpt><trkpt lat="46.14166333" lon="4.40724667"><ele>795.0</ele><time>2026-07-28T17:27:05.135Z</time></trkpt><trkpt lat="46.14164833" lon="4.40724333"><ele>795.0</ele><time>2026-07-28T17:27:06.136Z</time></trkpt><trkpt lat="46.14163833" lon="4.40724"><ele>795.0</ele><time>2026-07-28T17:27:07.135Z</time></trkpt><trkpt lat="46.14162833" lon="4.40723833"><ele>795.0</ele><time>2026-07-28T17:27:08.135Z</time></trkpt><trkpt lat="46.14162167" lon="4.40723833"><ele>795.0</ele><time>2026-07-28T17:27:09.135Z</time></trkpt><trkpt lat="46.14161333" lon="4.407235"><ele>795.0</ele><time>2026-07-28T17:27:10.135Z</time></trkpt><trkpt lat="46.14159667" lon="4.407235"><ele>794.0</ele><time>2026-07-28T17:27:11.135Z</time></trkpt><trkpt lat="46.14157667" lon="4.40724667"><ele>794.0</ele><time>2026-07-28T17:27:12.135Z</time></trkpt><trkpt lat="46.141555" lon="4.40725667"><ele>794.0</ele><time>2026-07-28T17:27:13.136Z</time></trkpt><trkpt lat="46.14153667" lon="4.40726"><ele>794.0</ele><time>2026-07-28T17:27:14.135Z</time></trkpt><trkpt lat="46.14153167" lon="4.40725667"><ele>794.0</ele><time>2026-07-28T17:27:15.135Z</time></trkpt><trkpt lat="46.141515" lon="4.407265"><ele>794.0</ele><time>2026-07-28T17:27:16.135Z</time></trkpt><trkpt lat="46.14149667" lon="4.40726833"><ele>795.0</ele><time>2026-07-28T17:27:17.135Z</time></trkpt><trkpt lat="46.14147167" lon="4.40727167"><ele>795.0</ele><time>2026-07-28T17:27:18.136Z</time></trkpt><trkpt lat="46.14145667" lon="4.40726833"><ele>795.0</ele><time>2026-07-28T17:27:19.136Z</time></trkpt><trkpt lat="46.14144167" lon="4.40727"><ele>796.0</ele><time>2026-07-28T17:27:20.135Z</time></trkpt><trkpt lat="46.14143333" lon="4.407265"><ele>797.0</ele><time>2026-07-28T17:27:21.135Z</time></trkpt><trkpt lat="46.14141833" lon="4.40725833"><ele>797.0</ele><time>2026-07-28T17:27:22.135Z</time></trkpt><trkpt lat="46.14140333" lon="4.40725667"><ele>798.0</ele><time>2026-07-28T17:27:23.135Z</time></trkpt><trkpt lat="46.14138667" lon="4.40725667"><ele>798.0</ele><time>2026-07-28T17:27:24.135Z</time></trkpt><trkpt lat="46.141365" lon="4.40725667"><ele>798.0</ele><time>2026-07-28T17:27:25.135Z</time></trkpt><trkpt lat="46.14135833" lon="4.40725333"><ele>799.0</ele><time>2026-07-28T17:27:26.136Z</time></trkpt><trkpt lat="46.14133833" lon="4.407255"><ele>799.0</ele><time>2026-07-28T17:27:27.136Z</time></trkpt><trkpt lat="46.14132167" lon="4.40724833"><ele>799.0</ele><time>2026-07-28T17:27:28.135Z</time></trkpt><trkpt lat="46.14131" lon="4.407245"><ele>799.0</ele><time>2026-07-28T17:27:29.135Z</time></trkpt><trkpt lat="46.14129167" lon="4.40724833"><ele>799.0</ele><time>2026-07-28T17:27:30.135Z</time></trkpt><trkpt lat="46.14126833" lon="4.40725333"><ele>800.0</ele><time>2026-07-28T17:27:31.135Z</time></trkpt><trkpt lat="46.14125167" lon="4.40724667"><ele>800.0</ele><time>2026-07-28T17:27:32.135Z</time></trkpt><trkpt lat="46.14123667" lon="4.40724833"><ele>800.0</ele><time>2026-07-28T17:27:33.135Z</time></trkpt><trkpt lat="46.14122167" lon="4.40725333"><ele>800.0</ele><time>2026-07-28T17:27:34.135Z</time></trkpt><trkpt lat="46.141205" lon="4.40724833"><ele>800.0</ele><time>2026-07-28T17:27:35.136Z</time></trkpt><trkpt lat="46.141195" lon="4.407245"><ele>800.0</ele><time>2026-07-28T17:27:36.135Z</time></trkpt><trkpt lat="46.14118167" lon="4.407245"><ele>801.0</ele><time>2026-07-28T17:27:37.136Z</time></trkpt><trkpt lat="46.14116833" lon="4.40724167"><ele>801.0</ele><time>2026-07-28T17:27:38.135Z</time></trkpt><trkpt lat="46.141145" lon="4.40724"><ele>801.0</ele><time>2026-07-28T17:27:39.135Z</time></trkpt><trkpt lat="46.14111833" lon="4.40723333"><ele>801.0</ele><time>2026-07-28T17:27:40.135Z</time></trkpt><trkpt lat="46.14109167" lon="4.40724333"><ele>801.0</ele><time>2026-07-28T17:27:41.135Z</time></trkpt><trkpt lat="46.141085" lon="4.40724333"><ele>802.0</ele><time>2026-07-28T17:27:42.135Z</time></trkpt><trkpt lat="46.14108167" lon="4.40724333"><ele>802.0</ele><time>2026-07-28T17:27:43.136Z</time></trkpt><trkpt lat="46.14107667" lon="4.407235"><ele>802.0</ele><time>2026-07-28T17:27:44.135Z</time></trkpt><trkpt lat="46.14106167" lon="4.40723"><ele>803.0</ele><time>2026-07-28T17:27:45.135Z</time></trkpt><trkpt lat="46.14105" lon="4.40722333"><ele>803.0</ele><time>2026-07-28T17:27:46.135Z</time></trkpt><trkpt lat="46.14103667" lon="4.40722"><ele>804.0</ele><time>2026-07-28T17:27:47.135Z</time></trkpt><trkpt lat="46.14102167" lon="4.40722"><ele>805.0</ele><time>2026-07-28T17:27:48.135Z</time></trkpt><trkpt lat="46.14101" lon="4.40721833"><ele>806.0</ele><time>2026-07-28T17:27:49.135Z</time></trkpt><trkpt lat="46.14099833" lon="4.40721833"><ele>806.0</ele><time>2026-07-28T17:27:50.135Z</time></trkpt><trkpt lat="46.14098333" lon="4.40721833"><ele>807.0</ele><time>2026-07-28T17:27:51.136Z</time></trkpt><trkpt lat="46.14096667" lon="4.40722333"><ele>808.0</ele><time>2026-07-28T17:27:52.135Z</time></trkpt><trkpt lat="46.14094167" lon="4.40723333"><ele>808.0</ele><time>2026-07-28T17:27:53.136Z</time></trkpt><trkpt lat="46.14092" lon="4.40724167"><ele>809.0</ele><time>2026-07-28T17:27:54.135Z</time></trkpt><trkpt lat="46.14091833" lon="4.40724"><ele>809.0</ele><time>2026-07-28T17:27:55.136Z</time></trkpt><trkpt lat="46.14091833" lon="4.40724"><ele>810.0</ele><time>2026-07-28T17:27:56.135Z</time></trkpt><trkpt lat="46.14091833" lon="4.40724"><ele>811.0</ele><time>2026-07-28T17:27:57.136Z</time></trkpt><trkpt lat="46.14090833" lon="4.40727167"><ele>811.0</ele><time>2026-07-28T17:27:58.135Z</time></trkpt><trkpt lat="46.14088833" lon="4.40729833"><ele>811.0</ele><time>2026-07-28T17:27:59.136Z</time></trkpt><trkpt lat="46.14085833" lon="4.40733667"><ele>812.0</ele><time>2026-07-28T17:28:00.135Z</time></trkpt><trkpt lat="46.14084667" lon="4.40735667"><ele>812.0</ele><time>2026-07-28T17:28:01.135Z</time></trkpt><trkpt lat="46.14084" lon="4.40737"><ele>813.0</ele><time>2026-07-28T17:28:02.135Z</time></trkpt><trkpt lat="46.14082667" lon="4.40739833"><ele>813.0</ele><time>2026-07-28T17:28:03.135Z</time></trkpt><trkpt lat="46.14080833" lon="4.40743167"><ele>814.0</ele><time>2026-07-28T17:28:04.136Z</time></trkpt><trkpt lat="46.140785" lon="4.40747167"><ele>814.0</ele><time>2026-07-28T17:28:05.135Z</time></trkpt><trkpt lat="46.14076167" lon="4.4075"><ele>814.0</ele><time>2026-07-28T17:28:06.136Z</time></trkpt><trkpt lat="46.14074667" lon="4.40752"><ele>814.0</ele><time>2026-07-28T17:28:07.136Z</time></trkpt><trkpt lat="46.14074833" lon="4.407525"><ele>815.0</ele><time>2026-07-28T17:28:08.136Z</time></trkpt><trkpt lat="46.14072833" lon="4.40754"><ele>815.0</ele><time>2026-07-28T17:28:09.136Z</time></trkpt><trkpt lat="46.140715" lon="4.40756333"><ele>815.0</ele><time>2026-07-28T17:28:10.135Z</time></trkpt><trkpt lat="46.14072" lon="4.40756"><ele>815.0</ele><time>2026-07-28T17:28:11.136Z</time></trkpt><trkpt lat="46.14072667" lon="4.407575"><ele>814.0</ele><time>2026-07-28T17:28:12.135Z</time></trkpt><trkpt lat="46.140755" lon="4.40756333"><ele>814.0</ele><time>2026-07-28T17:28:13.136Z</time></trkpt><trkpt lat="46.14078333" lon="4.40756167"><ele>814.0</ele><time>2026-07-28T17:28:14.135Z</time></trkpt><trkpt lat="46.14078167" lon="4.40758667"><ele>814.0</ele><time>2026-07-28T17:28:15.135Z</time></trkpt><trkpt lat="46.14079333" lon="4.40759833"><ele>813.0</ele><time>2026-07-28T17:28:16.135Z</time></trkpt><trkpt lat="46.14080667" lon="4.40760167"><ele>813.0</ele><time>2026-07-28T17:28:17.136Z</time></trkpt><trkpt lat="46.140825" lon="4.40760167"><ele>813.0</ele><time>2026-07-28T17:28:18.135Z</time></trkpt><trkpt lat="46.14083667" lon="4.40761333"><ele>813.0</ele><time>2026-07-28T17:28:19.135Z</time></trkpt><trkpt lat="46.140845" lon="4.40763167"><ele>813.0</ele><time>2026-07-28T17:28:20.135Z</time></trkpt><trkpt lat="46.14083667" lon="4.40766167"><ele>812.0</ele><time>2026-07-28T17:28:21.135Z</time></trkpt><trkpt lat="46.140825" lon="4.40769167"><ele>812.0</ele><time>2026-07-28T17:28:22.135Z</time></trkpt><trkpt lat="46.140815" lon="4.40771"><ele>811.0</ele><time>2026-07-28T17:28:23.135Z</time></trkpt><trkpt lat="46.14081167" lon="4.40772833"><ele>811.0</ele><time>2026-07-28T17:28:24.135Z</time></trkpt><trkpt lat="46.14081333" lon="4.407745"><ele>810.0</ele><time>2026-07-28T17:28:25.135Z</time></trkpt><trkpt lat="46.14081833" lon="4.40775833"><ele>809.0</ele><time>2026-07-28T17:28:26.135Z</time></trkpt><trkpt lat="46.14082333" lon="4.40777333"><ele>809.0</ele><time>2026-07-28T17:28:27.135Z</time></trkpt><trkpt lat="46.14082333" lon="4.40779333"><ele>808.0</ele><time>2026-07-28T17:28:28.135Z</time></trkpt><trkpt lat="46.14082" lon="4.40781667"><ele>808.0</ele><time>2026-07-28T17:28:29.135Z</time></trkpt><trkpt lat="46.14081167" lon="4.40784167"><ele>807.0</ele><time>2026-07-28T17:28:30.135Z</time></trkpt><trkpt lat="46.14080333" lon="4.40786667"><ele>807.0</ele><time>2026-07-28T17:28:31.136Z</time></trkpt><trkpt lat="46.14079833" lon="4.407885"><ele>806.0</ele><time>2026-07-28T17:28:32.135Z</time></trkpt><trkpt lat="46.14079333" lon="4.40790333"><ele>806.0</ele><time>2026-07-28T17:28:33.136Z</time></trkpt><trkpt lat="46.14078667" lon="4.40792"><ele>805.0</ele><time>2026-07-28T17:28:34.136Z</time></trkpt><trkpt lat="46.14077833" lon="4.40794"><ele>805.0</ele><time>2026-07-28T17:28:35.135Z</time></trkpt><trkpt lat="46.14076667" lon="4.40795667"><ele>804.0</ele><time>2026-07-28T17:28:36.135Z</time></trkpt><trkpt lat="46.14075667" lon="4.40797667"><ele>804.0</ele><time>2026-07-28T17:28:37.136Z</time></trkpt><trkpt lat="46.14074833" lon="4.407995"><ele>804.0</ele><time>2026-07-28T17:28:38.135Z</time></trkpt><trkpt lat="46.14074167" lon="4.40800833"><ele>804.0</ele><time>2026-07-28T17:28:39.135Z</time></trkpt><trkpt lat="46.14073" lon="4.40802333"><ele>803.0</ele><time>2026-07-28T17:28:40.136Z</time></trkpt><trkpt lat="46.14072167" lon="4.408045"><ele>803.0</ele><time>2026-07-28T17:28:41.135Z</time></trkpt><trkpt lat="46.14071333" lon="4.40806667"><ele>803.0</ele><time>2026-07-28T17:28:42.135Z</time></trkpt><trkpt lat="46.140705" lon="4.40808333"><ele>802.0</ele><time>2026-07-28T17:28:43.136Z</time></trkpt><trkpt lat="46.14069333" lon="4.40809333"><ele>802.0</ele><time>2026-07-28T17:28:44.135Z</time></trkpt><trkpt lat="46.14068333" lon="4.408105"><ele>801.0</ele><time>2026-07-28T17:28:45.135Z</time></trkpt><trkpt lat="46.14067667" lon="4.408115"><ele>801.0</ele><time>2026-07-28T17:28:46.136Z</time></trkpt><trkpt lat="46.14066833" lon="4.40812667"><ele>801.0</ele><time>2026-07-28T17:28:47.135Z</time></trkpt><trkpt lat="46.14065667" lon="4.40814667"><ele>800.0</ele><time>2026-07-28T17:28:48.136Z</time></trkpt><trkpt lat="46.140645" lon="4.40816833"><ele>800.0</ele><time>2026-07-28T17:28:49.135Z</time></trkpt><trkpt lat="46.14063167" lon="4.40819167"><ele>800.0</ele><time>2026-07-28T17:28:50.135Z</time></trkpt><trkpt lat="46.14060833" lon="4.40822667"><ele>799.0</ele><time>2026-07-28T17:28:51.136Z</time></trkpt><trkpt lat="46.14058667" lon="4.408265"><ele>799.0</ele><time>2026-07-28T17:28:52.136Z</time></trkpt><trkpt lat="46.14057167" lon="4.40828667"><ele>799.0</ele><time>2026-07-28T17:28:53.136Z</time></trkpt><trkpt lat="46.140555" lon="4.40830667"><ele>798.0</ele><time>2026-07-28T17:28:54.136Z</time></trkpt><trkpt lat="46.140545" lon="4.40832"><ele>798.0</ele><time>2026-07-28T17:28:55.136Z</time></trkpt><trkpt lat="46.14053333" lon="4.40833167"><ele>798.0</ele><time>2026-07-28T17:28:56.136Z</time></trkpt><trkpt lat="46.14052833" lon="4.40834167"><ele>798.0</ele><time>2026-07-28T17:28:57.135Z</time></trkpt><trkpt lat="46.14051833" lon="4.408355"><ele>797.0</ele><time>2026-07-28T17:28:58.135Z</time></trkpt><trkpt lat="46.14050667" lon="4.40836667"><ele>797.0</ele><time>2026-07-28T17:28:59.135Z</time></trkpt><trkpt lat="46.14049333" lon="4.40838333"><ele>797.0</ele><time>2026-07-28T17:29:00.136Z</time></trkpt><trkpt lat="46.140485" lon="4.4084"><ele>797.0</ele><time>2026-07-28T17:29:01.136Z</time></trkpt><trkpt lat="46.14047333" lon="4.40842167"><ele>797.0</ele><time>2026-07-28T17:29:02.136Z</time></trkpt><trkpt lat="46.14046333" lon="4.40844333"><ele>797.0</ele><time>2026-07-28T17:29:03.135Z</time></trkpt><trkpt lat="46.14045333" lon="4.40847"><ele>797.0</ele><time>2026-07-28T17:29:04.136Z</time></trkpt><trkpt lat="46.14044167" lon="4.40849"><ele>797.0</ele><time>2026-07-28T17:29:05.135Z</time></trkpt><trkpt lat="46.14042" lon="4.40851167"><ele>797.0</ele><time>2026-07-28T17:29:06.135Z</time></trkpt><trkpt lat="46.1404" lon="4.40853333"><ele>797.0</ele><time>2026-07-28T17:29:07.136Z</time></trkpt><trkpt lat="46.140385" lon="4.40854667"><ele>797.0</ele><time>2026-07-28T17:29:08.135Z</time></trkpt><trkpt lat="46.14037333" lon="4.40856333"><ele>797.0</ele><time>2026-07-28T17:29:09.135Z</time></trkpt><trkpt lat="46.14035667" lon="4.408575"><ele>797.0</ele><time>2026-07-28T17:29:10.135Z</time></trkpt><trkpt lat="46.14034" lon="4.40859"><ele>797.0</ele><time>2026-07-28T17:29:11.135Z</time></trkpt><trkpt lat="46.14032333" lon="4.40861"><ele>797.0</ele><time>2026-07-28T17:29:12.136Z</time></trkpt><trkpt lat="46.14031167" lon="4.40863167"><ele>797.0</ele><time>2026-07-28T17:29:13.136Z</time></trkpt><trkpt lat="46.14029833" lon="4.408645"><ele>797.0</ele><time>2026-07-28T17:29:14.136Z</time></trkpt><trkpt lat="46.14028833" lon="4.40865"><ele>797.0</ele><time>2026-07-28T17:29:15.135Z</time></trkpt><trkpt lat="46.14027167" lon="4.40866"><ele>797.0</ele><time>2026-07-28T17:29:16.135Z</time></trkpt><trkpt lat="46.14025833" lon="4.40867"><ele>797.0</ele><time>2026-07-28T17:29:17.135Z</time></trkpt><trkpt lat="46.14024333" lon="4.40867667"><ele>796.0</ele><time>2026-07-28T17:29:18.135Z</time></trkpt><trkpt lat="46.14023167" lon="4.40869"><ele>796.0</ele><time>2026-07-28T17:29:19.135Z</time></trkpt><trkpt lat="46.14021667" lon="4.40871"><ele>796.0</ele><time>2026-07-28T17:29:20.135Z</time></trkpt><trkpt lat="46.14020167" lon="4.40872333"><ele>796.0</ele><time>2026-07-28T17:29:21.136Z</time></trkpt><trkpt lat="46.14018333" lon="4.40873333"><ele>796.0</ele><time>2026-07-28T17:29:22.135Z</time></trkpt><trkpt lat="46.14014667" lon="4.40876167"><ele>796.0</ele><time>2026-07-28T17:29:23.136Z</time></trkpt><trkpt lat="46.14012833" lon="4.40876"><ele>796.0</ele><time>2026-07-28T17:29:24.135Z</time></trkpt><trkpt lat="46.14011833" lon="4.40877167"><ele>796.0</ele><time>2026-07-28T17:29:25.136Z</time></trkpt><trkpt lat="46.1401" lon="4.40878833"><ele>796.0</ele><time>2026-07-28T17:29:26.135Z</time></trkpt><trkpt lat="46.14007833" lon="4.40880167"><ele>797.0</ele><time>2026-07-28T17:29:27.135Z</time></trkpt><trkpt lat="46.14005833" lon="4.40881833"><ele>797.0</ele><time>2026-07-28T17:29:28.136Z</time></trkpt><trkpt lat="46.140045" lon="4.40882833"><ele>797.0</ele><time>2026-07-28T17:29:29.135Z</time></trkpt><trkpt lat="46.140035" lon="4.40884"><ele>797.0</ele><time>2026-07-28T17:29:30.135Z</time></trkpt><trkpt lat="46.14002833" lon="4.40885167"><ele>798.0</ele><time>2026-07-28T17:29:31.135Z</time></trkpt><trkpt lat="46.14003167" lon="4.40885333"><ele>798.0</ele><time>2026-07-28T17:29:32.136Z</time></trkpt><trkpt lat="46.14002667" lon="4.40885"><ele>798.0</ele><time>2026-07-28T17:29:33.135Z</time></trkpt><trkpt lat="46.14002667" lon="4.40884167"><ele>798.0</ele><time>2026-07-28T17:29:34.135Z</time></trkpt><trkpt lat="46.14002167" lon="4.40885"><ele>798.0</ele><time>2026-07-28T17:29:35.135Z</time></trkpt><trkpt lat="46.14000167" lon="4.408855"><ele>798.0</ele><time>2026-07-28T17:29:36.136Z</time></trkpt><trkpt lat="46.139985" lon="4.40887667"><ele>798.0</ele><time>2026-07-28T17:29:37.135Z</time></trkpt><trkpt lat="46.13996833" lon="4.40891667"><ele>798.0</ele><time>2026-07-28T17:29:38.135Z</time></trkpt><trkpt lat="46.13994833" lon="4.408965"><ele>798.0</ele><time>2026-07-28T17:29:39.136Z</time></trkpt><trkpt lat="46.13994333" lon="4.40900167"><ele>797.0</ele><time>2026-07-28T17:29:40.135Z</time></trkpt><trkpt lat="46.13993667" lon="4.40901667"><ele>797.0</ele><time>2026-07-28T17:29:41.136Z</time></trkpt><trkpt lat="46.13992833" lon="4.40902333"><ele>797.0</ele><time>2026-07-28T17:29:42.135Z</time></trkpt><trkpt lat="46.13991833" lon="4.409035"><ele>797.0</ele><time>2026-07-28T17:29:43.135Z</time></trkpt><trkpt lat="46.13990833" lon="4.40905333"><ele>797.0</ele><time>2026-07-28T17:29:44.135Z</time></trkpt><trkpt lat="46.13990167" lon="4.40907"><ele>797.0</ele><time>2026-07-28T17:29:45.136Z</time></trkpt><trkpt lat="46.13989667" lon="4.40909"><ele>797.0</ele><time>2026-07-28T17:29:46.135Z</time></trkpt><trkpt lat="46.13988667" lon="4.40910833"><ele>797.0</ele><time>2026-07-28T17:29:47.135Z</time></trkpt><trkpt lat="46.139875" lon="4.40912667"><ele>797.0</ele><time>2026-07-28T17:29:48.135Z</time></trkpt><trkpt lat="46.13986833" lon="4.40914"><ele>797.0</ele><time>2026-07-28T17:29:49.135Z</time></trkpt><trkpt lat="46.13985833" lon="4.40915167"><ele>798.0</ele><time>2026-07-28T17:29:50.135Z</time></trkpt><trkpt lat="46.13984333" lon="4.40916333"><ele>798.0</ele><time>2026-07-28T17:29:51.135Z</time></trkpt><trkpt lat="46.13982833" lon="4.40917"><ele>798.0</ele><time>2026-07-28T17:29:52.135Z</time></trkpt><trkpt lat="46.13981" lon="4.40918167"><ele>799.0</ele><time>2026-07-28T17:29:53.135Z</time></trkpt><trkpt lat="46.1398" lon="4.40919333"><ele>799.0</ele><time>2026-07-28T17:29:54.135Z</time></trkpt><trkpt lat="46.139785" lon="4.409205"><ele>799.0</ele><time>2026-07-28T17:29:55.136Z</time></trkpt><trkpt lat="46.13978167" lon="4.40921333"><ele>799.0</ele><time>2026-07-28T17:29:56.135Z</time></trkpt><trkpt lat="46.13977333" lon="4.40922667"><ele>799.0</ele><time>2026-07-28T17:29:57.136Z</time></trkpt><trkpt lat="46.13976833" lon="4.409235"><ele>799.0</ele><time>2026-07-28T17:29:58.135Z</time></trkpt><trkpt lat="46.13976333" lon="4.40925167"><ele>799.0</ele><time>2026-07-28T17:29:59.135Z</time></trkpt><trkpt lat="46.13975833" lon="4.40927"><ele>799.0</ele><time>2026-07-28T17:30:00.136Z</time></trkpt><trkpt lat="46.13974833" lon="4.40929"><ele>799.0</ele><time>2026-07-28T17:30:01.136Z</time></trkpt><trkpt lat="46.13974" lon="4.40931333"><ele>799.0</ele><time>2026-07-28T17:30:02.135Z</time></trkpt><trkpt lat="46.13973333" lon="4.40933333"><ele>799.0</ele><time>2026-07-28T17:30:03.136Z</time></trkpt><trkpt lat="46.13972667" lon="4.40935"><ele>799.0</ele><time>2026-07-28T17:30:04.135Z</time></trkpt><trkpt lat="46.13971833" lon="4.40936333"><ele>800.0</ele><time>2026-07-28T17:30:05.136Z</time></trkpt><trkpt lat="46.13971" lon="4.40938333"><ele>800.0</ele><time>2026-07-28T17:30:06.136Z</time></trkpt><trkpt lat="46.13969667" lon="4.40940833"><ele>800.0</ele><time>2026-07-28T17:30:07.135Z</time></trkpt><trkpt lat="46.13968333" lon="4.409425"><ele>800.0</ele><time>2026-07-28T17:30:08.135Z</time></trkpt><trkpt lat="46.13967333" lon="4.40943667"><ele>800.0</ele><time>2026-07-28T17:30:09.135Z</time></trkpt><trkpt lat="46.139665" lon="4.409445"><ele>800.0</ele><time>2026-07-28T17:30:10.136Z</time></trkpt><trkpt lat="46.13965833" lon="4.40944833"><ele>799.0</ele><time>2026-07-28T17:30:11.135Z</time></trkpt><trkpt lat="46.13964667" lon="4.40946"><ele>799.0</ele><time>2026-07-28T17:30:12.135Z</time></trkpt><trkpt lat="46.13963667" lon="4.409475"><ele>799.0</ele><time>2026-07-28T17:30:13.136Z</time></trkpt><trkpt lat="46.13962667" lon="4.40949"><ele>799.0</ele><time>2026-07-28T17:30:14.135Z</time></trkpt><trkpt lat="46.13962167" lon="4.40950333"><ele>799.0</ele><time>2026-07-28T17:30:15.135Z</time></trkpt><trkpt lat="46.13961833" lon="4.409515"><ele>799.0</ele><time>2026-07-28T17:30:16.135Z</time></trkpt><trkpt lat="46.13960667" lon="4.40952833"><ele>799.0</ele><time>2026-07-28T17:30:17.135Z</time></trkpt><trkpt lat="46.13959167" lon="4.40954167"><ele>799.0</ele><time>2026-07-28T17:30:18.135Z</time></trkpt><trkpt lat="46.13957833" lon="4.40955167"><ele>799.0</ele><time>2026-07-28T17:30:19.135Z</time></trkpt><trkpt lat="46.13956667" lon="4.40955833"><ele>799.0</ele><time>2026-07-28T17:30:20.135Z</time></trkpt><trkpt lat="46.13954667" lon="4.40959"><ele>799.0</ele><time>2026-07-28T17:30:21.135Z</time></trkpt><trkpt lat="46.13953333" lon="4.40961167"><ele>800.0</ele><time>2026-07-28T17:30:22.135Z</time></trkpt><trkpt lat="46.13952167" lon="4.40963167"><ele>800.0</ele><time>2026-07-28T17:30:23.135Z</time></trkpt><trkpt lat="46.13951833" lon="4.40964167"><ele>800.0</ele><time>2026-07-28T17:30:24.135Z</time></trkpt><trkpt lat="46.13951667" lon="4.40964167"><ele>799.0</ele><time>2026-07-28T17:30:25.136Z</time></trkpt><trkpt lat="46.1395" lon="4.409675"><ele>799.0</ele><time>2026-07-28T17:30:26.135Z</time></trkpt><trkpt lat="46.13948333" lon="4.40969833"><ele>799.0</ele><time>2026-07-28T17:30:27.136Z</time></trkpt><trkpt lat="46.13947167" lon="4.409715"><ele>798.0</ele><time>2026-07-28T17:30:28.136Z</time></trkpt><trkpt lat="46.13945833" lon="4.40973167"><ele>798.0</ele><time>2026-07-28T17:30:29.136Z</time></trkpt><trkpt lat="46.13945333" lon="4.409755"><ele>798.0</ele><time>2026-07-28T17:30:30.135Z</time></trkpt><trkpt lat="46.13945" lon="4.40977"><ele>798.0</ele><time>2026-07-28T17:30:31.135Z</time></trkpt><trkpt lat="46.13944333" lon="4.40978"><ele>798.0</ele><time>2026-07-28T17:30:32.136Z</time></trkpt><trkpt lat="46.13943167" lon="4.40979667"><ele>799.0</ele><time>2026-07-28T17:30:33.135Z</time></trkpt><trkpt lat="46.13942" lon="4.40981333"><ele>799.0</ele><time>2026-07-28T17:30:34.135Z</time></trkpt><trkpt lat="46.13941333" lon="4.40982667"><ele>800.0</ele><time>2026-07-28T17:30:35.136Z</time></trkpt><trkpt lat="46.13940167" lon="4.409845"><ele>800.0</ele><time>2026-07-28T17:30:36.135Z</time></trkpt><trkpt lat="46.13938833" lon="4.40986833"><ele>801.0</ele><time>2026-07-28T17:30:37.136Z</time></trkpt><trkpt lat="46.13937667" lon="4.40988833"><ele>801.0</ele><time>2026-07-28T17:30:38.136Z</time></trkpt><trkpt lat="46.139355" lon="4.40990667"><ele>802.0</ele><time>2026-07-28T17:30:39.135Z</time></trkpt><trkpt lat="46.13934167" lon="4.40992333"><ele>802.0</ele><time>2026-07-28T17:30:40.135Z</time></trkpt><trkpt lat="46.13932833" lon="4.409935"><ele>802.0</ele><time>2026-07-28T17:30:41.135Z</time></trkpt><trkpt lat="46.139315" lon="4.409945"><ele>803.0</ele><time>2026-07-28T17:30:42.136Z</time></trkpt><trkpt lat="46.13929667" lon="4.409955"><ele>802.0</ele><time>2026-07-28T17:30:43.135Z</time></trkpt><trkpt lat="46.13926833" lon="4.40995333"><ele>802.0</ele><time>2026-07-28T17:30:44.135Z</time></trkpt><trkpt lat="46.13925333" lon="4.40996833"><ele>801.0</ele><time>2026-07-28T17:30:45.135Z</time></trkpt><trkpt lat="46.139245" lon="4.40997667"><ele>801.0</ele><time>2026-07-28T17:30:46.135Z</time></trkpt><trkpt lat="46.13923333" lon="4.40999833"><ele>800.0</ele><time>2026-07-28T17:30:47.135Z</time></trkpt><trkpt lat="46.13923667" lon="4.41001667"><ele>800.0</ele><time>2026-07-28T17:30:48.135Z</time></trkpt><trkpt lat="46.13923667" lon="4.41004333"><ele>800.0</ele><time>2026-07-28T17:30:49.135Z</time></trkpt><trkpt lat="46.139235" lon="4.41006167"><ele>800.0</ele><time>2026-07-28T17:30:50.135Z</time></trkpt><trkpt lat="46.13924" lon="4.41007833"><ele>800.0</ele><time>2026-07-28T17:30:51.136Z</time></trkpt><trkpt lat="46.13924167" lon="4.410095"><ele>800.0</ele><time>2026-07-28T17:30:52.136Z</time></trkpt><trkpt lat="46.13924" lon="4.41012167"><ele>799.0</ele><time>2026-07-28T17:30:53.136Z</time></trkpt><trkpt lat="46.13924667" lon="4.41014333"><ele>799.0</ele><time>2026-07-28T17:30:54.135Z</time></trkpt><trkpt lat="46.13925167" lon="4.41015833"><ele>798.0</ele><time>2026-07-28T17:30:55.135Z</time></trkpt><trkpt lat="46.13926" lon="4.41018167"><ele>797.0</ele><time>2026-07-28T17:30:56.135Z</time></trkpt><trkpt lat="46.13927167" lon="4.41021167"><ele>797.0</ele><time>2026-07-28T17:30:57.135Z</time></trkpt><trkpt lat="46.13927833" lon="4.410235"><ele>796.0</ele><time>2026-07-28T17:30:58.136Z</time></trkpt><trkpt lat="46.13928833" lon="4.41026167"><ele>796.0</ele><time>2026-07-28T17:30:59.135Z</time></trkpt><trkpt lat="46.13930167" lon="4.41028333"><ele>795.0</ele><time>2026-07-28T17:31:00.135Z</time></trkpt><trkpt lat="46.13931167" lon="4.410325"><ele>795.0</ele><time>2026-07-28T17:31:01.136Z</time></trkpt><trkpt lat="46.13932333" lon="4.41035667"><ele>794.0</ele><time>2026-07-28T17:31:02.135Z</time></trkpt><trkpt lat="46.13932333" lon="4.410385"><ele>794.0</ele><time>2026-07-28T17:31:03.136Z</time></trkpt><trkpt lat="46.13931833" lon="4.41040167"><ele>794.0</ele><time>2026-07-28T17:31:04.135Z</time></trkpt><trkpt lat="46.13932" lon="4.41041833"><ele>794.0</ele><time>2026-07-28T17:31:05.135Z</time></trkpt><trkpt lat="46.13932833" lon="4.41043167"><ele>794.0</ele><time>2026-07-28T17:31:06.136Z</time></trkpt><trkpt lat="46.139335" lon="4.41045333"><ele>793.0</ele><time>2026-07-28T17:31:07.136Z</time></trkpt><trkpt lat="46.13934" lon="4.410465"><ele>793.0</ele><time>2026-07-28T17:31:08.135Z</time></trkpt><trkpt lat="46.13934667" lon="4.410485"><ele>793.0</ele><time>2026-07-28T17:31:09.136Z</time></trkpt><trkpt lat="46.13935333" lon="4.41049667"><ele>793.0</ele><time>2026-07-28T17:31:10.135Z</time></trkpt><trkpt lat="46.13935333" lon="4.41050833"><ele>793.0</ele><time>2026-07-28T17:31:11.136Z</time></trkpt><trkpt lat="46.13935" lon="4.410525"><ele>792.0</ele><time>2026-07-28T17:31:12.136Z</time></trkpt><trkpt lat="46.13933833" lon="4.410545"><ele>792.0</ele><time>2026-07-28T17:31:13.136Z</time></trkpt><trkpt lat="46.13933833" lon="4.41055667"><ele>791.0</ele><time>2026-07-28T17:31:14.136Z</time></trkpt><trkpt lat="46.13933667" lon="4.41057833"><ele>790.0</ele><time>2026-07-28T17:31:15.135Z</time></trkpt><trkpt lat="46.13934167" lon="4.41060833"><ele>789.0</ele><time>2026-07-28T17:31:16.136Z</time></trkpt><trkpt lat="46.139345" lon="4.41063333"><ele>789.0</ele><time>2026-07-28T17:31:17.136Z</time></trkpt><trkpt lat="46.139355" lon="4.41065667"><ele>788.0</ele><time>2026-07-28T17:31:18.136Z</time></trkpt><trkpt lat="46.13936333" lon="4.410675"><ele>788.0</ele><time>2026-07-28T17:31:19.135Z</time></trkpt><trkpt lat="46.139365" lon="4.410695"><ele>788.0</ele><time>2026-07-28T17:31:20.136Z</time></trkpt><trkpt lat="46.13936667" lon="4.41071667"><ele>789.0</ele><time>2026-07-28T17:31:21.136Z</time></trkpt><trkpt lat="46.13937167" lon="4.41074167"><ele>789.0</ele><time>2026-07-28T17:31:22.136Z</time></trkpt><trkpt lat="46.13937333" lon="4.41076667"><ele>789.0</ele><time>2026-07-28T17:31:23.135Z</time></trkpt><trkpt lat="46.139375" lon="4.41078333"><ele>789.0</ele><time>2026-07-28T17:31:24.135Z</time></trkpt><trkpt lat="46.139385" lon="4.41080667"><ele>789.0</ele><time>2026-07-28T17:31:25.135Z</time></trkpt><trkpt lat="46.13940167" lon="4.410835"><ele>789.0</ele><time>2026-07-28T17:31:26.135Z</time></trkpt><trkpt lat="46.13940333" lon="4.41086333"><ele>790.0</ele><time>2026-07-28T17:31:27.135Z</time></trkpt><trkpt lat="46.13941667" lon="4.4109"><ele>790.0</ele><time>2026-07-28T17:31:28.135Z</time></trkpt><trkpt lat="46.13944333" lon="4.41092667"><ele>790.0</ele><time>2026-07-28T17:31:29.135Z</time></trkpt><trkpt lat="46.13945167" lon="4.41095167"><ele>791.0</ele><time>2026-07-28T17:31:30.135Z</time></trkpt><trkpt lat="46.13945833" lon="4.41097833"><ele>792.0</ele><time>2026-07-28T17:31:31.136Z</time></trkpt><trkpt lat="46.13947167" lon="4.411"><ele>792.0</ele><time>2026-07-28T17:31:32.136Z</time></trkpt><trkpt lat="46.13947833" lon="4.41101833"><ele>793.0</ele><time>2026-07-28T17:31:33.136Z</time></trkpt><trkpt lat="46.13947833" lon="4.411045"><ele>793.0</ele><time>2026-07-28T17:31:34.136Z</time></trkpt><trkpt lat="46.13947667" lon="4.41106667"><ele>793.0</ele><time>2026-07-28T17:31:35.135Z</time></trkpt><trkpt lat="46.13947833" lon="4.41108667"><ele>793.0</ele><time>2026-07-28T17:31:36.135Z</time></trkpt><trkpt lat="46.13947667" lon="4.41110167"><ele>794.0</ele><time>2026-07-28T17:31:37.135Z</time></trkpt><trkpt lat="46.13948" lon="4.41111167"><ele>794.0</ele><time>2026-07-28T17:31:38.135Z</time></trkpt><trkpt lat="46.13948333" lon="4.41112167"><ele>794.0</ele><time>2026-07-28T17:31:39.136Z</time></trkpt><trkpt lat="46.13949" lon="4.41114833"><ele>794.0</ele><time>2026-07-28T17:31:40.135Z</time></trkpt><trkpt lat="46.13950167" lon="4.41117333"><ele>793.0</ele><time>2026-07-28T17:31:41.136Z</time></trkpt><trkpt lat="46.13950833" lon="4.411195"><ele>793.0</ele><time>2026-07-28T17:31:42.136Z</time></trkpt><trkpt lat="46.13950833" lon="4.41121333"><ele>793.0</ele><time>2026-07-28T17:31:43.136Z</time></trkpt><trkpt lat="46.1395" lon="4.41122667"><ele>793.0</ele><time>2026-07-28T17:31:44.135Z</time></trkpt><trkpt lat="46.139495" lon="4.411235"><ele>793.0</ele><time>2026-07-28T17:31:45.135Z</time></trkpt><trkpt lat="46.13949667" lon="4.41125333"><ele>793.0</ele><time>2026-07-28T17:31:46.136Z</time></trkpt><trkpt lat="46.1395" lon="4.41127167"><ele>792.0</ele><time>2026-07-28T17:31:47.136Z</time></trkpt><trkpt lat="46.13950333" lon="4.41129333"><ele>792.0</ele><time>2026-07-28T17:31:48.135Z</time></trkpt><trkpt lat="46.13951167" lon="4.41132"><ele>792.0</ele><time>2026-07-28T17:31:49.135Z</time></trkpt><trkpt lat="46.13951667" lon="4.41134167"><ele>791.0</ele><time>2026-07-28T17:31:50.135Z</time></trkpt><trkpt lat="46.13952167" lon="4.41136167"><ele>791.0</ele><time>2026-07-28T17:31:51.135Z</time></trkpt><trkpt lat="46.13953" lon="4.41138667"><ele>791.0</ele><time>2026-07-28T17:31:52.135Z</time></trkpt><trkpt lat="46.13953167" lon="4.41141"><ele>790.0</ele><time>2026-07-28T17:31:53.135Z</time></trkpt><trkpt lat="46.13953667" lon="4.41143167"><ele>790.0</ele><time>2026-07-28T17:31:54.135Z</time></trkpt><trkpt lat="46.13954" lon="4.41145667"><ele>789.0</ele><time>2026-07-28T17:31:55.135Z</time></trkpt><trkpt lat="46.13954333" lon="4.41147833"><ele>789.0</ele><time>2026-07-28T17:31:56.135Z</time></trkpt><trkpt lat="46.13954667" lon="4.41149667"><ele>788.0</ele><time>2026-07-28T17:31:57.135Z</time></trkpt><trkpt lat="46.13955" lon="4.41151833"><ele>788.0</ele><time>2026-07-28T17:31:58.135Z</time></trkpt><trkpt lat="46.13955333" lon="4.41154167"><ele>787.0</ele><time>2026-07-28T17:31:59.135Z</time></trkpt><trkpt lat="46.13955333" lon="4.41156833"><ele>786.0</ele><time>2026-07-28T17:32:00.135Z</time></trkpt><trkpt lat="46.13955833" lon="4.41158667"><ele>786.0</ele><time>2026-07-28T17:32:01.135Z</time></trkpt><trkpt lat="46.139565" lon="4.41160667"><ele>785.0</ele><time>2026-07-28T17:32:02.135Z</time></trkpt><trkpt lat="46.13957333" lon="4.41162667"><ele>784.0</ele><time>2026-07-28T17:32:03.135Z</time></trkpt><trkpt lat="46.13958167" lon="4.41164833"><ele>783.0</ele><time>2026-07-28T17:32:04.135Z</time></trkpt><trkpt lat="46.13958833" lon="4.41166833"><ele>783.0</ele><time>2026-07-28T17:32:05.135Z</time></trkpt><trkpt lat="46.13959" lon="4.41169"><ele>783.0</ele><time>2026-07-28T17:32:06.135Z</time></trkpt><trkpt lat="46.13959" lon="4.41170833"><ele>783.0</ele><time>2026-07-28T17:32:07.135Z</time></trkpt><trkpt lat="46.13959333" lon="4.41173"><ele>783.0</ele><time>2026-07-28T17:32:08.135Z</time></trkpt><trkpt lat="46.13960333" lon="4.411755"><ele>783.0</ele><time>2026-07-28T17:32:09.136Z</time></trkpt><trkpt lat="46.13960833" lon="4.41177833"><ele>783.0</ele><time>2026-07-28T17:32:10.135Z</time></trkpt><trkpt lat="46.139615" lon="4.41179833"><ele>783.0</ele><time>2026-07-28T17:32:11.136Z</time></trkpt><trkpt lat="46.139615" lon="4.41182667"><ele>783.0</ele><time>2026-07-28T17:32:12.136Z</time></trkpt><trkpt lat="46.139615" lon="4.41184833"><ele>783.0</ele><time>2026-07-28T17:32:13.135Z</time></trkpt><trkpt lat="46.139615" lon="4.41187167"><ele>783.0</ele><time>2026-07-28T17:32:14.135Z</time></trkpt><trkpt lat="46.13960833" lon="4.411895"><ele>782.0</ele><time>2026-07-28T17:32:15.135Z</time></trkpt><trkpt lat="46.139605" lon="4.41191667"><ele>781.0</ele><time>2026-07-28T17:32:16.135Z</time></trkpt><trkpt lat="46.139605" lon="4.41194333"><ele>781.0</ele><time>2026-07-28T17:32:17.135Z</time></trkpt><trkpt lat="46.13960333" lon="4.41197167"><ele>780.0</ele><time>2026-07-28T17:32:18.135Z</time></trkpt><trkpt lat="46.13960333" lon="4.41199667"><ele>780.0</ele><time>2026-07-28T17:32:19.135Z</time></trkpt><trkpt lat="46.13960667" lon="4.412025"><ele>779.0</ele><time>2026-07-28T17:32:20.135Z</time></trkpt><trkpt lat="46.13961" lon="4.41204667"><ele>779.0</ele><time>2026-07-28T17:32:21.135Z</time></trkpt><trkpt lat="46.13961333" lon="4.41207833"><ele>779.0</ele><time>2026-07-28T17:32:22.135Z</time></trkpt><trkpt lat="46.13961333" lon="4.41210667"><ele>779.0</ele><time>2026-07-28T17:32:23.135Z</time></trkpt><trkpt lat="46.13961" lon="4.41212833"><ele>778.0</ele><time>2026-07-28T17:32:24.135Z</time></trkpt><trkpt lat="46.13960667" lon="4.41214833"><ele>778.0</ele><time>2026-07-28T17:32:25.135Z</time></trkpt><trkpt lat="46.13960167" lon="4.41216833"><ele>778.0</ele><time>2026-07-28T17:32:26.135Z</time></trkpt><trkpt lat="46.1396" lon="4.412195"><ele>777.0</ele><time>2026-07-28T17:32:27.135Z</time></trkpt><trkpt lat="46.1396" lon="4.41221667"><ele>777.0</ele><time>2026-07-28T17:32:28.135Z</time></trkpt><trkpt lat="46.139595" lon="4.412235"><ele>776.0</ele><time>2026-07-28T17:32:29.135Z</time></trkpt><trkpt lat="46.13960333" lon="4.41225833"><ele>776.0</ele><time>2026-07-28T17:32:30.135Z</time></trkpt><trkpt lat="46.13961167" lon="4.41229"><ele>776.0</ele><time>2026-07-28T17:32:31.135Z</time></trkpt><trkpt lat="46.13962" lon="4.41230833"><ele>776.0</ele><time>2026-07-28T17:32:32.136Z</time></trkpt><trkpt lat="46.13962667" lon="4.41232167"><ele>776.0</ele><time>2026-07-28T17:32:33.135Z</time></trkpt><trkpt lat="46.13963333" lon="4.41234667"><ele>776.0</ele><time>2026-07-28T17:32:34.135Z</time></trkpt><trkpt lat="46.139635" lon="4.41237167"><ele>776.0</ele><time>2026-07-28T17:32:35.135Z</time></trkpt><trkpt lat="46.13963333" lon="4.41239333"><ele>776.0</ele><time>2026-07-28T17:32:36.135Z</time></trkpt><trkpt lat="46.13963333" lon="4.41241"><ele>776.0</ele><time>2026-07-28T17:32:37.135Z</time></trkpt><trkpt lat="46.13963" lon="4.41243833"><ele>776.0</ele><time>2026-07-28T17:32:38.135Z</time></trkpt><trkpt lat="46.13963" lon="4.41246333"><ele>776.0</ele><time>2026-07-28T17:32:39.135Z</time></trkpt><trkpt lat="46.13962667" lon="4.41248667"><ele>775.0</ele><time>2026-07-28T17:32:40.135Z</time></trkpt><trkpt lat="46.13962833" lon="4.41250333"><ele>775.0</ele><time>2026-07-28T17:32:41.136Z</time></trkpt><trkpt lat="46.13962667" lon="4.41252833"><ele>775.0</ele><time>2026-07-28T17:32:42.135Z</time></trkpt><trkpt lat="46.139625" lon="4.412555"><ele>775.0</ele><time>2026-07-28T17:32:43.135Z</time></trkpt><trkpt lat="46.13963" lon="4.41257667"><ele>775.0</ele><time>2026-07-28T17:32:44.135Z</time></trkpt><trkpt lat="46.13963667" lon="4.41260167"><ele>775.0</ele><time>2026-07-28T17:32:45.135Z</time></trkpt><trkpt lat="46.139635" lon="4.41262167"><ele>775.0</ele><time>2026-07-28T17:32:46.135Z</time></trkpt><trkpt lat="46.13963" lon="4.412645"><ele>775.0</ele><time>2026-07-28T17:32:47.136Z</time></trkpt><trkpt lat="46.13963" lon="4.41266667"><ele>775.0</ele><time>2026-07-28T17:32:48.135Z</time></trkpt><trkpt lat="46.139625" lon="4.41268167"><ele>776.0</ele><time>2026-07-28T17:32:49.136Z</time></trkpt><trkpt lat="46.13961667" lon="4.41269667"><ele>776.0</ele><time>2026-07-28T17:32:50.136Z</time></trkpt><trkpt lat="46.13961" lon="4.41272"><ele>777.0</ele><time>2026-07-28T17:32:51.135Z</time></trkpt><trkpt lat="46.139605" lon="4.41274167"><ele>777.0</ele><time>2026-07-28T17:32:52.135Z</time></trkpt><trkpt lat="46.139605" lon="4.41276"><ele>777.0</ele><time>2026-07-28T17:32:53.135Z</time></trkpt><trkpt lat="46.1396" lon="4.412785"><ele>777.0</ele><time>2026-07-28T17:32:54.135Z</time></trkpt><trkpt lat="46.139595" lon="4.41280667"><ele>778.0</ele><time>2026-07-28T17:32:55.136Z</time></trkpt><trkpt lat="46.139595" lon="4.41282667"><ele>778.0</ele><time>2026-07-28T17:32:56.136Z</time></trkpt><trkpt lat="46.139595" lon="4.41284667"><ele>778.0</ele><time>2026-07-28T17:32:57.135Z</time></trkpt><trkpt lat="46.13959667" lon="4.41286167"><ele>778.0</ele><time>2026-07-28T17:32:58.136Z</time></trkpt><trkpt lat="46.13959333" lon="4.41288"><ele>778.0</ele><time>2026-07-28T17:32:59.135Z</time></trkpt><trkpt lat="46.139585" lon="4.41290167"><ele>778.0</ele><time>2026-07-28T17:33:00.136Z</time></trkpt><trkpt lat="46.13958667" lon="4.412925"><ele>778.0</ele><time>2026-07-28T17:33:01.136Z</time></trkpt><trkpt lat="46.13958667" lon="4.41294167"><ele>779.0</ele><time>2026-07-28T17:33:02.135Z</time></trkpt><trkpt lat="46.13959" lon="4.41297167"><ele>779.0</ele><time>2026-07-28T17:33:03.135Z</time></trkpt><trkpt lat="46.13958833" lon="4.41299"><ele>779.0</ele><time>2026-07-28T17:33:04.135Z</time></trkpt><trkpt lat="46.13958833" lon="4.41301833"><ele>780.0</ele><time>2026-07-28T17:33:05.135Z</time></trkpt><trkpt lat="46.13959167" lon="4.413045"><ele>780.0</ele><time>2026-07-28T17:33:06.135Z</time></trkpt><trkpt lat="46.13959333" lon="4.41307333"><ele>780.0</ele><time>2026-07-28T17:33:07.135Z</time></trkpt><trkpt lat="46.13959833" lon="4.4131"><ele>780.0</ele><time>2026-07-28T17:33:08.136Z</time></trkpt><trkpt lat="46.13960167" lon="4.41312667"><ele>781.0</ele><time>2026-07-28T17:33:09.135Z</time></trkpt><trkpt lat="46.13960333" lon="4.41315"><ele>780.0</ele><time>2026-07-28T17:33:10.135Z</time></trkpt><trkpt lat="46.13960667" lon="4.41317333"><ele>780.0</ele><time>2026-07-28T17:33:11.135Z</time></trkpt><trkpt lat="46.13961" lon="4.41319167"><ele>780.0</ele><time>2026-07-28T17:33:12.135Z</time></trkpt><trkpt lat="46.13961333" lon="4.413215"><ele>780.0</ele><time>2026-07-28T17:33:13.136Z</time></trkpt><trkpt lat="46.13961667" lon="4.41324333"><ele>780.0</ele><time>2026-07-28T17:33:14.135Z</time></trkpt><trkpt lat="46.13962" lon="4.41326667"><ele>780.0</ele><time>2026-07-28T17:33:15.135Z</time></trkpt><trkpt lat="46.13961833" lon="4.413285"><ele>780.0</ele><time>2026-07-28T17:33:16.135Z</time></trkpt><trkpt lat="46.13961667" lon="4.41330333"><ele>780.0</ele><time>2026-07-28T17:33:17.135Z</time></trkpt><trkpt lat="46.13961333" lon="4.413325"><ele>780.0</ele><time>2026-07-28T17:33:18.135Z</time></trkpt><trkpt lat="46.13961333" lon="4.41334333"><ele>780.0</ele><time>2026-07-28T17:33:19.135Z</time></trkpt><trkpt lat="46.13963" lon="4.41336667"><ele>780.0</ele><time>2026-07-28T17:33:20.136Z</time></trkpt><trkpt lat="46.13964" lon="4.41339167"><ele>780.0</ele><time>2026-07-28T17:33:21.135Z</time></trkpt><trkpt lat="46.13963333" lon="4.413405"><ele>780.0</ele><time>2026-07-28T17:33:22.136Z</time></trkpt><trkpt lat="46.139645" lon="4.41341667"><ele>780.0</ele><time>2026-07-28T17:33:23.136Z</time></trkpt><trkpt lat="46.139645" lon="4.41342833"><ele>780.0</ele><time>2026-07-28T17:33:24.135Z</time></trkpt><trkpt lat="46.13964667" lon="4.41344833"><ele>781.0</ele><time>2026-07-28T17:33:25.135Z</time></trkpt><trkpt lat="46.13964667" lon="4.413465"><ele>781.0</ele><time>2026-07-28T17:33:26.135Z</time></trkpt><trkpt lat="46.13964833" lon="4.413485"><ele>781.0</ele><time>2026-07-28T17:33:27.135Z</time></trkpt><trkpt lat="46.13965" lon="4.41350833"><ele>781.0</ele><time>2026-07-28T17:33:28.135Z</time></trkpt><trkpt lat="46.13965333" lon="4.41352667"><ele>781.0</ele><time>2026-07-28T17:33:29.135Z</time></trkpt><trkpt lat="46.139655" lon="4.413545"><ele>781.0</ele><time>2026-07-28T17:33:30.135Z</time></trkpt><trkpt lat="46.13966" lon="4.41356333"><ele>781.0</ele><time>2026-07-28T17:33:31.135Z</time></trkpt><trkpt lat="46.13966833" lon="4.413575"><ele>781.0</ele><time>2026-07-28T17:33:32.135Z</time></trkpt><trkpt lat="46.139675" lon="4.413585"><ele>781.0</ele><time>2026-07-28T17:33:33.135Z</time></trkpt><trkpt lat="46.13967667" lon="4.413595"><ele>781.0</ele><time>2026-07-28T17:33:34.135Z</time></trkpt><trkpt lat="46.13968167" lon="4.413605"><ele>781.0</ele><time>2026-07-28T17:33:35.135Z</time></trkpt><trkpt lat="46.13968833" lon="4.413615"><ele>781.0</ele><time>2026-07-28T17:33:36.135Z</time></trkpt><trkpt lat="46.13969833" lon="4.41362667"><ele>781.0</ele><time>2026-07-28T17:33:37.135Z</time></trkpt><trkpt lat="46.13971833" lon="4.41363833"><ele>781.0</ele><time>2026-07-28T17:33:38.135Z</time></trkpt><trkpt lat="46.13973833" lon="4.41365167"><ele>781.0</ele><time>2026-07-28T17:33:39.135Z</time></trkpt><trkpt lat="46.139745" lon="4.413665"><ele>781.0</ele><time>2026-07-28T17:33:40.136Z</time></trkpt><trkpt lat="46.13975" lon="4.413675"><ele>780.0</ele><time>2026-07-28T17:33:41.135Z</time></trkpt><trkpt lat="46.13975667" lon="4.41369"><ele>780.0</ele><time>2026-07-28T17:33:42.135Z</time></trkpt><trkpt lat="46.139765" lon="4.41371167"><ele>779.0</ele><time>2026-07-28T17:33:43.135Z</time></trkpt><trkpt lat="46.139775" lon="4.41373"><ele>779.0</ele><time>2026-07-28T17:33:44.135Z</time></trkpt><trkpt lat="46.13978333" lon="4.413745"><ele>779.0</ele><time>2026-07-28T17:33:45.135Z</time></trkpt><trkpt lat="46.13978333" lon="4.41375833"><ele>778.0</ele><time>2026-07-28T17:33:46.135Z</time></trkpt><trkpt lat="46.13979167" lon="4.41377"><ele>778.0</ele><time>2026-07-28T17:33:47.135Z</time></trkpt><trkpt lat="46.13979833" lon="4.41378667"><ele>777.0</ele><time>2026-07-28T17:33:48.135Z</time></trkpt><trkpt lat="46.139805" lon="4.4138"><ele>777.0</ele><time>2026-07-28T17:33:49.135Z</time></trkpt><trkpt lat="46.13981833" lon="4.41382167"><ele>776.0</ele><time>2026-07-28T17:33:50.135Z</time></trkpt><trkpt lat="46.13983333" lon="4.41384667"><ele>776.0</ele><time>2026-07-28T17:33:51.135Z</time></trkpt><trkpt lat="46.13984833" lon="4.41387167"><ele>776.0</ele><time>2026-07-28T17:33:52.135Z</time></trkpt><trkpt lat="46.139855" lon="4.41389333"><ele>775.0</ele><time>2026-07-28T17:33:53.135Z</time></trkpt><trkpt lat="46.13987" lon="4.41391667"><ele>775.0</ele><time>2026-07-28T17:33:54.135Z</time></trkpt><trkpt lat="46.139885" lon="4.413935"><ele>774.0</ele><time>2026-07-28T17:33:55.135Z</time></trkpt><trkpt lat="46.13990333" lon="4.413965"><ele>773.0</ele><time>2026-07-28T17:33:56.135Z</time></trkpt><trkpt lat="46.13992167" lon="4.41399333"><ele>772.0</ele><time>2026-07-28T17:33:57.135Z</time></trkpt><trkpt lat="46.13994333" lon="4.41402"><ele>772.0</ele><time>2026-07-28T17:33:58.135Z</time></trkpt><trkpt lat="46.13996833" lon="4.41404667"><ele>771.0</ele><time>2026-07-28T17:33:59.135Z</time></trkpt><trkpt lat="46.139985" lon="4.41408"><ele>771.0</ele><time>2026-07-28T17:34:00.135Z</time></trkpt><trkpt lat="46.139995" lon="4.414115"><ele>771.0</ele><time>2026-07-28T17:34:01.136Z</time></trkpt><trkpt lat="46.13999167" lon="4.41414667"><ele>770.0</ele><time>2026-07-28T17:34:02.135Z</time></trkpt><trkpt lat="46.13998667" lon="4.41417"><ele>770.0</ele><time>2026-07-28T17:34:03.135Z</time></trkpt><trkpt lat="46.13999333" lon="4.41418667"><ele>770.0</ele><time>2026-07-28T17:34:04.135Z</time></trkpt><trkpt lat="46.13999667" lon="4.4142"><ele>770.0</ele><time>2026-07-28T17:34:05.135Z</time></trkpt><trkpt lat="46.13999" lon="4.41419333"><ele>770.0</ele><time>2026-07-28T17:34:06.135Z</time></trkpt><trkpt lat="46.139985" lon="4.41419333"><ele>770.0</ele><time>2026-07-28T17:34:07.135Z</time></trkpt><trkpt lat="46.13998833" lon="4.41419333"><ele>771.0</ele><time>2026-07-28T17:34:08.135Z</time></trkpt><trkpt lat="46.14" lon="4.41420667"><ele>771.0</ele><time>2026-07-28T17:34:09.135Z</time></trkpt><trkpt lat="46.14000833" lon="4.41421833"><ele>771.0</ele><time>2026-07-28T17:34:10.135Z</time></trkpt><trkpt lat="46.14003167" lon="4.41424"><ele>771.0</ele><time>2026-07-28T17:34:11.135Z</time></trkpt><trkpt lat="46.14006" lon="4.41428167"><ele>771.0</ele><time>2026-07-28T17:34:12.135Z</time></trkpt><trkpt lat="46.14010167" lon="4.41432167"><ele>771.0</ele><time>2026-07-28T17:34:13.135Z</time></trkpt><trkpt lat="46.14012167" lon="4.41435667"><ele>771.0</ele><time>2026-07-28T17:34:14.136Z</time></trkpt><trkpt lat="46.140145" lon="4.41439167"><ele>770.0</ele><time>2026-07-28T17:34:15.136Z</time></trkpt><trkpt lat="46.14015667" lon="4.414425"><ele>770.0</ele><time>2026-07-28T17:34:16.135Z</time></trkpt><trkpt lat="46.14017333" lon="4.41444667"><ele>770.0</ele><time>2026-07-28T17:34:17.135Z</time></trkpt><trkpt lat="46.14018833" lon="4.414475"><ele>770.0</ele><time>2026-07-28T17:34:18.135Z</time></trkpt><trkpt lat="46.14018833" lon="4.41449"><ele>770.0</ele><time>2026-07-28T17:34:19.135Z</time></trkpt><trkpt lat="46.14017667" lon="4.41449833"><ele>769.0</ele><time>2026-07-28T17:34:20.135Z</time></trkpt><trkpt lat="46.14016167" lon="4.41449667"><ele>769.0</ele><time>2026-07-28T17:34:21.135Z</time></trkpt><trkpt lat="46.14015167" lon="4.41448833"><ele>768.0</ele><time>2026-07-28T17:34:22.135Z</time></trkpt><trkpt lat="46.140145" lon="4.414505"><ele>768.0</ele><time>2026-07-28T17:34:23.136Z</time></trkpt><trkpt lat="46.14014667" lon="4.41451667"><ele>768.0</ele><time>2026-07-28T17:34:24.135Z</time></trkpt><trkpt lat="46.14015" lon="4.41453333"><ele>768.0</ele><time>2026-07-28T17:34:25.135Z</time></trkpt><trkpt lat="46.14016167" lon="4.41455333"><ele>768.0</ele><time>2026-07-28T17:34:26.135Z</time></trkpt><trkpt lat="46.140165" lon="4.41457833"><ele>768.0</ele><time>2026-07-28T17:34:27.135Z</time></trkpt><trkpt lat="46.14017" lon="4.41460167"><ele>767.0</ele><time>2026-07-28T17:34:28.135Z</time></trkpt><trkpt lat="46.140165" lon="4.414625"><ele>767.0</ele><time>2026-07-28T17:34:29.135Z</time></trkpt><trkpt lat="46.14016" lon="4.41465333"><ele>767.0</ele><time>2026-07-28T17:34:30.135Z</time></trkpt><trkpt lat="46.14015333" lon="4.41467667"><ele>767.0</ele><time>2026-07-28T17:34:31.136Z</time></trkpt><trkpt lat="46.14015667" lon="4.41469167"><ele>767.0</ele><time>2026-07-28T17:34:32.136Z</time></trkpt><trkpt lat="46.14017667" lon="4.4147"><ele>767.0</ele><time>2026-07-28T17:34:33.135Z</time></trkpt><trkpt lat="46.140205" lon="4.41471167"><ele>767.0</ele><time>2026-07-28T17:34:34.135Z</time></trkpt><trkpt lat="46.14023" lon="4.41473833"><ele>767.0</ele><time>2026-07-28T17:34:35.135Z</time></trkpt><trkpt lat="46.14024" lon="4.41477167"><ele>767.0</ele><time>2026-07-28T17:34:36.135Z</time></trkpt><trkpt lat="46.14024167" lon="4.414785"><ele>767.0</ele><time>2026-07-28T17:34:37.135Z</time></trkpt><trkpt lat="46.14024333" lon="4.41479333"><ele>766.0</ele><time>2026-07-28T17:34:38.136Z</time></trkpt><trkpt lat="46.14025" lon="4.41480833"><ele>767.0</ele><time>2026-07-28T17:34:39.135Z</time></trkpt><trkpt lat="46.14025667" lon="4.41482667"><ele>767.0</ele><time>2026-07-28T17:34:40.135Z</time></trkpt><trkpt lat="46.14026667" lon="4.41483833"><ele>767.0</ele><time>2026-07-28T17:34:41.135Z</time></trkpt><trkpt lat="46.14027167" lon="4.41485167"><ele>767.0</ele><time>2026-07-28T17:34:42.135Z</time></trkpt><trkpt lat="46.14028333" lon="4.41486667"><ele>767.0</ele><time>2026-07-28T17:34:43.136Z</time></trkpt><trkpt lat="46.14028833" lon="4.41488167"><ele>768.0</ele><time>2026-07-28T17:34:44.136Z</time></trkpt><trkpt lat="46.14029167" lon="4.4149"><ele>768.0</ele><time>2026-07-28T17:34:45.135Z</time></trkpt><trkpt lat="46.14029833" lon="4.41492"><ele>768.0</ele><time>2026-07-28T17:34:46.135Z</time></trkpt><trkpt lat="46.14030833" lon="4.41493833"><ele>768.0</ele><time>2026-07-28T17:34:47.135Z</time></trkpt><trkpt lat="46.140315" lon="4.41495833"><ele>769.0</ele><time>2026-07-28T17:34:48.135Z</time></trkpt><trkpt lat="46.14031667" lon="4.41498167"><ele>769.0</ele><time>2026-07-28T17:34:49.136Z</time></trkpt><trkpt lat="46.14031667" lon="4.415"><ele>769.0</ele><time>2026-07-28T17:34:50.135Z</time></trkpt><trkpt lat="46.14032333" lon="4.41501333"><ele>769.0</ele><time>2026-07-28T17:34:51.135Z</time></trkpt><trkpt lat="46.14033" lon="4.415025"><ele>770.0</ele><time>2026-07-28T17:34:52.136Z</time></trkpt><trkpt lat="46.14033667" lon="4.41503833"><ele>769.0</ele><time>2026-07-28T17:34:53.135Z</time></trkpt><trkpt lat="46.14034833" lon="4.41505333"><ele>769.0</ele><time>2026-07-28T17:34:54.135Z</time></trkpt><trkpt lat="46.14035667" lon="4.41506833"><ele>769.0</ele><time>2026-07-28T17:34:55.135Z</time></trkpt><trkpt lat="46.14036667" lon="4.41508167"><ele>769.0</ele><time>2026-07-28T17:34:56.135Z</time></trkpt><trkpt lat="46.14037333" lon="4.41509333"><ele>769.0</ele><time>2026-07-28T17:34:57.135Z</time></trkpt><trkpt lat="46.14038" lon="4.415105"><ele>769.0</ele><time>2026-07-28T17:34:58.135Z</time></trkpt><trkpt lat="46.14039" lon="4.41512333"><ele>768.0</ele><time>2026-07-28T17:34:59.135Z</time></trkpt><trkpt lat="46.14040167" lon="4.41514167"><ele>768.0</ele><time>2026-07-28T17:35:00.136Z</time></trkpt><trkpt lat="46.14041" lon="4.415155"><ele>768.0</ele><time>2026-07-28T17:35:01.135Z</time></trkpt><trkpt lat="46.14042" lon="4.41517333"><ele>768.0</ele><time>2026-07-28T17:35:02.135Z</time></trkpt><trkpt lat="46.14043" lon="4.41519"><ele>768.0</ele><time>2026-07-28T17:35:03.135Z</time></trkpt><trkpt lat="46.140435" lon="4.415215"><ele>768.0</ele><time>2026-07-28T17:35:04.135Z</time></trkpt><trkpt lat="46.140445" lon="4.41523167"><ele>769.0</ele><time>2026-07-28T17:35:05.136Z</time></trkpt><trkpt lat="46.140455" lon="4.415245"><ele>769.0</ele><time>2026-07-28T17:35:06.135Z</time></trkpt><trkpt lat="46.14046333" lon="4.41525833"><ele>769.0</ele><time>2026-07-28T17:35:07.135Z</time></trkpt><trkpt lat="46.14047333" lon="4.415265"><ele>768.0</ele><time>2026-07-28T17:35:08.135Z</time></trkpt><trkpt lat="46.14048" lon="4.41526667"><ele>768.0</ele><time>2026-07-28T17:35:09.135Z</time></trkpt><trkpt lat="46.14049" lon="4.41526833"><ele>769.0</ele><time>2026-07-28T17:35:10.135Z</time></trkpt><trkpt lat="46.14050833" lon="4.41527167"><ele>769.0</ele><time>2026-07-28T17:35:11.136Z</time></trkpt><trkpt lat="46.140525" lon="4.41527333"><ele>769.0</ele><time>2026-07-28T17:35:12.135Z</time></trkpt><trkpt lat="46.14054167" lon="4.41527667"><ele>769.0</ele><time>2026-07-28T17:35:13.135Z</time></trkpt><trkpt lat="46.140565" lon="4.41528667"><ele>769.0</ele><time>2026-07-28T17:35:14.135Z</time></trkpt><trkpt lat="46.14057833" lon="4.415295"><ele>769.0</ele><time>2026-07-28T17:35:15.135Z</time></trkpt><trkpt lat="46.14059667" lon="4.4153"><ele>769.0</ele><time>2026-07-28T17:35:16.136Z</time></trkpt><trkpt lat="46.14061667" lon="4.415305"><ele>770.0</ele><time>2026-07-28T17:35:17.135Z</time></trkpt><trkpt lat="46.14063667" lon="4.41531167"><ele>770.0</ele><time>2026-07-28T17:35:18.135Z</time></trkpt><trkpt lat="46.14065167" lon="4.415325"><ele>770.0</ele><time>2026-07-28T17:35:19.135Z</time></trkpt><trkpt lat="46.140665" lon="4.41533667"><ele>771.0</ele><time>2026-07-28T17:35:20.136Z</time></trkpt><trkpt lat="46.14067833" lon="4.41534167"><ele>771.0</ele><time>2026-07-28T17:35:21.136Z</time></trkpt><trkpt lat="46.14068833" lon="4.41535"><ele>771.0</ele><time>2026-07-28T17:35:22.136Z</time></trkpt><trkpt lat="46.140705" lon="4.41536167"><ele>772.0</ele><time>2026-07-28T17:35:23.136Z</time></trkpt><trkpt lat="46.140715" lon="4.41538"><ele>772.0</ele><time>2026-07-28T17:35:24.135Z</time></trkpt><trkpt lat="46.14073167" lon="4.41539667"><ele>772.0</ele><time>2026-07-28T17:35:25.135Z</time></trkpt><trkpt lat="46.14075" lon="4.41540667"><ele>772.0</ele><time>2026-07-28T17:35:26.135Z</time></trkpt><trkpt lat="46.14077" lon="4.41540833"><ele>772.0</ele><time>2026-07-28T17:35:27.136Z</time></trkpt><trkpt lat="46.14078333" lon="4.41541"><ele>772.0</ele><time>2026-07-28T17:35:28.136Z</time></trkpt><trkpt lat="46.14079667" lon="4.41542167"><ele>772.0</ele><time>2026-07-28T17:35:29.135Z</time></trkpt><trkpt lat="46.14080667" lon="4.41543167"><ele>772.0</ele><time>2026-07-28T17:35:30.136Z</time></trkpt><trkpt lat="46.14081667" lon="4.415445"><ele>772.0</ele><time>2026-07-28T17:35:31.136Z</time></trkpt><trkpt lat="46.14084" lon="4.41545833"><ele>773.0</ele><time>2026-07-28T17:35:32.135Z</time></trkpt><trkpt lat="46.14085333" lon="4.41546667"><ele>773.0</ele><time>2026-07-28T17:35:33.136Z</time></trkpt><trkpt lat="46.140865" lon="4.41548333"><ele>773.0</ele><time>2026-07-28T17:35:34.135Z</time></trkpt><trkpt lat="46.14087333" lon="4.41549167"><ele>774.0</ele><time>2026-07-28T17:35:35.136Z</time></trkpt><trkpt lat="46.140885" lon="4.4155"><ele>774.0</ele><time>2026-07-28T17:35:36.135Z</time></trkpt><trkpt lat="46.1409" lon="4.41551"><ele>774.0</ele><time>2026-07-28T17:35:37.136Z</time></trkpt><trkpt lat="46.140915" lon="4.41552333"><ele>774.0</ele><time>2026-07-28T17:35:38.135Z</time></trkpt><trkpt lat="46.140925" lon="4.41553333"><ele>774.0</ele><time>2026-07-28T17:35:39.135Z</time></trkpt><trkpt lat="46.14094167" lon="4.41553833"><ele>774.0</ele><time>2026-07-28T17:35:40.136Z</time></trkpt><trkpt lat="46.140955" lon="4.41555167"><ele>774.0</ele><time>2026-07-28T17:35:41.136Z</time></trkpt><trkpt lat="46.14096667" lon="4.41556667"><ele>774.0</ele><time>2026-07-28T17:35:42.136Z</time></trkpt><trkpt lat="46.14098" lon="4.41557167"><ele>774.0</ele><time>2026-07-28T17:35:43.135Z</time></trkpt><trkpt lat="46.14099333" lon="4.41558333"><ele>774.0</ele><time>2026-07-28T17:35:44.135Z</time></trkpt><trkpt lat="46.14100667" lon="4.41559667"><ele>775.0</ele><time>2026-07-28T17:35:45.135Z</time></trkpt><trkpt lat="46.14102167" lon="4.41560833"><ele>775.0</ele><time>2026-07-28T17:35:46.135Z</time></trkpt><trkpt lat="46.141035" lon="4.41562167"><ele>775.0</ele><time>2026-07-28T17:35:47.135Z</time></trkpt><trkpt lat="46.14104833" lon="4.41563167"><ele>774.0</ele><time>2026-07-28T17:35:48.135Z</time></trkpt><trkpt lat="46.14105833" lon="4.41564167"><ele>774.0</ele><time>2026-07-28T17:35:49.135Z</time></trkpt><trkpt lat="46.14107167" lon="4.415655"><ele>773.0</ele><time>2026-07-28T17:35:50.135Z</time></trkpt><trkpt lat="46.14108667" lon="4.41566333"><ele>773.0</ele><time>2026-07-28T17:35:51.135Z</time></trkpt><trkpt lat="46.1411" lon="4.41568"><ele>772.0</ele><time>2026-07-28T17:35:52.135Z</time></trkpt><trkpt lat="46.14111" lon="4.41568833"><ele>772.0</ele><time>2026-07-28T17:35:53.135Z</time></trkpt><trkpt lat="46.14112167" lon="4.41569667"><ele>772.0</ele><time>2026-07-28T17:35:54.135Z</time></trkpt><trkpt lat="46.14113333" lon="4.41570333"><ele>771.0</ele><time>2026-07-28T17:35:55.136Z</time></trkpt><trkpt lat="46.141145" lon="4.41570167"><ele>771.0</ele><time>2026-07-28T17:35:56.135Z</time></trkpt><trkpt lat="46.14115833" lon="4.41571"><ele>771.0</ele><time>2026-07-28T17:35:57.135Z</time></trkpt><trkpt lat="46.14116667" lon="4.41571167"><ele>771.0</ele><time>2026-07-28T17:35:58.135Z</time></trkpt><trkpt lat="46.14117667" lon="4.41572"><ele>771.0</ele><time>2026-07-28T17:35:59.135Z</time></trkpt><trkpt lat="46.14119" lon="4.41573333"><ele>770.0</ele><time>2026-07-28T17:36:00.136Z</time></trkpt><trkpt lat="46.14120333" lon="4.41574667"><ele>770.0</ele><time>2026-07-28T17:36:01.135Z</time></trkpt><trkpt lat="46.14121667" lon="4.41575167"><ele>770.0</ele><time>2026-07-28T17:36:02.135Z</time></trkpt><trkpt lat="46.14123" lon="4.41575833"><ele>771.0</ele><time>2026-07-28T17:36:03.135Z</time></trkpt><trkpt lat="46.141245" lon="4.41577"><ele>771.0</ele><time>2026-07-28T17:36:04.135Z</time></trkpt><trkpt lat="46.14125667" lon="4.41578167"><ele>771.0</ele><time>2026-07-28T17:36:05.135Z</time></trkpt><trkpt lat="46.14126833" lon="4.41579"><ele>771.0</ele><time>2026-07-28T17:36:06.135Z</time></trkpt><trkpt lat="46.14128" lon="4.41580167"><ele>771.0</ele><time>2026-07-28T17:36:07.135Z</time></trkpt><trkpt lat="46.141295" lon="4.415815"><ele>771.0</ele><time>2026-07-28T17:36:08.136Z</time></trkpt><trkpt lat="46.14131333" lon="4.41583833"><ele>770.0</ele><time>2026-07-28T17:36:09.135Z</time></trkpt><trkpt lat="46.14133167" lon="4.41585833"><ele>770.0</ele><time>2026-07-28T17:36:10.135Z</time></trkpt><trkpt lat="46.14135833" lon="4.41587333"><ele>770.0</ele><time>2026-07-28T17:36:11.135Z</time></trkpt><trkpt lat="46.14137667" lon="4.415875"><ele>770.0</ele><time>2026-07-28T17:36:12.135Z</time></trkpt><trkpt lat="46.14138833" lon="4.41588667"><ele>770.0</ele><time>2026-07-28T17:36:13.135Z</time></trkpt><trkpt lat="46.14140167" lon="4.4159"><ele>769.0</ele><time>2026-07-28T17:36:14.136Z</time></trkpt><trkpt lat="46.14141333" lon="4.41590833"><ele>769.0</ele><time>2026-07-28T17:36:15.135Z</time></trkpt><trkpt lat="46.14142833" lon="4.41592"><ele>769.0</ele><time>2026-07-28T17:36:16.135Z</time></trkpt><trkpt lat="46.14144167" lon="4.415935"><ele>769.0</ele><time>2026-07-28T17:36:17.136Z</time></trkpt><trkpt lat="46.14145667" lon="4.41594833"><ele>769.0</ele><time>2026-07-28T17:36:18.136Z</time></trkpt><trkpt lat="46.14146833" lon="4.41596"><ele>770.0</ele><time>2026-07-28T17:36:19.135Z</time></trkpt><trkpt lat="46.14147667" lon="4.41597667"><ele>770.0</ele><time>2026-07-28T17:36:20.135Z</time></trkpt><trkpt lat="46.141485" lon="4.415995"><ele>770.0</ele><time>2026-07-28T17:36:21.135Z</time></trkpt><trkpt lat="46.14149167" lon="4.41601667"><ele>770.0</ele><time>2026-07-28T17:36:22.135Z</time></trkpt><trkpt lat="46.14150667" lon="4.416035"><ele>770.0</ele><time>2026-07-28T17:36:23.135Z</time></trkpt><trkpt lat="46.141525" lon="4.41605333"><ele>770.0</ele><time>2026-07-28T17:36:24.135Z</time></trkpt><trkpt lat="46.14154333" lon="4.41607833"><ele>770.0</ele><time>2026-07-28T17:36:25.136Z</time></trkpt><trkpt lat="46.14155833" lon="4.41609833"><ele>770.0</ele><time>2026-07-28T17:36:26.136Z</time></trkpt><trkpt lat="46.14157" lon="4.41611"><ele>771.0</ele><time>2026-07-28T17:36:27.136Z</time></trkpt><trkpt lat="46.14158167" lon="4.41612333"><ele>771.0</ele><time>2026-07-28T17:36:28.135Z</time></trkpt><trkpt lat="46.14159667" lon="4.41613667"><ele>771.0</ele><time>2026-07-28T17:36:29.135Z</time></trkpt><trkpt lat="46.14161167" lon="4.41615"><ele>771.0</ele><time>2026-07-28T17:36:30.136Z</time></trkpt><trkpt lat="46.141625" lon="4.41616"><ele>772.0</ele><time>2026-07-28T17:36:31.135Z</time></trkpt><trkpt lat="46.14163333" lon="4.41617333"><ele>772.0</ele><time>2026-07-28T17:36:32.135Z</time></trkpt><trkpt lat="46.14163667" lon="4.416185"><ele>772.0</ele><time>2026-07-28T17:36:33.135Z</time></trkpt><trkpt lat="46.14164167" lon="4.4162"><ele>772.0</ele><time>2026-07-28T17:36:34.135Z</time></trkpt><trkpt lat="46.14164667" lon="4.416215"><ele>772.0</ele><time>2026-07-28T17:36:35.136Z</time></trkpt><trkpt lat="46.14165833" lon="4.41623"><ele>772.0</ele><time>2026-07-28T17:36:36.136Z</time></trkpt><trkpt lat="46.14167" lon="4.41625"><ele>772.0</ele><time>2026-07-28T17:36:37.136Z</time></trkpt><trkpt lat="46.141685" lon="4.41627"><ele>771.0</ele><time>2026-07-28T17:36:38.135Z</time></trkpt><trkpt lat="46.141705" lon="4.41628167"><ele>771.0</ele><time>2026-07-28T17:36:39.135Z</time></trkpt><trkpt lat="46.14172" lon="4.41629333"><ele>771.0</ele><time>2026-07-28T17:36:40.135Z</time></trkpt><trkpt lat="46.141735" lon="4.41630667"><ele>770.0</ele><time>2026-07-28T17:36:41.136Z</time></trkpt><trkpt lat="46.14174833" lon="4.41632333"><ele>770.0</ele><time>2026-07-28T17:36:42.135Z</time></trkpt><trkpt lat="46.14176167" lon="4.41634333"><ele>770.0</ele><time>2026-07-28T17:36:43.136Z</time></trkpt><trkpt lat="46.141775" lon="4.41636"><ele>770.0</ele><time>2026-07-28T17:36:44.135Z</time></trkpt><trkpt lat="46.14178667" lon="4.416375"><ele>770.0</ele><time>2026-07-28T17:36:45.136Z</time></trkpt><trkpt lat="46.14179667" lon="4.41638667"><ele>770.0</ele><time>2026-07-28T17:36:46.135Z</time></trkpt><trkpt lat="46.141805" lon="4.41639833"><ele>769.0</ele><time>2026-07-28T17:36:47.135Z</time></trkpt><trkpt lat="46.14181167" lon="4.41641333"><ele>770.0</ele><time>2026-07-28T17:36:48.135Z</time></trkpt><trkpt lat="46.14182" lon="4.416425"><ele>770.0</ele><time>2026-07-28T17:36:49.135Z</time></trkpt><trkpt lat="46.14182833" lon="4.41643667"><ele>770.0</ele><time>2026-07-28T17:36:50.135Z</time></trkpt><trkpt lat="46.14183833" lon="4.41645333"><ele>770.0</ele><time>2026-07-28T17:36:51.135Z</time></trkpt><trkpt lat="46.14185" lon="4.41646333"><ele>770.0</ele><time>2026-07-28T17:36:52.135Z</time></trkpt><trkpt lat="46.14186" lon="4.41647333"><ele>770.0</ele><time>2026-07-28T17:36:53.135Z</time></trkpt><trkpt lat="46.14186833" lon="4.416485"><ele>770.0</ele><time>2026-07-28T17:36:54.135Z</time></trkpt><trkpt lat="46.141885" lon="4.416505"><ele>770.0</ele><time>2026-07-28T17:36:55.136Z</time></trkpt><trkpt lat="46.141895" lon="4.41651667"><ele>770.0</ele><time>2026-07-28T17:36:56.136Z</time></trkpt><trkpt lat="46.14190833" lon="4.416535"><ele>771.0</ele><time>2026-07-28T17:36:57.136Z</time></trkpt><trkpt lat="46.14191333" lon="4.41655"><ele>771.0</ele><time>2026-07-28T17:36:58.135Z</time></trkpt><trkpt lat="46.14192667" lon="4.41656667"><ele>771.0</ele><time>2026-07-28T17:36:59.135Z</time></trkpt><trkpt lat="46.14194" lon="4.41658167"><ele>771.0</ele><time>2026-07-28T17:37:00.135Z</time></trkpt><trkpt lat="46.14195333" lon="4.41659667"><ele>771.0</ele><time>2026-07-28T17:37:01.136Z</time></trkpt><trkpt lat="46.14196333" lon="4.41661"><ele>771.0</ele><time>2026-07-28T17:37:02.135Z</time></trkpt><trkpt lat="46.14197833" lon="4.41662667"><ele>770.0</ele><time>2026-07-28T17:37:03.136Z</time></trkpt><trkpt lat="46.141995" lon="4.416645"><ele>770.0</ele><time>2026-07-28T17:37:04.135Z</time></trkpt><trkpt lat="46.142015" lon="4.41666167"><ele>770.0</ele><time>2026-07-28T17:37:05.136Z</time></trkpt><trkpt lat="46.14202667" lon="4.41668"><ele>770.0</ele><time>2026-07-28T17:37:06.136Z</time></trkpt><trkpt lat="46.14204" lon="4.41669833"><ele>770.0</ele><time>2026-07-28T17:37:07.135Z</time></trkpt><trkpt lat="46.14204833" lon="4.41671667"><ele>770.0</ele><time>2026-07-28T17:37:08.135Z</time></trkpt><trkpt lat="46.142055" lon="4.41673833"><ele>769.0</ele><time>2026-07-28T17:37:09.135Z</time></trkpt><trkpt lat="46.14206667" lon="4.41676"><ele>769.0</ele><time>2026-07-28T17:37:10.135Z</time></trkpt><trkpt lat="46.14207833" lon="4.41678"><ele>769.0</ele><time>2026-07-28T17:37:11.135Z</time></trkpt><trkpt lat="46.14208833" lon="4.41679667"><ele>770.0</ele><time>2026-07-28T17:37:12.136Z</time></trkpt><trkpt lat="46.14209833" lon="4.41681833"><ele>770.0</ele><time>2026-07-28T17:37:13.135Z</time></trkpt><trkpt lat="46.14210833" lon="4.416845"><ele>770.0</ele><time>2026-07-28T17:37:14.135Z</time></trkpt><trkpt lat="46.14213" lon="4.41687833"><ele>770.0</ele><time>2026-07-28T17:37:15.135Z</time></trkpt><trkpt lat="46.14214167" lon="4.41690167"><ele>769.0</ele><time>2026-07-28T17:37:16.135Z</time></trkpt><trkpt lat="46.14215167" lon="4.41692"><ele>769.0</ele><time>2026-07-28T17:37:17.135Z</time></trkpt><trkpt lat="46.14216833" lon="4.41695"><ele>769.0</ele><time>2026-07-28T17:37:18.135Z</time></trkpt><trkpt lat="46.14217" lon="4.41696667"><ele>769.0</ele><time>2026-07-28T17:37:19.135Z</time></trkpt><trkpt lat="46.14217" lon="4.41699"><ele>769.0</ele><time>2026-07-28T17:37:20.136Z</time></trkpt><trkpt lat="46.14216833" lon="4.417005"><ele>769.0</ele><time>2026-07-28T17:37:21.135Z</time></trkpt><trkpt lat="46.14216833" lon="4.417025"><ele>769.0</ele><time>2026-07-28T17:37:22.136Z</time></trkpt><trkpt lat="46.14217" lon="4.41705167"><ele>769.0</ele><time>2026-07-28T17:37:23.136Z</time></trkpt><trkpt lat="46.14217167" lon="4.41707"><ele>770.0</ele><time>2026-07-28T17:37:24.135Z</time></trkpt><trkpt lat="46.14217667" lon="4.417095"><ele>770.0</ele><time>2026-07-28T17:37:25.135Z</time></trkpt><trkpt lat="46.14217667" lon="4.417125"><ele>770.0</ele><time>2026-07-28T17:37:26.135Z</time></trkpt><trkpt lat="46.14218" lon="4.41714667"><ele>770.0</ele><time>2026-07-28T17:37:27.136Z</time></trkpt><trkpt lat="46.14218667" lon="4.41717"><ele>770.0</ele><time>2026-07-28T17:37:28.135Z</time></trkpt><trkpt lat="46.14219" lon="4.41719333"><ele>770.0</ele><time>2026-07-28T17:37:29.135Z</time></trkpt><trkpt lat="46.142195" lon="4.417215"><ele>771.0</ele><time>2026-07-28T17:37:30.135Z</time></trkpt><trkpt lat="46.1422" lon="4.41723833"><ele>771.0</ele><time>2026-07-28T17:37:31.135Z</time></trkpt><trkpt lat="46.142205" lon="4.41726833"><ele>772.0</ele><time>2026-07-28T17:37:32.135Z</time></trkpt><trkpt lat="46.14220333" lon="4.41729167"><ele>772.0</ele><time>2026-07-28T17:37:33.136Z</time></trkpt><trkpt lat="46.142205" lon="4.41731833"><ele>773.0</ele><time>2026-07-28T17:37:34.136Z</time></trkpt><trkpt lat="46.14221" lon="4.41735"><ele>773.0</ele><time>2026-07-28T17:37:35.136Z</time></trkpt><trkpt lat="46.14221833" lon="4.417375"><ele>773.0</ele><time>2026-07-28T17:37:36.135Z</time></trkpt><trkpt lat="46.14223167" lon="4.417395"><ele>774.0</ele><time>2026-07-28T17:37:37.136Z</time></trkpt><trkpt lat="46.142235" lon="4.41741667"><ele>774.0</ele><time>2026-07-28T17:37:38.135Z</time></trkpt><trkpt lat="46.14224" lon="4.417435"><ele>774.0</ele><time>2026-07-28T17:37:39.136Z</time></trkpt><trkpt lat="46.14224667" lon="4.41745167"><ele>774.0</ele><time>2026-07-28T17:37:40.135Z</time></trkpt><trkpt lat="46.142255" lon="4.41747833"><ele>774.0</ele><time>2026-07-28T17:37:41.136Z</time></trkpt><trkpt lat="46.14227333" lon="4.41750667"><ele>774.0</ele><time>2026-07-28T17:37:42.135Z</time></trkpt><trkpt lat="46.14228333" lon="4.41753"><ele>774.0</ele><time>2026-07-28T17:37:43.135Z</time></trkpt><trkpt lat="46.14228167" lon="4.41754667"><ele>774.0</ele><time>2026-07-28T17:37:44.135Z</time></trkpt><trkpt lat="46.14227833" lon="4.41756833"><ele>774.0</ele><time>2026-07-28T17:37:45.136Z</time></trkpt><trkpt lat="46.142275" lon="4.41759333"><ele>773.0</ele><time>2026-07-28T17:37:46.136Z</time></trkpt><trkpt lat="46.14228167" lon="4.41762"><ele>772.0</ele><time>2026-07-28T17:37:47.136Z</time></trkpt><trkpt lat="46.14228833" lon="4.41763833"><ele>771.0</ele><time>2026-07-28T17:37:48.135Z</time></trkpt><trkpt lat="46.14229667" lon="4.41765667"><ele>771.0</ele><time>2026-07-28T17:37:49.136Z</time></trkpt><trkpt lat="46.14229667" lon="4.41768"><ele>770.0</ele><time>2026-07-28T17:37:50.135Z</time></trkpt><trkpt lat="46.14229333" lon="4.4177"><ele>770.0</ele><time>2026-07-28T17:37:51.135Z</time></trkpt><trkpt lat="46.142295" lon="4.41772167"><ele>769.0</ele><time>2026-07-28T17:37:52.135Z</time></trkpt><trkpt lat="46.14229833" lon="4.41774667"><ele>769.0</ele><time>2026-07-28T17:37:53.135Z</time></trkpt><trkpt lat="46.14230333" lon="4.41776833"><ele>768.0</ele><time>2026-07-28T17:37:54.135Z</time></trkpt><trkpt lat="46.142305" lon="4.41779333"><ele>768.0</ele><time>2026-07-28T17:37:55.136Z</time></trkpt><trkpt lat="46.142305" lon="4.41782"><ele>767.0</ele><time>2026-07-28T17:37:56.135Z</time></trkpt><trkpt lat="46.14230833" lon="4.41785"><ele>766.0</ele><time>2026-07-28T17:37:57.135Z</time></trkpt><trkpt lat="46.14230667" lon="4.41787167"><ele>766.0</ele><time>2026-07-28T17:37:58.135Z</time></trkpt><trkpt lat="46.142305" lon="4.41788833"><ele>766.0</ele><time>2026-07-28T17:37:59.136Z</time></trkpt><trkpt lat="46.1423" lon="4.41791"><ele>766.0</ele><time>2026-07-28T17:38:00.135Z</time></trkpt><trkpt lat="46.142295" lon="4.41793"><ele>765.0</ele><time>2026-07-28T17:38:01.135Z</time></trkpt><trkpt lat="46.14229167" lon="4.41795333"><ele>765.0</ele><time>2026-07-28T17:38:02.135Z</time></trkpt><trkpt lat="46.14228833" lon="4.41796833"><ele>765.0</ele><time>2026-07-28T17:38:03.136Z</time></trkpt><trkpt lat="46.142285" lon="4.41799167"><ele>764.0</ele><time>2026-07-28T17:38:04.135Z</time></trkpt><trkpt lat="46.14228167" lon="4.41801833"><ele>764.0</ele><time>2026-07-28T17:38:05.136Z</time></trkpt><trkpt lat="46.14227667" lon="4.41804"><ele>764.0</ele><time>2026-07-28T17:38:06.135Z</time></trkpt><trkpt lat="46.14227167" lon="4.41806"><ele>763.0</ele><time>2026-07-28T17:38:07.135Z</time></trkpt><trkpt lat="46.14227" lon="4.41807833"><ele>763.0</ele><time>2026-07-28T17:38:08.135Z</time></trkpt><trkpt lat="46.142265" lon="4.4181"><ele>763.0</ele><time>2026-07-28T17:38:09.135Z</time></trkpt><trkpt lat="46.14226333" lon="4.41812"><ele>763.0</ele><time>2026-07-28T17:38:10.135Z</time></trkpt><trkpt lat="46.14226167" lon="4.41814"><ele>763.0</ele><time>2026-07-28T17:38:11.135Z</time></trkpt><trkpt lat="46.14226167" lon="4.41816"><ele>763.0</ele><time>2026-07-28T17:38:12.135Z</time></trkpt><trkpt lat="46.14226333" lon="4.41818"><ele>763.0</ele><time>2026-07-28T17:38:13.135Z</time></trkpt><trkpt lat="46.14226833" lon="4.41820167"><ele>763.0</ele><time>2026-07-28T17:38:14.135Z</time></trkpt><trkpt lat="46.14227167" lon="4.418225"><ele>763.0</ele><time>2026-07-28T17:38:15.135Z</time></trkpt><trkpt lat="46.142275" lon="4.41824667"><ele>763.0</ele><time>2026-07-28T17:38:16.135Z</time></trkpt><trkpt lat="46.142275" lon="4.41826667"><ele>763.0</ele><time>2026-07-28T17:38:17.135Z</time></trkpt><trkpt lat="46.14227167" lon="4.41828833"><ele>763.0</ele><time>2026-07-28T17:38:18.135Z</time></trkpt><trkpt lat="46.14227" lon="4.41831167"><ele>763.0</ele><time>2026-07-28T17:38:19.136Z</time></trkpt><trkpt lat="46.14227167" lon="4.41833667"><ele>763.0</ele><time>2026-07-28T17:38:20.135Z</time></trkpt><trkpt lat="46.14227167" lon="4.41836167"><ele>763.0</ele><time>2026-07-28T17:38:21.135Z</time></trkpt><trkpt lat="46.142275" lon="4.41838667"><ele>763.0</ele><time>2026-07-28T17:38:22.135Z</time></trkpt><trkpt lat="46.14227833" lon="4.41841"><ele>763.0</ele><time>2026-07-28T17:38:23.136Z</time></trkpt><trkpt lat="46.14228167" lon="4.41843"><ele>763.0</ele><time>2026-07-28T17:38:24.135Z</time></trkpt><trkpt lat="46.14228333" lon="4.41844833"><ele>763.0</ele><time>2026-07-28T17:38:25.135Z</time></trkpt><trkpt lat="46.14227833" lon="4.41846667"><ele>763.0</ele><time>2026-07-28T17:38:26.135Z</time></trkpt><trkpt lat="46.14227167" lon="4.41849333"><ele>763.0</ele><time>2026-07-28T17:38:27.136Z</time></trkpt><trkpt lat="46.142265" lon="4.41851667"><ele>762.0</ele><time>2026-07-28T17:38:28.135Z</time></trkpt><trkpt lat="46.14226" lon="4.41854167"><ele>762.0</ele><time>2026-07-28T17:38:29.135Z</time></trkpt><trkpt lat="46.142255" lon="4.41855833"><ele>762.0</ele><time>2026-07-28T17:38:30.136Z</time></trkpt><trkpt lat="46.14224833" lon="4.41857833"><ele>762.0</ele><time>2026-07-28T17:38:31.135Z</time></trkpt><trkpt lat="46.14224333" lon="4.4186"><ele>762.0</ele><time>2026-07-28T17:38:32.135Z</time></trkpt><trkpt lat="46.14223833" lon="4.41862167"><ele>762.0</ele><time>2026-07-28T17:38:33.135Z</time></trkpt><trkpt lat="46.14224" lon="4.41864333"><ele>762.0</ele><time>2026-07-28T17:38:34.136Z</time></trkpt><trkpt lat="46.14223833" lon="4.41866333"><ele>762.0</ele><time>2026-07-28T17:38:35.136Z</time></trkpt><trkpt lat="46.14223333" lon="4.418685"><ele>762.0</ele><time>2026-07-28T17:38:36.135Z</time></trkpt><trkpt lat="46.14222833" lon="4.41870833"><ele>762.0</ele><time>2026-07-28T17:38:37.135Z</time></trkpt><trkpt lat="46.142225" lon="4.41873"><ele>762.0</ele><time>2026-07-28T17:38:38.135Z</time></trkpt><trkpt lat="46.14222667" lon="4.41874833"><ele>762.0</ele><time>2026-07-28T17:38:39.135Z</time></trkpt><trkpt lat="46.14222667" lon="4.41876667"><ele>763.0</ele><time>2026-07-28T17:38:40.136Z</time></trkpt><trkpt lat="46.142225" lon="4.41878667"><ele>763.0</ele><time>2026-07-28T17:38:41.135Z</time></trkpt><trkpt lat="46.142225" lon="4.41881"><ele>763.0</ele><time>2026-07-28T17:38:42.135Z</time></trkpt><trkpt lat="46.14222667" lon="4.418835"><ele>763.0</ele><time>2026-07-28T17:38:43.135Z</time></trkpt><trkpt lat="46.142235" lon="4.41886833"><ele>763.0</ele><time>2026-07-28T17:38:44.135Z</time></trkpt><trkpt lat="46.14224" lon="4.41889167"><ele>764.0</ele><time>2026-07-28T17:38:45.135Z</time></trkpt><trkpt lat="46.14224667" lon="4.41891333"><ele>764.0</ele><time>2026-07-28T17:38:46.135Z</time></trkpt><trkpt lat="46.14225" lon="4.41894167"><ele>764.0</ele><time>2026-07-28T17:38:47.135Z</time></trkpt><trkpt lat="46.14224833" lon="4.41897167"><ele>764.0</ele><time>2026-07-28T17:38:48.135Z</time></trkpt><trkpt lat="46.14224833" lon="4.41899333"><ele>764.0</ele><time>2026-07-28T17:38:49.135Z</time></trkpt><trkpt lat="46.14225" lon="4.41900833"><ele>764.0</ele><time>2026-07-28T17:38:50.135Z</time></trkpt><trkpt lat="46.14225" lon="4.41902833"><ele>764.0</ele><time>2026-07-28T17:38:51.136Z</time></trkpt><trkpt lat="46.14225167" lon="4.41905333"><ele>763.0</ele><time>2026-07-28T17:38:52.135Z</time></trkpt><trkpt lat="46.14224833" lon="4.419075"><ele>763.0</ele><time>2026-07-28T17:38:53.135Z</time></trkpt><trkpt lat="46.14225" lon="4.419095"><ele>763.0</ele><time>2026-07-28T17:38:54.135Z</time></trkpt><trkpt lat="46.14225333" lon="4.41912167"><ele>763.0</ele><time>2026-07-28T17:38:55.136Z</time></trkpt><trkpt lat="46.14225833" lon="4.419145"><ele>763.0</ele><time>2026-07-28T17:38:56.135Z</time></trkpt><trkpt lat="46.14226" lon="4.419165"><ele>762.0</ele><time>2026-07-28T17:38:57.136Z</time></trkpt><trkpt lat="46.14226333" lon="4.41919"><ele>762.0</ele><time>2026-07-28T17:38:58.135Z</time></trkpt><trkpt lat="46.14227167" lon="4.41921167"><ele>762.0</ele><time>2026-07-28T17:38:59.135Z</time></trkpt><trkpt lat="46.142275" lon="4.41923333"><ele>762.0</ele><time>2026-07-28T17:39:00.135Z</time></trkpt><trkpt lat="46.14228667" lon="4.419255"><ele>762.0</ele><time>2026-07-28T17:39:01.135Z</time></trkpt><trkpt lat="46.1423" lon="4.41926833"><ele>762.0</ele><time>2026-07-28T17:39:02.136Z</time></trkpt><trkpt lat="46.1423" lon="4.41928833"><ele>762.0</ele><time>2026-07-28T17:39:03.135Z</time></trkpt><trkpt lat="46.14230167" lon="4.41930667"><ele>762.0</ele><time>2026-07-28T17:39:04.135Z</time></trkpt><trkpt lat="46.14230333" lon="4.41932833"><ele>762.0</ele><time>2026-07-28T17:39:05.135Z</time></trkpt><trkpt lat="46.142305" lon="4.41935333"><ele>762.0</ele><time>2026-07-28T17:39:06.135Z</time></trkpt><trkpt lat="46.14230833" lon="4.419375"><ele>762.0</ele><time>2026-07-28T17:39:07.136Z</time></trkpt><trkpt lat="46.14230667" lon="4.41939833"><ele>762.0</ele><time>2026-07-28T17:39:08.136Z</time></trkpt><trkpt lat="46.1423" lon="4.41942"><ele>761.0</ele><time>2026-07-28T17:39:09.135Z</time></trkpt><trkpt lat="46.1423" lon="4.41944333"><ele>761.0</ele><time>2026-07-28T17:39:10.135Z</time></trkpt><trkpt lat="46.1423" lon="4.419465"><ele>760.0</ele><time>2026-07-28T17:39:11.135Z</time></trkpt><trkpt lat="46.1423" lon="4.41948667"><ele>760.0</ele><time>2026-07-28T17:39:12.135Z</time></trkpt><trkpt lat="46.1423" lon="4.41950667"><ele>760.0</ele><time>2026-07-28T17:39:13.135Z</time></trkpt><trkpt lat="46.14229833" lon="4.419525"><ele>759.0</ele><time>2026-07-28T17:39:14.135Z</time></trkpt><trkpt lat="46.14229833" lon="4.41954333"><ele>759.0</ele><time>2026-07-28T17:39:15.135Z</time></trkpt><trkpt lat="46.14229833" lon="4.41956333"><ele>758.0</ele><time>2026-07-28T17:39:16.136Z</time></trkpt><trkpt lat="46.1423" lon="4.41958167"><ele>758.0</ele><time>2026-07-28T17:39:17.136Z</time></trkpt><trkpt lat="46.14230333" lon="4.41960333"><ele>758.0</ele><time>2026-07-28T17:39:18.135Z</time></trkpt><trkpt lat="46.14231" lon="4.41962667"><ele>758.0</ele><time>2026-07-28T17:39:19.135Z</time></trkpt><trkpt lat="46.14231333" lon="4.41964667"><ele>757.0</ele><time>2026-07-28T17:39:20.135Z</time></trkpt><trkpt lat="46.142315" lon="4.41967167"><ele>757.0</ele><time>2026-07-28T17:39:21.135Z</time></trkpt><trkpt lat="46.142315" lon="4.41969167"><ele>757.0</ele><time>2026-07-28T17:39:22.135Z</time></trkpt><trkpt lat="46.14231167" lon="4.41971333"><ele>757.0</ele><time>2026-07-28T17:39:23.136Z</time></trkpt><trkpt lat="46.14231167" lon="4.41973833"><ele>757.0</ele><time>2026-07-28T17:39:24.136Z</time></trkpt><trkpt lat="46.14231167" lon="4.419755"><ele>757.0</ele><time>2026-07-28T17:39:25.135Z</time></trkpt><trkpt lat="46.14231333" lon="4.41978"><ele>758.0</ele><time>2026-07-28T17:39:26.135Z</time></trkpt><trkpt lat="46.14231333" lon="4.41980333"><ele>758.0</ele><time>2026-07-28T17:39:27.135Z</time></trkpt><trkpt lat="46.14231833" lon="4.419825"><ele>758.0</ele><time>2026-07-28T17:39:28.135Z</time></trkpt><trkpt lat="46.14232167" lon="4.41984667"><ele>758.0</ele><time>2026-07-28T17:39:29.136Z</time></trkpt><trkpt lat="46.14232167" lon="4.419865"><ele>758.0</ele><time>2026-07-28T17:39:30.135Z</time></trkpt><trkpt lat="46.14231833" lon="4.41988333"><ele>759.0</ele><time>2026-07-28T17:39:31.136Z</time></trkpt><trkpt lat="46.14231833" lon="4.41990167"><ele>759.0</ele><time>2026-07-28T17:39:32.135Z</time></trkpt><trkpt lat="46.14232" lon="4.41992833"><ele>760.0</ele><time>2026-07-28T17:39:33.135Z</time></trkpt><trkpt lat="46.14232333" lon="4.41994833"><ele>760.0</ele><time>2026-07-28T17:39:34.135Z</time></trkpt><trkpt lat="46.14232333" lon="4.41997167"><ele>761.0</ele><time>2026-07-28T17:39:35.135Z</time></trkpt><trkpt lat="46.142325" lon="4.41999667"><ele>761.0</ele><time>2026-07-28T17:39:36.135Z</time></trkpt><trkpt lat="46.14232833" lon="4.42002"><ele>761.0</ele><time>2026-07-28T17:39:37.135Z</time></trkpt><trkpt lat="46.14232833" lon="4.42004167"><ele>761.0</ele><time>2026-07-28T17:39:38.135Z</time></trkpt><trkpt lat="46.142325" lon="4.42006333"><ele>761.0</ele><time>2026-07-28T17:39:39.136Z</time></trkpt><trkpt lat="46.14232167" lon="4.42008667"><ele>762.0</ele><time>2026-07-28T17:39:40.135Z</time></trkpt><trkpt lat="46.14231833" lon="4.42011"><ele>762.0</ele><time>2026-07-28T17:39:41.136Z</time></trkpt><trkpt lat="46.14232" lon="4.42013167"><ele>762.0</ele><time>2026-07-28T17:39:42.136Z</time></trkpt><trkpt lat="46.14232167" lon="4.42015667"><ele>762.0</ele><time>2026-07-28T17:39:43.135Z</time></trkpt><trkpt lat="46.14232667" lon="4.42017333"><ele>762.0</ele><time>2026-07-28T17:39:44.135Z</time></trkpt><trkpt lat="46.14232667" lon="4.42019333"><ele>762.0</ele><time>2026-07-28T17:39:45.135Z</time></trkpt><trkpt lat="46.142325" lon="4.42021667"><ele>763.0</ele><time>2026-07-28T17:39:46.135Z</time></trkpt><trkpt lat="46.14232667" lon="4.420235"><ele>763.0</ele><time>2026-07-28T17:39:47.135Z</time></trkpt><trkpt lat="46.14232833" lon="4.420255"><ele>763.0</ele><time>2026-07-28T17:39:48.135Z</time></trkpt><trkpt lat="46.14233167" lon="4.42027667"><ele>763.0</ele><time>2026-07-28T17:39:49.136Z</time></trkpt><trkpt lat="46.14233333" lon="4.42029667"><ele>763.0</ele><time>2026-07-28T17:39:50.136Z</time></trkpt><trkpt lat="46.142335" lon="4.42032333"><ele>762.0</ele><time>2026-07-28T17:39:51.135Z</time></trkpt><trkpt lat="46.14233667" lon="4.42034167"><ele>762.0</ele><time>2026-07-28T17:39:52.135Z</time></trkpt><trkpt lat="46.14234" lon="4.420365"><ele>762.0</ele><time>2026-07-28T17:39:53.135Z</time></trkpt><trkpt lat="46.14234333" lon="4.42038167"><ele>761.0</ele><time>2026-07-28T17:39:54.135Z</time></trkpt><trkpt lat="46.14235167" lon="4.42040333"><ele>761.0</ele><time>2026-07-28T17:39:55.135Z</time></trkpt><trkpt lat="46.142355" lon="4.42042333"><ele>761.0</ele><time>2026-07-28T17:39:56.136Z</time></trkpt><trkpt lat="46.14235667" lon="4.42044333"><ele>760.0</ele><time>2026-07-28T17:39:57.136Z</time></trkpt><trkpt lat="46.14235833" lon="4.42046667"><ele>760.0</ele><time>2026-07-28T17:39:58.135Z</time></trkpt><trkpt lat="46.14236167" lon="4.42049"><ele>760.0</ele><time>2026-07-28T17:39:59.135Z</time></trkpt><trkpt lat="46.142365" lon="4.42051167"><ele>760.0</ele><time>2026-07-28T17:40:00.135Z</time></trkpt><trkpt lat="46.14237167" lon="4.42053333"><ele>759.0</ele><time>2026-07-28T17:40:01.135Z</time></trkpt><trkpt lat="46.14237333" lon="4.42055833"><ele>759.0</ele><time>2026-07-28T17:40:02.135Z</time></trkpt><trkpt lat="46.14237" lon="4.42058167"><ele>759.0</ele><time>2026-07-28T17:40:03.135Z</time></trkpt><trkpt lat="46.142365" lon="4.4206"><ele>759.0</ele><time>2026-07-28T17:40:04.135Z</time></trkpt><trkpt lat="46.14236333" lon="4.42061833"><ele>759.0</ele><time>2026-07-28T17:40:05.135Z</time></trkpt><trkpt lat="46.14236833" lon="4.42063667"><ele>759.0</ele><time>2026-07-28T17:40:06.135Z</time></trkpt><trkpt lat="46.14237667" lon="4.42066"><ele>759.0</ele><time>2026-07-28T17:40:07.135Z</time></trkpt><trkpt lat="46.142385" lon="4.420685"><ele>759.0</ele><time>2026-07-28T17:40:08.135Z</time></trkpt><trkpt lat="46.14238333" lon="4.42071"><ele>760.0</ele><time>2026-07-28T17:40:09.136Z</time></trkpt><trkpt lat="46.142385" lon="4.42073167"><ele>760.0</ele><time>2026-07-28T17:40:10.135Z</time></trkpt><trkpt lat="46.14238333" lon="4.42075833"><ele>760.0</ele><time>2026-07-28T17:40:11.135Z</time></trkpt><trkpt lat="46.14238333" lon="4.420785"><ele>761.0</ele><time>2026-07-28T17:40:12.135Z</time></trkpt><trkpt lat="46.14238667" lon="4.42080833"><ele>762.0</ele><time>2026-07-28T17:40:13.135Z</time></trkpt><trkpt lat="46.14239167" lon="4.42083167"><ele>762.0</ele><time>2026-07-28T17:40:14.135Z</time></trkpt><trkpt lat="46.14239667" lon="4.42085667"><ele>763.0</ele><time>2026-07-28T17:40:15.135Z</time></trkpt><trkpt lat="46.1424" lon="4.42088"><ele>764.0</ele><time>2026-07-28T17:40:16.136Z</time></trkpt><trkpt lat="46.142405" lon="4.42090167"><ele>764.0</ele><time>2026-07-28T17:40:17.136Z</time></trkpt><trkpt lat="46.14241" lon="4.42092667"><ele>765.0</ele><time>2026-07-28T17:40:18.135Z</time></trkpt><trkpt lat="46.14241167" lon="4.42095333"><ele>765.0</ele><time>2026-07-28T17:40:19.135Z</time></trkpt><trkpt lat="46.14240333" lon="4.420975"><ele>765.0</ele><time>2026-07-28T17:40:20.136Z</time></trkpt><trkpt lat="46.14239333" lon="4.42099833"><ele>766.0</ele><time>2026-07-28T17:40:21.136Z</time></trkpt><trkpt lat="46.14238667" lon="4.421025"><ele>766.0</ele><time>2026-07-28T17:40:22.135Z</time></trkpt><trkpt lat="46.14237833" lon="4.42104833"><ele>766.0</ele><time>2026-07-28T17:40:23.136Z</time></trkpt><trkpt lat="46.14236667" lon="4.42107167"><ele>766.0</ele><time>2026-07-28T17:40:24.135Z</time></trkpt><trkpt lat="46.142355" lon="4.42109667"><ele>766.0</ele><time>2026-07-28T17:40:25.135Z</time></trkpt><trkpt lat="46.14234833" lon="4.42111667"><ele>766.0</ele><time>2026-07-28T17:40:26.135Z</time></trkpt><trkpt lat="46.142335" lon="4.42114333"><ele>766.0</ele><time>2026-07-28T17:40:27.135Z</time></trkpt><trkpt lat="46.142325" lon="4.42116167"><ele>766.0</ele><time>2026-07-28T17:40:28.135Z</time></trkpt><trkpt lat="46.14232" lon="4.42118333"><ele>766.0</ele><time>2026-07-28T17:40:29.135Z</time></trkpt><trkpt lat="46.14231333" lon="4.421205"><ele>766.0</ele><time>2026-07-28T17:40:30.136Z</time></trkpt><trkpt lat="46.14231167" lon="4.42122167"><ele>766.0</ele><time>2026-07-28T17:40:31.136Z</time></trkpt><trkpt lat="46.14230667" lon="4.42123833"><ele>766.0</ele><time>2026-07-28T17:40:32.135Z</time></trkpt><trkpt lat="46.14229833" lon="4.42126"><ele>766.0</ele><time>2026-07-28T17:40:33.135Z</time></trkpt><trkpt lat="46.14228833" lon="4.42128167"><ele>766.0</ele><time>2026-07-28T17:40:34.135Z</time></trkpt><trkpt lat="46.14228667" lon="4.42130167"><ele>765.0</ele><time>2026-07-28T17:40:35.135Z</time></trkpt><trkpt lat="46.14228333" lon="4.42132167"><ele>765.0</ele><time>2026-07-28T17:40:36.135Z</time></trkpt><trkpt lat="46.14227833" lon="4.42134"><ele>765.0</ele><time>2026-07-28T17:40:37.135Z</time></trkpt><trkpt lat="46.14227" lon="4.42135833"><ele>765.0</ele><time>2026-07-28T17:40:38.135Z</time></trkpt><trkpt lat="46.14226" lon="4.42137667"><ele>764.0</ele><time>2026-07-28T17:40:39.136Z</time></trkpt><trkpt lat="46.14224833" lon="4.42139667"><ele>764.0</ele><time>2026-07-28T17:40:40.135Z</time></trkpt><trkpt lat="46.14223667" lon="4.42141667"><ele>764.0</ele><time>2026-07-28T17:40:41.135Z</time></trkpt><trkpt lat="46.14222167" lon="4.42143333"><ele>764.0</ele><time>2026-07-28T17:40:42.135Z</time></trkpt><trkpt lat="46.14220833" lon="4.421445"><ele>764.0</ele><time>2026-07-28T17:40:43.136Z</time></trkpt><trkpt lat="46.14219167" lon="4.42145167"><ele>763.0</ele><time>2026-07-28T17:40:44.135Z</time></trkpt><trkpt lat="46.142175" lon="4.42145"><ele>763.0</ele><time>2026-07-28T17:40:45.135Z</time></trkpt><trkpt lat="46.14216167" lon="4.42144167"><ele>763.0</ele><time>2026-07-28T17:40:46.136Z</time></trkpt><trkpt lat="46.14214167" lon="4.42142333"><ele>763.0</ele><time>2026-07-28T17:40:47.136Z</time></trkpt><trkpt lat="46.14212" lon="4.42140667"><ele>763.0</ele><time>2026-07-28T17:40:48.135Z</time></trkpt><trkpt lat="46.1421" lon="4.42139333"><ele>764.0</ele><time>2026-07-28T17:40:49.135Z</time></trkpt><trkpt lat="46.14208167" lon="4.42138"><ele>764.0</ele><time>2026-07-28T17:40:50.136Z</time></trkpt><trkpt lat="46.14206333" lon="4.421365"><ele>765.0</ele><time>2026-07-28T17:40:51.135Z</time></trkpt><trkpt lat="46.14205" lon="4.42134667"><ele>765.0</ele><time>2026-07-28T17:40:52.135Z</time></trkpt><trkpt lat="46.142035" lon="4.42132833"><ele>765.0</ele><time>2026-07-28T17:40:53.136Z</time></trkpt><trkpt lat="46.14202" lon="4.42131333"><ele>765.0</ele><time>2026-07-28T17:40:54.135Z</time></trkpt><trkpt lat="46.14200667" lon="4.42129333"><ele>765.0</ele><time>2026-07-28T17:40:55.135Z</time></trkpt><trkpt lat="46.141995" lon="4.42127333"><ele>765.0</ele><time>2026-07-28T17:40:56.136Z</time></trkpt><trkpt lat="46.14198" lon="4.42126"><ele>764.0</ele><time>2026-07-28T17:40:57.136Z</time></trkpt><trkpt lat="46.14196667" lon="4.42124667"><ele>764.0</ele><time>2026-07-28T17:40:58.135Z</time></trkpt><trkpt lat="46.14195333" lon="4.42123167"><ele>764.0</ele><time>2026-07-28T17:40:59.135Z</time></trkpt><trkpt lat="46.14193833" lon="4.42121833"><ele>764.0</ele><time>2026-07-28T17:41:00.135Z</time></trkpt><trkpt lat="46.141925" lon="4.42121"><ele>764.0</ele><time>2026-07-28T17:41:01.136Z</time></trkpt><trkpt lat="46.14191333" lon="4.42119167"><ele>764.0</ele><time>2026-07-28T17:41:02.136Z</time></trkpt><trkpt lat="46.14190333" lon="4.42117667"><ele>763.0</ele><time>2026-07-28T17:41:03.136Z</time></trkpt><trkpt lat="46.141895" lon="4.42116167"><ele>763.0</ele><time>2026-07-28T17:41:04.135Z</time></trkpt><trkpt lat="46.141885" lon="4.42114667"><ele>762.0</ele><time>2026-07-28T17:41:05.135Z</time></trkpt><trkpt lat="46.14187667" lon="4.42112833"><ele>762.0</ele><time>2026-07-28T17:41:06.135Z</time></trkpt><trkpt lat="46.14187" lon="4.42110833"><ele>762.0</ele><time>2026-07-28T17:41:07.136Z</time></trkpt><trkpt lat="46.14186333" lon="4.42108833"><ele>762.0</ele><time>2026-07-28T17:41:08.135Z</time></trkpt><trkpt lat="46.14185667" lon="4.42106667"><ele>762.0</ele><time>2026-07-28T17:41:09.135Z</time></trkpt><trkpt lat="46.14184833" lon="4.42104667"><ele>762.0</ele><time>2026-07-28T17:41:10.136Z</time></trkpt><trkpt lat="46.14184167" lon="4.421025"><ele>762.0</ele><time>2026-07-28T17:41:11.135Z</time></trkpt><trkpt lat="46.14183333" lon="4.42100333"><ele>762.0</ele><time>2026-07-28T17:41:12.135Z</time></trkpt><trkpt lat="46.141825" lon="4.42098333"><ele>762.0</ele><time>2026-07-28T17:41:13.135Z</time></trkpt><trkpt lat="46.141815" lon="4.42096667"><ele>762.0</ele><time>2026-07-28T17:41:14.135Z</time></trkpt><trkpt lat="46.14180667" lon="4.42095"><ele>762.0</ele><time>2026-07-28T17:41:15.135Z</time></trkpt><trkpt lat="46.14179833" lon="4.42093333"><ele>763.0</ele><time>2026-07-28T17:41:16.135Z</time></trkpt><trkpt lat="46.14179167" lon="4.42091333"><ele>763.0</ele><time>2026-07-28T17:41:17.135Z</time></trkpt><trkpt lat="46.141785" lon="4.42089667"><ele>763.0</ele><time>2026-07-28T17:41:18.135Z</time></trkpt><trkpt lat="46.14177667" lon="4.42087833"><ele>763.0</ele><time>2026-07-28T17:41:19.135Z</time></trkpt><trkpt lat="46.14177" lon="4.42086"><ele>763.0</ele><time>2026-07-28T17:41:20.135Z</time></trkpt><trkpt lat="46.14176333" lon="4.42084333"><ele>763.0</ele><time>2026-07-28T17:41:21.135Z</time></trkpt><trkpt lat="46.141755" lon="4.42082333"><ele>763.0</ele><time>2026-07-28T17:41:22.135Z</time></trkpt><trkpt lat="46.141745" lon="4.420805"><ele>763.0</ele><time>2026-07-28T17:41:23.135Z</time></trkpt><trkpt lat="46.14174" lon="4.420785"><ele>763.0</ele><time>2026-07-28T17:41:24.136Z</time></trkpt><trkpt lat="46.14173167" lon="4.420765"><ele>763.0</ele><time>2026-07-28T17:41:25.135Z</time></trkpt><trkpt lat="46.141725" lon="4.420745"><ele>763.0</ele><time>2026-07-28T17:41:26.135Z</time></trkpt><trkpt lat="46.14171833" lon="4.42072333"><ele>763.0</ele><time>2026-07-28T17:41:27.135Z</time></trkpt><trkpt lat="46.14171333" lon="4.4207"><ele>762.0</ele><time>2026-07-28T17:41:28.136Z</time></trkpt><trkpt lat="46.14171" lon="4.420675"><ele>762.0</ele><time>2026-07-28T17:41:29.135Z</time></trkpt><trkpt lat="46.14170333" lon="4.42065667"><ele>762.0</ele><time>2026-07-28T17:41:30.135Z</time></trkpt><trkpt lat="46.14169833" lon="4.420635"><ele>762.0</ele><time>2026-07-28T17:41:31.136Z</time></trkpt><trkpt lat="46.14169167" lon="4.420615"><ele>761.0</ele><time>2026-07-28T17:41:32.136Z</time></trkpt><trkpt lat="46.141685" lon="4.42059833"><ele>761.0</ele><time>2026-07-28T17:41:33.135Z</time></trkpt><trkpt lat="46.14168" lon="4.42058167"><ele>761.0</ele><time>2026-07-28T17:41:34.135Z</time></trkpt><trkpt lat="46.141675" lon="4.42056167"><ele>761.0</ele><time>2026-07-28T17:41:35.135Z</time></trkpt><trkpt lat="46.14167" lon="4.42054"><ele>760.0</ele><time>2026-07-28T17:41:36.136Z</time></trkpt><trkpt lat="46.141665" lon="4.42052"><ele>760.0</ele><time>2026-07-28T17:41:37.136Z</time></trkpt><trkpt lat="46.14166" lon="4.4205"><ele>760.0</ele><time>2026-07-28T17:41:38.135Z</time></trkpt><trkpt lat="46.14165167" lon="4.42048"><ele>759.0</ele><time>2026-07-28T17:41:39.135Z</time></trkpt><trkpt lat="46.141645" lon="4.42045833"><ele>759.0</ele><time>2026-07-28T17:41:40.135Z</time></trkpt><trkpt lat="46.14163833" lon="4.420435"><ele>759.0</ele><time>2026-07-28T17:41:41.135Z</time></trkpt><trkpt lat="46.14163167" lon="4.42042167"><ele>759.0</ele><time>2026-07-28T17:41:42.136Z</time></trkpt><trkpt lat="46.14162" lon="4.42040667"><ele>759.0</ele><time>2026-07-28T17:41:43.135Z</time></trkpt><trkpt lat="46.14160333" lon="4.42039167"><ele>759.0</ele><time>2026-07-28T17:41:44.135Z</time></trkpt><trkpt lat="46.14159333" lon="4.42038167"><ele>759.0</ele><time>2026-07-28T17:41:45.136Z</time></trkpt><trkpt lat="46.14157833" lon="4.42037333"><ele>759.0</ele><time>2026-07-28T17:41:46.135Z</time></trkpt><trkpt lat="46.141565" lon="4.42036667"><ele>759.0</ele><time>2026-07-28T17:41:47.135Z</time></trkpt><trkpt lat="46.14155167" lon="4.42035833"><ele>759.0</ele><time>2026-07-28T17:41:48.135Z</time></trkpt><trkpt lat="46.14154" lon="4.42035"><ele>759.0</ele><time>2026-07-28T17:41:49.135Z</time></trkpt><trkpt lat="46.14152167" lon="4.42034"><ele>759.0</ele><time>2026-07-28T17:41:50.135Z</time></trkpt><trkpt lat="46.14151" lon="4.420335"><ele>760.0</ele><time>2026-07-28T17:41:51.135Z</time></trkpt><trkpt lat="46.14149667" lon="4.42032833"><ele>760.0</ele><time>2026-07-28T17:41:52.135Z</time></trkpt><trkpt lat="46.141485" lon="4.42031333"><ele>760.0</ele><time>2026-07-28T17:41:53.135Z</time></trkpt><trkpt lat="46.14147667" lon="4.42029667"><ele>760.0</ele><time>2026-07-28T17:41:54.135Z</time></trkpt><trkpt lat="46.14146833" lon="4.42028667"><ele>760.0</ele><time>2026-07-28T17:41:55.135Z</time></trkpt><trkpt lat="46.14146" lon="4.42027667"><ele>760.0</ele><time>2026-07-28T17:41:56.135Z</time></trkpt><trkpt lat="46.14145333" lon="4.42026667"><ele>760.0</ele><time>2026-07-28T17:41:57.135Z</time></trkpt><trkpt lat="46.14143333" lon="4.42026333"><ele>761.0</ele><time>2026-07-28T17:41:58.135Z</time></trkpt><trkpt lat="46.141425" lon="4.420255"><ele>761.0</ele><time>2026-07-28T17:41:59.136Z</time></trkpt><trkpt lat="46.14141667" lon="4.42025"><ele>761.0</ele><time>2026-07-28T17:42:00.135Z</time></trkpt><trkpt lat="46.14140667" lon="4.420245"><ele>762.0</ele><time>2026-07-28T17:42:01.135Z</time></trkpt><trkpt lat="46.14139667" lon="4.42023333"><ele>762.0</ele><time>2026-07-28T17:42:02.135Z</time></trkpt><trkpt lat="46.14139" lon="4.42022833"><ele>763.0</ele><time>2026-07-28T17:42:03.135Z</time></trkpt><trkpt lat="46.14138333" lon="4.42022333"><ele>764.0</ele><time>2026-07-28T17:42:04.135Z</time></trkpt><trkpt lat="46.14137333" lon="4.420215"><ele>764.0</ele><time>2026-07-28T17:42:05.136Z</time></trkpt><trkpt lat="46.14136167" lon="4.420205"><ele>764.0</ele><time>2026-07-28T17:42:06.135Z</time></trkpt><trkpt lat="46.141355" lon="4.42019167"><ele>765.0</ele><time>2026-07-28T17:42:07.135Z</time></trkpt><trkpt lat="46.14134167" lon="4.42018"><ele>766.0</ele><time>2026-07-28T17:42:08.136Z</time></trkpt><trkpt lat="46.14132167" lon="4.42016167"><ele>766.0</ele><time>2026-07-28T17:42:09.135Z</time></trkpt><trkpt lat="46.14130833" lon="4.42014167"><ele>767.0</ele><time>2026-07-28T17:42:10.135Z</time></trkpt><trkpt lat="46.14129667" lon="4.42012167"><ele>767.0</ele><time>2026-07-28T17:42:11.135Z</time></trkpt><trkpt lat="46.14128333" lon="4.42011"><ele>767.0</ele><time>2026-07-28T17:42:12.135Z</time></trkpt><trkpt lat="46.14127167" lon="4.42010167"><ele>768.0</ele><time>2026-07-28T17:42:13.135Z</time></trkpt><trkpt lat="46.14126333" lon="4.420095"><ele>768.0</ele><time>2026-07-28T17:42:14.135Z</time></trkpt><trkpt lat="46.14125333" lon="4.42008167"><ele>768.0</ele><time>2026-07-28T17:42:15.135Z</time></trkpt><trkpt lat="46.14124333" lon="4.42006667"><ele>768.0</ele><time>2026-07-28T17:42:16.135Z</time></trkpt><trkpt lat="46.14124" lon="4.42005167"><ele>768.0</ele><time>2026-07-28T17:42:17.135Z</time></trkpt><trkpt lat="46.141235" lon="4.42004"><ele>769.0</ele><time>2026-07-28T17:42:18.136Z</time></trkpt><trkpt lat="46.14122667" lon="4.42002333"><ele>769.0</ele><time>2026-07-28T17:42:19.135Z</time></trkpt><trkpt lat="46.14121333" lon="4.42001167"><ele>770.0</ele><time>2026-07-28T17:42:20.136Z</time></trkpt><trkpt lat="46.1412" lon="4.42000333"><ele>770.0</ele><time>2026-07-28T17:42:21.136Z</time></trkpt><trkpt lat="46.14119167" lon="4.41999667"><ele>770.0</ele><time>2026-07-28T17:42:22.135Z</time></trkpt><trkpt lat="46.14118167" lon="4.41998167"><ele>770.0</ele><time>2026-07-28T17:42:23.135Z</time></trkpt><trkpt lat="46.14116833" lon="4.41997"><ele>770.0</ele><time>2026-07-28T17:42:24.135Z</time></trkpt><trkpt lat="46.14115833" lon="4.419955"><ele>770.0</ele><time>2026-07-28T17:42:25.136Z</time></trkpt><trkpt lat="46.14115167" lon="4.419945"><ele>770.0</ele><time>2026-07-28T17:42:26.136Z</time></trkpt><trkpt lat="46.14114667" lon="4.419925"><ele>770.0</ele><time>2026-07-28T17:42:27.135Z</time></trkpt><trkpt lat="46.141145" lon="4.41990833"><ele>770.0</ele><time>2026-07-28T17:42:28.136Z</time></trkpt><trkpt lat="46.14113667" lon="4.41988833"><ele>771.0</ele><time>2026-07-28T17:42:29.135Z</time></trkpt><trkpt lat="46.141125" lon="4.41986667"><ele>771.0</ele><time>2026-07-28T17:42:30.136Z</time></trkpt><trkpt lat="46.14111667" lon="4.419855"><ele>771.0</ele><time>2026-07-28T17:42:31.136Z</time></trkpt><trkpt lat="46.14111167" lon="4.419845"><ele>772.0</ele><time>2026-07-28T17:42:32.135Z</time></trkpt><trkpt lat="46.14110667" lon="4.41984"><ele>772.0</ele><time>2026-07-28T17:42:33.135Z</time></trkpt><trkpt lat="46.1411" lon="4.41983167"><ele>773.0</ele><time>2026-07-28T17:42:34.135Z</time></trkpt><trkpt lat="46.141095" lon="4.41982833"><ele>774.0</ele><time>2026-07-28T17:42:35.135Z</time></trkpt><trkpt lat="46.14108" lon="4.41982167"><ele>774.0</ele><time>2026-07-28T17:42:36.135Z</time></trkpt><trkpt lat="46.14106333" lon="4.419815"><ele>775.0</ele><time>2026-07-28T17:42:37.136Z</time></trkpt><trkpt lat="46.141055" lon="4.4198"><ele>775.0</ele><time>2026-07-28T17:42:38.135Z</time></trkpt><trkpt lat="46.14104667" lon="4.419785"><ele>776.0</ele><time>2026-07-28T17:42:39.135Z</time></trkpt><trkpt lat="46.14103833" lon="4.41976833"><ele>776.0</ele><time>2026-07-28T17:42:40.135Z</time></trkpt><trkpt lat="46.14103" lon="4.41975833"><ele>776.0</ele><time>2026-07-28T17:42:41.135Z</time></trkpt><trkpt lat="46.14102333" lon="4.41974"><ele>776.0</ele><time>2026-07-28T17:42:42.135Z</time></trkpt><trkpt lat="46.14102" lon="4.41972"><ele>777.0</ele><time>2026-07-28T17:42:43.135Z</time></trkpt><trkpt lat="46.141015" lon="4.41970833"><ele>776.0</ele><time>2026-07-28T17:42:44.136Z</time></trkpt><trkpt lat="46.141005" lon="4.419695"><ele>776.0</ele><time>2026-07-28T17:42:45.135Z</time></trkpt><trkpt lat="46.14099667" lon="4.41968167"><ele>776.0</ele><time>2026-07-28T17:42:46.135Z</time></trkpt><trkpt lat="46.14098833" lon="4.41967167"><ele>776.0</ele><time>2026-07-28T17:42:47.135Z</time></trkpt><trkpt lat="46.140975" lon="4.41966167"><ele>775.0</ele><time>2026-07-28T17:42:48.135Z</time></trkpt><trkpt lat="46.14096833" lon="4.41965833"><ele>775.0</ele><time>2026-07-28T17:42:49.135Z</time></trkpt><trkpt lat="46.14096333" lon="4.41964833"><ele>775.0</ele><time>2026-07-28T17:42:50.135Z</time></trkpt><trkpt lat="46.14096167" lon="4.41963333"><ele>775.0</ele><time>2026-07-28T17:42:51.135Z</time></trkpt><trkpt lat="46.14095833" lon="4.41961667"><ele>774.0</ele><time>2026-07-28T17:42:52.135Z</time></trkpt><trkpt lat="46.14095333" lon="4.41960667"><ele>774.0</ele><time>2026-07-28T17:42:53.136Z</time></trkpt><trkpt lat="46.140945" lon="4.41960333"><ele>774.0</ele><time>2026-07-28T17:42:54.135Z</time></trkpt><trkpt lat="46.14093333" lon="4.41960333"><ele>774.0</ele><time>2026-07-28T17:42:55.135Z</time></trkpt><trkpt lat="46.14092" lon="4.41960167"><ele>774.0</ele><time>2026-07-28T17:42:56.135Z</time></trkpt><trkpt lat="46.14090833" lon="4.419595"><ele>774.0</ele><time>2026-07-28T17:42:57.136Z</time></trkpt><trkpt lat="46.1409" lon="4.41958333"><ele>774.0</ele><time>2026-07-28T17:42:58.135Z</time></trkpt><trkpt lat="46.14089333" lon="4.41956667"><ele>774.0</ele><time>2026-07-28T17:42:59.136Z</time></trkpt><trkpt lat="46.14088667" lon="4.41954833"><ele>774.0</ele><time>2026-07-28T17:43:00.135Z</time></trkpt><trkpt lat="46.14087667" lon="4.41953667"><ele>774.0</ele><time>2026-07-28T17:43:01.135Z</time></trkpt><trkpt lat="46.14087167" lon="4.41952"><ele>775.0</ele><time>2026-07-28T17:43:02.135Z</time></trkpt><trkpt lat="46.140875" lon="4.41950167"><ele>775.0</ele><time>2026-07-28T17:43:03.136Z</time></trkpt><trkpt lat="46.14087667" lon="4.419485"><ele>775.0</ele><time>2026-07-28T17:43:04.135Z</time></trkpt><trkpt lat="46.14088333" lon="4.41947333"><ele>776.0</ele><time>2026-07-28T17:43:05.135Z</time></trkpt><trkpt lat="46.140875" lon="4.41946333"><ele>776.0</ele><time>2026-07-28T17:43:06.136Z</time></trkpt><trkpt lat="46.14086833" lon="4.41945167"><ele>776.0</ele><time>2026-07-28T17:43:07.136Z</time></trkpt><trkpt lat="46.14086167" lon="4.41944333"><ele>777.0</ele><time>2026-07-28T17:43:08.136Z</time></trkpt><trkpt lat="46.14085167" lon="4.41943333"><ele>777.0</ele><time>2026-07-28T17:43:09.135Z</time></trkpt><trkpt lat="46.14084833" lon="4.41942"><ele>777.0</ele><time>2026-07-28T17:43:10.135Z</time></trkpt><trkpt lat="46.14084333" lon="4.41941"><ele>777.0</ele><time>2026-07-28T17:43:11.136Z</time></trkpt><trkpt lat="46.14084333" lon="4.41940167"><ele>778.0</ele><time>2026-07-28T17:43:12.135Z</time></trkpt><trkpt lat="46.14083167" lon="4.41939667"><ele>778.0</ele><time>2026-07-28T17:43:13.136Z</time></trkpt><trkpt lat="46.14082167" lon="4.41939"><ele>778.0</ele><time>2026-07-28T17:43:14.136Z</time></trkpt><trkpt lat="46.14081167" lon="4.41937833"><ele>778.0</ele><time>2026-07-28T17:43:15.135Z</time></trkpt><trkpt lat="46.14080833" lon="4.419375"><ele>778.0</ele><time>2026-07-28T17:43:16.135Z</time></trkpt><trkpt lat="46.14079833" lon="4.41937167"><ele>778.0</ele><time>2026-07-28T17:43:17.135Z</time></trkpt><trkpt lat="46.140785" lon="4.41937333"><ele>778.0</ele><time>2026-07-28T17:43:18.135Z</time></trkpt><trkpt lat="46.14077833" lon="4.41935667"><ele>778.0</ele><time>2026-07-28T17:43:19.135Z</time></trkpt><trkpt lat="46.14077833" lon="4.419345"><ele>779.0</ele><time>2026-07-28T17:43:20.136Z</time></trkpt><trkpt lat="46.140775" lon="4.41933333"><ele>780.0</ele><time>2026-07-28T17:43:21.136Z</time></trkpt><trkpt lat="46.14077" lon="4.41932"><ele>781.0</ele><time>2026-07-28T17:43:22.135Z</time></trkpt><trkpt lat="46.14076667" lon="4.41930667"><ele>782.0</ele><time>2026-07-28T17:43:23.135Z</time></trkpt><trkpt lat="46.140755" lon="4.41929667"><ele>782.0</ele><time>2026-07-28T17:43:24.135Z</time></trkpt><trkpt lat="46.14075" lon="4.41929167"><ele>783.0</ele><time>2026-07-28T17:43:25.136Z</time></trkpt><trkpt lat="46.14074833" lon="4.41928167"><ele>783.0</ele><time>2026-07-28T17:43:26.136Z</time></trkpt><trkpt lat="46.14073833" lon="4.41926833"><ele>784.0</ele><time>2026-07-28T17:43:27.136Z</time></trkpt><trkpt lat="46.140735" lon="4.41926167"><ele>785.0</ele><time>2026-07-28T17:43:28.135Z</time></trkpt><trkpt lat="46.14073167" lon="4.41925667"><ele>785.0</ele><time>2026-07-28T17:43:29.135Z</time></trkpt><trkpt lat="46.140715" lon="4.41924833"><ele>786.0</ele><time>2026-07-28T17:43:30.135Z</time></trkpt><trkpt lat="46.14070167" lon="4.41923333"><ele>786.0</ele><time>2026-07-28T17:43:31.135Z</time></trkpt><trkpt lat="46.14069333" lon="4.41922167"><ele>787.0</ele><time>2026-07-28T17:43:32.135Z</time></trkpt><trkpt lat="46.14068833" lon="4.41920667"><ele>787.0</ele><time>2026-07-28T17:43:33.135Z</time></trkpt><trkpt lat="46.140675" lon="4.4192"><ele>788.0</ele><time>2026-07-28T17:43:34.136Z</time></trkpt><trkpt lat="46.14066667" lon="4.41919167"><ele>788.0</ele><time>2026-07-28T17:43:35.136Z</time></trkpt><trkpt lat="46.140655" lon="4.419185"><ele>789.0</ele><time>2026-07-28T17:43:36.135Z</time></trkpt><trkpt lat="46.14065667" lon="4.41917833"><ele>789.0</ele><time>2026-07-28T17:43:37.135Z</time></trkpt><trkpt lat="46.14065667" lon="4.419175"><ele>790.0</ele><time>2026-07-28T17:43:38.135Z</time></trkpt><trkpt lat="46.14064833" lon="4.41917167"><ele>790.0</ele><time>2026-07-28T17:43:39.135Z</time></trkpt><trkpt lat="46.14063667" lon="4.41916667"><ele>790.0</ele><time>2026-07-28T17:43:40.136Z</time></trkpt><trkpt lat="46.14062333" lon="4.41916167"><ele>790.0</ele><time>2026-07-28T17:43:41.135Z</time></trkpt><trkpt lat="46.14061" lon="4.419155"><ele>790.0</ele><time>2026-07-28T17:43:42.136Z</time></trkpt><trkpt lat="46.14060333" lon="4.41914667"><ele>791.0</ele><time>2026-07-28T17:43:43.135Z</time></trkpt><trkpt lat="46.140595" lon="4.41913167"><ele>791.0</ele><time>2026-07-28T17:43:44.135Z</time></trkpt><trkpt lat="46.14058833" lon="4.41912167"><ele>791.0</ele><time>2026-07-28T17:43:45.135Z</time></trkpt><trkpt lat="46.14058167" lon="4.41910333"><ele>791.0</ele><time>2026-07-28T17:43:46.135Z</time></trkpt><trkpt lat="46.14057667" lon="4.41908833"><ele>791.0</ele><time>2026-07-28T17:43:47.135Z</time></trkpt><trkpt lat="46.14057" lon="4.41907333"><ele>791.0</ele><time>2026-07-28T17:43:48.135Z</time></trkpt><trkpt lat="46.14056333" lon="4.41906333"><ele>790.0</ele><time>2026-07-28T17:43:49.136Z</time></trkpt><trkpt lat="46.14055333" lon="4.41905833"><ele>790.0</ele><time>2026-07-28T17:43:50.135Z</time></trkpt><trkpt lat="46.14053667" lon="4.41905167"><ele>790.0</ele><time>2026-07-28T17:43:51.136Z</time></trkpt><trkpt lat="46.14052833" lon="4.41904667"><ele>790.0</ele><time>2026-07-28T17:43:52.135Z</time></trkpt><trkpt lat="46.14051667" lon="4.41903833"><ele>790.0</ele><time>2026-07-28T17:43:53.135Z</time></trkpt><trkpt lat="46.140505" lon="4.41903667"><ele>790.0</ele><time>2026-07-28T17:43:54.135Z</time></trkpt><trkpt lat="46.14049" lon="4.41903833"><ele>791.0</ele><time>2026-07-28T17:43:55.136Z</time></trkpt><trkpt lat="46.14047833" lon="4.41904333"><ele>791.0</ele><time>2026-07-28T17:43:56.136Z</time></trkpt><trkpt lat="46.140465" lon="4.41904"><ele>792.0</ele><time>2026-07-28T17:43:57.135Z</time></trkpt><trkpt lat="46.14045" lon="4.41904"><ele>792.0</ele><time>2026-07-28T17:43:58.136Z</time></trkpt><trkpt lat="46.140435" lon="4.41904"><ele>792.0</ele><time>2026-07-28T17:43:59.135Z</time></trkpt><trkpt lat="46.14042" lon="4.41903"><ele>792.0</ele><time>2026-07-28T17:44:00.135Z</time></trkpt><trkpt lat="46.1404" lon="4.41903833"><ele>793.0</ele><time>2026-07-28T17:44:01.135Z</time></trkpt><trkpt lat="46.14038167" lon="4.419045"><ele>793.0</ele><time>2026-07-28T17:44:02.135Z</time></trkpt><trkpt lat="46.140365" lon="4.419055"><ele>793.0</ele><time>2026-07-28T17:44:03.135Z</time></trkpt><trkpt lat="46.140345" lon="4.41906"><ele>794.0</ele><time>2026-07-28T17:44:04.136Z</time></trkpt><trkpt lat="46.14032667" lon="4.41906833"><ele>794.0</ele><time>2026-07-28T17:44:05.136Z</time></trkpt><trkpt lat="46.14031333" lon="4.41906833"><ele>794.0</ele><time>2026-07-28T17:44:06.135Z</time></trkpt><trkpt lat="46.14030333" lon="4.41906"><ele>794.0</ele><time>2026-07-28T17:44:07.136Z</time></trkpt><trkpt lat="46.14029333" lon="4.41905667"><ele>793.0</ele><time>2026-07-28T17:44:08.136Z</time></trkpt><trkpt lat="46.14028167" lon="4.41905833"><ele>793.0</ele><time>2026-07-28T17:44:09.135Z</time></trkpt><trkpt lat="46.140265" lon="4.41906167"><ele>793.0</ele><time>2026-07-28T17:44:10.135Z</time></trkpt><trkpt lat="46.14025833" lon="4.41906167"><ele>794.0</ele><time>2026-07-28T17:44:11.135Z</time></trkpt><trkpt lat="46.140255" lon="4.41905333"><ele>794.0</ele><time>2026-07-28T17:44:12.135Z</time></trkpt><trkpt lat="46.14025333" lon="4.41904667"><ele>794.0</ele><time>2026-07-28T17:44:13.135Z</time></trkpt><trkpt lat="46.14023833" lon="4.41903"><ele>794.0</ele><time>2026-07-28T17:44:14.135Z</time></trkpt><trkpt lat="46.14021" lon="4.41902833"><ele>793.0</ele><time>2026-07-28T17:44:15.135Z</time></trkpt><trkpt lat="46.14018667" lon="4.41903"><ele>793.0</ele><time>2026-07-28T17:44:16.135Z</time></trkpt><trkpt lat="46.14015333" lon="4.41904167"><ele>793.0</ele><time>2026-07-28T17:44:17.135Z</time></trkpt><trkpt lat="46.14014167" lon="4.41904"><ele>793.0</ele><time>2026-07-28T17:44:18.135Z</time></trkpt><trkpt lat="46.14013833" lon="4.41903"><ele>793.0</ele><time>2026-07-28T17:44:19.135Z</time></trkpt><trkpt lat="46.140135" lon="4.41902167"><ele>793.0</ele><time>2026-07-28T17:44:20.135Z</time></trkpt><trkpt lat="46.14012667" lon="4.41901833"><ele>793.0</ele><time>2026-07-28T17:44:21.135Z</time></trkpt><trkpt lat="46.140115" lon="4.41901"><ele>793.0</ele><time>2026-07-28T17:44:22.135Z</time></trkpt><trkpt lat="46.14010333" lon="4.41900333"><ele>793.0</ele><time>2026-07-28T17:44:23.135Z</time></trkpt><trkpt lat="46.140085" lon="4.41900167"><ele>794.0</ele><time>2026-07-28T17:44:24.135Z</time></trkpt><trkpt lat="46.14007667" lon="4.419005"><ele>794.0</ele><time>2026-07-28T17:44:25.135Z</time></trkpt><trkpt lat="46.14006833" lon="4.419"><ele>794.0</ele><time>2026-07-28T17:44:26.135Z</time></trkpt><trkpt lat="46.14006333" lon="4.41899833"><ele>795.0</ele><time>2026-07-28T17:44:27.135Z</time></trkpt><trkpt lat="46.14005667" lon="4.41899333"><ele>795.0</ele><time>2026-07-28T17:44:28.136Z</time></trkpt><trkpt lat="46.14005" lon="4.41898833"><ele>795.0</ele><time>2026-07-28T17:44:29.135Z</time></trkpt><trkpt lat="46.14004667" lon="4.41897667"><ele>796.0</ele><time>2026-07-28T17:44:30.135Z</time></trkpt><trkpt lat="46.14004" lon="4.41897"><ele>796.0</ele><time>2026-07-28T17:44:31.135Z</time></trkpt><trkpt lat="46.14003" lon="4.41896667"><ele>796.0</ele><time>2026-07-28T17:44:32.135Z</time></trkpt><trkpt lat="46.14002" lon="4.41897167"><ele>796.0</ele><time>2026-07-28T17:44:33.136Z</time></trkpt><trkpt lat="46.14000833" lon="4.41897167"><ele>796.0</ele><time>2026-07-28T17:44:34.135Z</time></trkpt><trkpt lat="46.13999667" lon="4.418975"><ele>797.0</ele><time>2026-07-28T17:44:35.135Z</time></trkpt><trkpt lat="46.13998833" lon="4.41897"><ele>797.0</ele><time>2026-07-28T17:44:36.135Z</time></trkpt><trkpt lat="46.13998333" lon="4.418965"><ele>797.0</ele><time>2026-07-28T17:44:37.135Z</time></trkpt><trkpt lat="46.13997833" lon="4.41896667"><ele>797.0</ele><time>2026-07-28T17:44:38.135Z</time></trkpt><trkpt lat="46.13996667" lon="4.41897"><ele>797.0</ele><time>2026-07-28T17:44:39.135Z</time></trkpt><trkpt lat="46.13995167" lon="4.41896833"><ele>796.0</ele><time>2026-07-28T17:44:40.136Z</time></trkpt><trkpt lat="46.13993833" lon="4.41896333"><ele>796.0</ele><time>2026-07-28T17:44:41.136Z</time></trkpt><trkpt lat="46.13991333" lon="4.41896"><ele>796.0</ele><time>2026-07-28T17:44:42.135Z</time></trkpt><trkpt lat="46.13990667" lon="4.41895"><ele>795.0</ele><time>2026-07-28T17:44:43.135Z</time></trkpt><trkpt lat="46.13989" lon="4.41895"><ele>795.0</ele><time>2026-07-28T17:44:44.136Z</time></trkpt><trkpt lat="46.13987667" lon="4.41895167"><ele>795.0</ele><time>2026-07-28T17:44:45.135Z</time></trkpt><trkpt lat="46.139865" lon="4.41896167"><ele>795.0</ele><time>2026-07-28T17:44:46.135Z</time></trkpt><trkpt lat="46.13985167" lon="4.41896667"><ele>795.0</ele><time>2026-07-28T17:44:47.135Z</time></trkpt><trkpt lat="46.139835" lon="4.41896833"><ele>795.0</ele><time>2026-07-28T17:44:48.135Z</time></trkpt><trkpt lat="46.13982167" lon="4.41896833"><ele>796.0</ele><time>2026-07-28T17:44:49.135Z</time></trkpt><trkpt lat="46.13980833" lon="4.418965"><ele>796.0</ele><time>2026-07-28T17:44:50.136Z</time></trkpt><trkpt lat="46.13979167" lon="4.41896167"><ele>796.0</ele><time>2026-07-28T17:44:51.135Z</time></trkpt><trkpt lat="46.13977833" lon="4.41895833"><ele>796.0</ele><time>2026-07-28T17:44:52.135Z</time></trkpt><trkpt lat="46.13976833" lon="4.418955"><ele>796.0</ele><time>2026-07-28T17:44:53.135Z</time></trkpt><trkpt lat="46.13976" lon="4.41894833"><ele>797.0</ele><time>2026-07-28T17:44:54.135Z</time></trkpt><trkpt lat="46.13975" lon="4.41894167"><ele>797.0</ele><time>2026-07-28T17:44:55.135Z</time></trkpt><trkpt lat="46.13974" lon="4.41893667"><ele>797.0</ele><time>2026-07-28T17:44:56.135Z</time></trkpt><trkpt lat="46.13972833" lon="4.41893167"><ele>797.0</ele><time>2026-07-28T17:44:57.135Z</time></trkpt><trkpt lat="46.13972333" lon="4.41893"><ele>797.0</ele><time>2026-07-28T17:44:58.135Z</time></trkpt><trkpt lat="46.13969833" lon="4.41892667"><ele>797.0</ele><time>2026-07-28T17:44:59.136Z</time></trkpt><trkpt lat="46.139675" lon="4.41893333"><ele>797.0</ele><time>2026-07-28T17:45:00.135Z</time></trkpt><trkpt lat="46.13967167" lon="4.41893333"><ele>797.0</ele><time>2026-07-28T17:45:01.135Z</time></trkpt><trkpt lat="46.13967" lon="4.41893333"><ele>797.0</ele><time>2026-07-28T17:45:02.135Z</time></trkpt><trkpt lat="46.13967" lon="4.418935"><ele>798.0</ele><time>2026-07-28T17:45:03.135Z</time></trkpt><trkpt lat="46.13966167" lon="4.41894333"><ele>798.0</ele><time>2026-07-28T17:45:04.136Z</time></trkpt><trkpt lat="46.13964833" lon="4.418945"><ele>798.0</ele><time>2026-07-28T17:45:05.135Z</time></trkpt><trkpt lat="46.13963833" lon="4.418945"><ele>798.0</ele><time>2026-07-28T17:45:06.135Z</time></trkpt><trkpt lat="46.13962333" lon="4.41894833"><ele>798.0</ele><time>2026-07-28T17:45:07.135Z</time></trkpt><trkpt lat="46.13960333" lon="4.41895333"><ele>798.0</ele><time>2026-07-28T17:45:08.135Z</time></trkpt><trkpt lat="46.13958" lon="4.41896333"><ele>798.0</ele><time>2026-07-28T17:45:09.135Z</time></trkpt><trkpt lat="46.139575" lon="4.41896333"><ele>798.0</ele><time>2026-07-28T17:45:10.135Z</time></trkpt><trkpt lat="46.13956667" lon="4.418965"><ele>798.0</ele><time>2026-07-28T17:45:11.135Z</time></trkpt><trkpt lat="46.139565" lon="4.41896"><ele>799.0</ele><time>2026-07-28T17:45:12.136Z</time></trkpt><trkpt lat="46.139565" lon="4.41895333"><ele>799.0</ele><time>2026-07-28T17:45:13.135Z</time></trkpt><trkpt lat="46.13955833" lon="4.41895167"><ele>799.0</ele><time>2026-07-28T17:45:14.135Z</time></trkpt><trkpt lat="46.13955" lon="4.41895167"><ele>800.0</ele><time>2026-07-28T17:45:15.135Z</time></trkpt><trkpt lat="46.13953667" lon="4.41895333"><ele>800.0</ele><time>2026-07-28T17:45:16.136Z</time></trkpt><trkpt lat="46.13952167" lon="4.41895167"><ele>800.0</ele><time>2026-07-28T17:45:17.135Z</time></trkpt><trkpt lat="46.13950833" lon="4.41894333"><ele>801.0</ele><time>2026-07-28T17:45:18.136Z</time></trkpt><trkpt lat="46.13949167" lon="4.418935"><ele>801.0</ele><time>2026-07-28T17:45:19.135Z</time></trkpt><trkpt lat="46.13948" lon="4.41893"><ele>802.0</ele><time>2026-07-28T17:45:20.136Z</time></trkpt><trkpt lat="46.13946167" lon="4.41892667"><ele>802.0</ele><time>2026-07-28T17:45:21.135Z</time></trkpt><trkpt lat="46.13943833" lon="4.41892167"><ele>802.0</ele><time>2026-07-28T17:45:22.136Z</time></trkpt><trkpt lat="46.139425" lon="4.418915"><ele>801.0</ele><time>2026-07-28T17:45:23.135Z</time></trkpt><trkpt lat="46.13941" lon="4.418905"><ele>801.0</ele><time>2026-07-28T17:45:24.135Z</time></trkpt><trkpt lat="46.13939" lon="4.4189"><ele>801.0</ele><time>2026-07-28T17:45:25.135Z</time></trkpt><trkpt lat="46.13936667" lon="4.41889167"><ele>801.0</ele><time>2026-07-28T17:45:26.136Z</time></trkpt><trkpt lat="46.13934833" lon="4.41888167"><ele>801.0</ele><time>2026-07-28T17:45:27.135Z</time></trkpt><trkpt lat="46.13932667" lon="4.41887167"><ele>801.0</ele><time>2026-07-28T17:45:28.135Z</time></trkpt><trkpt lat="46.1393" lon="4.41887833"><ele>801.0</ele><time>2026-07-28T17:45:29.135Z</time></trkpt><trkpt lat="46.139265" lon="4.41888833"><ele>801.0</ele><time>2026-07-28T17:45:30.135Z</time></trkpt><trkpt lat="46.13923667" lon="4.41888833"><ele>801.0</ele><time>2026-07-28T17:45:31.135Z</time></trkpt><trkpt lat="46.1392" lon="4.41889167"><ele>800.0</ele><time>2026-07-28T17:45:32.135Z</time></trkpt><trkpt lat="46.13918333" lon="4.41889"><ele>800.0</ele><time>2026-07-28T17:45:33.135Z</time></trkpt><trkpt lat="46.13917333" lon="4.41887833"><ele>800.0</ele><time>2026-07-28T17:45:34.135Z</time></trkpt><trkpt lat="46.13915667" lon="4.41886667"><ele>800.0</ele><time>2026-07-28T17:45:35.135Z</time></trkpt><trkpt lat="46.139145" lon="4.418855"><ele>800.0</ele><time>2026-07-28T17:45:36.136Z</time></trkpt><trkpt lat="46.13913333" lon="4.41884167"><ele>800.0</ele><time>2026-07-28T17:45:37.135Z</time></trkpt><trkpt lat="46.13912167" lon="4.41882667"><ele>800.0</ele><time>2026-07-28T17:45:38.135Z</time></trkpt><trkpt lat="46.139105" lon="4.41882"><ele>800.0</ele><time>2026-07-28T17:45:39.135Z</time></trkpt><trkpt lat="46.13909167" lon="4.41881167"><ele>800.0</ele><time>2026-07-28T17:45:40.135Z</time></trkpt><trkpt lat="46.13908167" lon="4.41880167"><ele>800.0</ele><time>2026-07-28T17:45:41.135Z</time></trkpt><trkpt lat="46.13907" lon="4.41879167"><ele>800.0</ele><time>2026-07-28T17:45:42.136Z</time></trkpt><trkpt lat="46.139065" lon="4.41877833"><ele>801.0</ele><time>2026-07-28T17:45:43.136Z</time></trkpt><trkpt lat="46.13905833" lon="4.41877"><ele>801.0</ele><time>2026-07-28T17:45:44.135Z</time></trkpt><trkpt lat="46.13905" lon="4.41876667"><ele>801.0</ele><time>2026-07-28T17:45:45.135Z</time></trkpt><trkpt lat="46.13904" lon="4.41876667"><ele>801.0</ele><time>2026-07-28T17:45:46.135Z</time></trkpt><trkpt lat="46.13902833" lon="4.41876667"><ele>802.0</ele><time>2026-07-28T17:45:47.135Z</time></trkpt><trkpt lat="46.139015" lon="4.41877167"><ele>803.0</ele><time>2026-07-28T17:45:48.135Z</time></trkpt><trkpt lat="46.13899833" lon="4.41878167"><ele>803.0</ele><time>2026-07-28T17:45:49.135Z</time></trkpt><trkpt lat="46.138995" lon="4.41878"><ele>804.0</ele><time>2026-07-28T17:45:50.135Z</time></trkpt><trkpt lat="46.13898833" lon="4.41878667"><ele>805.0</ele><time>2026-07-28T17:45:51.136Z</time></trkpt><trkpt lat="46.13897833" lon="4.41878833"><ele>805.0</ele><time>2026-07-28T17:45:52.135Z</time></trkpt><trkpt lat="46.13897333" lon="4.41878667"><ele>806.0</ele><time>2026-07-28T17:45:53.136Z</time></trkpt><trkpt lat="46.13897333" lon="4.418795"><ele>806.0</ele><time>2026-07-28T17:45:54.135Z</time></trkpt><trkpt lat="46.13896833" lon="4.41880333"><ele>806.0</ele><time>2026-07-28T17:45:55.136Z</time></trkpt><trkpt lat="46.13896167" lon="4.41879"><ele>807.0</ele><time>2026-07-28T17:45:56.135Z</time></trkpt><trkpt lat="46.13894833" lon="4.418795"><ele>807.0</ele><time>2026-07-28T17:45:57.135Z</time></trkpt><trkpt lat="46.13892833" lon="4.41880333"><ele>808.0</ele><time>2026-07-28T17:45:58.135Z</time></trkpt><trkpt lat="46.13891" lon="4.41881333"><ele>808.0</ele><time>2026-07-28T17:45:59.135Z</time></trkpt><trkpt lat="46.13890333" lon="4.41881167"><ele>808.0</ele><time>2026-07-28T17:46:00.135Z</time></trkpt><trkpt lat="46.13889667" lon="4.41881167"><ele>807.0</ele><time>2026-07-28T17:46:01.135Z</time></trkpt><trkpt lat="46.138885" lon="4.41882167"><ele>807.0</ele><time>2026-07-28T17:46:02.136Z</time></trkpt><trkpt lat="46.13888" lon="4.41882667"><ele>807.0</ele><time>2026-07-28T17:46:03.135Z</time></trkpt><trkpt lat="46.13887" lon="4.41883833"><ele>806.0</ele><time>2026-07-28T17:46:04.136Z</time></trkpt><trkpt lat="46.13886333" lon="4.418845"><ele>806.0</ele><time>2026-07-28T17:46:05.136Z</time></trkpt><trkpt lat="46.13885667" lon="4.418845"><ele>806.0</ele><time>2026-07-28T17:46:06.135Z</time></trkpt><trkpt lat="46.13884667" lon="4.41885"><ele>806.0</ele><time>2026-07-28T17:46:07.135Z</time></trkpt><trkpt lat="46.138835" lon="4.41885833"><ele>806.0</ele><time>2026-07-28T17:46:08.136Z</time></trkpt><trkpt lat="46.13882833" lon="4.41886667"><ele>806.0</ele><time>2026-07-28T17:46:09.135Z</time></trkpt><trkpt lat="46.138825" lon="4.418875"><ele>806.0</ele><time>2026-07-28T17:46:10.135Z</time></trkpt><trkpt lat="46.138815" lon="4.41889"><ele>806.0</ele><time>2026-07-28T17:46:11.135Z</time></trkpt><trkpt lat="46.138795" lon="4.41890833"><ele>807.0</ele><time>2026-07-28T17:46:12.136Z</time></trkpt><trkpt lat="46.13878333" lon="4.418915"><ele>807.0</ele><time>2026-07-28T17:46:13.135Z</time></trkpt><trkpt lat="46.13877167" lon="4.41892"><ele>807.0</ele><time>2026-07-28T17:46:14.135Z</time></trkpt><trkpt lat="46.13876" lon="4.41893167"><ele>808.0</ele><time>2026-07-28T17:46:15.136Z</time></trkpt><trkpt lat="46.138745" lon="4.41894833"><ele>808.0</ele><time>2026-07-28T17:46:16.135Z</time></trkpt><trkpt lat="46.13873167" lon="4.418965"><ele>808.0</ele><time>2026-07-28T17:46:17.135Z</time></trkpt><trkpt lat="46.13871833" lon="4.41898167"><ele>809.0</ele><time>2026-07-28T17:46:18.135Z</time></trkpt><trkpt lat="46.13871333" lon="4.418995"><ele>809.0</ele><time>2026-07-28T17:46:19.136Z</time></trkpt><trkpt lat="46.13870167" lon="4.41901333"><ele>809.0</ele><time>2026-07-28T17:46:20.136Z</time></trkpt><trkpt lat="46.13869333" lon="4.41902667"><ele>810.0</ele><time>2026-07-28T17:46:21.135Z</time></trkpt><trkpt lat="46.138685" lon="4.41903833"><ele>810.0</ele><time>2026-07-28T17:46:22.135Z</time></trkpt><trkpt lat="46.13867667" lon="4.41904667"><ele>810.0</ele><time>2026-07-28T17:46:23.135Z</time></trkpt><trkpt lat="46.13866" lon="4.419055"><ele>811.0</ele><time>2026-07-28T17:46:24.135Z</time></trkpt><trkpt lat="46.13864333" lon="4.41906667"><ele>811.0</ele><time>2026-07-28T17:46:25.135Z</time></trkpt><trkpt lat="46.13861667" lon="4.41908667"><ele>812.0</ele><time>2026-07-28T17:46:26.135Z</time></trkpt><trkpt lat="46.13859333" lon="4.41910333"><ele>812.0</ele><time>2026-07-28T17:46:27.135Z</time></trkpt><trkpt lat="46.13857333" lon="4.41911"><ele>813.0</ele><time>2026-07-28T17:46:28.135Z</time></trkpt><trkpt lat="46.13855833" lon="4.41911833"><ele>813.0</ele><time>2026-07-28T17:46:29.135Z</time></trkpt><trkpt lat="46.138545" lon="4.41913"><ele>813.0</ele><time>2026-07-28T17:46:30.135Z</time></trkpt><trkpt lat="46.13852833" lon="4.41914667"><ele>813.0</ele><time>2026-07-28T17:46:31.135Z</time></trkpt><trkpt lat="46.13851" lon="4.41915833"><ele>813.0</ele><time>2026-07-28T17:46:32.136Z</time></trkpt><trkpt lat="46.138495" lon="4.41916667"><ele>813.0</ele><time>2026-07-28T17:46:33.136Z</time></trkpt><trkpt lat="46.13848" lon="4.41917167"><ele>813.0</ele><time>2026-07-28T17:46:34.136Z</time></trkpt><trkpt lat="46.138465" lon="4.41918167"><ele>812.0</ele><time>2026-07-28T17:46:35.135Z</time></trkpt><trkpt lat="46.138455" lon="4.41919833"><ele>812.0</ele><time>2026-07-28T17:46:36.135Z</time></trkpt><trkpt lat="46.13844" lon="4.41921"><ele>812.0</ele><time>2026-07-28T17:46:37.136Z</time></trkpt><trkpt lat="46.13842833" lon="4.41922333"><ele>811.0</ele><time>2026-07-28T17:46:38.135Z</time></trkpt><trkpt lat="46.138415" lon="4.41923667"><ele>811.0</ele><time>2026-07-28T17:46:39.135Z</time></trkpt><trkpt lat="46.1384" lon="4.41925"><ele>811.0</ele><time>2026-07-28T17:46:40.135Z</time></trkpt><trkpt lat="46.13838667" lon="4.41926167"><ele>810.0</ele><time>2026-07-28T17:46:41.135Z</time></trkpt><trkpt lat="46.13837" lon="4.41927167"><ele>810.0</ele><time>2026-07-28T17:46:42.135Z</time></trkpt><trkpt lat="46.13835833" lon="4.41927833"><ele>810.0</ele><time>2026-07-28T17:46:43.135Z</time></trkpt><trkpt lat="46.13834667" lon="4.41928667"><ele>810.0</ele><time>2026-07-28T17:46:44.136Z</time></trkpt><trkpt lat="46.13833667" lon="4.41929833"><ele>810.0</ele><time>2026-07-28T17:46:45.136Z</time></trkpt><trkpt lat="46.13832667" lon="4.41931333"><ele>809.0</ele><time>2026-07-28T17:46:46.135Z</time></trkpt><trkpt lat="46.13832" lon="4.419325"><ele>809.0</ele><time>2026-07-28T17:46:47.135Z</time></trkpt><trkpt lat="46.13831667" lon="4.41933333"><ele>809.0</ele><time>2026-07-28T17:46:48.136Z</time></trkpt><trkpt lat="46.13830667" lon="4.41934333"><ele>809.0</ele><time>2026-07-28T17:46:49.136Z</time></trkpt><trkpt lat="46.13829667" lon="4.41936"><ele>809.0</ele><time>2026-07-28T17:46:50.136Z</time></trkpt><trkpt lat="46.13829" lon="4.41937167"><ele>809.0</ele><time>2026-07-28T17:46:51.136Z</time></trkpt><trkpt lat="46.138275" lon="4.41939"><ele>809.0</ele><time>2026-07-28T17:46:52.135Z</time></trkpt><trkpt lat="46.13826333" lon="4.41939833"><ele>809.0</ele><time>2026-07-28T17:46:53.136Z</time></trkpt><trkpt lat="46.13824833" lon="4.41940833"><ele>809.0</ele><time>2026-07-28T17:46:54.136Z</time></trkpt><trkpt lat="46.138245" lon="4.41941167"><ele>809.0</ele><time>2026-07-28T17:46:55.135Z</time></trkpt><trkpt lat="46.13824833" lon="4.41941667"><ele>809.0</ele><time>2026-07-28T17:46:56.136Z</time></trkpt><trkpt lat="46.13824667" lon="4.41941833"><ele>809.0</ele><time>2026-07-28T17:46:57.136Z</time></trkpt><trkpt lat="46.13823167" lon="4.41943333"><ele>809.0</ele><time>2026-07-28T17:46:58.135Z</time></trkpt><trkpt lat="46.13821833" lon="4.41944833"><ele>808.0</ele><time>2026-07-28T17:46:59.136Z</time></trkpt><trkpt lat="46.13820167" lon="4.419465"><ele>808.0</ele><time>2026-07-28T17:47:00.135Z</time></trkpt><trkpt lat="46.13818833" lon="4.41947833"><ele>808.0</ele><time>2026-07-28T17:47:01.135Z</time></trkpt><trkpt lat="46.13817667" lon="4.41948833"><ele>808.0</ele><time>2026-07-28T17:47:02.135Z</time></trkpt><trkpt lat="46.13816167" lon="4.41949667"><ele>808.0</ele><time>2026-07-28T17:47:03.135Z</time></trkpt><trkpt lat="46.13815" lon="4.419505"><ele>808.0</ele><time>2026-07-28T17:47:04.135Z</time></trkpt><trkpt lat="46.13813667" lon="4.41950833"><ele>808.0</ele><time>2026-07-28T17:47:05.135Z</time></trkpt><trkpt lat="46.13812667" lon="4.41951167"><ele>808.0</ele><time>2026-07-28T17:47:06.136Z</time></trkpt><trkpt lat="46.138115" lon="4.41951833"><ele>808.0</ele><time>2026-07-28T17:47:07.135Z</time></trkpt><trkpt lat="46.13810333" lon="4.41952167"><ele>808.0</ele><time>2026-07-28T17:47:08.135Z</time></trkpt><trkpt lat="46.138085" lon="4.41952833"><ele>808.0</ele><time>2026-07-28T17:47:09.136Z</time></trkpt><trkpt lat="46.13807167" lon="4.41953167"><ele>807.0</ele><time>2026-07-28T17:47:10.135Z</time></trkpt><trkpt lat="46.13806" lon="4.41953667"><ele>807.0</ele><time>2026-07-28T17:47:11.136Z</time></trkpt><trkpt lat="46.138045" lon="4.41954333"><ele>807.0</ele><time>2026-07-28T17:47:12.135Z</time></trkpt><trkpt lat="46.13802667" lon="4.41955167"><ele>807.0</ele><time>2026-07-28T17:47:13.135Z</time></trkpt><trkpt lat="46.138005" lon="4.41956833"><ele>807.0</ele><time>2026-07-28T17:47:14.135Z</time></trkpt><trkpt lat="46.13799" lon="4.41957167"><ele>807.0</ele><time>2026-07-28T17:47:15.135Z</time></trkpt><trkpt lat="46.13797167" lon="4.419575"><ele>807.0</ele><time>2026-07-28T17:47:16.135Z</time></trkpt><trkpt lat="46.13795333" lon="4.41958333"><ele>807.0</ele><time>2026-07-28T17:47:17.135Z</time></trkpt><trkpt lat="46.13793833" lon="4.41959667"><ele>807.0</ele><time>2026-07-28T17:47:18.135Z</time></trkpt><trkpt lat="46.13793333" lon="4.4196"><ele>808.0</ele><time>2026-07-28T17:47:19.136Z</time></trkpt><trkpt lat="46.13792667" lon="4.41960667"><ele>808.0</ele><time>2026-07-28T17:47:20.136Z</time></trkpt><trkpt lat="46.13791" lon="4.41962"><ele>809.0</ele><time>2026-07-28T17:47:21.135Z</time></trkpt><trkpt lat="46.13789" lon="4.41962333"><ele>809.0</ele><time>2026-07-28T17:47:22.135Z</time></trkpt><trkpt lat="46.13786833" lon="4.41962667"><ele>810.0</ele><time>2026-07-28T17:47:23.135Z</time></trkpt><trkpt lat="46.13783" lon="4.41964167"><ele>810.0</ele><time>2026-07-28T17:47:24.135Z</time></trkpt><trkpt lat="46.13780667" lon="4.41965167"><ele>810.0</ele><time>2026-07-28T17:47:25.135Z</time></trkpt><trkpt lat="46.137785" lon="4.419665"><ele>811.0</ele><time>2026-07-28T17:47:26.136Z</time></trkpt><trkpt lat="46.13776" lon="4.41967333"><ele>811.0</ele><time>2026-07-28T17:47:27.136Z</time></trkpt><trkpt lat="46.13774333" lon="4.419675"><ele>810.0</ele><time>2026-07-28T17:47:28.135Z</time></trkpt><trkpt lat="46.137725" lon="4.419675"><ele>810.0</ele><time>2026-07-28T17:47:29.135Z</time></trkpt><trkpt lat="46.13770167" lon="4.41967833"><ele>810.0</ele><time>2026-07-28T17:47:30.135Z</time></trkpt><trkpt lat="46.13769667" lon="4.41967833"><ele>810.0</ele><time>2026-07-28T17:47:31.135Z</time></trkpt><trkpt lat="46.13768667" lon="4.41967667"><ele>810.0</ele><time>2026-07-28T17:47:32.136Z</time></trkpt><trkpt lat="46.13767333" lon="4.41967833"><ele>810.0</ele><time>2026-07-28T17:47:33.135Z</time></trkpt><trkpt lat="46.13765" lon="4.41968833"><ele>809.0</ele><time>2026-07-28T17:47:34.135Z</time></trkpt><trkpt lat="46.13763667" lon="4.41969167"><ele>808.0</ele><time>2026-07-28T17:47:35.136Z</time></trkpt><trkpt lat="46.13762167" lon="4.41969833"><ele>808.0</ele><time>2026-07-28T17:47:36.135Z</time></trkpt><trkpt lat="46.13761" lon="4.41970667"><ele>808.0</ele><time>2026-07-28T17:47:37.136Z</time></trkpt><trkpt lat="46.13759667" lon="4.419715"><ele>807.0</ele><time>2026-07-28T17:47:38.135Z</time></trkpt><trkpt lat="46.137575" lon="4.419725"><ele>807.0</ele><time>2026-07-28T17:47:39.136Z</time></trkpt><trkpt lat="46.13755667" lon="4.419725"><ele>807.0</ele><time>2026-07-28T17:47:40.136Z</time></trkpt><trkpt lat="46.13754333" lon="4.41972167"><ele>807.0</ele><time>2026-07-28T17:47:41.135Z</time></trkpt><trkpt lat="46.13753833" lon="4.41972167"><ele>806.0</ele><time>2026-07-28T17:47:42.136Z</time></trkpt><trkpt lat="46.13752333" lon="4.41971667"><ele>806.0</ele><time>2026-07-28T17:47:43.135Z</time></trkpt><trkpt lat="46.1375" lon="4.41972"><ele>806.0</ele><time>2026-07-28T17:47:44.136Z</time></trkpt><trkpt lat="46.13748333" lon="4.419725"><ele>807.0</ele><time>2026-07-28T17:47:45.135Z</time></trkpt><trkpt lat="46.13747167" lon="4.41973"><ele>807.0</ele><time>2026-07-28T17:47:46.135Z</time></trkpt><trkpt lat="46.13745667" lon="4.41973833"><ele>807.0</ele><time>2026-07-28T17:47:47.135Z</time></trkpt><trkpt lat="46.13743667" lon="4.41975333"><ele>807.0</ele><time>2026-07-28T17:47:48.135Z</time></trkpt><trkpt lat="46.13742333" lon="4.419765"><ele>807.0</ele><time>2026-07-28T17:47:49.135Z</time></trkpt><trkpt lat="46.137415" lon="4.41977"><ele>807.0</ele><time>2026-07-28T17:47:50.136Z</time></trkpt><trkpt lat="46.13740667" lon="4.41977833"><ele>807.0</ele><time>2026-07-28T17:47:51.135Z</time></trkpt><trkpt lat="46.13739667" lon="4.41978833"><ele>806.0</ele><time>2026-07-28T17:47:52.135Z</time></trkpt><trkpt lat="46.137395" lon="4.41979"><ele>805.0</ele><time>2026-07-28T17:47:53.135Z</time></trkpt><trkpt lat="46.137385" lon="4.41979667"><ele>805.0</ele><time>2026-07-28T17:47:54.136Z</time></trkpt><trkpt lat="46.13737167" lon="4.41981333"><ele>804.0</ele><time>2026-07-28T17:47:55.135Z</time></trkpt><trkpt lat="46.13735833" lon="4.41983"><ele>803.0</ele><time>2026-07-28T17:47:56.135Z</time></trkpt><trkpt lat="46.137335" lon="4.41985"><ele>803.0</ele><time>2026-07-28T17:47:57.135Z</time></trkpt><trkpt lat="46.13731667" lon="4.41986667"><ele>802.0</ele><time>2026-07-28T17:47:58.135Z</time></trkpt><trkpt lat="46.13730333" lon="4.41987833"><ele>802.0</ele><time>2026-07-28T17:47:59.135Z</time></trkpt><trkpt lat="46.13729" lon="4.419895"><ele>802.0</ele><time>2026-07-28T17:48:00.135Z</time></trkpt><trkpt lat="46.13728333" lon="4.41990333"><ele>801.0</ele><time>2026-07-28T17:48:01.136Z</time></trkpt><trkpt lat="46.13727" lon="4.41991833"><ele>801.0</ele><time>2026-07-28T17:48:02.136Z</time></trkpt><trkpt lat="46.13725833" lon="4.41992833"><ele>800.0</ele><time>2026-07-28T17:48:03.135Z</time></trkpt><trkpt lat="46.13724833" lon="4.41993833"><ele>800.0</ele><time>2026-07-28T17:48:04.135Z</time></trkpt><trkpt lat="46.13724" lon="4.41995167"><ele>799.0</ele><time>2026-07-28T17:48:05.135Z</time></trkpt><trkpt lat="46.13722833" lon="4.419965"><ele>799.0</ele><time>2026-07-28T17:48:06.136Z</time></trkpt><trkpt lat="46.13722" lon="4.41997333"><ele>799.0</ele><time>2026-07-28T17:48:07.136Z</time></trkpt><trkpt lat="46.13720667" lon="4.41998667"><ele>799.0</ele><time>2026-07-28T17:48:08.135Z</time></trkpt><trkpt lat="46.13719833" lon="4.419995"><ele>799.0</ele><time>2026-07-28T17:48:09.135Z</time></trkpt><trkpt lat="46.13719" lon="4.42000667"><ele>799.0</ele><time>2026-07-28T17:48:10.135Z</time></trkpt><trkpt lat="46.13718" lon="4.42001833"><ele>799.0</ele><time>2026-07-28T17:48:11.136Z</time></trkpt><trkpt lat="46.137165" lon="4.420035"><ele>799.0</ele><time>2026-07-28T17:48:12.135Z</time></trkpt><trkpt lat="46.137155" lon="4.42004333"><ele>798.0</ele><time>2026-07-28T17:48:13.135Z</time></trkpt><trkpt lat="46.13714333" lon="4.42005333"><ele>798.0</ele><time>2026-07-28T17:48:14.135Z</time></trkpt><trkpt lat="46.13713333" lon="4.42005833"><ele>798.0</ele><time>2026-07-28T17:48:15.135Z</time></trkpt><trkpt lat="46.13712667" lon="4.42006333"><ele>798.0</ele><time>2026-07-28T17:48:16.136Z</time></trkpt><trkpt lat="46.13711667" lon="4.42007167"><ele>798.0</ele><time>2026-07-28T17:48:17.135Z</time></trkpt><trkpt lat="46.13711167" lon="4.42007667"><ele>797.0</ele><time>2026-07-28T17:48:18.136Z</time></trkpt><trkpt lat="46.13710167" lon="4.420085"><ele>797.0</ele><time>2026-07-28T17:48:19.135Z</time></trkpt><trkpt lat="46.13709" lon="4.42009333"><ele>797.0</ele><time>2026-07-28T17:48:20.135Z</time></trkpt><trkpt lat="46.137085" lon="4.42010333"><ele>797.0</ele><time>2026-07-28T17:48:21.136Z</time></trkpt><trkpt lat="46.13707833" lon="4.42011167"><ele>797.0</ele><time>2026-07-28T17:48:22.135Z</time></trkpt><trkpt lat="46.13707167" lon="4.42012167"><ele>797.0</ele><time>2026-07-28T17:48:23.135Z</time></trkpt><trkpt lat="46.13706167" lon="4.42013667"><ele>797.0</ele><time>2026-07-28T17:48:24.136Z</time></trkpt><trkpt lat="46.13705833" lon="4.420145"><ele>797.0</ele><time>2026-07-28T17:48:25.135Z</time></trkpt><trkpt lat="46.13705167" lon="4.42015667"><ele>797.0</ele><time>2026-07-28T17:48:26.135Z</time></trkpt><trkpt lat="46.13704833" lon="4.420165"><ele>797.0</ele><time>2026-07-28T17:48:27.135Z</time></trkpt><trkpt lat="46.137045" lon="4.42017333"><ele>797.0</ele><time>2026-07-28T17:48:28.135Z</time></trkpt><trkpt lat="46.13704167" lon="4.42018333"><ele>797.0</ele><time>2026-07-28T17:48:29.136Z</time></trkpt><trkpt lat="46.13703833" lon="4.42019167"><ele>797.0</ele><time>2026-07-28T17:48:30.135Z</time></trkpt><trkpt lat="46.13703667" lon="4.42020667"><ele>797.0</ele><time>2026-07-28T17:48:31.136Z</time></trkpt><trkpt lat="46.13703" lon="4.42022167"><ele>797.0</ele><time>2026-07-28T17:48:32.135Z</time></trkpt><trkpt lat="46.13702333" lon="4.42023833"><ele>797.0</ele><time>2026-07-28T17:48:33.135Z</time></trkpt><trkpt lat="46.137015" lon="4.42025333"><ele>798.0</ele><time>2026-07-28T17:48:34.136Z</time></trkpt><trkpt lat="46.13700667" lon="4.42026833"><ele>798.0</ele><time>2026-07-28T17:48:35.135Z</time></trkpt><trkpt lat="46.136995" lon="4.42028667"><ele>798.0</ele><time>2026-07-28T17:48:36.135Z</time></trkpt><trkpt lat="46.136985" lon="4.42030167"><ele>799.0</ele><time>2026-07-28T17:48:37.136Z</time></trkpt><trkpt lat="46.13698" lon="4.42031667"><ele>799.0</ele><time>2026-07-28T17:48:38.136Z</time></trkpt><trkpt lat="46.13697667" lon="4.42033"><ele>800.0</ele><time>2026-07-28T17:48:39.136Z</time></trkpt><trkpt lat="46.13697333" lon="4.42034333"><ele>800.0</ele><time>2026-07-28T17:48:40.136Z</time></trkpt><trkpt lat="46.13696667" lon="4.42036167"><ele>801.0</ele><time>2026-07-28T17:48:41.135Z</time></trkpt><trkpt lat="46.13696167" lon="4.42037833"><ele>801.0</ele><time>2026-07-28T17:48:42.135Z</time></trkpt><trkpt lat="46.13695833" lon="4.420395"><ele>802.0</ele><time>2026-07-28T17:48:43.135Z</time></trkpt><trkpt lat="46.136955" lon="4.42041167"><ele>802.0</ele><time>2026-07-28T17:48:44.135Z</time></trkpt><trkpt lat="46.13695167" lon="4.42042667"><ele>803.0</ele><time>2026-07-28T17:48:45.135Z</time></trkpt><trkpt lat="46.13694833" lon="4.42044167"><ele>803.0</ele><time>2026-07-28T17:48:46.135Z</time></trkpt><trkpt lat="46.136945" lon="4.420455"><ele>803.0</ele><time>2026-07-28T17:48:47.135Z</time></trkpt><trkpt lat="46.136945" lon="4.42046833"><ele>803.0</ele><time>2026-07-28T17:48:48.136Z</time></trkpt><trkpt lat="46.13694333" lon="4.42048333"><ele>804.0</ele><time>2026-07-28T17:48:49.136Z</time></trkpt><trkpt lat="46.13694167" lon="4.42049833"><ele>804.0</ele><time>2026-07-28T17:48:50.135Z</time></trkpt><trkpt lat="46.13694" lon="4.42051667"><ele>805.0</ele><time>2026-07-28T17:48:51.136Z</time></trkpt><trkpt lat="46.13694167" lon="4.420535"><ele>805.0</ele><time>2026-07-28T17:48:52.136Z</time></trkpt><trkpt lat="46.13694167" lon="4.42055333"><ele>805.0</ele><time>2026-07-28T17:48:53.136Z</time></trkpt><trkpt lat="46.136945" lon="4.42057"><ele>805.0</ele><time>2026-07-28T17:48:54.136Z</time></trkpt><trkpt lat="46.136945" lon="4.42059"><ele>806.0</ele><time>2026-07-28T17:48:55.135Z</time></trkpt><trkpt lat="46.13694" lon="4.42061167"><ele>806.0</ele><time>2026-07-28T17:48:56.135Z</time></trkpt><trkpt lat="46.13693833" lon="4.42063167"><ele>806.0</ele><time>2026-07-28T17:48:57.135Z</time></trkpt><trkpt lat="46.13693667" lon="4.42065333"><ele>807.0</ele><time>2026-07-28T17:48:58.136Z</time></trkpt><trkpt lat="46.13693333" lon="4.42067167"><ele>807.0</ele><time>2026-07-28T17:48:59.136Z</time></trkpt><trkpt lat="46.13693167" lon="4.42069"><ele>807.0</ele><time>2026-07-28T17:49:00.136Z</time></trkpt><trkpt lat="46.13693" lon="4.42070833"><ele>808.0</ele><time>2026-07-28T17:49:01.135Z</time></trkpt><trkpt lat="46.13693167" lon="4.420725"><ele>808.0</ele><time>2026-07-28T17:49:02.135Z</time></trkpt><trkpt lat="46.13693167" lon="4.42074"><ele>808.0</ele><time>2026-07-28T17:49:03.135Z</time></trkpt><trkpt lat="46.13692833" lon="4.42075667"><ele>808.0</ele><time>2026-07-28T17:49:04.136Z</time></trkpt><trkpt lat="46.136925" lon="4.42077167"><ele>808.0</ele><time>2026-07-28T17:49:05.136Z</time></trkpt><trkpt lat="46.13691833" lon="4.42078833"><ele>808.0</ele><time>2026-07-28T17:49:06.136Z</time></trkpt><trkpt lat="46.136915" lon="4.42080333"><ele>808.0</ele><time>2026-07-28T17:49:07.135Z</time></trkpt><trkpt lat="46.13691167" lon="4.42082333"><ele>808.0</ele><time>2026-07-28T17:49:08.136Z</time></trkpt><trkpt lat="46.13691167" lon="4.42084167"><ele>809.0</ele><time>2026-07-28T17:49:09.136Z</time></trkpt><trkpt lat="46.136905" lon="4.42086"><ele>809.0</ele><time>2026-07-28T17:49:10.135Z</time></trkpt><trkpt lat="46.136905" lon="4.42087333"><ele>809.0</ele><time>2026-07-28T17:49:11.136Z</time></trkpt><trkpt lat="46.13689333" lon="4.42088833"><ele>809.0</ele><time>2026-07-28T17:49:12.135Z</time></trkpt><trkpt lat="46.13688333" lon="4.42090833"><ele>809.0</ele><time>2026-07-28T17:49:13.136Z</time></trkpt><trkpt lat="46.13688167" lon="4.420925"><ele>809.0</ele><time>2026-07-28T17:49:14.136Z</time></trkpt><trkpt lat="46.13687833" lon="4.42094167"><ele>809.0</ele><time>2026-07-28T17:49:15.136Z</time></trkpt><trkpt lat="46.13687667" lon="4.42096167"><ele>810.0</ele><time>2026-07-28T17:49:16.135Z</time></trkpt><trkpt lat="46.13687333" lon="4.42097833"><ele>810.0</ele><time>2026-07-28T17:49:17.135Z</time></trkpt><trkpt lat="46.13686833" lon="4.42099333"><ele>810.0</ele><time>2026-07-28T17:49:18.135Z</time></trkpt><trkpt lat="46.136865" lon="4.42100333"><ele>810.0</ele><time>2026-07-28T17:49:19.136Z</time></trkpt><trkpt lat="46.13686" lon="4.42101667"><ele>810.0</ele><time>2026-07-28T17:49:20.135Z</time></trkpt><trkpt lat="46.13685167" lon="4.42103"><ele>810.0</ele><time>2026-07-28T17:49:21.136Z</time></trkpt><trkpt lat="46.13684833" lon="4.42104333"><ele>811.0</ele><time>2026-07-28T17:49:22.135Z</time></trkpt><trkpt lat="46.136845" lon="4.42105667"><ele>811.0</ele><time>2026-07-28T17:49:23.135Z</time></trkpt><trkpt lat="46.13684333" lon="4.42106833"><ele>811.0</ele><time>2026-07-28T17:49:24.135Z</time></trkpt><trkpt lat="46.13684" lon="4.42108167"><ele>811.0</ele><time>2026-07-28T17:49:25.135Z</time></trkpt><trkpt lat="46.13684" lon="4.42109667"><ele>812.0</ele><time>2026-07-28T17:49:26.136Z</time></trkpt><trkpt lat="46.13684" lon="4.42110667"><ele>812.0</ele><time>2026-07-28T17:49:27.136Z</time></trkpt><trkpt lat="46.13683833" lon="4.42112"><ele>812.0</ele><time>2026-07-28T17:49:28.135Z</time></trkpt><trkpt lat="46.13683333" lon="4.42113333"><ele>812.0</ele><time>2026-07-28T17:49:29.135Z</time></trkpt><trkpt lat="46.13682833" lon="4.42114667"><ele>813.0</ele><time>2026-07-28T17:49:30.136Z</time></trkpt><trkpt lat="46.136825" lon="4.42115833"><ele>813.0</ele><time>2026-07-28T17:49:31.135Z</time></trkpt><trkpt lat="46.13681833" lon="4.42116667"><ele>813.0</ele><time>2026-07-28T17:49:32.135Z</time></trkpt><trkpt lat="46.13681333" lon="4.42118167"><ele>813.0</ele><time>2026-07-28T17:49:33.135Z</time></trkpt><trkpt lat="46.13681167" lon="4.4212"><ele>812.0</ele><time>2026-07-28T17:49:34.135Z</time></trkpt><trkpt lat="46.13680667" lon="4.42121333"><ele>812.0</ele><time>2026-07-28T17:49:35.135Z</time></trkpt><trkpt lat="46.13680833" lon="4.42122667"><ele>812.0</ele><time>2026-07-28T17:49:36.135Z</time></trkpt><trkpt lat="46.136805" lon="4.42124333"><ele>812.0</ele><time>2026-07-28T17:49:37.135Z</time></trkpt><trkpt lat="46.13681" lon="4.42126"><ele>813.0</ele><time>2026-07-28T17:49:38.135Z</time></trkpt><trkpt lat="46.13681167" lon="4.42127167"><ele>813.0</ele><time>2026-07-28T17:49:39.136Z</time></trkpt><trkpt lat="46.13681" lon="4.42128667"><ele>813.0</ele><time>2026-07-28T17:49:40.135Z</time></trkpt><trkpt lat="46.136805" lon="4.42129167"><ele>813.0</ele><time>2026-07-28T17:49:41.136Z</time></trkpt><trkpt lat="46.13679167" lon="4.42129667"><ele>813.0</ele><time>2026-07-28T17:49:42.135Z</time></trkpt><trkpt lat="46.13677833" lon="4.42130667"><ele>813.0</ele><time>2026-07-28T17:49:43.135Z</time></trkpt><trkpt lat="46.136775" lon="4.42132333"><ele>813.0</ele><time>2026-07-28T17:49:44.136Z</time></trkpt><trkpt lat="46.136775" lon="4.42133667"><ele>813.0</ele><time>2026-07-28T17:49:45.135Z</time></trkpt><trkpt lat="46.13677167" lon="4.42135"><ele>813.0</ele><time>2026-07-28T17:49:46.136Z</time></trkpt><trkpt lat="46.13676833" lon="4.42136167"><ele>813.0</ele><time>2026-07-28T17:49:47.136Z</time></trkpt><trkpt lat="46.13676667" lon="4.42136667"><ele>814.0</ele><time>2026-07-28T17:49:48.136Z</time></trkpt><trkpt lat="46.136765" lon="4.42138167"><ele>814.0</ele><time>2026-07-28T17:49:49.135Z</time></trkpt><trkpt lat="46.13676333" lon="4.421395"><ele>814.0</ele><time>2026-07-28T17:49:50.135Z</time></trkpt><trkpt lat="46.13676" lon="4.42141667"><ele>815.0</ele><time>2026-07-28T17:49:51.135Z</time></trkpt><trkpt lat="46.13675833" lon="4.42143667"><ele>816.0</ele><time>2026-07-28T17:49:52.135Z</time></trkpt><trkpt lat="46.13675667" lon="4.42144833"><ele>817.0</ele><time>2026-07-28T17:49:53.135Z</time></trkpt><trkpt lat="46.13675167" lon="4.42146167"><ele>818.0</ele><time>2026-07-28T17:49:54.135Z</time></trkpt><trkpt lat="46.136745" lon="4.42147167"><ele>819.0</ele><time>2026-07-28T17:49:55.135Z</time></trkpt><trkpt lat="46.13674333" lon="4.42147833"><ele>820.0</ele><time>2026-07-28T17:49:56.135Z</time></trkpt><trkpt lat="46.13674333" lon="4.42148833"><ele>821.0</ele><time>2026-07-28T17:49:57.135Z</time></trkpt><trkpt lat="46.13674333" lon="4.4215"><ele>822.0</ele><time>2026-07-28T17:49:58.135Z</time></trkpt><trkpt lat="46.13674" lon="4.42150833"><ele>822.0</ele><time>2026-07-28T17:49:59.135Z</time></trkpt><trkpt lat="46.13674167" lon="4.421515"><ele>823.0</ele><time>2026-07-28T17:50:00.136Z</time></trkpt><trkpt lat="46.13673833" lon="4.42152333"><ele>824.0</ele><time>2026-07-28T17:50:01.135Z</time></trkpt><trkpt lat="46.13673333" lon="4.42153333"><ele>825.0</ele><time>2026-07-28T17:50:02.135Z</time></trkpt><trkpt lat="46.13671167" lon="4.42155"><ele>826.0</ele><time>2026-07-28T17:50:03.135Z</time></trkpt><trkpt lat="46.13669833" lon="4.42155667"><ele>827.0</ele><time>2026-07-28T17:50:04.135Z</time></trkpt><trkpt lat="46.13669333" lon="4.42155833"><ele>827.0</ele><time>2026-07-28T17:50:05.135Z</time></trkpt><trkpt lat="46.13668833" lon="4.42156833"><ele>828.0</ele><time>2026-07-28T17:50:06.135Z</time></trkpt><trkpt lat="46.13668" lon="4.42157667"><ele>828.0</ele><time>2026-07-28T17:50:07.135Z</time></trkpt><trkpt lat="46.136675" lon="4.42158333"><ele>828.0</ele><time>2026-07-28T17:50:08.135Z</time></trkpt><trkpt lat="46.13667167" lon="4.42159333"><ele>828.0</ele><time>2026-07-28T17:50:09.135Z</time></trkpt><trkpt lat="46.136675" lon="4.42160833"><ele>828.0</ele><time>2026-07-28T17:50:10.136Z</time></trkpt><trkpt lat="46.13667667" lon="4.42162167"><ele>828.0</ele><time>2026-07-28T17:50:11.135Z</time></trkpt><trkpt lat="46.13667833" lon="4.421635"><ele>828.0</ele><time>2026-07-28T17:50:12.135Z</time></trkpt><trkpt lat="46.13667333" lon="4.42164333"><ele>829.0</ele><time>2026-07-28T17:50:13.136Z</time></trkpt><trkpt lat="46.13667167" lon="4.42164833"><ele>829.0</ele><time>2026-07-28T17:50:14.136Z</time></trkpt><trkpt lat="46.13667" lon="4.42165667"><ele>829.0</ele><time>2026-07-28T17:50:15.135Z</time></trkpt><trkpt lat="46.136665" lon="4.42166667"><ele>829.0</ele><time>2026-07-28T17:50:16.135Z</time></trkpt><trkpt lat="46.13665667" lon="4.42168167"><ele>829.0</ele><time>2026-07-28T17:50:17.136Z</time></trkpt><trkpt lat="46.13664833" lon="4.42169167"><ele>829.0</ele><time>2026-07-28T17:50:18.136Z</time></trkpt><trkpt lat="46.13664667" lon="4.4217"><ele>829.0</ele><time>2026-07-28T17:50:19.136Z</time></trkpt><trkpt lat="46.13664333" lon="4.42170833"><ele>829.0</ele><time>2026-07-28T17:50:20.135Z</time></trkpt><trkpt lat="46.13664" lon="4.42171833"><ele>829.0</ele><time>2026-07-28T17:50:21.135Z</time></trkpt><trkpt lat="46.13664" lon="4.42173"><ele>829.0</ele><time>2026-07-28T17:50:22.135Z</time></trkpt><trkpt lat="46.13664167" lon="4.42174333"><ele>829.0</ele><time>2026-07-28T17:50:23.135Z</time></trkpt><trkpt lat="46.13664333" lon="4.42175667"><ele>830.0</ele><time>2026-07-28T17:50:24.135Z</time></trkpt><trkpt lat="46.13663833" lon="4.421775"><ele>830.0</ele><time>2026-07-28T17:50:25.136Z</time></trkpt><trkpt lat="46.13663167" lon="4.421795"><ele>830.0</ele><time>2026-07-28T17:50:26.136Z</time></trkpt><trkpt lat="46.13662167" lon="4.42180833"><ele>830.0</ele><time>2026-07-28T17:50:27.135Z</time></trkpt><trkpt lat="46.13662167" lon="4.42181833"><ele>831.0</ele><time>2026-07-28T17:50:28.135Z</time></trkpt><trkpt lat="46.13662" lon="4.42183"><ele>831.0</ele><time>2026-07-28T17:50:29.136Z</time></trkpt><trkpt lat="46.13662" lon="4.42183833"><ele>831.0</ele><time>2026-07-28T17:50:30.135Z</time></trkpt><trkpt lat="46.13662167" lon="4.42184167"><ele>831.0</ele><time>2026-07-28T17:50:31.135Z</time></trkpt><trkpt lat="46.13661833" lon="4.42185"><ele>831.0</ele><time>2026-07-28T17:50:32.136Z</time></trkpt><trkpt lat="46.13661333" lon="4.42186"><ele>831.0</ele><time>2026-07-28T17:50:33.135Z</time></trkpt><trkpt lat="46.13660833" lon="4.42187333"><ele>831.0</ele><time>2026-07-28T17:50:34.135Z</time></trkpt><trkpt lat="46.13659667" lon="4.42188833"><ele>831.0</ele><time>2026-07-28T17:50:35.135Z</time></trkpt><trkpt lat="46.13659167" lon="4.4219"><ele>832.0</ele><time>2026-07-28T17:50:36.135Z</time></trkpt><trkpt lat="46.13658" lon="4.42191667"><ele>832.0</ele><time>2026-07-28T17:50:37.135Z</time></trkpt><trkpt lat="46.136565" lon="4.42193333"><ele>833.0</ele><time>2026-07-28T17:50:38.135Z</time></trkpt><trkpt lat="46.13655" lon="4.42195167"><ele>833.0</ele><time>2026-07-28T17:50:39.135Z</time></trkpt><trkpt lat="46.13654167" lon="4.42196167"><ele>833.0</ele><time>2026-07-28T17:50:40.135Z</time></trkpt><trkpt lat="46.13653833" lon="4.42197333"><ele>833.0</ele><time>2026-07-28T17:50:41.136Z</time></trkpt><trkpt lat="46.136535" lon="4.42198833"><ele>834.0</ele><time>2026-07-28T17:50:42.135Z</time></trkpt><trkpt lat="46.13652333" lon="4.42200667"><ele>834.0</ele><time>2026-07-28T17:50:43.136Z</time></trkpt><trkpt lat="46.13652" lon="4.42202333"><ele>834.0</ele><time>2026-07-28T17:50:44.135Z</time></trkpt><trkpt lat="46.13651833" lon="4.422045"><ele>835.0</ele><time>2026-07-28T17:50:45.135Z</time></trkpt><trkpt lat="46.13651667" lon="4.422065"><ele>835.0</ele><time>2026-07-28T17:50:46.135Z</time></trkpt><trkpt lat="46.13651833" lon="4.422085"><ele>836.0</ele><time>2026-07-28T17:50:47.135Z</time></trkpt><trkpt lat="46.13651667" lon="4.4221"><ele>837.0</ele><time>2026-07-28T17:50:48.135Z</time></trkpt><trkpt lat="46.13651667" lon="4.42212167"><ele>837.0</ele><time>2026-07-28T17:50:49.136Z</time></trkpt><trkpt lat="46.13651667" lon="4.42214167"><ele>837.0</ele><time>2026-07-28T17:50:50.135Z</time></trkpt><trkpt lat="46.13652667" lon="4.42216167"><ele>838.0</ele><time>2026-07-28T17:50:51.135Z</time></trkpt><trkpt lat="46.13651333" lon="4.42216833"><ele>838.0</ele><time>2026-07-28T17:50:52.135Z</time></trkpt><trkpt lat="46.136525" lon="4.42219"><ele>838.0</ele><time>2026-07-28T17:50:53.135Z</time></trkpt><trkpt lat="46.13652833" lon="4.42220167"><ele>839.0</ele><time>2026-07-28T17:50:54.135Z</time></trkpt><trkpt lat="46.13652167" lon="4.42221833"><ele>839.0</ele><time>2026-07-28T17:50:55.135Z</time></trkpt><trkpt lat="46.13651333" lon="4.42223333"><ele>839.0</ele><time>2026-07-28T17:50:56.136Z</time></trkpt><trkpt lat="46.13650833" lon="4.42224833"><ele>839.0</ele><time>2026-07-28T17:50:57.135Z</time></trkpt><trkpt lat="46.13650333" lon="4.42226"><ele>839.0</ele><time>2026-07-28T17:50:58.135Z</time></trkpt><trkpt lat="46.136485" lon="4.42227333"><ele>839.0</ele><time>2026-07-28T17:50:59.135Z</time></trkpt><trkpt lat="46.13647667" lon="4.422285"><ele>840.0</ele><time>2026-07-28T17:51:00.136Z</time></trkpt><trkpt lat="46.13647" lon="4.42229667"><ele>840.0</ele><time>2026-07-28T17:51:01.135Z</time></trkpt><trkpt lat="46.13646333" lon="4.42231333"><ele>840.0</ele><time>2026-07-28T17:51:02.135Z</time></trkpt><trkpt lat="46.13645333" lon="4.422325"><ele>840.0</ele><time>2026-07-28T17:51:03.136Z</time></trkpt><trkpt lat="46.13644333" lon="4.42233"><ele>841.0</ele><time>2026-07-28T17:51:04.135Z</time></trkpt><trkpt lat="46.13643167" lon="4.422335"><ele>841.0</ele><time>2026-07-28T17:51:05.135Z</time></trkpt><trkpt lat="46.13641833" lon="4.422335"><ele>841.0</ele><time>2026-07-28T17:51:06.136Z</time></trkpt><trkpt lat="46.136405" lon="4.42234167"><ele>841.0</ele><time>2026-07-28T17:51:07.135Z</time></trkpt><trkpt lat="46.13639667" lon="4.422345"><ele>841.0</ele><time>2026-07-28T17:51:08.135Z</time></trkpt><trkpt lat="46.13639333" lon="4.422355"><ele>840.0</ele><time>2026-07-28T17:51:09.135Z</time></trkpt><trkpt lat="46.13638833" lon="4.42236167"><ele>840.0</ele><time>2026-07-28T17:51:10.136Z</time></trkpt><trkpt lat="46.13638167" lon="4.42237167"><ele>840.0</ele><time>2026-07-28T17:51:11.136Z</time></trkpt><trkpt lat="46.13637333" lon="4.42238167"><ele>840.0</ele><time>2026-07-28T17:51:12.136Z</time></trkpt><trkpt lat="46.13637" lon="4.4224"><ele>840.0</ele><time>2026-07-28T17:51:13.136Z</time></trkpt><trkpt lat="46.13636667" lon="4.42241167"><ele>841.0</ele><time>2026-07-28T17:51:14.136Z</time></trkpt><trkpt lat="46.13636667" lon="4.42242167"><ele>841.0</ele><time>2026-07-28T17:51:15.135Z</time></trkpt><trkpt lat="46.13636333" lon="4.42242667"><ele>841.0</ele><time>2026-07-28T17:51:16.135Z</time></trkpt><trkpt lat="46.13636" lon="4.42243167"><ele>841.0</ele><time>2026-07-28T17:51:17.136Z</time></trkpt><trkpt lat="46.13635333" lon="4.42244"><ele>842.0</ele><time>2026-07-28T17:51:18.136Z</time></trkpt><trkpt lat="46.13635167" lon="4.42245167"><ele>842.0</ele><time>2026-07-28T17:51:19.136Z</time></trkpt><trkpt lat="46.13634667" lon="4.42245833"><ele>842.0</ele><time>2026-07-28T17:51:20.136Z</time></trkpt><trkpt lat="46.13634" lon="4.42246667"><ele>842.0</ele><time>2026-07-28T17:51:21.135Z</time></trkpt><trkpt lat="46.13632833" lon="4.42247167"><ele>843.0</ele><time>2026-07-28T17:51:22.135Z</time></trkpt><trkpt lat="46.13631833" lon="4.42248667"><ele>843.0</ele><time>2026-07-28T17:51:23.136Z</time></trkpt><trkpt lat="46.136315" lon="4.422505"><ele>842.0</ele><time>2026-07-28T17:51:24.135Z</time></trkpt><trkpt lat="46.13631" lon="4.422525"><ele>842.0</ele><time>2026-07-28T17:51:25.135Z</time></trkpt><trkpt lat="46.13630667" lon="4.42254667"><ele>842.0</ele><time>2026-07-28T17:51:26.135Z</time></trkpt><trkpt lat="46.13629333" lon="4.42255667"><ele>841.0</ele><time>2026-07-28T17:51:27.135Z</time></trkpt><trkpt lat="46.13628667" lon="4.42256"><ele>841.0</ele><time>2026-07-28T17:51:28.135Z</time></trkpt><trkpt lat="46.13628" lon="4.42257"><ele>841.0</ele><time>2026-07-28T17:51:29.135Z</time></trkpt><trkpt lat="46.13627333" lon="4.422575"><ele>841.0</ele><time>2026-07-28T17:51:30.136Z</time></trkpt><trkpt lat="46.136265" lon="4.422575"><ele>841.0</ele><time>2026-07-28T17:51:31.135Z</time></trkpt><trkpt lat="46.13625667" lon="4.42257833"><ele>841.0</ele><time>2026-07-28T17:51:32.136Z</time></trkpt><trkpt lat="46.13625167" lon="4.42258833"><ele>841.0</ele><time>2026-07-28T17:51:33.136Z</time></trkpt><trkpt lat="46.13624333" lon="4.422595"><ele>841.0</ele><time>2026-07-28T17:51:34.135Z</time></trkpt><trkpt lat="46.13623833" lon="4.42260833"><ele>841.0</ele><time>2026-07-28T17:51:35.136Z</time></trkpt><trkpt lat="46.13623833" lon="4.42261667"><ele>841.0</ele><time>2026-07-28T17:51:36.136Z</time></trkpt><trkpt lat="46.13623667" lon="4.42262167"><ele>842.0</ele><time>2026-07-28T17:51:37.136Z</time></trkpt><trkpt lat="46.136235" lon="4.42263333"><ele>842.0</ele><time>2026-07-28T17:51:38.136Z</time></trkpt><trkpt lat="46.13623167" lon="4.42264"><ele>842.0</ele><time>2026-07-28T17:51:39.135Z</time></trkpt><trkpt lat="46.13623" lon="4.42264833"><ele>842.0</ele><time>2026-07-28T17:51:40.135Z</time></trkpt><trkpt lat="46.13623" lon="4.42265333"><ele>842.0</ele><time>2026-07-28T17:51:41.135Z</time></trkpt><trkpt lat="46.13622667" lon="4.42266167"><ele>842.0</ele><time>2026-07-28T17:51:42.136Z</time></trkpt><trkpt lat="46.13622" lon="4.42267167"><ele>843.0</ele><time>2026-07-28T17:51:43.135Z</time></trkpt><trkpt lat="46.13621667" lon="4.422675"><ele>843.0</ele><time>2026-07-28T17:51:44.135Z</time></trkpt><trkpt lat="46.13620833" lon="4.42268"><ele>844.0</ele><time>2026-07-28T17:51:45.135Z</time></trkpt><trkpt lat="46.13619167" lon="4.42268667"><ele>844.0</ele><time>2026-07-28T17:51:46.135Z</time></trkpt><trkpt lat="46.13617833" lon="4.422695"><ele>844.0</ele><time>2026-07-28T17:51:47.135Z</time></trkpt><trkpt lat="46.13617" lon="4.4227"><ele>844.0</ele><time>2026-07-28T17:51:48.135Z</time></trkpt><trkpt lat="46.13616833" lon="4.42270667"><ele>844.0</ele><time>2026-07-28T17:51:49.135Z</time></trkpt><trkpt lat="46.13616167" lon="4.422715"><ele>844.0</ele><time>2026-07-28T17:51:50.135Z</time></trkpt><trkpt lat="46.13615167" lon="4.42272833"><ele>844.0</ele><time>2026-07-28T17:51:51.135Z</time></trkpt><trkpt lat="46.13614333" lon="4.422735"><ele>844.0</ele><time>2026-07-28T17:51:52.135Z</time></trkpt><trkpt lat="46.13612333" lon="4.422745"><ele>845.0</ele><time>2026-07-28T17:51:53.135Z</time></trkpt><trkpt lat="46.136105" lon="4.42275167"><ele>845.0</ele><time>2026-07-28T17:51:54.136Z</time></trkpt><trkpt lat="46.13609167" lon="4.42275667"><ele>845.0</ele><time>2026-07-28T17:51:55.135Z</time></trkpt><trkpt lat="46.136075" lon="4.42277167"><ele>846.0</ele><time>2026-07-28T17:51:56.135Z</time></trkpt><trkpt lat="46.13606" lon="4.42278167"><ele>847.0</ele><time>2026-07-28T17:51:57.136Z</time></trkpt><trkpt lat="46.136045" lon="4.42279833"><ele>847.0</ele><time>2026-07-28T17:51:58.136Z</time></trkpt><trkpt lat="46.13603167" lon="4.42280833"><ele>848.0</ele><time>2026-07-28T17:51:59.136Z</time></trkpt><trkpt lat="46.13602833" lon="4.42281167"><ele>848.0</ele><time>2026-07-28T17:52:00.135Z</time></trkpt><trkpt lat="46.13601833" lon="4.42281333"><ele>849.0</ele><time>2026-07-28T17:52:01.135Z</time></trkpt><trkpt lat="46.13600333" lon="4.42281833"><ele>849.0</ele><time>2026-07-28T17:52:02.136Z</time></trkpt><trkpt lat="46.135995" lon="4.42282167"><ele>849.0</ele><time>2026-07-28T17:52:03.135Z</time></trkpt><trkpt lat="46.13598" lon="4.42282667"><ele>850.0</ele><time>2026-07-28T17:52:04.135Z</time></trkpt><trkpt lat="46.13596333" lon="4.42283"><ele>850.0</ele><time>2026-07-28T17:52:05.136Z</time></trkpt><trkpt lat="46.13594167" lon="4.42284667"><ele>851.0</ele><time>2026-07-28T17:52:06.135Z</time></trkpt><trkpt lat="46.13592167" lon="4.42286333"><ele>851.0</ele><time>2026-07-28T17:52:07.135Z</time></trkpt><trkpt lat="46.1359" lon="4.42288167"><ele>852.0</ele><time>2026-07-28T17:52:08.135Z</time></trkpt><trkpt lat="46.13588333" lon="4.422895"><ele>852.0</ele><time>2026-07-28T17:52:09.136Z</time></trkpt><trkpt lat="46.13586667" lon="4.422905"><ele>852.0</ele><time>2026-07-28T17:52:10.135Z</time></trkpt><trkpt lat="46.135855" lon="4.42290833"><ele>852.0</ele><time>2026-07-28T17:52:11.136Z</time></trkpt><trkpt lat="46.13584" lon="4.42291333"><ele>852.0</ele><time>2026-07-28T17:52:12.135Z</time></trkpt><trkpt lat="46.13583" lon="4.42291167"><ele>852.0</ele><time>2026-07-28T17:52:13.136Z</time></trkpt><trkpt lat="46.13582" lon="4.422905"><ele>851.0</ele><time>2026-07-28T17:52:14.135Z</time></trkpt><trkpt lat="46.13580333" lon="4.42290833"><ele>850.0</ele><time>2026-07-28T17:52:15.136Z</time></trkpt><trkpt lat="46.13578833" lon="4.42291"><ele>850.0</ele><time>2026-07-28T17:52:16.135Z</time></trkpt><trkpt lat="46.135775" lon="4.42291667"><ele>849.0</ele><time>2026-07-28T17:52:17.136Z</time></trkpt><trkpt lat="46.13575667" lon="4.42292333"><ele>848.0</ele><time>2026-07-28T17:52:18.135Z</time></trkpt><trkpt lat="46.13574167" lon="4.422925"><ele>847.0</ele><time>2026-07-28T17:52:19.135Z</time></trkpt><trkpt lat="46.135725" lon="4.422925"><ele>846.0</ele><time>2026-07-28T17:52:20.135Z</time></trkpt><trkpt lat="46.13570833" lon="4.422925"><ele>846.0</ele><time>2026-07-28T17:52:21.136Z</time></trkpt><trkpt lat="46.13569667" lon="4.42292667"><ele>846.0</ele><time>2026-07-28T17:52:22.136Z</time></trkpt><trkpt lat="46.13568333" lon="4.42293333"><ele>845.0</ele><time>2026-07-28T17:52:23.135Z</time></trkpt><trkpt lat="46.135665" lon="4.42294"><ele>845.0</ele><time>2026-07-28T17:52:24.136Z</time></trkpt><trkpt lat="46.13565" lon="4.42294667"><ele>844.0</ele><time>2026-07-28T17:52:25.135Z</time></trkpt><trkpt lat="46.13563333" lon="4.42295833"><ele>844.0</ele><time>2026-07-28T17:52:26.135Z</time></trkpt><trkpt lat="46.13561833" lon="4.42296167"><ele>843.0</ele><time>2026-07-28T17:52:27.135Z</time></trkpt><trkpt lat="46.13559833" lon="4.422975"><ele>843.0</ele><time>2026-07-28T17:52:28.136Z</time></trkpt><trkpt lat="46.13558167" lon="4.42298667"><ele>843.0</ele><time>2026-07-28T17:52:29.136Z</time></trkpt><trkpt lat="46.135565" lon="4.42299333"><ele>843.0</ele><time>2026-07-28T17:52:30.135Z</time></trkpt><trkpt lat="46.13555167" lon="4.42299167"><ele>843.0</ele><time>2026-07-28T17:52:31.135Z</time></trkpt><trkpt lat="46.13553667" lon="4.42298833"><ele>844.0</ele><time>2026-07-28T17:52:32.135Z</time></trkpt><trkpt lat="46.135515" lon="4.42299"><ele>844.0</ele><time>2026-07-28T17:52:33.136Z</time></trkpt><trkpt lat="46.13549333" lon="4.42299833"><ele>845.0</ele><time>2026-07-28T17:52:34.136Z</time></trkpt><trkpt lat="46.13548" lon="4.42300167"><ele>845.0</ele><time>2026-07-28T17:52:35.136Z</time></trkpt><trkpt lat="46.13547" lon="4.42300667"><ele>846.0</ele><time>2026-07-28T17:52:36.136Z</time></trkpt><trkpt lat="46.13546" lon="4.42300833"><ele>847.0</ele><time>2026-07-28T17:52:37.136Z</time></trkpt><trkpt lat="46.13545" lon="4.42300833"><ele>847.0</ele><time>2026-07-28T17:52:38.135Z</time></trkpt><trkpt lat="46.13543667" lon="4.423005"><ele>847.0</ele><time>2026-07-28T17:52:39.135Z</time></trkpt><trkpt lat="46.13542667" lon="4.42300833"><ele>848.0</ele><time>2026-07-28T17:52:40.136Z</time></trkpt><trkpt lat="46.13541" lon="4.42301333"><ele>848.0</ele><time>2026-07-28T17:52:41.136Z</time></trkpt><trkpt lat="46.13539" lon="4.42301667"><ele>848.0</ele><time>2026-07-28T17:52:42.135Z</time></trkpt><trkpt lat="46.13536667" lon="4.42303"><ele>848.0</ele><time>2026-07-28T17:52:43.136Z</time></trkpt><trkpt lat="46.13533833" lon="4.42303333"><ele>849.0</ele><time>2026-07-28T17:52:44.135Z</time></trkpt><trkpt lat="46.13531667" lon="4.42304"><ele>849.0</ele><time>2026-07-28T17:52:45.136Z</time></trkpt><trkpt lat="46.13529" lon="4.42306667"><ele>849.0</ele><time>2026-07-28T17:52:46.135Z</time></trkpt><trkpt lat="46.13527833" lon="4.42306"><ele>849.0</ele><time>2026-07-28T17:52:47.135Z</time></trkpt><trkpt lat="46.135265" lon="4.42304833"><ele>849.0</ele><time>2026-07-28T17:52:48.136Z</time></trkpt><trkpt lat="46.13525833" lon="4.42304"><ele>849.0</ele><time>2026-07-28T17:52:49.135Z</time></trkpt><trkpt lat="46.13526333" lon="4.42304333"><ele>849.0</ele><time>2026-07-28T17:52:50.135Z</time></trkpt><trkpt lat="46.13526333" lon="4.423105"><ele>849.0</ele><time>2026-07-28T17:52:51.135Z</time></trkpt><trkpt lat="46.13524" lon="4.42311833"><ele>850.0</ele><time>2026-07-28T17:52:52.135Z</time></trkpt><trkpt lat="46.13519667" lon="4.42313"><ele>850.0</ele><time>2026-07-28T17:52:53.136Z</time></trkpt><trkpt lat="46.13517167" lon="4.42313833"><ele>850.0</ele><time>2026-07-28T17:52:54.135Z</time></trkpt><trkpt lat="46.135155" lon="4.423135"><ele>850.0</ele><time>2026-07-28T17:52:55.135Z</time></trkpt><trkpt lat="46.13514167" lon="4.42311167"><ele>850.0</ele><time>2026-07-28T17:52:56.135Z</time></trkpt><trkpt lat="46.135125" lon="4.423095"><ele>850.0</ele><time>2026-07-28T17:52:57.135Z</time></trkpt><trkpt lat="46.13510333" lon="4.42309333"><ele>850.0</ele><time>2026-07-28T17:52:58.135Z</time></trkpt><trkpt lat="46.13509" lon="4.42309333"><ele>850.0</ele><time>2026-07-28T17:52:59.136Z</time></trkpt><trkpt lat="46.135075" lon="4.42310667"><ele>850.0</ele><time>2026-07-28T17:53:00.136Z</time></trkpt><trkpt lat="46.135065" lon="4.42312333"><ele>850.0</ele><time>2026-07-28T17:53:01.135Z</time></trkpt><trkpt lat="46.13506" lon="4.42312167"><ele>849.0</ele><time>2026-07-28T17:53:02.136Z</time></trkpt><trkpt lat="46.135055" lon="4.42310333"><ele>849.0</ele><time>2026-07-28T17:53:03.136Z</time></trkpt><trkpt lat="46.13504333" lon="4.42307167"><ele>848.0</ele><time>2026-07-28T17:53:04.135Z</time></trkpt><trkpt lat="46.13503667" lon="4.42306333"><ele>848.0</ele><time>2026-07-28T17:53:05.135Z</time></trkpt><trkpt lat="46.13503" lon="4.42306333"><ele>848.0</ele><time>2026-07-28T17:53:06.136Z</time></trkpt><trkpt lat="46.13502167" lon="4.42306"><ele>847.0</ele><time>2026-07-28T17:53:07.136Z</time></trkpt><trkpt lat="46.13501333" lon="4.42305833"><ele>847.0</ele><time>2026-07-28T17:53:08.135Z</time></trkpt><trkpt lat="46.13500333" lon="4.423055"><ele>846.0</ele><time>2026-07-28T17:53:09.135Z</time></trkpt><trkpt lat="46.13499167" lon="4.42305167"><ele>846.0</ele><time>2026-07-28T17:53:10.135Z</time></trkpt><trkpt lat="46.13498167" lon="4.42305167"><ele>846.0</ele><time>2026-07-28T17:53:11.136Z</time></trkpt><trkpt lat="46.13497333" lon="4.42304333"><ele>846.0</ele><time>2026-07-28T17:53:12.136Z</time></trkpt><trkpt lat="46.134955" lon="4.42304333"><ele>846.0</ele><time>2026-07-28T17:53:13.136Z</time></trkpt><trkpt lat="46.13494" lon="4.42304333"><ele>846.0</ele><time>2026-07-28T17:53:14.135Z</time></trkpt><trkpt lat="46.13492" lon="4.423045"><ele>847.0</ele><time>2026-07-28T17:53:15.135Z</time></trkpt><trkpt lat="46.13490333" lon="4.42304333"><ele>847.0</ele><time>2026-07-28T17:53:16.136Z</time></trkpt><trkpt lat="46.134885" lon="4.42304833"><ele>848.0</ele><time>2026-07-28T17:53:17.135Z</time></trkpt><trkpt lat="46.13486833" lon="4.42304833"><ele>848.0</ele><time>2026-07-28T17:53:18.135Z</time></trkpt><trkpt lat="46.13485333" lon="4.42304833"><ele>849.0</ele><time>2026-07-28T17:53:19.135Z</time></trkpt><trkpt lat="46.13483667" lon="4.42304167"><ele>849.0</ele><time>2026-07-28T17:53:20.135Z</time></trkpt><trkpt lat="46.13481167" lon="4.42304167"><ele>849.0</ele><time>2026-07-28T17:53:21.135Z</time></trkpt><trkpt lat="46.1348" lon="4.42303833"><ele>849.0</ele><time>2026-07-28T17:53:22.135Z</time></trkpt><trkpt lat="46.13478333" lon="4.42303833"><ele>849.0</ele><time>2026-07-28T17:53:23.136Z</time></trkpt><trkpt lat="46.134765" lon="4.42304"><ele>849.0</ele><time>2026-07-28T17:53:24.135Z</time></trkpt><trkpt lat="46.134745" lon="4.42304333"><ele>849.0</ele><time>2026-07-28T17:53:25.135Z</time></trkpt><trkpt lat="46.13473333" lon="4.42303667"><ele>849.0</ele><time>2026-07-28T17:53:26.135Z</time></trkpt><trkpt lat="46.13472667" lon="4.42302667"><ele>849.0</ele><time>2026-07-28T17:53:27.135Z</time></trkpt><trkpt lat="46.134715" lon="4.42302167"><ele>849.0</ele><time>2026-07-28T17:53:28.135Z</time></trkpt><trkpt lat="46.13470333" lon="4.423015"><ele>849.0</ele><time>2026-07-28T17:53:29.135Z</time></trkpt><trkpt lat="46.13469333" lon="4.42301167"><ele>848.0</ele><time>2026-07-28T17:53:30.136Z</time></trkpt><trkpt lat="46.13468167" lon="4.42301"><ele>848.0</ele><time>2026-07-28T17:53:31.135Z</time></trkpt><trkpt lat="46.13467" lon="4.42301333"><ele>848.0</ele><time>2026-07-28T17:53:32.135Z</time></trkpt><trkpt lat="46.13465333" lon="4.42302"><ele>848.0</ele><time>2026-07-28T17:53:33.136Z</time></trkpt><trkpt lat="46.13463667" lon="4.42302333"><ele>848.0</ele><time>2026-07-28T17:53:34.136Z</time></trkpt><trkpt lat="46.13462667" lon="4.42302167"><ele>848.0</ele><time>2026-07-28T17:53:35.135Z</time></trkpt><trkpt lat="46.13460833" lon="4.42302167"><ele>848.0</ele><time>2026-07-28T17:53:36.135Z</time></trkpt><trkpt lat="46.134595" lon="4.42302167"><ele>849.0</ele><time>2026-07-28T17:53:37.135Z</time></trkpt><trkpt lat="46.13458667" lon="4.42301667"><ele>849.0</ele><time>2026-07-28T17:53:38.135Z</time></trkpt><trkpt lat="46.134575" lon="4.42301833"><ele>849.0</ele><time>2026-07-28T17:53:39.136Z</time></trkpt><trkpt lat="46.134565" lon="4.42302167"><ele>849.0</ele><time>2026-07-28T17:53:40.135Z</time></trkpt><trkpt lat="46.13455" lon="4.42302833"><ele>850.0</ele><time>2026-07-28T17:53:41.135Z</time></trkpt><trkpt lat="46.13453333" lon="4.42303"><ele>850.0</ele><time>2026-07-28T17:53:42.135Z</time></trkpt><trkpt lat="46.13451833" lon="4.42304167"><ele>850.0</ele><time>2026-07-28T17:53:43.135Z</time></trkpt><trkpt lat="46.134505" lon="4.42305"><ele>850.0</ele><time>2026-07-28T17:53:44.135Z</time></trkpt><trkpt lat="46.134485" lon="4.42306333"><ele>851.0</ele><time>2026-07-28T17:53:45.136Z</time></trkpt><trkpt lat="46.13447" lon="4.42306833"><ele>851.0</ele><time>2026-07-28T17:53:46.136Z</time></trkpt><trkpt lat="46.134455" lon="4.42307333"><ele>851.0</ele><time>2026-07-28T17:53:47.136Z</time></trkpt><trkpt lat="46.13444167" lon="4.42307833"><ele>851.0</ele><time>2026-07-28T17:53:48.136Z</time></trkpt><trkpt lat="46.13442833" lon="4.423085"><ele>852.0</ele><time>2026-07-28T17:53:49.135Z</time></trkpt><trkpt lat="46.13441667" lon="4.42308833"><ele>852.0</ele><time>2026-07-28T17:53:50.135Z</time></trkpt><trkpt lat="46.134405" lon="4.42308833"><ele>852.0</ele><time>2026-07-28T17:53:51.136Z</time></trkpt><trkpt lat="46.13439167" lon="4.42309333"><ele>852.0</ele><time>2026-07-28T17:53:52.135Z</time></trkpt><trkpt lat="46.13437833" lon="4.4231"><ele>852.0</ele><time>2026-07-28T17:53:53.135Z</time></trkpt><trkpt lat="46.13436333" lon="4.42311"><ele>852.0</ele><time>2026-07-28T17:53:54.135Z</time></trkpt><trkpt lat="46.13434833" lon="4.42311667"><ele>852.0</ele><time>2026-07-28T17:53:55.136Z</time></trkpt><trkpt lat="46.13433167" lon="4.423125"><ele>852.0</ele><time>2026-07-28T17:53:56.135Z</time></trkpt><trkpt lat="46.13431667" lon="4.42313"><ele>852.0</ele><time>2026-07-28T17:53:57.136Z</time></trkpt><trkpt lat="46.13430333" lon="4.423135"><ele>852.0</ele><time>2026-07-28T17:53:58.136Z</time></trkpt><trkpt lat="46.13429167" lon="4.42313833"><ele>851.0</ele><time>2026-07-28T17:53:59.135Z</time></trkpt><trkpt lat="46.13427667" lon="4.42314333"><ele>851.0</ele><time>2026-07-28T17:54:00.136Z</time></trkpt><trkpt lat="46.134265" lon="4.42314667"><ele>851.0</ele><time>2026-07-28T17:54:01.136Z</time></trkpt><trkpt lat="46.13425167" lon="4.42315333"><ele>851.0</ele><time>2026-07-28T17:54:02.136Z</time></trkpt><trkpt lat="46.13423667" lon="4.42315667"><ele>851.0</ele><time>2026-07-28T17:54:03.135Z</time></trkpt><trkpt lat="46.13422333" lon="4.42315667"><ele>851.0</ele><time>2026-07-28T17:54:04.135Z</time></trkpt><trkpt lat="46.13421" lon="4.42315833"><ele>851.0</ele><time>2026-07-28T17:54:05.136Z</time></trkpt><trkpt lat="46.13419667" lon="4.42316167"><ele>851.0</ele><time>2026-07-28T17:54:06.135Z</time></trkpt><trkpt lat="46.13418" lon="4.42316333"><ele>851.0</ele><time>2026-07-28T17:54:07.136Z</time></trkpt><trkpt lat="46.13416333" lon="4.42316833"><ele>851.0</ele><time>2026-07-28T17:54:08.136Z</time></trkpt><trkpt lat="46.13414833" lon="4.42317"><ele>851.0</ele><time>2026-07-28T17:54:09.136Z</time></trkpt><trkpt lat="46.13413333" lon="4.42317"><ele>851.0</ele><time>2026-07-28T17:54:10.135Z</time></trkpt><trkpt lat="46.13411833" lon="4.42317"><ele>852.0</ele><time>2026-07-28T17:54:11.135Z</time></trkpt><trkpt lat="46.134105" lon="4.42317"><ele>852.0</ele><time>2026-07-28T17:54:12.135Z</time></trkpt><trkpt lat="46.13409333" lon="4.42317333"><ele>852.0</ele><time>2026-07-28T17:54:13.135Z</time></trkpt><trkpt lat="46.13408167" lon="4.42317667"><ele>852.0</ele><time>2026-07-28T17:54:14.135Z</time></trkpt><trkpt lat="46.13407" lon="4.42317833"><ele>852.0</ele><time>2026-07-28T17:54:15.136Z</time></trkpt><trkpt lat="46.13405833" lon="4.42318"><ele>852.0</ele><time>2026-07-28T17:54:16.135Z</time></trkpt><trkpt lat="46.13404333" lon="4.42318333"><ele>852.0</ele><time>2026-07-28T17:54:17.136Z</time></trkpt><trkpt lat="46.134025" lon="4.42318667"><ele>852.0</ele><time>2026-07-28T17:54:18.136Z</time></trkpt><trkpt lat="46.13401167" lon="4.42318333"><ele>852.0</ele><time>2026-07-28T17:54:19.135Z</time></trkpt><trkpt lat="46.13399833" lon="4.42318167"><ele>852.0</ele><time>2026-07-28T17:54:20.135Z</time></trkpt><trkpt lat="46.133985" lon="4.42318333"><ele>852.0</ele><time>2026-07-28T17:54:21.136Z</time></trkpt><trkpt lat="46.13397167" lon="4.42319"><ele>852.0</ele><time>2026-07-28T17:54:22.135Z</time></trkpt><trkpt lat="46.13395833" lon="4.42319333"><ele>852.0</ele><time>2026-07-28T17:54:23.135Z</time></trkpt><trkpt lat="46.13394333" lon="4.42319667"><ele>852.0</ele><time>2026-07-28T17:54:24.136Z</time></trkpt><trkpt lat="46.13392833" lon="4.423195"><ele>852.0</ele><time>2026-07-28T17:54:25.136Z</time></trkpt><trkpt lat="46.13391167" lon="4.42319333"><ele>853.0</ele><time>2026-07-28T17:54:26.135Z</time></trkpt><trkpt lat="46.1339" lon="4.42319667"><ele>853.0</ele><time>2026-07-28T17:54:27.135Z</time></trkpt><trkpt lat="46.13388833" lon="4.4232"><ele>853.0</ele><time>2026-07-28T17:54:28.135Z</time></trkpt><trkpt lat="46.13387667" lon="4.42319667"><ele>854.0</ele><time>2026-07-28T17:54:29.135Z</time></trkpt><trkpt lat="46.133865" lon="4.42319667"><ele>854.0</ele><time>2026-07-28T17:54:30.136Z</time></trkpt><trkpt lat="46.13385667" lon="4.423195"><ele>854.0</ele><time>2026-07-28T17:54:31.135Z</time></trkpt><trkpt lat="46.13385" lon="4.42319833"><ele>854.0</ele><time>2026-07-28T17:54:32.136Z</time></trkpt><trkpt lat="46.133845" lon="4.42321333"><ele>854.0</ele><time>2026-07-28T17:54:33.136Z</time></trkpt><trkpt lat="46.133835" lon="4.42322667"><ele>854.0</ele><time>2026-07-28T17:54:34.135Z</time></trkpt><trkpt lat="46.13382667" lon="4.42323667"><ele>854.0</ele><time>2026-07-28T17:54:35.135Z</time></trkpt><trkpt lat="46.13381667" lon="4.42324167"><ele>854.0</ele><time>2026-07-28T17:54:36.135Z</time></trkpt><trkpt lat="46.13380667" lon="4.42324333"><ele>854.0</ele><time>2026-07-28T17:54:37.135Z</time></trkpt><trkpt lat="46.133795" lon="4.42324167"><ele>854.0</ele><time>2026-07-28T17:54:38.136Z</time></trkpt><trkpt lat="46.13378333" lon="4.42324167"><ele>854.0</ele><time>2026-07-28T17:54:39.135Z</time></trkpt><trkpt lat="46.13377333" lon="4.42324333"><ele>854.0</ele><time>2026-07-28T17:54:40.136Z</time></trkpt><trkpt lat="46.13375833" lon="4.42324167"><ele>854.0</ele><time>2026-07-28T17:54:41.135Z</time></trkpt><trkpt lat="46.13374833" lon="4.42323833"><ele>854.0</ele><time>2026-07-28T17:54:42.135Z</time></trkpt><trkpt lat="46.13374" lon="4.42324333"><ele>854.0</ele><time>2026-07-28T17:54:43.136Z</time></trkpt><trkpt lat="46.13373333" lon="4.42324833"><ele>854.0</ele><time>2026-07-28T17:54:44.135Z</time></trkpt><trkpt lat="46.13372333" lon="4.42325333"><ele>854.0</ele><time>2026-07-28T17:54:45.135Z</time></trkpt><trkpt lat="46.13371167" lon="4.42326167"><ele>854.0</ele><time>2026-07-28T17:54:46.136Z</time></trkpt><trkpt lat="46.133695" lon="4.42327833"><ele>854.0</ele><time>2026-07-28T17:54:47.135Z</time></trkpt><trkpt lat="46.133675" lon="4.42327667"><ele>854.0</ele><time>2026-07-28T17:54:48.136Z</time></trkpt><trkpt lat="46.13365667" lon="4.42327667"><ele>854.0</ele><time>2026-07-28T17:54:49.136Z</time></trkpt><trkpt lat="46.133645" lon="4.42327167"><ele>854.0</ele><time>2026-07-28T17:54:50.135Z</time></trkpt><trkpt lat="46.13363" lon="4.42327333"><ele>853.0</ele><time>2026-07-28T17:54:51.136Z</time></trkpt><trkpt lat="46.133615" lon="4.42327167"><ele>853.0</ele><time>2026-07-28T17:54:52.135Z</time></trkpt><trkpt lat="46.13360167" lon="4.42327667"><ele>853.0</ele><time>2026-07-28T17:54:53.136Z</time></trkpt><trkpt lat="46.13358667" lon="4.423285"><ele>853.0</ele><time>2026-07-28T17:54:54.136Z</time></trkpt><trkpt lat="46.133575" lon="4.42328667"><ele>853.0</ele><time>2026-07-28T17:54:55.135Z</time></trkpt><trkpt lat="46.133565" lon="4.42328833"><ele>853.0</ele><time>2026-07-28T17:54:56.136Z</time></trkpt><trkpt lat="46.133545" lon="4.42328833"><ele>853.0</ele><time>2026-07-28T17:54:57.135Z</time></trkpt><trkpt lat="46.13352333" lon="4.42329"><ele>854.0</ele><time>2026-07-28T17:54:58.136Z</time></trkpt><trkpt lat="46.13350167" lon="4.423295"><ele>854.0</ele><time>2026-07-28T17:54:59.136Z</time></trkpt><trkpt lat="46.13348" lon="4.42329"><ele>854.0</ele><time>2026-07-28T17:55:00.136Z</time></trkpt><trkpt lat="46.13345667" lon="4.42328833"><ele>854.0</ele><time>2026-07-28T17:55:01.135Z</time></trkpt><trkpt lat="46.13343833" lon="4.42329167"><ele>855.0</ele><time>2026-07-28T17:55:02.135Z</time></trkpt><trkpt lat="46.13342667" lon="4.42328833"><ele>855.0</ele><time>2026-07-28T17:55:03.136Z</time></trkpt><trkpt lat="46.13341667" lon="4.423285"><ele>855.0</ele><time>2026-07-28T17:55:04.135Z</time></trkpt><trkpt lat="46.13341" lon="4.42328833"><ele>855.0</ele><time>2026-07-28T17:55:05.136Z</time></trkpt><trkpt lat="46.13340167" lon="4.42329333"><ele>855.0</ele><time>2026-07-28T17:55:06.135Z</time></trkpt><trkpt lat="46.13339167" lon="4.4233"><ele>855.0</ele><time>2026-07-28T17:55:07.135Z</time></trkpt><trkpt lat="46.13338" lon="4.42330167"><ele>855.0</ele><time>2026-07-28T17:55:08.135Z</time></trkpt><trkpt lat="46.13336667" lon="4.4233"><ele>854.0</ele><time>2026-07-28T17:55:09.136Z</time></trkpt><trkpt lat="46.13336167" lon="4.42329667"><ele>854.0</ele><time>2026-07-28T17:55:10.135Z</time></trkpt><trkpt lat="46.13334833" lon="4.42329667"><ele>854.0</ele><time>2026-07-28T17:55:11.135Z</time></trkpt><trkpt lat="46.13333333" lon="4.42329667"><ele>854.0</ele><time>2026-07-28T17:55:12.136Z</time></trkpt><trkpt lat="46.13332" lon="4.423295"><ele>854.0</ele><time>2026-07-28T17:55:13.136Z</time></trkpt><trkpt lat="46.13331" lon="4.42329667"><ele>854.0</ele><time>2026-07-28T17:55:14.136Z</time></trkpt><trkpt lat="46.13329833" lon="4.42329833"><ele>854.0</ele><time>2026-07-28T17:55:15.136Z</time></trkpt><trkpt lat="46.13328833" lon="4.42330333"><ele>854.0</ele><time>2026-07-28T17:55:16.135Z</time></trkpt><trkpt lat="46.13327833" lon="4.42330667"><ele>853.0</ele><time>2026-07-28T17:55:17.135Z</time></trkpt><trkpt lat="46.13327" lon="4.42331333"><ele>853.0</ele><time>2026-07-28T17:55:18.135Z</time></trkpt><trkpt lat="46.13326" lon="4.42331667"><ele>853.0</ele><time>2026-07-28T17:55:19.136Z</time></trkpt><trkpt lat="46.133245" lon="4.42332"><ele>852.0</ele><time>2026-07-28T17:55:20.135Z</time></trkpt><trkpt lat="46.13322833" lon="4.42333"><ele>853.0</ele><time>2026-07-28T17:55:21.135Z</time></trkpt><trkpt lat="46.13321667" lon="4.42333333"><ele>853.0</ele><time>2026-07-28T17:55:22.136Z</time></trkpt><trkpt lat="46.13320667" lon="4.42333333"><ele>853.0</ele><time>2026-07-28T17:55:23.135Z</time></trkpt><trkpt lat="46.13319833" lon="4.423325"><ele>853.0</ele><time>2026-07-28T17:55:24.136Z</time></trkpt><trkpt lat="46.13319" lon="4.423325"><ele>854.0</ele><time>2026-07-28T17:55:25.135Z</time></trkpt><trkpt lat="46.13318" lon="4.423325"><ele>854.0</ele><time>2026-07-28T17:55:26.136Z</time></trkpt><trkpt lat="46.13317167" lon="4.42332"><ele>855.0</ele><time>2026-07-28T17:55:27.135Z</time></trkpt><trkpt lat="46.13316" lon="4.42331167"><ele>855.0</ele><time>2026-07-28T17:55:28.135Z</time></trkpt><trkpt lat="46.13314833" lon="4.42330667"><ele>855.0</ele><time>2026-07-28T17:55:29.135Z</time></trkpt><trkpt lat="46.13313333" lon="4.423305"><ele>856.0</ele><time>2026-07-28T17:55:30.136Z</time></trkpt><trkpt lat="46.13312167" lon="4.42330167"><ele>857.0</ele><time>2026-07-28T17:55:31.136Z</time></trkpt><trkpt lat="46.13310833" lon="4.42329833"><ele>857.0</ele><time>2026-07-28T17:55:32.135Z</time></trkpt><trkpt lat="46.13309" lon="4.42329833"><ele>858.0</ele><time>2026-07-28T17:55:33.136Z</time></trkpt><trkpt lat="46.13307167" lon="4.42329667"><ele>858.0</ele><time>2026-07-28T17:55:34.135Z</time></trkpt><trkpt lat="46.13305667" lon="4.42329167"><ele>858.0</ele><time>2026-07-28T17:55:35.135Z</time></trkpt><trkpt lat="46.13304167" lon="4.42328167"><ele>858.0</ele><time>2026-07-28T17:55:36.136Z</time></trkpt><trkpt lat="46.13302667" lon="4.42327167"><ele>858.0</ele><time>2026-07-28T17:55:37.136Z</time></trkpt><trkpt lat="46.13300833" lon="4.42326667"><ele>858.0</ele><time>2026-07-28T17:55:38.135Z</time></trkpt><trkpt lat="46.132985" lon="4.42326833"><ele>858.0</ele><time>2026-07-28T17:55:39.135Z</time></trkpt><trkpt lat="46.13295333" lon="4.42327"><ele>859.0</ele><time>2026-07-28T17:55:40.136Z</time></trkpt><trkpt lat="46.13292333" lon="4.42326333"><ele>859.0</ele><time>2026-07-28T17:55:41.135Z</time></trkpt><trkpt lat="46.1329" lon="4.42325667"><ele>859.0</ele><time>2026-07-28T17:55:42.136Z</time></trkpt><trkpt lat="46.13287" lon="4.42324667"><ele>859.0</ele><time>2026-07-28T17:55:43.136Z</time></trkpt><trkpt lat="46.13283667" lon="4.42323833"><ele>858.0</ele><time>2026-07-28T17:55:44.135Z</time></trkpt><trkpt lat="46.132815" lon="4.42323167"><ele>858.0</ele><time>2026-07-28T17:55:45.135Z</time></trkpt><trkpt lat="46.13279333" lon="4.42322667"><ele>858.0</ele><time>2026-07-28T17:55:46.135Z</time></trkpt><trkpt lat="46.13277167" lon="4.42322"><ele>858.0</ele><time>2026-07-28T17:55:47.136Z</time></trkpt><trkpt lat="46.13275167" lon="4.423215"><ele>857.0</ele><time>2026-07-28T17:55:48.135Z</time></trkpt><trkpt lat="46.132735" lon="4.42320667"><ele>857.0</ele><time>2026-07-28T17:55:49.135Z</time></trkpt><trkpt lat="46.13272167" lon="4.4232"><ele>857.0</ele><time>2026-07-28T17:55:50.135Z</time></trkpt><trkpt lat="46.13270667" lon="4.42319167"><ele>857.0</ele><time>2026-07-28T17:55:51.136Z</time></trkpt><trkpt lat="46.13269167" lon="4.423185"><ele>856.0</ele><time>2026-07-28T17:55:52.136Z</time></trkpt><trkpt lat="46.13266667" lon="4.42317333"><ele>856.0</ele><time>2026-07-28T17:55:53.135Z</time></trkpt><trkpt lat="46.132655" lon="4.423165"><ele>856.0</ele><time>2026-07-28T17:55:54.135Z</time></trkpt><trkpt lat="46.13263333" lon="4.42316"><ele>856.0</ele><time>2026-07-28T17:55:55.135Z</time></trkpt><trkpt lat="46.13261333" lon="4.423155"><ele>856.0</ele><time>2026-07-28T17:55:56.135Z</time></trkpt><trkpt lat="46.1326" lon="4.42315"><ele>856.0</ele><time>2026-07-28T17:55:57.136Z</time></trkpt><trkpt lat="46.13259" lon="4.42314333"><ele>856.0</ele><time>2026-07-28T17:55:58.135Z</time></trkpt><trkpt lat="46.13257667" lon="4.42314167"><ele>857.0</ele><time>2026-07-28T17:55:59.135Z</time></trkpt><trkpt lat="46.13256167" lon="4.42314667"><ele>858.0</ele><time>2026-07-28T17:56:00.136Z</time></trkpt><trkpt lat="46.13255167" lon="4.42314167"><ele>858.0</ele><time>2026-07-28T17:56:01.136Z</time></trkpt><trkpt lat="46.13255" lon="4.42312833"><ele>859.0</ele><time>2026-07-28T17:56:02.135Z</time></trkpt><trkpt lat="46.13254667" lon="4.42310833"><ele>860.0</ele><time>2026-07-28T17:56:03.135Z</time></trkpt><trkpt lat="46.132535" lon="4.4231"><ele>860.0</ele><time>2026-07-28T17:56:04.135Z</time></trkpt><trkpt lat="46.13251667" lon="4.42309167"><ele>861.0</ele><time>2026-07-28T17:56:05.135Z</time></trkpt><trkpt lat="46.132495" lon="4.42308833"><ele>861.0</ele><time>2026-07-28T17:56:06.136Z</time></trkpt><trkpt lat="46.132475" lon="4.42308333"><ele>861.0</ele><time>2026-07-28T17:56:07.136Z</time></trkpt><trkpt lat="46.13246" lon="4.42307667"><ele>861.0</ele><time>2026-07-28T17:56:08.135Z</time></trkpt><trkpt lat="46.13244333" lon="4.42307167"><ele>862.0</ele><time>2026-07-28T17:56:09.136Z</time></trkpt><trkpt lat="46.13243" lon="4.42307167"><ele>862.0</ele><time>2026-07-28T17:56:10.135Z</time></trkpt><trkpt lat="46.13241833" lon="4.423065"><ele>862.0</ele><time>2026-07-28T17:56:11.136Z</time></trkpt><trkpt lat="46.13240833" lon="4.423055"><ele>862.0</ele><time>2026-07-28T17:56:12.136Z</time></trkpt><trkpt lat="46.13239667" lon="4.42304333"><ele>862.0</ele><time>2026-07-28T17:56:13.136Z</time></trkpt><trkpt lat="46.132385" lon="4.42303333"><ele>861.0</ele><time>2026-07-28T17:56:14.135Z</time></trkpt><trkpt lat="46.13237333" lon="4.42302833"><ele>861.0</ele><time>2026-07-28T17:56:15.135Z</time></trkpt><trkpt lat="46.132355" lon="4.423025"><ele>861.0</ele><time>2026-07-28T17:56:16.135Z</time></trkpt><trkpt lat="46.13233667" lon="4.42301667"><ele>862.0</ele><time>2026-07-28T17:56:17.135Z</time></trkpt><trkpt lat="46.13231667" lon="4.42300833"><ele>862.0</ele><time>2026-07-28T17:56:18.135Z</time></trkpt><trkpt lat="46.13230167" lon="4.42299667"><ele>861.0</ele><time>2026-07-28T17:56:19.135Z</time></trkpt><trkpt lat="46.13229333" lon="4.422985"><ele>861.0</ele><time>2026-07-28T17:56:20.135Z</time></trkpt><trkpt lat="46.13228" lon="4.42297333"><ele>860.0</ele><time>2026-07-28T17:56:21.136Z</time></trkpt><trkpt lat="46.13226667" lon="4.42296667"><ele>860.0</ele><time>2026-07-28T17:56:22.135Z</time></trkpt><trkpt lat="46.13225" lon="4.42296333"><ele>860.0</ele><time>2026-07-28T17:56:23.135Z</time></trkpt><trkpt lat="46.13223667" lon="4.42295"><ele>860.0</ele><time>2026-07-28T17:56:24.136Z</time></trkpt><trkpt lat="46.13222167" lon="4.42294333"><ele>860.0</ele><time>2026-07-28T17:56:25.135Z</time></trkpt><trkpt lat="46.13220167" lon="4.42293333"><ele>860.0</ele><time>2026-07-28T17:56:26.136Z</time></trkpt><trkpt lat="46.132185" lon="4.42292333"><ele>860.0</ele><time>2026-07-28T17:56:27.136Z</time></trkpt><trkpt lat="46.13216667" lon="4.42291333"><ele>860.0</ele><time>2026-07-28T17:56:28.136Z</time></trkpt><trkpt lat="46.13215" lon="4.422905"><ele>860.0</ele><time>2026-07-28T17:56:29.136Z</time></trkpt><trkpt lat="46.13212833" lon="4.42289167"><ele>859.0</ele><time>2026-07-28T17:56:30.136Z</time></trkpt><trkpt lat="46.13210833" lon="4.42287833"><ele>859.0</ele><time>2026-07-28T17:56:31.135Z</time></trkpt><trkpt lat="46.13208667" lon="4.42286167"><ele>859.0</ele><time>2026-07-28T17:56:32.135Z</time></trkpt><trkpt lat="46.13206333" lon="4.42285167"><ele>858.0</ele><time>2026-07-28T17:56:33.135Z</time></trkpt><trkpt lat="46.13203833" lon="4.42284333"><ele>858.0</ele><time>2026-07-28T17:56:34.135Z</time></trkpt><trkpt lat="46.132015" lon="4.42283333"><ele>858.0</ele><time>2026-07-28T17:56:35.135Z</time></trkpt><trkpt lat="46.13199833" lon="4.42282833"><ele>857.0</ele><time>2026-07-28T17:56:36.135Z</time></trkpt><trkpt lat="46.13198833" lon="4.42281667"><ele>857.0</ele><time>2026-07-28T17:56:37.135Z</time></trkpt><trkpt lat="46.13195833" lon="4.42280167"><ele>856.0</ele><time>2026-07-28T17:56:38.136Z</time></trkpt><trkpt lat="46.13192667" lon="4.42279167"><ele>856.0</ele><time>2026-07-28T17:56:39.135Z</time></trkpt><trkpt lat="46.13190333" lon="4.42279"><ele>856.0</ele><time>2026-07-28T17:56:40.135Z</time></trkpt><trkpt lat="46.13189167" lon="4.42278667"><ele>856.0</ele><time>2026-07-28T17:56:41.136Z</time></trkpt><trkpt lat="46.13188833" lon="4.42277333"><ele>856.0</ele><time>2026-07-28T17:56:42.135Z</time></trkpt><trkpt lat="46.13188" lon="4.42277333"><ele>855.0</ele><time>2026-07-28T17:56:43.135Z</time></trkpt><trkpt lat="46.13186833" lon="4.42276667"><ele>855.0</ele><time>2026-07-28T17:56:44.135Z</time></trkpt><trkpt lat="46.131855" lon="4.422755"><ele>855.0</ele><time>2026-07-28T17:56:45.135Z</time></trkpt><trkpt lat="46.131845" lon="4.42273833"><ele>855.0</ele><time>2026-07-28T17:56:46.136Z</time></trkpt><trkpt lat="46.131835" lon="4.42272333"><ele>855.0</ele><time>2026-07-28T17:56:47.136Z</time></trkpt><trkpt lat="46.131825" lon="4.42271333"><ele>855.0</ele><time>2026-07-28T17:56:48.135Z</time></trkpt><trkpt lat="46.13181333" lon="4.42270833"><ele>855.0</ele><time>2026-07-28T17:56:49.136Z</time></trkpt><trkpt lat="46.13181" lon="4.42269833"><ele>855.0</ele><time>2026-07-28T17:56:50.135Z</time></trkpt><trkpt lat="46.131805" lon="4.42268333"><ele>855.0</ele><time>2026-07-28T17:56:51.135Z</time></trkpt><trkpt lat="46.131795" lon="4.42267667"><ele>854.0</ele><time>2026-07-28T17:56:52.135Z</time></trkpt><trkpt lat="46.13178667" lon="4.42267167"><ele>854.0</ele><time>2026-07-28T17:56:53.135Z</time></trkpt><trkpt lat="46.13177333" lon="4.42266333"><ele>854.0</ele><time>2026-07-28T17:56:54.135Z</time></trkpt><trkpt lat="46.13176167" lon="4.42265833"><ele>854.0</ele><time>2026-07-28T17:56:55.135Z</time></trkpt><trkpt lat="46.131745" lon="4.42265833"><ele>854.0</ele><time>2026-07-28T17:56:56.135Z</time></trkpt><trkpt lat="46.131735" lon="4.42265167"><ele>854.0</ele><time>2026-07-28T17:56:57.135Z</time></trkpt><trkpt lat="46.13172167" lon="4.42264667"><ele>854.0</ele><time>2026-07-28T17:56:58.136Z</time></trkpt><trkpt lat="46.13170667" lon="4.422645"><ele>854.0</ele><time>2026-07-28T17:56:59.135Z</time></trkpt><trkpt lat="46.13169333" lon="4.42264167"><ele>854.0</ele><time>2026-07-28T17:57:00.135Z</time></trkpt><trkpt lat="46.13168" lon="4.42263833"><ele>853.0</ele><time>2026-07-28T17:57:01.136Z</time></trkpt><trkpt lat="46.13166333" lon="4.42263667"><ele>853.0</ele><time>2026-07-28T17:57:02.135Z</time></trkpt><trkpt lat="46.13165" lon="4.42263"><ele>853.0</ele><time>2026-07-28T17:57:03.136Z</time></trkpt><trkpt lat="46.13163833" lon="4.42261833"><ele>853.0</ele><time>2026-07-28T17:57:04.135Z</time></trkpt><trkpt lat="46.13162667" lon="4.42260833"><ele>853.0</ele><time>2026-07-28T17:57:05.136Z</time></trkpt><trkpt lat="46.131615" lon="4.42260167"><ele>853.0</ele><time>2026-07-28T17:57:06.135Z</time></trkpt><trkpt lat="46.13160167" lon="4.42259333"><ele>853.0</ele><time>2026-07-28T17:57:07.135Z</time></trkpt><trkpt lat="46.13159333" lon="4.42258"><ele>852.0</ele><time>2026-07-28T17:57:08.135Z</time></trkpt><trkpt lat="46.13158167" lon="4.42257167"><ele>852.0</ele><time>2026-07-28T17:57:09.135Z</time></trkpt><trkpt lat="46.13157" lon="4.42256667"><ele>852.0</ele><time>2026-07-28T17:57:10.135Z</time></trkpt><trkpt lat="46.13155833" lon="4.42256167"><ele>852.0</ele><time>2026-07-28T17:57:11.135Z</time></trkpt><trkpt lat="46.13154667" lon="4.422555"><ele>851.0</ele><time>2026-07-28T17:57:12.135Z</time></trkpt><trkpt lat="46.13153167" lon="4.42255333"><ele>851.0</ele><time>2026-07-28T17:57:13.135Z</time></trkpt><trkpt lat="46.13151667" lon="4.42255167"><ele>851.0</ele><time>2026-07-28T17:57:14.136Z</time></trkpt><trkpt lat="46.1315" lon="4.42255333"><ele>851.0</ele><time>2026-07-28T17:57:15.136Z</time></trkpt><trkpt lat="46.13148833" lon="4.422555"><ele>851.0</ele><time>2026-07-28T17:57:16.136Z</time></trkpt><trkpt lat="46.13147667" lon="4.42255833"><ele>851.0</ele><time>2026-07-28T17:57:17.135Z</time></trkpt><trkpt lat="46.13146833" lon="4.42256"><ele>851.0</ele><time>2026-07-28T17:57:18.136Z</time></trkpt><trkpt lat="46.13146" lon="4.42256667"><ele>851.0</ele><time>2026-07-28T17:57:19.135Z</time></trkpt><trkpt lat="46.13144833" lon="4.42257667"><ele>851.0</ele><time>2026-07-28T17:57:20.135Z</time></trkpt><trkpt lat="46.13143833" lon="4.42259"><ele>851.0</ele><time>2026-07-28T17:57:21.135Z</time></trkpt><trkpt lat="46.13142833" lon="4.42260333"><ele>851.0</ele><time>2026-07-28T17:57:22.136Z</time></trkpt><trkpt lat="46.13141667" lon="4.42261333"><ele>851.0</ele><time>2026-07-28T17:57:23.135Z</time></trkpt><trkpt lat="46.131405" lon="4.422625"><ele>851.0</ele><time>2026-07-28T17:57:24.135Z</time></trkpt><trkpt lat="46.13139" lon="4.42264167"><ele>851.0</ele><time>2026-07-28T17:57:25.135Z</time></trkpt><trkpt lat="46.13137667" lon="4.422655"><ele>852.0</ele><time>2026-07-28T17:57:26.136Z</time></trkpt><trkpt lat="46.131365" lon="4.42266833"><ele>852.0</ele><time>2026-07-28T17:57:27.135Z</time></trkpt><trkpt lat="46.13135" lon="4.42268"><ele>852.0</ele><time>2026-07-28T17:57:28.136Z</time></trkpt><trkpt lat="46.13133667" lon="4.422695"><ele>852.0</ele><time>2026-07-28T17:57:29.135Z</time></trkpt><trkpt lat="46.13132333" lon="4.42270667"><ele>853.0</ele><time>2026-07-28T17:57:30.136Z</time></trkpt><trkpt lat="46.13130833" lon="4.42272167"><ele>853.0</ele><time>2026-07-28T17:57:31.135Z</time></trkpt><trkpt lat="46.13129333" lon="4.42273167"><ele>853.0</ele><time>2026-07-28T17:57:32.136Z</time></trkpt><trkpt lat="46.13127833" lon="4.42273833"><ele>854.0</ele><time>2026-07-28T17:57:33.135Z</time></trkpt><trkpt lat="46.13126333" lon="4.42274667"><ele>854.0</ele><time>2026-07-28T17:57:34.135Z</time></trkpt><trkpt lat="46.13124667" lon="4.422755"><ele>854.0</ele><time>2026-07-28T17:57:35.135Z</time></trkpt><trkpt lat="46.13122833" lon="4.42276333"><ele>854.0</ele><time>2026-07-28T17:57:36.135Z</time></trkpt><trkpt lat="46.13121167" lon="4.42277333"><ele>854.0</ele><time>2026-07-28T17:57:37.135Z</time></trkpt><trkpt lat="46.13119333" lon="4.422785"><ele>855.0</ele><time>2026-07-28T17:57:38.135Z</time></trkpt><trkpt lat="46.13117833" lon="4.42279667"><ele>855.0</ele><time>2026-07-28T17:57:39.135Z</time></trkpt><trkpt lat="46.131165" lon="4.42281"><ele>855.0</ele><time>2026-07-28T17:57:40.135Z</time></trkpt><trkpt lat="46.13115" lon="4.42282333"><ele>855.0</ele><time>2026-07-28T17:57:41.135Z</time></trkpt><trkpt lat="46.131135" lon="4.42283833"><ele>855.0</ele><time>2026-07-28T17:57:42.135Z</time></trkpt><trkpt lat="46.13112167" lon="4.42285167"><ele>856.0</ele><time>2026-07-28T17:57:43.135Z</time></trkpt><trkpt lat="46.13110833" lon="4.42286833"><ele>856.0</ele><time>2026-07-28T17:57:44.136Z</time></trkpt><trkpt lat="46.13109833" lon="4.42287833"><ele>856.0</ele><time>2026-07-28T17:57:45.135Z</time></trkpt><trkpt lat="46.13108667" lon="4.42288667"><ele>856.0</ele><time>2026-07-28T17:57:46.135Z</time></trkpt><trkpt lat="46.13107" lon="4.4229"><ele>856.0</ele><time>2026-07-28T17:57:47.136Z</time></trkpt><trkpt lat="46.131055" lon="4.42291167"><ele>857.0</ele><time>2026-07-28T17:57:48.135Z</time></trkpt><trkpt lat="46.13104167" lon="4.42292667"><ele>857.0</ele><time>2026-07-28T17:57:49.135Z</time></trkpt><trkpt lat="46.13102833" lon="4.42293667"><ele>857.0</ele><time>2026-07-28T17:57:50.136Z</time></trkpt><trkpt lat="46.13101667" lon="4.42294"><ele>857.0</ele><time>2026-07-28T17:57:51.135Z</time></trkpt><trkpt lat="46.131005" lon="4.42295"><ele>857.0</ele><time>2026-07-28T17:57:52.135Z</time></trkpt><trkpt lat="46.13099167" lon="4.42295833"><ele>857.0</ele><time>2026-07-28T17:57:53.136Z</time></trkpt><trkpt lat="46.13097833" lon="4.42296833"><ele>857.0</ele><time>2026-07-28T17:57:54.136Z</time></trkpt><trkpt lat="46.130965" lon="4.42297667"><ele>857.0</ele><time>2026-07-28T17:57:55.136Z</time></trkpt><trkpt lat="46.13095167" lon="4.42297833"><ele>857.0</ele><time>2026-07-28T17:57:56.135Z</time></trkpt><trkpt lat="46.13094" lon="4.42298167"><ele>857.0</ele><time>2026-07-28T17:57:57.135Z</time></trkpt><trkpt lat="46.13092333" lon="4.42299"><ele>858.0</ele><time>2026-07-28T17:57:58.135Z</time></trkpt><trkpt lat="46.13090667" lon="4.42300167"><ele>858.0</ele><time>2026-07-28T17:57:59.135Z</time></trkpt><trkpt lat="46.13089" lon="4.42301167"><ele>858.0</ele><time>2026-07-28T17:58:00.135Z</time></trkpt><trkpt lat="46.13087833" lon="4.42302167"><ele>858.0</ele><time>2026-07-28T17:58:01.135Z</time></trkpt><trkpt lat="46.13086667" lon="4.42302833"><ele>858.0</ele><time>2026-07-28T17:58:02.135Z</time></trkpt><trkpt lat="46.130855" lon="4.42303667"><ele>858.0</ele><time>2026-07-28T17:58:03.136Z</time></trkpt><trkpt lat="46.13084167" lon="4.42304167"><ele>858.0</ele><time>2026-07-28T17:58:04.135Z</time></trkpt><trkpt lat="46.13083333" lon="4.42304667"><ele>858.0</ele><time>2026-07-28T17:58:05.136Z</time></trkpt><trkpt lat="46.13082333" lon="4.42305167"><ele>858.0</ele><time>2026-07-28T17:58:06.136Z</time></trkpt><trkpt lat="46.13081333" lon="4.423055"><ele>858.0</ele><time>2026-07-28T17:58:07.135Z</time></trkpt><trkpt lat="46.13080333" lon="4.42305667"><ele>858.0</ele><time>2026-07-28T17:58:08.135Z</time></trkpt><trkpt lat="46.13078833" lon="4.42306333"><ele>858.0</ele><time>2026-07-28T17:58:09.135Z</time></trkpt><trkpt lat="46.13077167" lon="4.42307167"><ele>858.0</ele><time>2026-07-28T17:58:10.135Z</time></trkpt><trkpt lat="46.130755" lon="4.42307833"><ele>858.0</ele><time>2026-07-28T17:58:11.135Z</time></trkpt><trkpt lat="46.13073667" lon="4.42308333"><ele>858.0</ele><time>2026-07-28T17:58:12.135Z</time></trkpt><trkpt lat="46.13071833" lon="4.42309333"><ele>858.0</ele><time>2026-07-28T17:58:13.135Z</time></trkpt><trkpt lat="46.130705" lon="4.4231"><ele>858.0</ele><time>2026-07-28T17:58:14.135Z</time></trkpt><trkpt lat="46.13069167" lon="4.423105"><ele>858.0</ele><time>2026-07-28T17:58:15.135Z</time></trkpt><trkpt lat="46.13067833" lon="4.42311167"><ele>858.0</ele><time>2026-07-28T17:58:16.135Z</time></trkpt><trkpt lat="46.13066833" lon="4.42311667"><ele>858.0</ele><time>2026-07-28T17:58:17.136Z</time></trkpt><trkpt lat="46.13065667" lon="4.42312333"><ele>858.0</ele><time>2026-07-28T17:58:18.135Z</time></trkpt><trkpt lat="46.13064333" lon="4.42313167"><ele>858.0</ele><time>2026-07-28T17:58:19.135Z</time></trkpt><trkpt lat="46.13063" lon="4.42314"><ele>858.0</ele><time>2026-07-28T17:58:20.136Z</time></trkpt><trkpt lat="46.13061667" lon="4.42315"><ele>858.0</ele><time>2026-07-28T17:58:21.135Z</time></trkpt><trkpt lat="46.130605" lon="4.42316"><ele>858.0</ele><time>2026-07-28T17:58:22.135Z</time></trkpt><trkpt lat="46.13059333" lon="4.42317167"><ele>857.0</ele><time>2026-07-28T17:58:23.135Z</time></trkpt><trkpt lat="46.13058333" lon="4.42318"><ele>857.0</ele><time>2026-07-28T17:58:24.135Z</time></trkpt><trkpt lat="46.13057333" lon="4.42318667"><ele>857.0</ele><time>2026-07-28T17:58:25.135Z</time></trkpt><trkpt lat="46.13056167" lon="4.423195"><ele>857.0</ele><time>2026-07-28T17:58:26.135Z</time></trkpt><trkpt lat="46.13054833" lon="4.423205"><ele>857.0</ele><time>2026-07-28T17:58:27.135Z</time></trkpt><trkpt lat="46.13053667" lon="4.42321167"><ele>857.0</ele><time>2026-07-28T17:58:28.135Z</time></trkpt><trkpt lat="46.13052667" lon="4.42322"><ele>858.0</ele><time>2026-07-28T17:58:29.136Z</time></trkpt><trkpt lat="46.13051667" lon="4.42323333"><ele>858.0</ele><time>2026-07-28T17:58:30.135Z</time></trkpt><trkpt lat="46.13050167" lon="4.423245"><ele>858.0</ele><time>2026-07-28T17:58:31.135Z</time></trkpt><trkpt lat="46.13049" lon="4.423255"><ele>858.0</ele><time>2026-07-28T17:58:32.136Z</time></trkpt><trkpt lat="46.13047667" lon="4.42326667"><ele>858.0</ele><time>2026-07-28T17:58:33.135Z</time></trkpt><trkpt lat="46.130465" lon="4.42327667"><ele>858.0</ele><time>2026-07-28T17:58:34.135Z</time></trkpt><trkpt lat="46.13045333" lon="4.42328833"><ele>858.0</ele><time>2026-07-28T17:58:35.136Z</time></trkpt><trkpt lat="46.13044" lon="4.423295"><ele>858.0</ele><time>2026-07-28T17:58:36.136Z</time></trkpt><trkpt lat="46.13042667" lon="4.4233"><ele>858.0</ele><time>2026-07-28T17:58:37.135Z</time></trkpt><trkpt lat="46.130415" lon="4.42330667"><ele>858.0</ele><time>2026-07-28T17:58:38.135Z</time></trkpt><trkpt lat="46.13040333" lon="4.42331833"><ele>858.0</ele><time>2026-07-28T17:58:39.136Z</time></trkpt><trkpt lat="46.13039167" lon="4.42333"><ele>858.0</ele><time>2026-07-28T17:58:40.135Z</time></trkpt><trkpt lat="46.13038" lon="4.42334"><ele>858.0</ele><time>2026-07-28T17:58:41.135Z</time></trkpt><trkpt lat="46.13036833" lon="4.42334833"><ele>858.0</ele><time>2026-07-28T17:58:42.135Z</time></trkpt><trkpt lat="46.13035833" lon="4.42335833"><ele>859.0</ele><time>2026-07-28T17:58:43.135Z</time></trkpt><trkpt lat="46.13034833" lon="4.42336833"><ele>859.0</ele><time>2026-07-28T17:58:44.135Z</time></trkpt><trkpt lat="46.13033833" lon="4.42337833"><ele>859.0</ele><time>2026-07-28T17:58:45.135Z</time></trkpt><trkpt lat="46.13033" lon="4.42339"><ele>860.0</ele><time>2026-07-28T17:58:46.135Z</time></trkpt><trkpt lat="46.13031667" lon="4.42340167"><ele>860.0</ele><time>2026-07-28T17:58:47.135Z</time></trkpt><trkpt lat="46.13030333" lon="4.42341"><ele>860.0</ele><time>2026-07-28T17:58:48.136Z</time></trkpt><trkpt lat="46.13028833" lon="4.42341667"><ele>860.0</ele><time>2026-07-28T17:58:49.135Z</time></trkpt><trkpt lat="46.130275" lon="4.42342667"><ele>861.0</ele><time>2026-07-28T17:58:50.135Z</time></trkpt><trkpt lat="46.13026167" lon="4.42343833"><ele>861.0</ele><time>2026-07-28T17:58:51.135Z</time></trkpt><trkpt lat="46.13025" lon="4.42344833"><ele>861.0</ele><time>2026-07-28T17:58:52.135Z</time></trkpt><trkpt lat="46.13023667" lon="4.42345833"><ele>862.0</ele><time>2026-07-28T17:58:53.135Z</time></trkpt><trkpt lat="46.13022333" lon="4.42347"><ele>862.0</ele><time>2026-07-28T17:58:54.135Z</time></trkpt><trkpt lat="46.13020833" lon="4.423485"><ele>863.0</ele><time>2026-07-28T17:58:55.136Z</time></trkpt><trkpt lat="46.130195" lon="4.42349833"><ele>864.0</ele><time>2026-07-28T17:58:56.136Z</time></trkpt><trkpt lat="46.13018333" lon="4.42351"><ele>864.0</ele><time>2026-07-28T17:58:57.135Z</time></trkpt><trkpt lat="46.13017167" lon="4.42351667"><ele>864.0</ele><time>2026-07-28T17:58:58.136Z</time></trkpt><trkpt lat="46.13015833" lon="4.42352667"><ele>864.0</ele><time>2026-07-28T17:58:59.136Z</time></trkpt><trkpt lat="46.13014333" lon="4.42354"><ele>864.0</ele><time>2026-07-28T17:59:00.135Z</time></trkpt><trkpt lat="46.13013333" lon="4.42355333"><ele>865.0</ele><time>2026-07-28T17:59:01.135Z</time></trkpt><trkpt lat="46.13012333" lon="4.423565"><ele>865.0</ele><time>2026-07-28T17:59:02.136Z</time></trkpt><trkpt lat="46.13011333" lon="4.423575"><ele>865.0</ele><time>2026-07-28T17:59:03.136Z</time></trkpt><trkpt lat="46.13010667" lon="4.423585"><ele>865.0</ele><time>2026-07-28T17:59:04.135Z</time></trkpt><trkpt lat="46.13009" lon="4.42359667"><ele>865.0</ele><time>2026-07-28T17:59:05.136Z</time></trkpt><trkpt lat="46.130075" lon="4.42360667"><ele>865.0</ele><time>2026-07-28T17:59:06.135Z</time></trkpt><trkpt lat="46.130065" lon="4.423615"><ele>865.0</ele><time>2026-07-28T17:59:07.135Z</time></trkpt><trkpt lat="46.13005667" lon="4.42362667"><ele>865.0</ele><time>2026-07-28T17:59:08.135Z</time></trkpt><trkpt lat="46.13005" lon="4.42363667"><ele>866.0</ele><time>2026-07-28T17:59:09.135Z</time></trkpt><trkpt lat="46.130045" lon="4.42365"><ele>866.0</ele><time>2026-07-28T17:59:10.135Z</time></trkpt><trkpt lat="46.13003333" lon="4.42366333"><ele>866.0</ele><time>2026-07-28T17:59:11.135Z</time></trkpt><trkpt lat="46.13001667" lon="4.42367333"><ele>866.0</ele><time>2026-07-28T17:59:12.135Z</time></trkpt><trkpt lat="46.13000167" lon="4.42368"><ele>866.0</ele><time>2026-07-28T17:59:13.135Z</time></trkpt><trkpt lat="46.12999" lon="4.42368833"><ele>866.0</ele><time>2026-07-28T17:59:14.135Z</time></trkpt><trkpt lat="46.129975" lon="4.42369667"><ele>866.0</ele><time>2026-07-28T17:59:15.135Z</time></trkpt><trkpt lat="46.12997167" lon="4.4237"><ele>865.0</ele><time>2026-07-28T17:59:16.136Z</time></trkpt><trkpt lat="46.12995667" lon="4.42370833"><ele>865.0</ele><time>2026-07-28T17:59:17.136Z</time></trkpt><trkpt lat="46.12994" lon="4.42372167"><ele>865.0</ele><time>2026-07-28T17:59:18.136Z</time></trkpt><trkpt lat="46.12992" lon="4.42373833"><ele>865.0</ele><time>2026-07-28T17:59:19.136Z</time></trkpt><trkpt lat="46.12989833" lon="4.42375167"><ele>864.0</ele><time>2026-07-28T17:59:20.135Z</time></trkpt><trkpt lat="46.12987667" lon="4.42376833"><ele>864.0</ele><time>2026-07-28T17:59:21.136Z</time></trkpt><trkpt lat="46.12985833" lon="4.42378"><ele>864.0</ele><time>2026-07-28T17:59:22.135Z</time></trkpt><trkpt lat="46.12984333" lon="4.42378833"><ele>863.0</ele><time>2026-07-28T17:59:23.135Z</time></trkpt><trkpt lat="46.12982333" lon="4.4238"><ele>863.0</ele><time>2026-07-28T17:59:24.136Z</time></trkpt><trkpt lat="46.12980833" lon="4.42381167"><ele>862.0</ele><time>2026-07-28T17:59:25.135Z</time></trkpt><trkpt lat="46.12979" lon="4.42381833"><ele>862.0</ele><time>2026-07-28T17:59:26.136Z</time></trkpt><trkpt lat="46.129775" lon="4.423825"><ele>862.0</ele><time>2026-07-28T17:59:27.136Z</time></trkpt><trkpt lat="46.12976167" lon="4.42383333"><ele>862.0</ele><time>2026-07-28T17:59:28.135Z</time></trkpt><trkpt lat="46.12975" lon="4.42384167"><ele>862.0</ele><time>2026-07-28T17:59:29.136Z</time></trkpt><trkpt lat="46.12973667" lon="4.42384667"><ele>861.0</ele><time>2026-07-28T17:59:30.135Z</time></trkpt><trkpt lat="46.12972333" lon="4.42384833"><ele>861.0</ele><time>2026-07-28T17:59:31.136Z</time></trkpt><trkpt lat="46.12971333" lon="4.42385667"><ele>861.0</ele><time>2026-07-28T17:59:32.135Z</time></trkpt><trkpt lat="46.1297" lon="4.42387167"><ele>861.0</ele><time>2026-07-28T17:59:33.135Z</time></trkpt><trkpt lat="46.12968667" lon="4.423885"><ele>861.0</ele><time>2026-07-28T17:59:34.135Z</time></trkpt><trkpt lat="46.12966667" lon="4.423895"><ele>861.0</ele><time>2026-07-28T17:59:35.135Z</time></trkpt><trkpt lat="46.12965167" lon="4.423905"><ele>861.0</ele><time>2026-07-28T17:59:36.136Z</time></trkpt><trkpt lat="46.129635" lon="4.42391667"><ele>862.0</ele><time>2026-07-28T17:59:37.135Z</time></trkpt><trkpt lat="46.12962167" lon="4.42392667"><ele>862.0</ele><time>2026-07-28T17:59:38.136Z</time></trkpt><trkpt lat="46.129605" lon="4.42393667"><ele>863.0</ele><time>2026-07-28T17:59:39.136Z</time></trkpt><trkpt lat="46.12958833" lon="4.423945"><ele>863.0</ele><time>2026-07-28T17:59:40.136Z</time></trkpt><trkpt lat="46.12957333" lon="4.42395333"><ele>863.0</ele><time>2026-07-28T17:59:41.136Z</time></trkpt><trkpt lat="46.12955833" lon="4.42396"><ele>862.0</ele><time>2026-07-28T17:59:42.135Z</time></trkpt><trkpt lat="46.12954333" lon="4.42396833"><ele>862.0</ele><time>2026-07-28T17:59:43.135Z</time></trkpt><trkpt lat="46.12952833" lon="4.423975"><ele>862.0</ele><time>2026-07-28T17:59:44.135Z</time></trkpt><trkpt lat="46.12951333" lon="4.42398167"><ele>862.0</ele><time>2026-07-28T17:59:45.135Z</time></trkpt><trkpt lat="46.1295" lon="4.42398833"><ele>862.0</ele><time>2026-07-28T17:59:46.136Z</time></trkpt><trkpt lat="46.129485" lon="4.423995"><ele>862.0</ele><time>2026-07-28T17:59:47.135Z</time></trkpt><trkpt lat="46.12947167" lon="4.42400333"><ele>862.0</ele><time>2026-07-28T17:59:48.135Z</time></trkpt><trkpt lat="46.12945833" lon="4.42401"><ele>862.0</ele><time>2026-07-28T17:59:49.135Z</time></trkpt><trkpt lat="46.12944167" lon="4.42401667"><ele>863.0</ele><time>2026-07-28T17:59:50.136Z</time></trkpt><trkpt lat="46.129425" lon="4.42402667"><ele>863.0</ele><time>2026-07-28T17:59:51.136Z</time></trkpt><trkpt lat="46.12941167" lon="4.424035"><ele>863.0</ele><time>2026-07-28T17:59:52.135Z</time></trkpt><trkpt lat="46.12939833" lon="4.42404167"><ele>864.0</ele><time>2026-07-28T17:59:53.135Z</time></trkpt><trkpt lat="46.129385" lon="4.42404833"><ele>864.0</ele><time>2026-07-28T17:59:54.135Z</time></trkpt><trkpt lat="46.12937167" lon="4.42405667"><ele>865.0</ele><time>2026-07-28T17:59:55.135Z</time></trkpt><trkpt lat="46.12935667" lon="4.42406667"><ele>865.0</ele><time>2026-07-28T17:59:56.136Z</time></trkpt><trkpt lat="46.129345" lon="4.42407167"><ele>865.0</ele><time>2026-07-28T17:59:57.135Z</time></trkpt><trkpt lat="46.12933" lon="4.42407667"><ele>865.0</ele><time>2026-07-28T17:59:58.135Z</time></trkpt><trkpt lat="46.12931667" lon="4.42407833"><ele>865.0</ele><time>2026-07-28T17:59:59.135Z</time></trkpt><trkpt lat="46.12930333" lon="4.42408167"><ele>865.0</ele><time>2026-07-28T18:00:00.136Z</time></trkpt><trkpt lat="46.129295" lon="4.42408833"><ele>865.0</ele><time>2026-07-28T18:00:01.135Z</time></trkpt><trkpt lat="46.129285" lon="4.42409667"><ele>865.0</ele><time>2026-07-28T18:00:02.135Z</time></trkpt><trkpt lat="46.12927167" lon="4.42410333"><ele>865.0</ele><time>2026-07-28T18:00:03.135Z</time></trkpt><trkpt lat="46.12925667" lon="4.42410667"><ele>865.0</ele><time>2026-07-28T18:00:04.135Z</time></trkpt><trkpt lat="46.12923667" lon="4.42411167"><ele>865.0</ele><time>2026-07-28T18:00:05.136Z</time></trkpt><trkpt lat="46.12922" lon="4.42412167"><ele>866.0</ele><time>2026-07-28T18:00:06.135Z</time></trkpt><trkpt lat="46.129205" lon="4.42413"><ele>866.0</ele><time>2026-07-28T18:00:07.135Z</time></trkpt><trkpt lat="46.12919167" lon="4.42414"><ele>866.0</ele><time>2026-07-28T18:00:08.135Z</time></trkpt><trkpt lat="46.12917833" lon="4.42414667"><ele>866.0</ele><time>2026-07-28T18:00:09.135Z</time></trkpt><trkpt lat="46.12916333" lon="4.42415667"><ele>866.0</ele><time>2026-07-28T18:00:10.135Z</time></trkpt><trkpt lat="46.12915333" lon="4.42416833"><ele>866.0</ele><time>2026-07-28T18:00:11.135Z</time></trkpt><trkpt lat="46.12914333" lon="4.42417833"><ele>866.0</ele><time>2026-07-28T18:00:12.135Z</time></trkpt><trkpt lat="46.12913333" lon="4.42418833"><ele>866.0</ele><time>2026-07-28T18:00:13.135Z</time></trkpt><trkpt lat="46.12912" lon="4.4242"><ele>866.0</ele><time>2026-07-28T18:00:14.135Z</time></trkpt><trkpt lat="46.12911" lon="4.424205"><ele>865.0</ele><time>2026-07-28T18:00:15.136Z</time></trkpt><trkpt lat="46.1291" lon="4.42420833"><ele>865.0</ele><time>2026-07-28T18:00:16.135Z</time></trkpt><trkpt lat="46.12909333" lon="4.424205"><ele>864.0</ele><time>2026-07-28T18:00:17.135Z</time></trkpt><trkpt lat="46.12908833" lon="4.42420667"><ele>864.0</ele><time>2026-07-28T18:00:18.136Z</time></trkpt><trkpt lat="46.12908167" lon="4.42420667"><ele>864.0</ele><time>2026-07-28T18:00:19.135Z</time></trkpt><trkpt lat="46.12907667" lon="4.42422"><ele>864.0</ele><time>2026-07-28T18:00:20.135Z</time></trkpt><trkpt lat="46.12907333" lon="4.42421833"><ele>864.0</ele><time>2026-07-28T18:00:21.135Z</time></trkpt><trkpt lat="46.12907" lon="4.424225"><ele>864.0</ele><time>2026-07-28T18:00:22.135Z</time></trkpt><trkpt lat="46.129055" lon="4.42423333"><ele>865.0</ele><time>2026-07-28T18:00:23.136Z</time></trkpt><trkpt lat="46.129035" lon="4.42424833"><ele>866.0</ele><time>2026-07-28T18:00:24.135Z</time></trkpt><trkpt lat="46.12902167" lon="4.42425667"><ele>866.0</ele><time>2026-07-28T18:00:25.135Z</time></trkpt><trkpt lat="46.12901167" lon="4.424265"><ele>867.0</ele><time>2026-07-28T18:00:26.135Z</time></trkpt><trkpt lat="46.12900833" lon="4.42427167"><ele>867.0</ele><time>2026-07-28T18:00:27.135Z</time></trkpt><trkpt lat="46.12900333" lon="4.42428"><ele>868.0</ele><time>2026-07-28T18:00:28.135Z</time></trkpt><trkpt lat="46.12900167" lon="4.42429667"><ele>869.0</ele><time>2026-07-28T18:00:29.135Z</time></trkpt><trkpt lat="46.12899833" lon="4.42431"><ele>869.0</ele><time>2026-07-28T18:00:30.135Z</time></trkpt><trkpt lat="46.12899167" lon="4.42432167"><ele>870.0</ele><time>2026-07-28T18:00:31.135Z</time></trkpt><trkpt lat="46.12898167" lon="4.42433167"><ele>870.0</ele><time>2026-07-28T18:00:32.135Z</time></trkpt><trkpt lat="46.12896833" lon="4.42434167"><ele>870.0</ele><time>2026-07-28T18:00:33.135Z</time></trkpt><trkpt lat="46.128955" lon="4.424345"><ele>871.0</ele><time>2026-07-28T18:00:34.135Z</time></trkpt><trkpt lat="46.12894167" lon="4.42434833"><ele>871.0</ele><time>2026-07-28T18:00:35.136Z</time></trkpt><trkpt lat="46.12893167" lon="4.42435167"><ele>872.0</ele><time>2026-07-28T18:00:36.135Z</time></trkpt><trkpt lat="46.12892" lon="4.42435833"><ele>872.0</ele><time>2026-07-28T18:00:37.136Z</time></trkpt><trkpt lat="46.12890667" lon="4.424365"><ele>872.0</ele><time>2026-07-28T18:00:38.136Z</time></trkpt><trkpt lat="46.12890333" lon="4.42436833"><ele>872.0</ele><time>2026-07-28T18:00:39.136Z</time></trkpt><trkpt lat="46.12889167" lon="4.42438"><ele>873.0</ele><time>2026-07-28T18:00:40.136Z</time></trkpt><trkpt lat="46.12888167" lon="4.42439167"><ele>873.0</ele><time>2026-07-28T18:00:41.136Z</time></trkpt><trkpt lat="46.12887167" lon="4.424405"><ele>873.0</ele><time>2026-07-28T18:00:42.135Z</time></trkpt><trkpt lat="46.12886167" lon="4.42441333"><ele>874.0</ele><time>2026-07-28T18:00:43.135Z</time></trkpt><trkpt lat="46.12885167" lon="4.42442333"><ele>875.0</ele><time>2026-07-28T18:00:44.135Z</time></trkpt><trkpt lat="46.12884333" lon="4.42443"><ele>875.0</ele><time>2026-07-28T18:00:45.135Z</time></trkpt><trkpt lat="46.12883167" lon="4.42443833"><ele>876.0</ele><time>2026-07-28T18:00:46.136Z</time></trkpt><trkpt lat="46.12882667" lon="4.42444333"><ele>877.0</ele><time>2026-07-28T18:00:47.135Z</time></trkpt><trkpt lat="46.12882333" lon="4.42444667"><ele>877.0</ele><time>2026-07-28T18:00:48.135Z</time></trkpt><trkpt lat="46.12882" lon="4.42445"><ele>878.0</ele><time>2026-07-28T18:00:49.135Z</time></trkpt><trkpt lat="46.12881667" lon="4.42445167"><ele>878.0</ele><time>2026-07-28T18:00:50.135Z</time></trkpt><trkpt lat="46.128815" lon="4.42445167"><ele>878.0</ele><time>2026-07-28T18:00:51.135Z</time></trkpt><trkpt lat="46.12879833" lon="4.42445667"><ele>878.0</ele><time>2026-07-28T18:00:52.135Z</time></trkpt><trkpt lat="46.12878" lon="4.42446333"><ele>878.0</ele><time>2026-07-28T18:00:53.135Z</time></trkpt><trkpt lat="46.12875833" lon="4.42447333"><ele>879.0</ele><time>2026-07-28T18:00:54.135Z</time></trkpt><trkpt lat="46.12874167" lon="4.42448333"><ele>879.0</ele><time>2026-07-28T18:00:55.136Z</time></trkpt><trkpt lat="46.12873667" lon="4.424485"><ele>879.0</ele><time>2026-07-28T18:00:56.136Z</time></trkpt><trkpt lat="46.12873167" lon="4.42448667"><ele>879.0</ele><time>2026-07-28T18:00:57.135Z</time></trkpt><trkpt lat="46.12872833" lon="4.42449333"><ele>880.0</ele><time>2026-07-28T18:00:58.135Z</time></trkpt><trkpt lat="46.12871833" lon="4.42450333"><ele>880.0</ele><time>2026-07-28T18:00:59.135Z</time></trkpt><trkpt lat="46.12870833" lon="4.42451333"><ele>881.0</ele><time>2026-07-28T18:01:00.135Z</time></trkpt><trkpt lat="46.12869833" lon="4.42452167"><ele>881.0</ele><time>2026-07-28T18:01:01.136Z</time></trkpt><trkpt lat="46.12868833" lon="4.42452667"><ele>881.0</ele><time>2026-07-28T18:01:02.135Z</time></trkpt><trkpt lat="46.12867833" lon="4.42453167"><ele>881.0</ele><time>2026-07-28T18:01:03.136Z</time></trkpt><trkpt lat="46.12866667" lon="4.42454"><ele>881.0</ele><time>2026-07-28T18:01:04.136Z</time></trkpt><trkpt lat="46.12865333" lon="4.42454833"><ele>881.0</ele><time>2026-07-28T18:01:05.135Z</time></trkpt><trkpt lat="46.12863833" lon="4.424555"><ele>881.0</ele><time>2026-07-28T18:01:06.135Z</time></trkpt><trkpt lat="46.12861833" lon="4.42457"><ele>882.0</ele><time>2026-07-28T18:01:07.135Z</time></trkpt><trkpt lat="46.12859167" lon="4.42459833"><ele>882.0</ele><time>2026-07-28T18:01:08.135Z</time></trkpt><trkpt lat="46.12856833" lon="4.42462833"><ele>882.0</ele><time>2026-07-28T18:01:09.136Z</time></trkpt><trkpt lat="46.128545" lon="4.424655"><ele>882.0</ele><time>2026-07-28T18:01:10.135Z</time></trkpt><trkpt lat="46.128525" lon="4.424675"><ele>882.0</ele><time>2026-07-28T18:01:11.136Z</time></trkpt><trkpt lat="46.1285" lon="4.424695"><ele>882.0</ele><time>2026-07-28T18:01:12.135Z</time></trkpt><trkpt lat="46.12848333" lon="4.42471333"><ele>883.0</ele><time>2026-07-28T18:01:13.136Z</time></trkpt><trkpt lat="46.128465" lon="4.42472833"><ele>883.0</ele><time>2026-07-28T18:01:14.136Z</time></trkpt><trkpt lat="46.128445" lon="4.424745"><ele>883.0</ele><time>2026-07-28T18:01:15.135Z</time></trkpt><trkpt lat="46.128425" lon="4.42475667"><ele>883.0</ele><time>2026-07-28T18:01:16.136Z</time></trkpt><trkpt lat="46.12842" lon="4.42475667"><ele>883.0</ele><time>2026-07-28T18:01:17.135Z</time></trkpt><trkpt lat="46.12840333" lon="4.42476667"><ele>883.0</ele><time>2026-07-28T18:01:18.135Z</time></trkpt><trkpt lat="46.12838833" lon="4.42478"><ele>883.0</ele><time>2026-07-28T18:01:19.135Z</time></trkpt><trkpt lat="46.12837333" lon="4.42479"><ele>883.0</ele><time>2026-07-28T18:01:20.135Z</time></trkpt><trkpt lat="46.12836167" lon="4.42479833"><ele>883.0</ele><time>2026-07-28T18:01:21.135Z</time></trkpt><trkpt lat="46.12834667" lon="4.424805"><ele>882.0</ele><time>2026-07-28T18:01:22.136Z</time></trkpt><trkpt lat="46.128325" lon="4.42480167"><ele>882.0</ele><time>2026-07-28T18:01:23.135Z</time></trkpt><trkpt lat="46.12830167" lon="4.424805"><ele>881.0</ele><time>2026-07-28T18:01:24.135Z</time></trkpt><trkpt lat="46.12828333" lon="4.424805"><ele>881.0</ele><time>2026-07-28T18:01:25.135Z</time></trkpt><trkpt lat="46.12827" lon="4.424805"><ele>881.0</ele><time>2026-07-28T18:01:26.135Z</time></trkpt><trkpt lat="46.128255" lon="4.42481167"><ele>881.0</ele><time>2026-07-28T18:01:27.135Z</time></trkpt><trkpt lat="46.12823667" lon="4.424825"><ele>880.0</ele><time>2026-07-28T18:01:28.135Z</time></trkpt><trkpt lat="46.12822333" lon="4.42483667"><ele>880.0</ele><time>2026-07-28T18:01:29.135Z</time></trkpt><trkpt lat="46.12820333" lon="4.42485"><ele>880.0</ele><time>2026-07-28T18:01:30.136Z</time></trkpt><trkpt lat="46.12818333" lon="4.42486"><ele>880.0</ele><time>2026-07-28T18:01:31.136Z</time></trkpt><trkpt lat="46.12817333" lon="4.424865"><ele>881.0</ele><time>2026-07-28T18:01:32.136Z</time></trkpt><trkpt lat="46.12816" lon="4.42487667"><ele>881.0</ele><time>2026-07-28T18:01:33.136Z</time></trkpt><trkpt lat="46.12814333" lon="4.42488667"><ele>881.0</ele><time>2026-07-28T18:01:34.135Z</time></trkpt><trkpt lat="46.12812333" lon="4.42489167"><ele>881.0</ele><time>2026-07-28T18:01:35.135Z</time></trkpt><trkpt lat="46.128105" lon="4.42489667"><ele>881.0</ele><time>2026-07-28T18:01:36.135Z</time></trkpt><trkpt lat="46.12808167" lon="4.42491"><ele>881.0</ele><time>2026-07-28T18:01:37.135Z</time></trkpt><trkpt lat="46.12806" lon="4.42492667"><ele>881.0</ele><time>2026-07-28T18:01:38.135Z</time></trkpt><trkpt lat="46.12805333" lon="4.42494333"><ele>881.0</ele><time>2026-07-28T18:01:39.135Z</time></trkpt><trkpt lat="46.12804167" lon="4.424955"><ele>882.0</ele><time>2026-07-28T18:01:40.135Z</time></trkpt><trkpt lat="46.12803667" lon="4.42496333"><ele>882.0</ele><time>2026-07-28T18:01:41.136Z</time></trkpt><trkpt lat="46.12801167" lon="4.42500167"><ele>882.0</ele><time>2026-07-28T18:01:42.136Z</time></trkpt><trkpt lat="46.12798667" lon="4.42501667"><ele>882.0</ele><time>2026-07-28T18:01:43.135Z</time></trkpt><trkpt lat="46.12797667" lon="4.42503333"><ele>883.0</ele><time>2026-07-28T18:01:44.135Z</time></trkpt><trkpt lat="46.12795667" lon="4.42505167"><ele>883.0</ele><time>2026-07-28T18:01:45.135Z</time></trkpt><trkpt lat="46.12795667" lon="4.42506833"><ele>883.0</ele><time>2026-07-28T18:01:46.135Z</time></trkpt><trkpt lat="46.12794333" lon="4.42506"><ele>883.0</ele><time>2026-07-28T18:01:47.135Z</time></trkpt><trkpt lat="46.127925" lon="4.42505667"><ele>883.0</ele><time>2026-07-28T18:01:48.135Z</time></trkpt><trkpt lat="46.127915" lon="4.42505833"><ele>883.0</ele><time>2026-07-28T18:01:49.135Z</time></trkpt><trkpt lat="46.12790167" lon="4.42506167"><ele>883.0</ele><time>2026-07-28T18:01:50.136Z</time></trkpt><trkpt lat="46.12790833" lon="4.42505"><ele>883.0</ele><time>2026-07-28T18:01:51.135Z</time></trkpt><trkpt lat="46.127895" lon="4.42506333"><ele>883.0</ele><time>2026-07-28T18:01:52.135Z</time></trkpt><trkpt lat="46.12787667" lon="4.42507"><ele>882.0</ele><time>2026-07-28T18:01:53.135Z</time></trkpt><trkpt lat="46.12785167" lon="4.42508"><ele>882.0</ele><time>2026-07-28T18:01:54.135Z</time></trkpt><trkpt lat="46.12782" lon="4.42508667"><ele>883.0</ele><time>2026-07-28T18:01:55.135Z</time></trkpt><trkpt lat="46.12780667" lon="4.42509833"><ele>883.0</ele><time>2026-07-28T18:01:56.136Z</time></trkpt><trkpt lat="46.12779833" lon="4.42511167"><ele>883.0</ele><time>2026-07-28T18:01:57.135Z</time></trkpt><trkpt lat="46.12778667" lon="4.42513167"><ele>883.0</ele><time>2026-07-28T18:01:58.135Z</time></trkpt><trkpt lat="46.127765" lon="4.42515333"><ele>883.0</ele><time>2026-07-28T18:01:59.135Z</time></trkpt><trkpt lat="46.12774167" lon="4.425175"><ele>883.0</ele><time>2026-07-28T18:02:00.136Z</time></trkpt><trkpt lat="46.12771667" lon="4.42518833"><ele>883.0</ele><time>2026-07-28T18:02:01.135Z</time></trkpt><trkpt lat="46.12770333" lon="4.42520333"><ele>882.0</ele><time>2026-07-28T18:02:02.136Z</time></trkpt><trkpt lat="46.12768833" lon="4.425215"><ele>882.0</ele><time>2026-07-28T18:02:03.135Z</time></trkpt><trkpt lat="46.12767167" lon="4.42522833"><ele>883.0</ele><time>2026-07-28T18:02:04.135Z</time></trkpt><trkpt lat="46.12766167" lon="4.42523333"><ele>883.0</ele><time>2026-07-28T18:02:05.135Z</time></trkpt><trkpt lat="46.12765" lon="4.42523667"><ele>882.0</ele><time>2026-07-28T18:02:06.135Z</time></trkpt><trkpt lat="46.12763833" lon="4.42522333"><ele>882.0</ele><time>2026-07-28T18:02:07.135Z</time></trkpt><trkpt lat="46.12762667" lon="4.42521667"><ele>882.0</ele><time>2026-07-28T18:02:08.135Z</time></trkpt><trkpt lat="46.12760833" lon="4.42522833"><ele>882.0</ele><time>2026-07-28T18:02:09.135Z</time></trkpt><trkpt lat="46.127595" lon="4.42524833"><ele>882.0</ele><time>2026-07-28T18:02:10.136Z</time></trkpt><trkpt lat="46.127565" lon="4.42527333"><ele>882.0</ele><time>2026-07-28T18:02:11.136Z</time></trkpt><trkpt lat="46.12755333" lon="4.42528167"><ele>882.0</ele><time>2026-07-28T18:02:12.136Z</time></trkpt><trkpt lat="46.12754667" lon="4.42529167"><ele>881.0</ele><time>2026-07-28T18:02:13.136Z</time></trkpt><trkpt lat="46.12754333" lon="4.42529333"><ele>881.0</ele><time>2026-07-28T18:02:14.135Z</time></trkpt><trkpt lat="46.12753833" lon="4.42529667"><ele>880.0</ele><time>2026-07-28T18:02:15.135Z</time></trkpt><trkpt lat="46.127535" lon="4.42530333"><ele>880.0</ele><time>2026-07-28T18:02:16.135Z</time></trkpt><trkpt lat="46.12753167" lon="4.42530833"><ele>879.0</ele><time>2026-07-28T18:02:17.136Z</time></trkpt><trkpt lat="46.127515" lon="4.42532167"><ele>879.0</ele><time>2026-07-28T18:02:18.136Z</time></trkpt><trkpt lat="46.12750167" lon="4.42533833"><ele>879.0</ele><time>2026-07-28T18:02:19.135Z</time></trkpt><trkpt lat="46.127495" lon="4.42534333"><ele>878.0</ele><time>2026-07-28T18:02:20.135Z</time></trkpt><trkpt lat="46.12748667" lon="4.425355"><ele>878.0</ele><time>2026-07-28T18:02:21.135Z</time></trkpt><trkpt lat="46.12748" lon="4.42536333"><ele>878.0</ele><time>2026-07-28T18:02:22.135Z</time></trkpt><trkpt lat="46.12746833" lon="4.42537"><ele>878.0</ele><time>2026-07-28T18:02:23.135Z</time></trkpt><trkpt lat="46.127455" lon="4.42537667"><ele>878.0</ele><time>2026-07-28T18:02:24.135Z</time></trkpt><trkpt lat="46.12744" lon="4.42538833"><ele>878.0</ele><time>2026-07-28T18:02:25.136Z</time></trkpt><trkpt lat="46.12743" lon="4.425395"><ele>878.0</ele><time>2026-07-28T18:02:26.135Z</time></trkpt><trkpt lat="46.12742167" lon="4.42540333"><ele>878.0</ele><time>2026-07-28T18:02:27.135Z</time></trkpt><trkpt lat="46.12741167" lon="4.42540833"><ele>878.0</ele><time>2026-07-28T18:02:28.136Z</time></trkpt><trkpt lat="46.12739833" lon="4.425415"><ele>878.0</ele><time>2026-07-28T18:02:29.135Z</time></trkpt><trkpt lat="46.12738333" lon="4.42541833"><ele>878.0</ele><time>2026-07-28T18:02:30.136Z</time></trkpt><trkpt lat="46.12737" lon="4.42542"><ele>877.0</ele><time>2026-07-28T18:02:31.136Z</time></trkpt><trkpt lat="46.12735" lon="4.42541833"><ele>877.0</ele><time>2026-07-28T18:02:32.136Z</time></trkpt><trkpt lat="46.127335" lon="4.42542167"><ele>877.0</ele><time>2026-07-28T18:02:33.135Z</time></trkpt><trkpt lat="46.12732" lon="4.42542667"><ele>877.0</ele><time>2026-07-28T18:02:34.136Z</time></trkpt><trkpt lat="46.12730167" lon="4.42543833"><ele>877.0</ele><time>2026-07-28T18:02:35.135Z</time></trkpt><trkpt lat="46.12728333" lon="4.42544667"><ele>876.0</ele><time>2026-07-28T18:02:36.135Z</time></trkpt><trkpt lat="46.12727" lon="4.42545"><ele>876.0</ele><time>2026-07-28T18:02:37.136Z</time></trkpt><trkpt lat="46.12726333" lon="4.425455"><ele>876.0</ele><time>2026-07-28T18:02:38.135Z</time></trkpt><trkpt lat="46.12725667" lon="4.425455"><ele>876.0</ele><time>2026-07-28T18:02:39.135Z</time></trkpt><trkpt lat="46.12723833" lon="4.42545333"><ele>875.0</ele><time>2026-07-28T18:02:40.135Z</time></trkpt><trkpt lat="46.12721" lon="4.42545167"><ele>875.0</ele><time>2026-07-28T18:02:41.135Z</time></trkpt><trkpt lat="46.12719167" lon="4.42544833"><ele>875.0</ele><time>2026-07-28T18:02:42.135Z</time></trkpt><trkpt lat="46.12717" lon="4.42545"><ele>875.0</ele><time>2026-07-28T18:02:43.136Z</time></trkpt><trkpt lat="46.12715833" lon="4.42545167"><ele>875.0</ele><time>2026-07-28T18:02:44.135Z</time></trkpt><trkpt lat="46.12714333" lon="4.425465"><ele>875.0</ele><time>2026-07-28T18:02:45.135Z</time></trkpt><trkpt lat="46.12712833" lon="4.42547333"><ele>875.0</ele><time>2026-07-28T18:02:46.136Z</time></trkpt><trkpt lat="46.12711" lon="4.425475"><ele>875.0</ele><time>2026-07-28T18:02:47.135Z</time></trkpt><trkpt lat="46.12709167" lon="4.42548"><ele>875.0</ele><time>2026-07-28T18:02:48.135Z</time></trkpt><trkpt lat="46.12707833" lon="4.42548667"><ele>875.0</ele><time>2026-07-28T18:02:49.135Z</time></trkpt><trkpt lat="46.12705833" lon="4.425495"><ele>875.0</ele><time>2026-07-28T18:02:50.135Z</time></trkpt><trkpt lat="46.12704833" lon="4.425495"><ele>875.0</ele><time>2026-07-28T18:02:51.136Z</time></trkpt><trkpt lat="46.12703667" lon="4.425495"><ele>875.0</ele><time>2026-07-28T18:02:52.135Z</time></trkpt><trkpt lat="46.12702333" lon="4.42549333"><ele>875.0</ele><time>2026-07-28T18:02:53.135Z</time></trkpt><trkpt lat="46.127005" lon="4.42549"><ele>875.0</ele><time>2026-07-28T18:02:54.135Z</time></trkpt><trkpt lat="46.12698167" lon="4.425495"><ele>875.0</ele><time>2026-07-28T18:02:55.135Z</time></trkpt><trkpt lat="46.12696667" lon="4.42550167"><ele>875.0</ele><time>2026-07-28T18:02:56.135Z</time></trkpt><trkpt lat="46.12694333" lon="4.42550833"><ele>875.0</ele><time>2026-07-28T18:02:57.135Z</time></trkpt><trkpt lat="46.12692833" lon="4.42550833"><ele>874.0</ele><time>2026-07-28T18:02:58.135Z</time></trkpt><trkpt lat="46.12691667" lon="4.42550333"><ele>874.0</ele><time>2026-07-28T18:02:59.136Z</time></trkpt><trkpt lat="46.126905" lon="4.42549833"><ele>873.0</ele><time>2026-07-28T18:03:00.135Z</time></trkpt><trkpt lat="46.126895" lon="4.42549333"><ele>873.0</ele><time>2026-07-28T18:03:01.135Z</time></trkpt><trkpt lat="46.126885" lon="4.42549167"><ele>872.0</ele><time>2026-07-28T18:03:02.135Z</time></trkpt><trkpt lat="46.12687" lon="4.42549333"><ele>872.0</ele><time>2026-07-28T18:03:03.135Z</time></trkpt><trkpt lat="46.12686" lon="4.42549333"><ele>872.0</ele><time>2026-07-28T18:03:04.135Z</time></trkpt><trkpt lat="46.12685" lon="4.42549833"><ele>871.0</ele><time>2026-07-28T18:03:05.135Z</time></trkpt><trkpt lat="46.126835" lon="4.42550333"><ele>871.0</ele><time>2026-07-28T18:03:06.135Z</time></trkpt><trkpt lat="46.126825" lon="4.42550667"><ele>871.0</ele><time>2026-07-28T18:03:07.135Z</time></trkpt><trkpt lat="46.126805" lon="4.425515"><ele>871.0</ele><time>2026-07-28T18:03:08.135Z</time></trkpt><trkpt lat="46.12679" lon="4.42552"><ele>872.0</ele><time>2026-07-28T18:03:09.135Z</time></trkpt><trkpt lat="46.12677" lon="4.42552833"><ele>872.0</ele><time>2026-07-28T18:03:10.135Z</time></trkpt><trkpt lat="46.126755" lon="4.42553667"><ele>872.0</ele><time>2026-07-28T18:03:11.135Z</time></trkpt><trkpt lat="46.12674" lon="4.42554333"><ele>872.0</ele><time>2026-07-28T18:03:12.135Z</time></trkpt><trkpt lat="46.12672333" lon="4.42554167"><ele>873.0</ele><time>2026-07-28T18:03:13.135Z</time></trkpt><trkpt lat="46.12671" lon="4.425545"><ele>873.0</ele><time>2026-07-28T18:03:14.135Z</time></trkpt><trkpt lat="46.12669833" lon="4.425545"><ele>873.0</ele><time>2026-07-28T18:03:15.135Z</time></trkpt><trkpt lat="46.12668833" lon="4.425545"><ele>873.0</ele><time>2026-07-28T18:03:16.136Z</time></trkpt><trkpt lat="46.12667833" lon="4.42555167"><ele>874.0</ele><time>2026-07-28T18:03:17.135Z</time></trkpt><trkpt lat="46.12667167" lon="4.42555667"><ele>874.0</ele><time>2026-07-28T18:03:18.135Z</time></trkpt><trkpt lat="46.12666333" lon="4.42555667"><ele>874.0</ele><time>2026-07-28T18:03:19.135Z</time></trkpt><trkpt lat="46.126655" lon="4.42556167"><ele>874.0</ele><time>2026-07-28T18:03:20.135Z</time></trkpt><trkpt lat="46.12664333" lon="4.42557"><ele>874.0</ele><time>2026-07-28T18:03:21.135Z</time></trkpt><trkpt lat="46.12663167" lon="4.42558167"><ele>874.0</ele><time>2026-07-28T18:03:22.136Z</time></trkpt><trkpt lat="46.12661833" lon="4.42559"><ele>874.0</ele><time>2026-07-28T18:03:23.135Z</time></trkpt><trkpt lat="46.12660833" lon="4.4256"><ele>875.0</ele><time>2026-07-28T18:03:24.136Z</time></trkpt><trkpt lat="46.12659833" lon="4.42561"><ele>875.0</ele><time>2026-07-28T18:03:25.135Z</time></trkpt><trkpt lat="46.12658667" lon="4.42562"><ele>876.0</ele><time>2026-07-28T18:03:26.135Z</time></trkpt><trkpt lat="46.126575" lon="4.42563"><ele>876.0</ele><time>2026-07-28T18:03:27.135Z</time></trkpt><trkpt lat="46.12656333" lon="4.42564167"><ele>876.0</ele><time>2026-07-28T18:03:28.135Z</time></trkpt><trkpt lat="46.12655167" lon="4.42565167"><ele>877.0</ele><time>2026-07-28T18:03:29.135Z</time></trkpt><trkpt lat="46.12654" lon="4.425665"><ele>877.0</ele><time>2026-07-28T18:03:30.135Z</time></trkpt><trkpt lat="46.12652667" lon="4.42567667"><ele>877.0</ele><time>2026-07-28T18:03:31.136Z</time></trkpt><trkpt lat="46.12651" lon="4.42569"><ele>877.0</ele><time>2026-07-28T18:03:32.135Z</time></trkpt><trkpt lat="46.12649833" lon="4.42570333"><ele>878.0</ele><time>2026-07-28T18:03:33.135Z</time></trkpt><trkpt lat="46.12648833" lon="4.425715"><ele>878.0</ele><time>2026-07-28T18:03:34.135Z</time></trkpt><trkpt lat="46.12648167" lon="4.42572333"><ele>879.0</ele><time>2026-07-28T18:03:35.135Z</time></trkpt><trkpt lat="46.126475" lon="4.42572667"><ele>879.0</ele><time>2026-07-28T18:03:36.135Z</time></trkpt><trkpt lat="46.12646667" lon="4.42573"><ele>879.0</ele><time>2026-07-28T18:03:37.135Z</time></trkpt><trkpt lat="46.12645833" lon="4.425735"><ele>879.0</ele><time>2026-07-28T18:03:38.135Z</time></trkpt><trkpt lat="46.12644333" lon="4.42574333"><ele>880.0</ele><time>2026-07-28T18:03:39.135Z</time></trkpt><trkpt lat="46.12643167" lon="4.42575667"><ele>880.0</ele><time>2026-07-28T18:03:40.135Z</time></trkpt><trkpt lat="46.12641833" lon="4.42576833"><ele>880.0</ele><time>2026-07-28T18:03:41.135Z</time></trkpt><trkpt lat="46.12640333" lon="4.42578167"><ele>881.0</ele><time>2026-07-28T18:03:42.135Z</time></trkpt><trkpt lat="46.12639167" lon="4.42579833"><ele>881.0</ele><time>2026-07-28T18:03:43.135Z</time></trkpt><trkpt lat="46.12637167" lon="4.42581333"><ele>881.0</ele><time>2026-07-28T18:03:44.135Z</time></trkpt><trkpt lat="46.126355" lon="4.425835"><ele>881.0</ele><time>2026-07-28T18:03:45.135Z</time></trkpt><trkpt lat="46.126335" lon="4.42585833"><ele>882.0</ele><time>2026-07-28T18:03:46.135Z</time></trkpt><trkpt lat="46.12631833" lon="4.42587667"><ele>882.0</ele><time>2026-07-28T18:03:47.135Z</time></trkpt><trkpt lat="46.12630167" lon="4.42589167"><ele>882.0</ele><time>2026-07-28T18:03:48.135Z</time></trkpt><trkpt lat="46.126285" lon="4.42590333"><ele>882.0</ele><time>2026-07-28T18:03:49.135Z</time></trkpt><trkpt lat="46.12627167" lon="4.42591167"><ele>882.0</ele><time>2026-07-28T18:03:50.135Z</time></trkpt><trkpt lat="46.12626167" lon="4.42592333"><ele>881.0</ele><time>2026-07-28T18:03:51.135Z</time></trkpt><trkpt lat="46.12625" lon="4.42594"><ele>881.0</ele><time>2026-07-28T18:03:52.135Z</time></trkpt><trkpt lat="46.12624333" lon="4.42595333"><ele>881.0</ele><time>2026-07-28T18:03:53.135Z</time></trkpt><trkpt lat="46.12623" lon="4.42596667"><ele>881.0</ele><time>2026-07-28T18:03:54.135Z</time></trkpt><trkpt lat="46.12621667" lon="4.425975"><ele>881.0</ele><time>2026-07-28T18:03:55.135Z</time></trkpt><trkpt lat="46.12621" lon="4.42598"><ele>881.0</ele><time>2026-07-28T18:03:56.135Z</time></trkpt><trkpt lat="46.1262" lon="4.425985"><ele>881.0</ele><time>2026-07-28T18:03:57.136Z</time></trkpt><trkpt lat="46.12619333" lon="4.42599667"><ele>880.0</ele><time>2026-07-28T18:03:58.135Z</time></trkpt><trkpt lat="46.12618333" lon="4.42601667"><ele>880.0</ele><time>2026-07-28T18:03:59.135Z</time></trkpt><trkpt lat="46.12617167" lon="4.42603333"><ele>880.0</ele><time>2026-07-28T18:04:00.135Z</time></trkpt><trkpt lat="46.12615667" lon="4.42605333"><ele>880.0</ele><time>2026-07-28T18:04:01.135Z</time></trkpt><trkpt lat="46.12614333" lon="4.42606667"><ele>880.0</ele><time>2026-07-28T18:04:02.135Z</time></trkpt><trkpt lat="46.12613167" lon="4.42607667"><ele>880.0</ele><time>2026-07-28T18:04:03.136Z</time></trkpt><trkpt lat="46.12612" lon="4.426085"><ele>880.0</ele><time>2026-07-28T18:04:04.135Z</time></trkpt><trkpt lat="46.12610667" lon="4.42609667"><ele>880.0</ele><time>2026-07-28T18:04:05.135Z</time></trkpt><trkpt lat="46.12609167" lon="4.42611"><ele>880.0</ele><time>2026-07-28T18:04:06.136Z</time></trkpt><trkpt lat="46.12607667" lon="4.42612333"><ele>880.0</ele><time>2026-07-28T18:04:07.135Z</time></trkpt><trkpt lat="46.12606333" lon="4.42613667"><ele>881.0</ele><time>2026-07-28T18:04:08.135Z</time></trkpt><trkpt lat="46.12605" lon="4.42614667"><ele>881.0</ele><time>2026-07-28T18:04:09.136Z</time></trkpt><trkpt lat="46.12603667" lon="4.42616167"><ele>881.0</ele><time>2026-07-28T18:04:10.136Z</time></trkpt><trkpt lat="46.12602333" lon="4.426175"><ele>880.0</ele><time>2026-07-28T18:04:11.135Z</time></trkpt><trkpt lat="46.12600667" lon="4.42619"><ele>880.0</ele><time>2026-07-28T18:04:12.135Z</time></trkpt><trkpt lat="46.12598833" lon="4.42619833"><ele>880.0</ele><time>2026-07-28T18:04:13.136Z</time></trkpt><trkpt lat="46.12597167" lon="4.426205"><ele>880.0</ele><time>2026-07-28T18:04:14.136Z</time></trkpt><trkpt lat="46.12595" lon="4.426215"><ele>880.0</ele><time>2026-07-28T18:04:15.136Z</time></trkpt><trkpt lat="46.12593167" lon="4.426225"><ele>879.0</ele><time>2026-07-28T18:04:16.136Z</time></trkpt><trkpt lat="46.12591833" lon="4.42623833"><ele>879.0</ele><time>2026-07-28T18:04:17.135Z</time></trkpt><trkpt lat="46.12589667" lon="4.426255"><ele>879.0</ele><time>2026-07-28T18:04:18.136Z</time></trkpt><trkpt lat="46.12588" lon="4.42627"><ele>878.0</ele><time>2026-07-28T18:04:19.135Z</time></trkpt><trkpt lat="46.12586167" lon="4.42628167"><ele>878.0</ele><time>2026-07-28T18:04:20.135Z</time></trkpt><trkpt lat="46.12585333" lon="4.42629"><ele>878.0</ele><time>2026-07-28T18:04:21.136Z</time></trkpt><trkpt lat="46.125835" lon="4.42630833"><ele>877.0</ele><time>2026-07-28T18:04:22.135Z</time></trkpt><trkpt lat="46.125825" lon="4.42632167"><ele>877.0</ele><time>2026-07-28T18:04:23.136Z</time></trkpt><trkpt lat="46.12581" lon="4.42633667"><ele>877.0</ele><time>2026-07-28T18:04:24.135Z</time></trkpt><trkpt lat="46.12578833" lon="4.426355"><ele>877.0</ele><time>2026-07-28T18:04:25.135Z</time></trkpt><trkpt lat="46.12576" lon="4.426375"><ele>877.0</ele><time>2026-07-28T18:04:26.136Z</time></trkpt><trkpt lat="46.12573667" lon="4.42639"><ele>876.0</ele><time>2026-07-28T18:04:27.135Z</time></trkpt><trkpt lat="46.12571667" lon="4.42640333"><ele>876.0</ele><time>2026-07-28T18:04:28.135Z</time></trkpt><trkpt lat="46.12570667" lon="4.42641833"><ele>876.0</ele><time>2026-07-28T18:04:29.136Z</time></trkpt><trkpt lat="46.12570167" lon="4.42643"><ele>876.0</ele><time>2026-07-28T18:04:30.135Z</time></trkpt><trkpt lat="46.12568833" lon="4.42644167"><ele>875.0</ele><time>2026-07-28T18:04:31.135Z</time></trkpt><trkpt lat="46.12567667" lon="4.42645"><ele>875.0</ele><time>2026-07-28T18:04:32.135Z</time></trkpt><trkpt lat="46.12566833" lon="4.426465"><ele>874.0</ele><time>2026-07-28T18:04:33.135Z</time></trkpt><trkpt lat="46.12566" lon="4.42647167"><ele>874.0</ele><time>2026-07-28T18:04:34.136Z</time></trkpt><trkpt lat="46.12564833" lon="4.42648"><ele>873.0</ele><time>2026-07-28T18:04:35.135Z</time></trkpt><trkpt lat="46.12562833" lon="4.426495"><ele>873.0</ele><time>2026-07-28T18:04:36.135Z</time></trkpt><trkpt lat="46.125615" lon="4.426505"><ele>873.0</ele><time>2026-07-28T18:04:37.135Z</time></trkpt><trkpt lat="46.12559333" lon="4.42652"><ele>873.0</ele><time>2026-07-28T18:04:38.135Z</time></trkpt><trkpt lat="46.12557833" lon="4.42652667"><ele>873.0</ele><time>2026-07-28T18:04:39.136Z</time></trkpt><trkpt lat="46.12556333" lon="4.42654167"><ele>873.0</ele><time>2026-07-28T18:04:40.135Z</time></trkpt><trkpt lat="46.125545" lon="4.426555"><ele>873.0</ele><time>2026-07-28T18:04:41.136Z</time></trkpt><trkpt lat="46.125535" lon="4.42656667"><ele>873.0</ele><time>2026-07-28T18:04:42.135Z</time></trkpt><trkpt lat="46.12553167" lon="4.42657833"><ele>873.0</ele><time>2026-07-28T18:04:43.135Z</time></trkpt><trkpt lat="46.12551833" lon="4.42659333"><ele>873.0</ele><time>2026-07-28T18:04:44.135Z</time></trkpt><trkpt lat="46.12550333" lon="4.42661167"><ele>873.0</ele><time>2026-07-28T18:04:45.136Z</time></trkpt><trkpt lat="46.12548667" lon="4.42662167"><ele>874.0</ele><time>2026-07-28T18:04:46.136Z</time></trkpt><trkpt lat="46.125465" lon="4.426635"><ele>874.0</ele><time>2026-07-28T18:04:47.135Z</time></trkpt><trkpt lat="46.125455" lon="4.42664667"><ele>874.0</ele><time>2026-07-28T18:04:48.135Z</time></trkpt><trkpt lat="46.12543833" lon="4.42665833"><ele>875.0</ele><time>2026-07-28T18:04:49.136Z</time></trkpt><trkpt lat="46.12542667" lon="4.42667"><ele>875.0</ele><time>2026-07-28T18:04:50.135Z</time></trkpt><trkpt lat="46.12541" lon="4.42668"><ele>875.0</ele><time>2026-07-28T18:04:51.135Z</time></trkpt><trkpt lat="46.12539833" lon="4.42669167"><ele>876.0</ele><time>2026-07-28T18:04:52.135Z</time></trkpt><trkpt lat="46.12538667" lon="4.42670167"><ele>876.0</ele><time>2026-07-28T18:04:53.135Z</time></trkpt><trkpt lat="46.125375" lon="4.42671"><ele>877.0</ele><time>2026-07-28T18:04:54.136Z</time></trkpt><trkpt lat="46.12536667" lon="4.42672"><ele>877.0</ele><time>2026-07-28T18:04:55.136Z</time></trkpt><trkpt lat="46.125355" lon="4.42673333"><ele>878.0</ele><time>2026-07-28T18:04:56.135Z</time></trkpt><trkpt lat="46.12534333" lon="4.42674667"><ele>878.0</ele><time>2026-07-28T18:04:57.135Z</time></trkpt><trkpt lat="46.12533667" lon="4.42675833"><ele>879.0</ele><time>2026-07-28T18:04:58.135Z</time></trkpt><trkpt lat="46.12533167" lon="4.42677167"><ele>879.0</ele><time>2026-07-28T18:04:59.136Z</time></trkpt><trkpt lat="46.125325" lon="4.42678333"><ele>880.0</ele><time>2026-07-28T18:05:00.135Z</time></trkpt><trkpt lat="46.12531833" lon="4.42679167"><ele>880.0</ele><time>2026-07-28T18:05:01.136Z</time></trkpt><trkpt lat="46.12531" lon="4.4268"><ele>880.0</ele><time>2026-07-28T18:05:02.135Z</time></trkpt><trkpt lat="46.12529667" lon="4.42681167"><ele>880.0</ele><time>2026-07-28T18:05:03.136Z</time></trkpt><trkpt lat="46.12528333" lon="4.42682"><ele>879.0</ele><time>2026-07-28T18:05:04.136Z</time></trkpt><trkpt lat="46.12526833" lon="4.42682333"><ele>879.0</ele><time>2026-07-28T18:05:05.135Z</time></trkpt><trkpt lat="46.12525" lon="4.42683167"><ele>879.0</ele><time>2026-07-28T18:05:06.135Z</time></trkpt><trkpt lat="46.12523333" lon="4.42683833"><ele>879.0</ele><time>2026-07-28T18:05:07.136Z</time></trkpt><trkpt lat="46.12522167" lon="4.426845"><ele>879.0</ele><time>2026-07-28T18:05:08.135Z</time></trkpt><trkpt lat="46.12520667" lon="4.42685333"><ele>879.0</ele><time>2026-07-28T18:05:09.135Z</time></trkpt><trkpt lat="46.12518833" lon="4.42686333"><ele>879.0</ele><time>2026-07-28T18:05:10.135Z</time></trkpt><trkpt lat="46.12517333" lon="4.42687333"><ele>878.0</ele><time>2026-07-28T18:05:11.136Z</time></trkpt><trkpt lat="46.12515667" lon="4.42688333"><ele>878.0</ele><time>2026-07-28T18:05:12.136Z</time></trkpt><trkpt lat="46.12514" lon="4.426895"><ele>878.0</ele><time>2026-07-28T18:05:13.136Z</time></trkpt><trkpt lat="46.125125" lon="4.42690667"><ele>877.0</ele><time>2026-07-28T18:05:14.135Z</time></trkpt><trkpt lat="46.12511167" lon="4.42691667"><ele>877.0</ele><time>2026-07-28T18:05:15.136Z</time></trkpt><trkpt lat="46.12510167" lon="4.426925"><ele>876.0</ele><time>2026-07-28T18:05:16.136Z</time></trkpt><trkpt lat="46.125095" lon="4.42693"><ele>875.0</ele><time>2026-07-28T18:05:17.136Z</time></trkpt><trkpt lat="46.12508167" lon="4.42693833"><ele>875.0</ele><time>2026-07-28T18:05:18.135Z</time></trkpt><trkpt lat="46.12507" lon="4.42694667"><ele>875.0</ele><time>2026-07-28T18:05:19.136Z</time></trkpt><trkpt lat="46.125055" lon="4.42695667"><ele>874.0</ele><time>2026-07-28T18:05:20.135Z</time></trkpt><trkpt lat="46.12503833" lon="4.42696333"><ele>874.0</ele><time>2026-07-28T18:05:21.135Z</time></trkpt><trkpt lat="46.12501667" lon="4.42696667"><ele>874.0</ele><time>2026-07-28T18:05:22.135Z</time></trkpt><trkpt lat="46.12500167" lon="4.42697667"><ele>874.0</ele><time>2026-07-28T18:05:23.135Z</time></trkpt><trkpt lat="46.124995" lon="4.426985"><ele>875.0</ele><time>2026-07-28T18:05:24.135Z</time></trkpt><trkpt lat="46.12498667" lon="4.42699167"><ele>875.0</ele><time>2026-07-28T18:05:25.135Z</time></trkpt><trkpt lat="46.124975" lon="4.42700167"><ele>875.0</ele><time>2026-07-28T18:05:26.135Z</time></trkpt><trkpt lat="46.12496167" lon="4.42701167"><ele>874.0</ele><time>2026-07-28T18:05:27.135Z</time></trkpt><trkpt lat="46.12494333" lon="4.42702167"><ele>874.0</ele><time>2026-07-28T18:05:28.135Z</time></trkpt><trkpt lat="46.12492833" lon="4.42703167"><ele>874.0</ele><time>2026-07-28T18:05:29.135Z</time></trkpt><trkpt lat="46.124915" lon="4.427045"><ele>874.0</ele><time>2026-07-28T18:05:30.136Z</time></trkpt><trkpt lat="46.12490167" lon="4.42706"><ele>873.0</ele><time>2026-07-28T18:05:31.135Z</time></trkpt><trkpt lat="46.12489" lon="4.42707333"><ele>873.0</ele><time>2026-07-28T18:05:32.135Z</time></trkpt><trkpt lat="46.12487833" lon="4.42708167"><ele>873.0</ele><time>2026-07-28T18:05:33.136Z</time></trkpt><trkpt lat="46.12486833" lon="4.42709333"><ele>873.0</ele><time>2026-07-28T18:05:34.135Z</time></trkpt><trkpt lat="46.124855" lon="4.42710333"><ele>873.0</ele><time>2026-07-28T18:05:35.135Z</time></trkpt><trkpt lat="46.12484333" lon="4.42711667"><ele>873.0</ele><time>2026-07-28T18:05:36.136Z</time></trkpt><trkpt lat="46.12483167" lon="4.42712667"><ele>873.0</ele><time>2026-07-28T18:05:37.136Z</time></trkpt><trkpt lat="46.12482" lon="4.42713667"><ele>873.0</ele><time>2026-07-28T18:05:38.135Z</time></trkpt><trkpt lat="46.124805" lon="4.42714833"><ele>873.0</ele><time>2026-07-28T18:05:39.135Z</time></trkpt><trkpt lat="46.12479167" lon="4.42716"><ele>873.0</ele><time>2026-07-28T18:05:40.136Z</time></trkpt><trkpt lat="46.12478" lon="4.42717"><ele>873.0</ele><time>2026-07-28T18:05:41.136Z</time></trkpt><trkpt lat="46.12476667" lon="4.42717833"><ele>872.0</ele><time>2026-07-28T18:05:42.135Z</time></trkpt><trkpt lat="46.12475333" lon="4.42718667"><ele>872.0</ele><time>2026-07-28T18:05:43.136Z</time></trkpt><trkpt lat="46.12473833" lon="4.42719667"><ele>872.0</ele><time>2026-07-28T18:05:44.135Z</time></trkpt><trkpt lat="46.12472667" lon="4.42720667"><ele>872.0</ele><time>2026-07-28T18:05:45.135Z</time></trkpt><trkpt lat="46.12471333" lon="4.42721667"><ele>872.0</ele><time>2026-07-28T18:05:46.136Z</time></trkpt><trkpt lat="46.1247" lon="4.427225"><ele>873.0</ele><time>2026-07-28T18:05:47.135Z</time></trkpt><trkpt lat="46.12468667" lon="4.42723667"><ele>873.0</ele><time>2026-07-28T18:05:48.135Z</time></trkpt><trkpt lat="46.12467167" lon="4.42724833"><ele>873.0</ele><time>2026-07-28T18:05:49.136Z</time></trkpt><trkpt lat="46.12465833" lon="4.42726333"><ele>873.0</ele><time>2026-07-28T18:05:50.135Z</time></trkpt><trkpt lat="46.124645" lon="4.42727667"><ele>874.0</ele><time>2026-07-28T18:05:51.135Z</time></trkpt><trkpt lat="46.12462833" lon="4.42728667"><ele>874.0</ele><time>2026-07-28T18:05:52.136Z</time></trkpt><trkpt lat="46.124615" lon="4.42729833"><ele>873.0</ele><time>2026-07-28T18:05:53.136Z</time></trkpt><trkpt lat="46.12460167" lon="4.42731333"><ele>873.0</ele><time>2026-07-28T18:05:54.136Z</time></trkpt><trkpt lat="46.12459" lon="4.42732667"><ele>873.0</ele><time>2026-07-28T18:05:55.135Z</time></trkpt><trkpt lat="46.12457833" lon="4.42733667"><ele>873.0</ele><time>2026-07-28T18:05:56.135Z</time></trkpt><trkpt lat="46.12456833" lon="4.42734667"><ele>873.0</ele><time>2026-07-28T18:05:57.136Z</time></trkpt><trkpt lat="46.12455833" lon="4.427355"><ele>873.0</ele><time>2026-07-28T18:05:58.135Z</time></trkpt><trkpt lat="46.124545" lon="4.42736167"><ele>873.0</ele><time>2026-07-28T18:05:59.135Z</time></trkpt><trkpt lat="46.12453167" lon="4.42737333"><ele>872.0</ele><time>2026-07-28T18:06:00.136Z</time></trkpt><trkpt lat="46.12452" lon="4.42739"><ele>872.0</ele><time>2026-07-28T18:06:01.135Z</time></trkpt><trkpt lat="46.12450667" lon="4.42740667"><ele>872.0</ele><time>2026-07-28T18:06:02.135Z</time></trkpt><trkpt lat="46.12449667" lon="4.42742333"><ele>871.0</ele><time>2026-07-28T18:06:03.135Z</time></trkpt><trkpt lat="46.124485" lon="4.42743833"><ele>871.0</ele><time>2026-07-28T18:06:04.136Z</time></trkpt><trkpt lat="46.124475" lon="4.427455"><ele>871.0</ele><time>2026-07-28T18:06:05.135Z</time></trkpt><trkpt lat="46.124465" lon="4.427465"><ele>871.0</ele><time>2026-07-28T18:06:06.136Z</time></trkpt><trkpt lat="46.124455" lon="4.42748"><ele>871.0</ele><time>2026-07-28T18:06:07.135Z</time></trkpt><trkpt lat="46.12444667" lon="4.42749333"><ele>871.0</ele><time>2026-07-28T18:06:08.135Z</time></trkpt><trkpt lat="46.12444" lon="4.42751167"><ele>871.0</ele><time>2026-07-28T18:06:09.136Z</time></trkpt><trkpt lat="46.12443" lon="4.42753"><ele>871.0</ele><time>2026-07-28T18:06:10.135Z</time></trkpt><trkpt lat="46.12442167" lon="4.427545"><ele>871.0</ele><time>2026-07-28T18:06:11.135Z</time></trkpt><trkpt lat="46.12441333" lon="4.42756333"><ele>872.0</ele><time>2026-07-28T18:06:12.136Z</time></trkpt><trkpt lat="46.12440833" lon="4.42758"><ele>872.0</ele><time>2026-07-28T18:06:13.135Z</time></trkpt><trkpt lat="46.124395" lon="4.4276"><ele>872.0</ele><time>2026-07-28T18:06:14.135Z</time></trkpt><trkpt lat="46.12438333" lon="4.42761833"><ele>872.0</ele><time>2026-07-28T18:06:15.135Z</time></trkpt><trkpt lat="46.12437667" lon="4.427635"><ele>872.0</ele><time>2026-07-28T18:06:16.135Z</time></trkpt><trkpt lat="46.12436833" lon="4.42765167"><ele>872.0</ele><time>2026-07-28T18:06:17.135Z</time></trkpt><trkpt lat="46.12436" lon="4.42766833"><ele>873.0</ele><time>2026-07-28T18:06:18.135Z</time></trkpt><trkpt lat="46.12435167" lon="4.427685"><ele>873.0</ele><time>2026-07-28T18:06:19.136Z</time></trkpt><trkpt lat="46.12434" lon="4.42770667"><ele>873.0</ele><time>2026-07-28T18:06:20.135Z</time></trkpt><trkpt lat="46.12432667" lon="4.42773"><ele>873.0</ele><time>2026-07-28T18:06:21.135Z</time></trkpt><trkpt lat="46.12431667" lon="4.42775"><ele>874.0</ele><time>2026-07-28T18:06:22.135Z</time></trkpt><trkpt lat="46.12430833" lon="4.42776833"><ele>874.0</ele><time>2026-07-28T18:06:23.135Z</time></trkpt><trkpt lat="46.1243" lon="4.42778667"><ele>874.0</ele><time>2026-07-28T18:06:24.135Z</time></trkpt><trkpt lat="46.12429667" lon="4.427805"><ele>875.0</ele><time>2026-07-28T18:06:25.135Z</time></trkpt><trkpt lat="46.12429333" lon="4.42781833"><ele>875.0</ele><time>2026-07-28T18:06:26.135Z</time></trkpt><trkpt lat="46.12428" lon="4.42783333"><ele>875.0</ele><time>2026-07-28T18:06:27.135Z</time></trkpt><trkpt lat="46.12427333" lon="4.42785"><ele>876.0</ele><time>2026-07-28T18:06:28.135Z</time></trkpt><trkpt lat="46.12428167" lon="4.42787167"><ele>876.0</ele><time>2026-07-28T18:06:29.135Z</time></trkpt><trkpt lat="46.12428833" lon="4.42788833"><ele>876.0</ele><time>2026-07-28T18:06:30.135Z</time></trkpt><trkpt lat="46.12428167" lon="4.42790667"><ele>876.0</ele><time>2026-07-28T18:06:31.135Z</time></trkpt><trkpt lat="46.12428333" lon="4.42792833"><ele>876.0</ele><time>2026-07-28T18:06:32.135Z</time></trkpt><trkpt lat="46.12427167" lon="4.42795"><ele>877.0</ele><time>2026-07-28T18:06:33.135Z</time></trkpt><trkpt lat="46.124255" lon="4.42797167"><ele>877.0</ele><time>2026-07-28T18:06:34.135Z</time></trkpt><trkpt lat="46.124245" lon="4.42799"><ele>878.0</ele><time>2026-07-28T18:06:35.136Z</time></trkpt><trkpt lat="46.12423167" lon="4.42800833"><ele>878.0</ele><time>2026-07-28T18:06:36.135Z</time></trkpt><trkpt lat="46.12421667" lon="4.42802833"><ele>878.0</ele><time>2026-07-28T18:06:37.136Z</time></trkpt><trkpt lat="46.12420667" lon="4.428045"><ele>879.0</ele><time>2026-07-28T18:06:38.136Z</time></trkpt><trkpt lat="46.12420333" lon="4.42806167"><ele>879.0</ele><time>2026-07-28T18:06:39.136Z</time></trkpt><trkpt lat="46.12419667" lon="4.42807667"><ele>879.0</ele><time>2026-07-28T18:06:40.135Z</time></trkpt><trkpt lat="46.12419" lon="4.42809667"><ele>879.0</ele><time>2026-07-28T18:06:41.135Z</time></trkpt><trkpt lat="46.12417667" lon="4.42811667"><ele>879.0</ele><time>2026-07-28T18:06:42.136Z</time></trkpt><trkpt lat="46.12415833" lon="4.42813667"><ele>880.0</ele><time>2026-07-28T18:06:43.135Z</time></trkpt><trkpt lat="46.12413833" lon="4.42815167"><ele>880.0</ele><time>2026-07-28T18:06:44.135Z</time></trkpt><trkpt lat="46.12412167" lon="4.428165"><ele>880.0</ele><time>2026-07-28T18:06:45.135Z</time></trkpt><trkpt lat="46.12410667" lon="4.42817667"><ele>880.0</ele><time>2026-07-28T18:06:46.135Z</time></trkpt><trkpt lat="46.12409667" lon="4.428185"><ele>880.0</ele><time>2026-07-28T18:06:47.135Z</time></trkpt><trkpt lat="46.12408333" lon="4.42819667"><ele>880.0</ele><time>2026-07-28T18:06:48.135Z</time></trkpt><trkpt lat="46.12406333" lon="4.428215"><ele>881.0</ele><time>2026-07-28T18:06:49.135Z</time></trkpt><trkpt lat="46.12404" lon="4.428225"><ele>881.0</ele><time>2026-07-28T18:06:50.136Z</time></trkpt><trkpt lat="46.12402" lon="4.42823333"><ele>881.0</ele><time>2026-07-28T18:06:51.135Z</time></trkpt><trkpt lat="46.124005" lon="4.428245"><ele>881.0</ele><time>2026-07-28T18:06:52.135Z</time></trkpt><trkpt lat="46.123995" lon="4.42825333"><ele>881.0</ele><time>2026-07-28T18:06:53.136Z</time></trkpt><trkpt lat="46.12399" lon="4.42826333"><ele>881.0</ele><time>2026-07-28T18:06:54.135Z</time></trkpt><trkpt lat="46.123985" lon="4.42827"><ele>881.0</ele><time>2026-07-28T18:06:55.135Z</time></trkpt><trkpt lat="46.12397333" lon="4.42827667"><ele>881.0</ele><time>2026-07-28T18:06:56.135Z</time></trkpt><trkpt lat="46.12396167" lon="4.42828333"><ele>881.0</ele><time>2026-07-28T18:06:57.135Z</time></trkpt><trkpt lat="46.12394667" lon="4.42829167"><ele>881.0</ele><time>2026-07-28T18:06:58.135Z</time></trkpt><trkpt lat="46.12394" lon="4.42829667"><ele>881.0</ele><time>2026-07-28T18:06:59.135Z</time></trkpt><trkpt lat="46.12393167" lon="4.42830667"><ele>881.0</ele><time>2026-07-28T18:07:00.135Z</time></trkpt><trkpt lat="46.12391833" lon="4.428315"><ele>881.0</ele><time>2026-07-28T18:07:01.135Z</time></trkpt><trkpt lat="46.12390333" lon="4.428325"><ele>881.0</ele><time>2026-07-28T18:07:02.135Z</time></trkpt><trkpt lat="46.12389833" lon="4.42833"><ele>882.0</ele><time>2026-07-28T18:07:03.135Z</time></trkpt><trkpt lat="46.12389667" lon="4.428335"><ele>882.0</ele><time>2026-07-28T18:07:04.135Z</time></trkpt><trkpt lat="46.12389333" lon="4.42834667"><ele>882.0</ele><time>2026-07-28T18:07:05.135Z</time></trkpt><trkpt lat="46.12389167" lon="4.42836333"><ele>882.0</ele><time>2026-07-28T18:07:06.135Z</time></trkpt><trkpt lat="46.12389167" lon="4.42837"><ele>882.0</ele><time>2026-07-28T18:07:07.135Z</time></trkpt><trkpt lat="46.12389167" lon="4.42837667"><ele>883.0</ele><time>2026-07-28T18:07:08.135Z</time></trkpt><trkpt lat="46.12388667" lon="4.42838833"><ele>884.0</ele><time>2026-07-28T18:07:09.135Z</time></trkpt><trkpt lat="46.12387833" lon="4.428395"><ele>884.0</ele><time>2026-07-28T18:07:10.135Z</time></trkpt><trkpt lat="46.12386167" lon="4.4284"><ele>884.0</ele><time>2026-07-28T18:07:11.135Z</time></trkpt><trkpt lat="46.12384167" lon="4.42840667"><ele>885.0</ele><time>2026-07-28T18:07:12.135Z</time></trkpt><trkpt lat="46.12382333" lon="4.428405"><ele>885.0</ele><time>2026-07-28T18:07:13.136Z</time></trkpt><trkpt lat="46.12380333" lon="4.4284"><ele>885.0</ele><time>2026-07-28T18:07:14.135Z</time></trkpt><trkpt lat="46.12378667" lon="4.42839167"><ele>885.0</ele><time>2026-07-28T18:07:15.135Z</time></trkpt><trkpt lat="46.12377333" lon="4.42838"><ele>885.0</ele><time>2026-07-28T18:07:16.136Z</time></trkpt><trkpt lat="46.12376167" lon="4.42836833"><ele>885.0</ele><time>2026-07-28T18:07:17.135Z</time></trkpt><trkpt lat="46.12375333" lon="4.42835167"><ele>884.0</ele><time>2026-07-28T18:07:18.135Z</time></trkpt><trkpt lat="46.12374167" lon="4.42834"><ele>884.0</ele><time>2026-07-28T18:07:19.135Z</time></trkpt><trkpt lat="46.12372667" lon="4.42833"><ele>884.0</ele><time>2026-07-28T18:07:20.135Z</time></trkpt><trkpt lat="46.123715" lon="4.42831833"><ele>883.0</ele><time>2026-07-28T18:07:21.135Z</time></trkpt><trkpt lat="46.12370333" lon="4.42830333"><ele>882.0</ele><time>2026-07-28T18:07:22.135Z</time></trkpt><trkpt lat="46.12369167" lon="4.42828833"><ele>880.0</ele><time>2026-07-28T18:07:23.135Z</time></trkpt><trkpt lat="46.12368" lon="4.428275"><ele>879.0</ele><time>2026-07-28T18:07:24.135Z</time></trkpt><trkpt lat="46.12367167" lon="4.42826167"><ele>878.0</ele><time>2026-07-28T18:07:25.135Z</time></trkpt><trkpt lat="46.12365667" lon="4.42825"><ele>877.0</ele><time>2026-07-28T18:07:26.136Z</time></trkpt><trkpt lat="46.12363667" lon="4.42824167"><ele>877.0</ele><time>2026-07-28T18:07:27.135Z</time></trkpt><trkpt lat="46.12361667" lon="4.42823333"><ele>876.0</ele><time>2026-07-28T18:07:28.136Z</time></trkpt><trkpt lat="46.12359833" lon="4.42822333"><ele>876.0</ele><time>2026-07-28T18:07:29.135Z</time></trkpt><trkpt lat="46.12357333" lon="4.42821167"><ele>876.0</ele><time>2026-07-28T18:07:30.135Z</time></trkpt><trkpt lat="46.12355167" lon="4.4282"><ele>876.0</ele><time>2026-07-28T18:07:31.135Z</time></trkpt><trkpt lat="46.12353333" lon="4.42818833"><ele>875.0</ele><time>2026-07-28T18:07:32.135Z</time></trkpt><trkpt lat="46.12352" lon="4.42817333"><ele>875.0</ele><time>2026-07-28T18:07:33.135Z</time></trkpt><trkpt lat="46.1235" lon="4.42816167"><ele>875.0</ele><time>2026-07-28T18:07:34.136Z</time></trkpt><trkpt lat="46.12348167" lon="4.42814833"><ele>874.0</ele><time>2026-07-28T18:07:35.135Z</time></trkpt><trkpt lat="46.123465" lon="4.42813"><ele>874.0</ele><time>2026-07-28T18:07:36.136Z</time></trkpt><trkpt lat="46.12344833" lon="4.42810833"><ele>874.0</ele><time>2026-07-28T18:07:37.135Z</time></trkpt><trkpt lat="46.12342167" lon="4.42809"><ele>873.0</ele><time>2026-07-28T18:07:38.135Z</time></trkpt><trkpt lat="46.12339" lon="4.42807167"><ele>873.0</ele><time>2026-07-28T18:07:39.136Z</time></trkpt><trkpt lat="46.12336" lon="4.428055"><ele>873.0</ele><time>2026-07-28T18:07:40.136Z</time></trkpt><trkpt lat="46.12334333" lon="4.42804"><ele>873.0</ele><time>2026-07-28T18:07:41.135Z</time></trkpt><trkpt lat="46.12332333" lon="4.42802333"><ele>873.0</ele><time>2026-07-28T18:07:42.135Z</time></trkpt><trkpt lat="46.12330167" lon="4.42800333"><ele>873.0</ele><time>2026-07-28T18:07:43.135Z</time></trkpt><trkpt lat="46.12328667" lon="4.427995"><ele>873.0</ele><time>2026-07-28T18:07:44.135Z</time></trkpt><trkpt lat="46.12328" lon="4.42799"><ele>873.0</ele><time>2026-07-28T18:07:45.136Z</time></trkpt><trkpt lat="46.123255" lon="4.427995"><ele>872.0</ele><time>2026-07-28T18:07:46.136Z</time></trkpt><trkpt lat="46.12322333" lon="4.42797833"><ele>871.0</ele><time>2026-07-28T18:07:47.135Z</time></trkpt><trkpt lat="46.12318833" lon="4.42796833"><ele>871.0</ele><time>2026-07-28T18:07:48.135Z</time></trkpt><trkpt lat="46.123175" lon="4.42795833"><ele>871.0</ele><time>2026-07-28T18:07:49.136Z</time></trkpt><trkpt lat="46.12315667" lon="4.42794167"><ele>871.0</ele><time>2026-07-28T18:07:50.135Z</time></trkpt><trkpt lat="46.123155" lon="4.42790333"><ele>871.0</ele><time>2026-07-28T18:07:51.135Z</time></trkpt><trkpt lat="46.12315167" lon="4.42787333"><ele>871.0</ele><time>2026-07-28T18:07:52.135Z</time></trkpt><trkpt lat="46.123155" lon="4.42785333"><ele>871.0</ele><time>2026-07-28T18:07:53.136Z</time></trkpt><trkpt lat="46.12315" lon="4.42782833"><ele>871.0</ele><time>2026-07-28T18:07:54.136Z</time></trkpt><trkpt lat="46.12314333" lon="4.42781167"><ele>871.0</ele><time>2026-07-28T18:07:55.136Z</time></trkpt><trkpt lat="46.12311167" lon="4.42779667"><ele>871.0</ele><time>2026-07-28T18:07:56.135Z</time></trkpt><trkpt lat="46.12308167" lon="4.42779833"><ele>871.0</ele><time>2026-07-28T18:07:57.136Z</time></trkpt><trkpt lat="46.12305667" lon="4.42778667"><ele>871.0</ele><time>2026-07-28T18:07:58.135Z</time></trkpt><trkpt lat="46.12302667" lon="4.42778667"><ele>871.0</ele><time>2026-07-28T18:07:59.135Z</time></trkpt><trkpt lat="46.12300667" lon="4.427795"><ele>871.0</ele><time>2026-07-28T18:08:00.135Z</time></trkpt><trkpt lat="46.12297667" lon="4.42779667"><ele>872.0</ele><time>2026-07-28T18:08:01.135Z</time></trkpt><trkpt lat="46.12296167" lon="4.42779167"><ele>872.0</ele><time>2026-07-28T18:08:02.135Z</time></trkpt><trkpt lat="46.12294333" lon="4.42777833"><ele>873.0</ele><time>2026-07-28T18:08:03.136Z</time></trkpt><trkpt lat="46.12293333" lon="4.42776167"><ele>873.0</ele><time>2026-07-28T18:08:04.136Z</time></trkpt><trkpt lat="46.122925" lon="4.427755"><ele>873.0</ele><time>2026-07-28T18:08:05.135Z</time></trkpt><trkpt lat="46.12291167" lon="4.42774833"><ele>874.0</ele><time>2026-07-28T18:08:06.135Z</time></trkpt><trkpt lat="46.12289667" lon="4.42774"><ele>874.0</ele><time>2026-07-28T18:08:07.136Z</time></trkpt><trkpt lat="46.12289833" lon="4.42772333"><ele>875.0</ele><time>2026-07-28T18:08:08.135Z</time></trkpt><trkpt lat="46.12290333" lon="4.4277"><ele>875.0</ele><time>2026-07-28T18:08:09.135Z</time></trkpt><trkpt lat="46.12291" lon="4.42769"><ele>876.0</ele><time>2026-07-28T18:08:10.135Z</time></trkpt><trkpt lat="46.122905" lon="4.427675"><ele>876.0</ele><time>2026-07-28T18:08:11.136Z</time></trkpt><trkpt lat="46.122895" lon="4.42766"><ele>877.0</ele><time>2026-07-28T18:08:12.136Z</time></trkpt><trkpt lat="46.12288333" lon="4.427645"><ele>877.0</ele><time>2026-07-28T18:08:13.135Z</time></trkpt><trkpt lat="46.12287667" lon="4.42763167"><ele>878.0</ele><time>2026-07-28T18:08:14.136Z</time></trkpt><trkpt lat="46.12286833" lon="4.427615"><ele>878.0</ele><time>2026-07-28T18:08:15.136Z</time></trkpt><trkpt lat="46.12286167" lon="4.42760333"><ele>877.0</ele><time>2026-07-28T18:08:16.136Z</time></trkpt><trkpt lat="46.12285167" lon="4.42758"><ele>877.0</ele><time>2026-07-28T18:08:17.135Z</time></trkpt><trkpt lat="46.12283667" lon="4.42756167"><ele>877.0</ele><time>2026-07-28T18:08:18.135Z</time></trkpt><trkpt lat="46.12283167" lon="4.42754333"><ele>877.0</ele><time>2026-07-28T18:08:19.136Z</time></trkpt><trkpt lat="46.12283333" lon="4.42752667"><ele>877.0</ele><time>2026-07-28T18:08:20.135Z</time></trkpt><trkpt lat="46.122825" lon="4.42749167"><ele>876.0</ele><time>2026-07-28T18:08:21.135Z</time></trkpt><trkpt lat="46.12282167" lon="4.42746167"><ele>876.0</ele><time>2026-07-28T18:08:22.135Z</time></trkpt><trkpt lat="46.12281333" lon="4.42744"><ele>876.0</ele><time>2026-07-28T18:08:23.136Z</time></trkpt><trkpt lat="46.12280833" lon="4.427415"><ele>875.0</ele><time>2026-07-28T18:08:24.136Z</time></trkpt><trkpt lat="46.12280167" lon="4.42739833"><ele>875.0</ele><time>2026-07-28T18:08:25.135Z</time></trkpt><trkpt lat="46.12279333" lon="4.42738667"><ele>874.0</ele><time>2026-07-28T18:08:26.135Z</time></trkpt><trkpt lat="46.122785" lon="4.42737"><ele>873.0</ele><time>2026-07-28T18:08:27.135Z</time></trkpt><trkpt lat="46.12277833" lon="4.42734667"><ele>871.0</ele><time>2026-07-28T18:08:28.135Z</time></trkpt><trkpt lat="46.12277333" lon="4.42733167"><ele>870.0</ele><time>2026-07-28T18:08:29.136Z</time></trkpt><trkpt lat="46.12276833" lon="4.4273"><ele>868.0</ele><time>2026-07-28T18:08:30.135Z</time></trkpt><trkpt lat="46.12276333" lon="4.42727833"><ele>867.0</ele><time>2026-07-28T18:08:31.135Z</time></trkpt><trkpt lat="46.12275667" lon="4.42725833"><ele>866.0</ele><time>2026-07-28T18:08:32.135Z</time></trkpt><trkpt lat="46.12274833" lon="4.42724167"><ele>865.0</ele><time>2026-07-28T18:08:33.135Z</time></trkpt><trkpt lat="46.12274" lon="4.427225"><ele>864.0</ele><time>2026-07-28T18:08:34.135Z</time></trkpt><trkpt lat="46.12273167" lon="4.42721"><ele>864.0</ele><time>2026-07-28T18:08:35.135Z</time></trkpt><trkpt lat="46.12272667" lon="4.427195"><ele>863.0</ele><time>2026-07-28T18:08:36.136Z</time></trkpt><trkpt lat="46.12271833" lon="4.42718"><ele>863.0</ele><time>2026-07-28T18:08:37.135Z</time></trkpt><trkpt lat="46.12271167" lon="4.42716667"><ele>862.0</ele><time>2026-07-28T18:08:38.135Z</time></trkpt><trkpt lat="46.12271" lon="4.42715333"><ele>862.0</ele><time>2026-07-28T18:08:39.135Z</time></trkpt><trkpt lat="46.12270333" lon="4.42713333"><ele>862.0</ele><time>2026-07-28T18:08:40.136Z</time></trkpt><trkpt lat="46.12269833" lon="4.427115"><ele>861.0</ele><time>2026-07-28T18:08:41.135Z</time></trkpt><trkpt lat="46.12268667" lon="4.42710333"><ele>861.0</ele><time>2026-07-28T18:08:42.135Z</time></trkpt><trkpt lat="46.12267667" lon="4.42709167"><ele>860.0</ele><time>2026-07-28T18:08:43.135Z</time></trkpt><trkpt lat="46.12266667" lon="4.42707833"><ele>860.0</ele><time>2026-07-28T18:08:44.136Z</time></trkpt><trkpt lat="46.122655" lon="4.42706667"><ele>859.0</ele><time>2026-07-28T18:08:45.136Z</time></trkpt><trkpt lat="46.12264" lon="4.42705"><ele>859.0</ele><time>2026-07-28T18:08:46.136Z</time></trkpt><trkpt lat="46.12262667" lon="4.42703"><ele>858.0</ele><time>2026-07-28T18:08:47.135Z</time></trkpt><trkpt lat="46.122615" lon="4.42700833"><ele>858.0</ele><time>2026-07-28T18:08:48.136Z</time></trkpt><trkpt lat="46.12261" lon="4.42699"><ele>858.0</ele><time>2026-07-28T18:08:49.136Z</time></trkpt><trkpt lat="46.12260167" lon="4.42697333"><ele>857.0</ele><time>2026-07-28T18:08:50.135Z</time></trkpt><trkpt lat="46.1226" lon="4.42695167"><ele>856.0</ele><time>2026-07-28T18:08:51.135Z</time></trkpt><trkpt lat="46.12259333" lon="4.42693333"><ele>855.0</ele><time>2026-07-28T18:08:52.135Z</time></trkpt><trkpt lat="46.12258333" lon="4.42691333"><ele>855.0</ele><time>2026-07-28T18:08:53.135Z</time></trkpt><trkpt lat="46.12257333" lon="4.42689333"><ele>854.0</ele><time>2026-07-28T18:08:54.135Z</time></trkpt><trkpt lat="46.12256667" lon="4.42687333"><ele>854.0</ele><time>2026-07-28T18:08:55.135Z</time></trkpt><trkpt lat="46.12256" lon="4.42684833"><ele>854.0</ele><time>2026-07-28T18:08:56.136Z</time></trkpt><trkpt lat="46.122555" lon="4.42683"><ele>853.0</ele><time>2026-07-28T18:08:57.135Z</time></trkpt><trkpt lat="46.12255" lon="4.42681167"><ele>853.0</ele><time>2026-07-28T18:08:58.136Z</time></trkpt><trkpt lat="46.12254333" lon="4.42679167"><ele>853.0</ele><time>2026-07-28T18:08:59.135Z</time></trkpt><trkpt lat="46.12253667" lon="4.42677"><ele>853.0</ele><time>2026-07-28T18:09:00.135Z</time></trkpt><trkpt lat="46.12253" lon="4.42674833"><ele>853.0</ele><time>2026-07-28T18:09:01.136Z</time></trkpt><trkpt lat="46.12252333" lon="4.42672667"><ele>854.0</ele><time>2026-07-28T18:09:02.135Z</time></trkpt><trkpt lat="46.12251833" lon="4.426705"><ele>854.0</ele><time>2026-07-28T18:09:03.135Z</time></trkpt><trkpt lat="46.12251333" lon="4.42668333"><ele>854.0</ele><time>2026-07-28T18:09:04.135Z</time></trkpt><trkpt lat="46.12251" lon="4.42666333"><ele>854.0</ele><time>2026-07-28T18:09:05.136Z</time></trkpt><trkpt lat="46.12250833" lon="4.42664"><ele>853.0</ele><time>2026-07-28T18:09:06.135Z</time></trkpt><trkpt lat="46.12250333" lon="4.42661833"><ele>853.0</ele><time>2026-07-28T18:09:07.135Z</time></trkpt><trkpt lat="46.1225" lon="4.42659833"><ele>852.0</ele><time>2026-07-28T18:09:08.135Z</time></trkpt><trkpt lat="46.12249667" lon="4.42658"><ele>852.0</ele><time>2026-07-28T18:09:09.135Z</time></trkpt><trkpt lat="46.12249167" lon="4.42655333"><ele>851.0</ele><time>2026-07-28T18:09:10.135Z</time></trkpt><trkpt lat="46.12248667" lon="4.42653833"><ele>851.0</ele><time>2026-07-28T18:09:11.135Z</time></trkpt><trkpt lat="46.12247833" lon="4.42651667"><ele>851.0</ele><time>2026-07-28T18:09:12.135Z</time></trkpt><trkpt lat="46.12247167" lon="4.42650333"><ele>851.0</ele><time>2026-07-28T18:09:13.136Z</time></trkpt><trkpt lat="46.122465" lon="4.42648333"><ele>851.0</ele><time>2026-07-28T18:09:14.135Z</time></trkpt><trkpt lat="46.12245833" lon="4.42646667"><ele>851.0</ele><time>2026-07-28T18:09:15.136Z</time></trkpt><trkpt lat="46.12245" lon="4.42644833"><ele>851.0</ele><time>2026-07-28T18:09:16.135Z</time></trkpt><trkpt lat="46.12244333" lon="4.42643333"><ele>850.0</ele><time>2026-07-28T18:09:17.135Z</time></trkpt><trkpt lat="46.122435" lon="4.42641667"><ele>850.0</ele><time>2026-07-28T18:09:18.135Z</time></trkpt><trkpt lat="46.12242833" lon="4.42639833"><ele>850.0</ele><time>2026-07-28T18:09:19.135Z</time></trkpt><trkpt lat="46.12242" lon="4.42637833"><ele>850.0</ele><time>2026-07-28T18:09:20.135Z</time></trkpt><trkpt lat="46.122415" lon="4.42636"><ele>850.0</ele><time>2026-07-28T18:09:21.135Z</time></trkpt><trkpt lat="46.12240333" lon="4.42633833"><ele>849.0</ele><time>2026-07-28T18:09:22.135Z</time></trkpt><trkpt lat="46.122395" lon="4.42632167"><ele>849.0</ele><time>2026-07-28T18:09:23.135Z</time></trkpt><trkpt lat="46.12238667" lon="4.42630333"><ele>849.0</ele><time>2026-07-28T18:09:24.135Z</time></trkpt><trkpt lat="46.12237833" lon="4.42628333"><ele>848.0</ele><time>2026-07-28T18:09:25.135Z</time></trkpt><trkpt lat="46.12237333" lon="4.42626167"><ele>848.0</ele><time>2026-07-28T18:09:26.135Z</time></trkpt><trkpt lat="46.12236667" lon="4.42624167"><ele>848.0</ele><time>2026-07-28T18:09:27.135Z</time></trkpt><trkpt lat="46.12235833" lon="4.42622333"><ele>847.0</ele><time>2026-07-28T18:09:28.135Z</time></trkpt><trkpt lat="46.12234833" lon="4.42620833"><ele>847.0</ele><time>2026-07-28T18:09:29.135Z</time></trkpt><trkpt lat="46.12233833" lon="4.426195"><ele>847.0</ele><time>2026-07-28T18:09:30.135Z</time></trkpt><trkpt lat="46.12232667" lon="4.42618"><ele>847.0</ele><time>2026-07-28T18:09:31.135Z</time></trkpt><trkpt lat="46.12231333" lon="4.426165"><ele>847.0</ele><time>2026-07-28T18:09:32.135Z</time></trkpt><trkpt lat="46.12230167" lon="4.42614833"><ele>847.0</ele><time>2026-07-28T18:09:33.136Z</time></trkpt><trkpt lat="46.12229333" lon="4.42613167"><ele>847.0</ele><time>2026-07-28T18:09:34.135Z</time></trkpt><trkpt lat="46.12228667" lon="4.42612"><ele>846.0</ele><time>2026-07-28T18:09:35.135Z</time></trkpt><trkpt lat="46.12228" lon="4.42610667"><ele>846.0</ele><time>2026-07-28T18:09:36.135Z</time></trkpt><trkpt lat="46.12227167" lon="4.42608833"><ele>846.0</ele><time>2026-07-28T18:09:37.136Z</time></trkpt><trkpt lat="46.122265" lon="4.42607"><ele>846.0</ele><time>2026-07-28T18:09:38.136Z</time></trkpt><trkpt lat="46.12226" lon="4.426055"><ele>846.0</ele><time>2026-07-28T18:09:39.135Z</time></trkpt><trkpt lat="46.12225" lon="4.426035"><ele>846.0</ele><time>2026-07-28T18:09:40.135Z</time></trkpt><trkpt lat="46.122235" lon="4.42602167"><ele>846.0</ele><time>2026-07-28T18:09:41.135Z</time></trkpt><trkpt lat="46.12222333" lon="4.42601167"><ele>845.0</ele><time>2026-07-28T18:09:42.136Z</time></trkpt><trkpt lat="46.12221667" lon="4.42599667"><ele>845.0</ele><time>2026-07-28T18:09:43.135Z</time></trkpt><trkpt lat="46.122215" lon="4.42597167"><ele>845.0</ele><time>2026-07-28T18:09:44.136Z</time></trkpt><trkpt lat="46.12221167" lon="4.42595167"><ele>845.0</ele><time>2026-07-28T18:09:45.135Z</time></trkpt><trkpt lat="46.12220333" lon="4.425935"><ele>845.0</ele><time>2026-07-28T18:09:46.136Z</time></trkpt><trkpt lat="46.1222" lon="4.42591833"><ele>845.0</ele><time>2026-07-28T18:09:47.135Z</time></trkpt><trkpt lat="46.12219" lon="4.42589833"><ele>845.0</ele><time>2026-07-28T18:09:48.136Z</time></trkpt><trkpt lat="46.12218167" lon="4.425885"><ele>845.0</ele><time>2026-07-28T18:09:49.135Z</time></trkpt><trkpt lat="46.122175" lon="4.42587333"><ele>845.0</ele><time>2026-07-28T18:09:50.136Z</time></trkpt><trkpt lat="46.12216833" lon="4.42585667"><ele>845.0</ele><time>2026-07-28T18:09:51.135Z</time></trkpt><trkpt lat="46.12215667" lon="4.42584333"><ele>846.0</ele><time>2026-07-28T18:09:52.135Z</time></trkpt><trkpt lat="46.12215" lon="4.425825"><ele>846.0</ele><time>2026-07-28T18:09:53.135Z</time></trkpt><trkpt lat="46.12214167" lon="4.42580667"><ele>846.0</ele><time>2026-07-28T18:09:54.136Z</time></trkpt><trkpt lat="46.122135" lon="4.42578833"><ele>846.0</ele><time>2026-07-28T18:09:55.136Z</time></trkpt><trkpt lat="46.12213167" lon="4.42577667"><ele>846.0</ele><time>2026-07-28T18:09:56.135Z</time></trkpt><trkpt lat="46.12211833" lon="4.42576"><ele>846.0</ele><time>2026-07-28T18:09:57.135Z</time></trkpt><trkpt lat="46.12210833" lon="4.425745"><ele>846.0</ele><time>2026-07-28T18:09:58.136Z</time></trkpt><trkpt lat="46.12210333" lon="4.42572"><ele>846.0</ele><time>2026-07-28T18:09:59.136Z</time></trkpt><trkpt lat="46.122095" lon="4.4257"><ele>846.0</ele><time>2026-07-28T18:10:00.136Z</time></trkpt><trkpt lat="46.12208833" lon="4.42568167"><ele>846.0</ele><time>2026-07-28T18:10:01.135Z</time></trkpt><trkpt lat="46.12208" lon="4.42567"><ele>845.0</ele><time>2026-07-28T18:10:02.135Z</time></trkpt><trkpt lat="46.12207167" lon="4.425655"><ele>845.0</ele><time>2026-07-28T18:10:03.136Z</time></trkpt><trkpt lat="46.122065" lon="4.42563833"><ele>845.0</ele><time>2026-07-28T18:10:04.135Z</time></trkpt><trkpt lat="46.12206" lon="4.425615"><ele>844.0</ele><time>2026-07-28T18:10:05.135Z</time></trkpt><trkpt lat="46.12205333" lon="4.4256"><ele>844.0</ele><time>2026-07-28T18:10:06.135Z</time></trkpt><trkpt lat="46.12205" lon="4.425585"><ele>843.0</ele><time>2026-07-28T18:10:07.135Z</time></trkpt><trkpt lat="46.122045" lon="4.42556667"><ele>843.0</ele><time>2026-07-28T18:10:08.135Z</time></trkpt><trkpt lat="46.12204" lon="4.42554167"><ele>842.0</ele><time>2026-07-28T18:10:09.136Z</time></trkpt><trkpt lat="46.122035" lon="4.42551833"><ele>842.0</ele><time>2026-07-28T18:10:10.135Z</time></trkpt><trkpt lat="46.12203167" lon="4.4255"><ele>842.0</ele><time>2026-07-28T18:10:11.136Z</time></trkpt><trkpt lat="46.12202333" lon="4.42547667"><ele>842.0</ele><time>2026-07-28T18:10:12.135Z</time></trkpt><trkpt lat="46.12201667" lon="4.42545167"><ele>842.0</ele><time>2026-07-28T18:10:13.136Z</time></trkpt><trkpt lat="46.12201667" lon="4.42542167"><ele>842.0</ele><time>2026-07-28T18:10:14.135Z</time></trkpt><trkpt lat="46.122015" lon="4.4254"><ele>842.0</ele><time>2026-07-28T18:10:15.135Z</time></trkpt><trkpt lat="46.12201833" lon="4.42538"><ele>842.0</ele><time>2026-07-28T18:10:16.135Z</time></trkpt><trkpt lat="46.12202" lon="4.425355"><ele>842.0</ele><time>2026-07-28T18:10:17.136Z</time></trkpt><trkpt lat="46.12202167" lon="4.42532333"><ele>841.0</ele><time>2026-07-28T18:10:18.136Z</time></trkpt><trkpt lat="46.12202" lon="4.42529833"><ele>841.0</ele><time>2026-07-28T18:10:19.136Z</time></trkpt><trkpt lat="46.12202167" lon="4.42527167"><ele>841.0</ele><time>2026-07-28T18:10:20.135Z</time></trkpt><trkpt lat="46.12202333" lon="4.425245"><ele>840.0</ele><time>2026-07-28T18:10:21.135Z</time></trkpt><trkpt lat="46.122025" lon="4.42522"><ele>839.0</ele><time>2026-07-28T18:10:22.135Z</time></trkpt><trkpt lat="46.12203333" lon="4.42519167"><ele>839.0</ele><time>2026-07-28T18:10:23.136Z</time></trkpt><trkpt lat="46.12203833" lon="4.42516167"><ele>838.0</ele><time>2026-07-28T18:10:24.136Z</time></trkpt><trkpt lat="46.12204" lon="4.42514333"><ele>838.0</ele><time>2026-07-28T18:10:25.136Z</time></trkpt><trkpt lat="46.12204333" lon="4.42512167"><ele>838.0</ele><time>2026-07-28T18:10:26.135Z</time></trkpt><trkpt lat="46.122045" lon="4.42511"><ele>838.0</ele><time>2026-07-28T18:10:27.135Z</time></trkpt><trkpt lat="46.122045" lon="4.42508667"><ele>838.0</ele><time>2026-07-28T18:10:28.135Z</time></trkpt><trkpt lat="46.122045" lon="4.42507"><ele>837.0</ele><time>2026-07-28T18:10:29.135Z</time></trkpt><trkpt lat="46.122045" lon="4.42505"><ele>837.0</ele><time>2026-07-28T18:10:30.136Z</time></trkpt><trkpt lat="46.12204" lon="4.42501333"><ele>837.0</ele><time>2026-07-28T18:10:31.135Z</time></trkpt><trkpt lat="46.12204167" lon="4.424985"><ele>836.0</ele><time>2026-07-28T18:10:32.136Z</time></trkpt><trkpt lat="46.12204" lon="4.42497"><ele>836.0</ele><time>2026-07-28T18:10:33.135Z</time></trkpt><trkpt lat="46.12204667" lon="4.42494667"><ele>835.0</ele><time>2026-07-28T18:10:34.135Z</time></trkpt><trkpt lat="46.12204833" lon="4.42492"><ele>835.0</ele><time>2026-07-28T18:10:35.136Z</time></trkpt><trkpt lat="46.12205333" lon="4.42489833"><ele>834.0</ele><time>2026-07-28T18:10:36.135Z</time></trkpt><trkpt lat="46.12205667" lon="4.42487167"><ele>834.0</ele><time>2026-07-28T18:10:37.135Z</time></trkpt><trkpt lat="46.12205667" lon="4.42484667"><ele>833.0</ele><time>2026-07-28T18:10:38.135Z</time></trkpt><trkpt lat="46.12205333" lon="4.42483333"><ele>833.0</ele><time>2026-07-28T18:10:39.136Z</time></trkpt><trkpt lat="46.12204833" lon="4.42481167"><ele>833.0</ele><time>2026-07-28T18:10:40.135Z</time></trkpt><trkpt lat="46.12204333" lon="4.42479"><ele>832.0</ele><time>2026-07-28T18:10:41.135Z</time></trkpt><trkpt lat="46.12204" lon="4.42477"><ele>832.0</ele><time>2026-07-28T18:10:42.135Z</time></trkpt><trkpt lat="46.12203333" lon="4.42474833"><ele>832.0</ele><time>2026-07-28T18:10:43.135Z</time></trkpt><trkpt lat="46.122025" lon="4.42472833"><ele>832.0</ele><time>2026-07-28T18:10:44.135Z</time></trkpt><trkpt lat="46.12201833" lon="4.42470833"><ele>832.0</ele><time>2026-07-28T18:10:45.136Z</time></trkpt><trkpt lat="46.12201" lon="4.42468333"><ele>831.0</ele><time>2026-07-28T18:10:46.135Z</time></trkpt><trkpt lat="46.12200333" lon="4.42466833"><ele>831.0</ele><time>2026-07-28T18:10:47.136Z</time></trkpt><trkpt lat="46.121995" lon="4.42465"><ele>831.0</ele><time>2026-07-28T18:10:48.135Z</time></trkpt><trkpt lat="46.121985" lon="4.42462667"><ele>831.0</ele><time>2026-07-28T18:10:49.136Z</time></trkpt><trkpt lat="46.121975" lon="4.42460833"><ele>831.0</ele><time>2026-07-28T18:10:50.135Z</time></trkpt><trkpt lat="46.12196833" lon="4.424595"><ele>831.0</ele><time>2026-07-28T18:10:51.136Z</time></trkpt><trkpt lat="46.12195833" lon="4.42457833"><ele>831.0</ele><time>2026-07-28T18:10:52.135Z</time></trkpt><trkpt lat="46.12195" lon="4.42455833"><ele>830.0</ele><time>2026-07-28T18:10:53.135Z</time></trkpt><trkpt lat="46.12194167" lon="4.42454167"><ele>831.0</ele><time>2026-07-28T18:10:54.136Z</time></trkpt><trkpt lat="46.12193167" lon="4.42452333"><ele>831.0</ele><time>2026-07-28T18:10:55.136Z</time></trkpt><trkpt lat="46.12192" lon="4.42450333"><ele>831.0</ele><time>2026-07-28T18:10:56.135Z</time></trkpt><trkpt lat="46.12191167" lon="4.42449"><ele>831.0</ele><time>2026-07-28T18:10:57.135Z</time></trkpt><trkpt lat="46.12190333" lon="4.424475"><ele>831.0</ele><time>2026-07-28T18:10:58.135Z</time></trkpt><trkpt lat="46.121895" lon="4.42445333"><ele>831.0</ele><time>2026-07-28T18:10:59.135Z</time></trkpt><trkpt lat="46.12188667" lon="4.42443333"><ele>831.0</ele><time>2026-07-28T18:11:00.135Z</time></trkpt><trkpt lat="46.12188167" lon="4.42441667"><ele>831.0</ele><time>2026-07-28T18:11:01.135Z</time></trkpt><trkpt lat="46.121875" lon="4.42439833"><ele>830.0</ele><time>2026-07-28T18:11:02.135Z</time></trkpt><trkpt lat="46.12186833" lon="4.42438"><ele>830.0</ele><time>2026-07-28T18:11:03.135Z</time></trkpt><trkpt lat="46.12186167" lon="4.42436167"><ele>830.0</ele><time>2026-07-28T18:11:04.135Z</time></trkpt><trkpt lat="46.12185667" lon="4.42434333"><ele>829.0</ele><time>2026-07-28T18:11:05.136Z</time></trkpt><trkpt lat="46.12185167" lon="4.42432333"><ele>829.0</ele><time>2026-07-28T18:11:06.135Z</time></trkpt><trkpt lat="46.12184667" lon="4.42430333"><ele>828.0</ele><time>2026-07-28T18:11:07.135Z</time></trkpt><trkpt lat="46.12184167" lon="4.424285"><ele>828.0</ele><time>2026-07-28T18:11:08.135Z</time></trkpt><trkpt lat="46.12183333" lon="4.42426"><ele>828.0</ele><time>2026-07-28T18:11:09.136Z</time></trkpt><trkpt lat="46.12182667" lon="4.42424333"><ele>828.0</ele><time>2026-07-28T18:11:10.135Z</time></trkpt><trkpt lat="46.12182" lon="4.42422167"><ele>828.0</ele><time>2026-07-28T18:11:11.135Z</time></trkpt><trkpt lat="46.12181333" lon="4.4242"><ele>828.0</ele><time>2026-07-28T18:11:12.136Z</time></trkpt><trkpt lat="46.12180333" lon="4.42417667"><ele>828.0</ele><time>2026-07-28T18:11:13.136Z</time></trkpt><trkpt lat="46.12179833" lon="4.42416167"><ele>827.0</ele><time>2026-07-28T18:11:14.136Z</time></trkpt><trkpt lat="46.12179333" lon="4.42414333"><ele>827.0</ele><time>2026-07-28T18:11:15.135Z</time></trkpt><trkpt lat="46.12178667" lon="4.42412333"><ele>827.0</ele><time>2026-07-28T18:11:16.135Z</time></trkpt><trkpt lat="46.12178167" lon="4.42410833"><ele>826.0</ele><time>2026-07-28T18:11:17.135Z</time></trkpt><trkpt lat="46.12177167" lon="4.42408667"><ele>826.0</ele><time>2026-07-28T18:11:18.135Z</time></trkpt><trkpt lat="46.12176333" lon="4.42406667"><ele>826.0</ele><time>2026-07-28T18:11:19.135Z</time></trkpt><trkpt lat="46.12175833" lon="4.42405167"><ele>826.0</ele><time>2026-07-28T18:11:20.135Z</time></trkpt><trkpt lat="46.12175333" lon="4.42403167"><ele>825.0</ele><time>2026-07-28T18:11:21.135Z</time></trkpt><trkpt lat="46.12175" lon="4.42401333"><ele>825.0</ele><time>2026-07-28T18:11:22.135Z</time></trkpt><trkpt lat="46.12174" lon="4.42399333"><ele>825.0</ele><time>2026-07-28T18:11:23.135Z</time></trkpt><trkpt lat="46.12173333" lon="4.42398"><ele>825.0</ele><time>2026-07-28T18:11:24.135Z</time></trkpt><trkpt lat="46.12172167" lon="4.42396333"><ele>825.0</ele><time>2026-07-28T18:11:25.135Z</time></trkpt><trkpt lat="46.12171333" lon="4.423945"><ele>825.0</ele><time>2026-07-28T18:11:26.135Z</time></trkpt><trkpt lat="46.12170667" lon="4.42392833"><ele>826.0</ele><time>2026-07-28T18:11:27.136Z</time></trkpt><trkpt lat="46.12169833" lon="4.42391167"><ele>826.0</ele><time>2026-07-28T18:11:28.136Z</time></trkpt><trkpt lat="46.12169" lon="4.42389667"><ele>826.0</ele><time>2026-07-28T18:11:29.136Z</time></trkpt><trkpt lat="46.12168167" lon="4.42387833"><ele>826.0</ele><time>2026-07-28T18:11:30.136Z</time></trkpt><trkpt lat="46.121675" lon="4.42385833"><ele>825.0</ele><time>2026-07-28T18:11:31.135Z</time></trkpt><trkpt lat="46.121665" lon="4.423835"><ele>825.0</ele><time>2026-07-28T18:11:32.135Z</time></trkpt><trkpt lat="46.12165667" lon="4.42382"><ele>825.0</ele><time>2026-07-28T18:11:33.135Z</time></trkpt><trkpt lat="46.121645" lon="4.42380333"><ele>825.0</ele><time>2026-07-28T18:11:34.135Z</time></trkpt><trkpt lat="46.12163333" lon="4.42378333"><ele>826.0</ele><time>2026-07-28T18:11:35.135Z</time></trkpt><trkpt lat="46.12162333" lon="4.423765"><ele>826.0</ele><time>2026-07-28T18:11:36.136Z</time></trkpt><trkpt lat="46.12161333" lon="4.423745"><ele>826.0</ele><time>2026-07-28T18:11:37.136Z</time></trkpt><trkpt lat="46.121605" lon="4.42372833"><ele>826.0</ele><time>2026-07-28T18:11:38.135Z</time></trkpt><trkpt lat="46.12159667" lon="4.42371"><ele>826.0</ele><time>2026-07-28T18:11:39.135Z</time></trkpt><trkpt lat="46.12158833" lon="4.42369333"><ele>826.0</ele><time>2026-07-28T18:11:40.135Z</time></trkpt><trkpt lat="46.12157833" lon="4.42367333"><ele>826.0</ele><time>2026-07-28T18:11:41.135Z</time></trkpt><trkpt lat="46.12156667" lon="4.42365167"><ele>826.0</ele><time>2026-07-28T18:11:42.135Z</time></trkpt><trkpt lat="46.12155833" lon="4.42363667"><ele>826.0</ele><time>2026-07-28T18:11:43.136Z</time></trkpt><trkpt lat="46.121545" lon="4.42361667"><ele>825.0</ele><time>2026-07-28T18:11:44.135Z</time></trkpt><trkpt lat="46.12153667" lon="4.42360333"><ele>825.0</ele><time>2026-07-28T18:11:45.135Z</time></trkpt><trkpt lat="46.12152667" lon="4.423585"><ele>825.0</ele><time>2026-07-28T18:11:46.136Z</time></trkpt><trkpt lat="46.121515" lon="4.42356833"><ele>824.0</ele><time>2026-07-28T18:11:47.135Z</time></trkpt><trkpt lat="46.12150667" lon="4.42354833"><ele>824.0</ele><time>2026-07-28T18:11:48.135Z</time></trkpt><trkpt lat="46.12149833" lon="4.42353"><ele>823.0</ele><time>2026-07-28T18:11:49.136Z</time></trkpt><trkpt lat="46.12149167" lon="4.42351167"><ele>823.0</ele><time>2026-07-28T18:11:50.136Z</time></trkpt><trkpt lat="46.12148167" lon="4.423495"><ele>823.0</ele><time>2026-07-28T18:11:51.136Z</time></trkpt><trkpt lat="46.12147333" lon="4.423475"><ele>822.0</ele><time>2026-07-28T18:11:52.135Z</time></trkpt><trkpt lat="46.121465" lon="4.42346"><ele>822.0</ele><time>2026-07-28T18:11:53.136Z</time></trkpt><trkpt lat="46.12145333" lon="4.42343667"><ele>822.0</ele><time>2026-07-28T18:11:54.135Z</time></trkpt><trkpt lat="46.12144833" lon="4.42342167"><ele>822.0</ele><time>2026-07-28T18:11:55.135Z</time></trkpt><trkpt lat="46.12144333" lon="4.42340333"><ele>822.0</ele><time>2026-07-28T18:11:56.136Z</time></trkpt><trkpt lat="46.12143833" lon="4.42338333"><ele>822.0</ele><time>2026-07-28T18:11:57.135Z</time></trkpt><trkpt lat="46.12143167" lon="4.42336333"><ele>822.0</ele><time>2026-07-28T18:11:58.135Z</time></trkpt><trkpt lat="46.12142667" lon="4.423345"><ele>821.0</ele><time>2026-07-28T18:11:59.135Z</time></trkpt><trkpt lat="46.12142167" lon="4.42332833"><ele>821.0</ele><time>2026-07-28T18:12:00.135Z</time></trkpt><trkpt lat="46.12141333" lon="4.42331333"><ele>821.0</ele><time>2026-07-28T18:12:01.135Z</time></trkpt><trkpt lat="46.12140667" lon="4.423295"><ele>821.0</ele><time>2026-07-28T18:12:02.135Z</time></trkpt><trkpt lat="46.12139833" lon="4.42327833"><ele>821.0</ele><time>2026-07-28T18:12:03.135Z</time></trkpt><trkpt lat="46.12138833" lon="4.423255"><ele>821.0</ele><time>2026-07-28T18:12:04.135Z</time></trkpt><trkpt lat="46.12138" lon="4.42323167"><ele>820.0</ele><time>2026-07-28T18:12:05.135Z</time></trkpt><trkpt lat="46.12137333" lon="4.42321167"><ele>820.0</ele><time>2026-07-28T18:12:06.135Z</time></trkpt><trkpt lat="46.121365" lon="4.42319"><ele>820.0</ele><time>2026-07-28T18:12:07.136Z</time></trkpt><trkpt lat="46.12135833" lon="4.42317167"><ele>820.0</ele><time>2026-07-28T18:12:08.135Z</time></trkpt><trkpt lat="46.12135167" lon="4.42315167"><ele>820.0</ele><time>2026-07-28T18:12:09.136Z</time></trkpt><trkpt lat="46.121345" lon="4.42313167"><ele>820.0</ele><time>2026-07-28T18:12:10.135Z</time></trkpt><trkpt lat="46.12134" lon="4.42311167"><ele>819.0</ele><time>2026-07-28T18:12:11.136Z</time></trkpt><trkpt lat="46.121335" lon="4.42308833"><ele>820.0</ele><time>2026-07-28T18:12:12.135Z</time></trkpt><trkpt lat="46.12132833" lon="4.42306167"><ele>819.0</ele><time>2026-07-28T18:12:13.135Z</time></trkpt><trkpt lat="46.12132333" lon="4.423045"><ele>819.0</ele><time>2026-07-28T18:12:14.135Z</time></trkpt><trkpt lat="46.121315" lon="4.42302333"><ele>819.0</ele><time>2026-07-28T18:12:15.135Z</time></trkpt><trkpt lat="46.12130667" lon="4.42300333"><ele>819.0</ele><time>2026-07-28T18:12:16.136Z</time></trkpt><trkpt lat="46.1213" lon="4.42298333"><ele>819.0</ele><time>2026-07-28T18:12:17.135Z</time></trkpt><trkpt lat="46.121295" lon="4.42296167"><ele>819.0</ele><time>2026-07-28T18:12:18.135Z</time></trkpt><trkpt lat="46.12129" lon="4.42294167"><ele>819.0</ele><time>2026-07-28T18:12:19.136Z</time></trkpt><trkpt lat="46.12128333" lon="4.42292333"><ele>819.0</ele><time>2026-07-28T18:12:20.135Z</time></trkpt><trkpt lat="46.121275" lon="4.422905"><ele>819.0</ele><time>2026-07-28T18:12:21.136Z</time></trkpt><trkpt lat="46.12126833" lon="4.422885"><ele>819.0</ele><time>2026-07-28T18:12:22.135Z</time></trkpt><trkpt lat="46.121265" lon="4.42285833"><ele>819.0</ele><time>2026-07-28T18:12:23.135Z</time></trkpt><trkpt lat="46.12126167" lon="4.42284"><ele>819.0</ele><time>2026-07-28T18:12:24.136Z</time></trkpt><trkpt lat="46.121255" lon="4.42281667"><ele>818.0</ele><time>2026-07-28T18:12:25.135Z</time></trkpt><trkpt lat="46.12124833" lon="4.42279167"><ele>818.0</ele><time>2026-07-28T18:12:26.135Z</time></trkpt><trkpt lat="46.12124167" lon="4.42277667"><ele>818.0</ele><time>2026-07-28T18:12:27.136Z</time></trkpt><trkpt lat="46.121235" lon="4.422755"><ele>818.0</ele><time>2026-07-28T18:12:28.136Z</time></trkpt><trkpt lat="46.12122833" lon="4.422735"><ele>818.0</ele><time>2026-07-28T18:12:29.135Z</time></trkpt><trkpt lat="46.12122" lon="4.422715"><ele>818.0</ele><time>2026-07-28T18:12:30.135Z</time></trkpt><trkpt lat="46.12121333" lon="4.42269667"><ele>818.0</ele><time>2026-07-28T18:12:31.136Z</time></trkpt><trkpt lat="46.121205" lon="4.422675"><ele>818.0</ele><time>2026-07-28T18:12:32.135Z</time></trkpt><trkpt lat="46.12119833" lon="4.42266"><ele>818.0</ele><time>2026-07-28T18:12:33.135Z</time></trkpt><trkpt lat="46.12119" lon="4.42264167"><ele>818.0</ele><time>2026-07-28T18:12:34.135Z</time></trkpt><trkpt lat="46.12118333" lon="4.42262333"><ele>818.0</ele><time>2026-07-28T18:12:35.135Z</time></trkpt><trkpt lat="46.12117667" lon="4.422605"><ele>817.0</ele><time>2026-07-28T18:12:36.135Z</time></trkpt><trkpt lat="46.12117167" lon="4.422585"><ele>817.0</ele><time>2026-07-28T18:12:37.136Z</time></trkpt><trkpt lat="46.121165" lon="4.42256333"><ele>817.0</ele><time>2026-07-28T18:12:38.136Z</time></trkpt><trkpt lat="46.12115833" lon="4.42254333"><ele>817.0</ele><time>2026-07-28T18:12:39.135Z</time></trkpt><trkpt lat="46.12115167" lon="4.422525"><ele>817.0</ele><time>2026-07-28T18:12:40.135Z</time></trkpt><trkpt lat="46.121145" lon="4.42250667"><ele>816.0</ele><time>2026-07-28T18:12:41.136Z</time></trkpt><trkpt lat="46.12113833" lon="4.42248667"><ele>816.0</ele><time>2026-07-28T18:12:42.136Z</time></trkpt><trkpt lat="46.12113333" lon="4.42246667"><ele>817.0</ele><time>2026-07-28T18:12:43.136Z</time></trkpt><trkpt lat="46.12112833" lon="4.422445"><ele>817.0</ele><time>2026-07-28T18:12:44.135Z</time></trkpt><trkpt lat="46.12112333" lon="4.422425"><ele>817.0</ele><time>2026-07-28T18:12:45.135Z</time></trkpt><trkpt lat="46.12111667" lon="4.42240833"><ele>817.0</ele><time>2026-07-28T18:12:46.136Z</time></trkpt><trkpt lat="46.12111" lon="4.42239"><ele>817.0</ele><time>2026-07-28T18:12:47.135Z</time></trkpt><trkpt lat="46.12110167" lon="4.42237167"><ele>817.0</ele><time>2026-07-28T18:12:48.135Z</time></trkpt><trkpt lat="46.12109333" lon="4.42235167"><ele>818.0</ele><time>2026-07-28T18:12:49.136Z</time></trkpt><trkpt lat="46.12108833" lon="4.42233333"><ele>818.0</ele><time>2026-07-28T18:12:50.135Z</time></trkpt><trkpt lat="46.12108167" lon="4.42231333"><ele>818.0</ele><time>2026-07-28T18:12:51.136Z</time></trkpt><trkpt lat="46.121075" lon="4.422295"><ele>818.0</ele><time>2026-07-28T18:12:52.135Z</time></trkpt><trkpt lat="46.12106833" lon="4.42227833"><ele>818.0</ele><time>2026-07-28T18:12:53.135Z</time></trkpt><trkpt lat="46.12106" lon="4.42226333"><ele>818.0</ele><time>2026-07-28T18:12:54.135Z</time></trkpt><trkpt lat="46.12105167" lon="4.42224333"><ele>818.0</ele><time>2026-07-28T18:12:55.135Z</time></trkpt><trkpt lat="46.121045" lon="4.42223167"><ele>817.0</ele><time>2026-07-28T18:12:56.135Z</time></trkpt><trkpt lat="46.12104167" lon="4.42221333"><ele>817.0</ele><time>2026-07-28T18:12:57.136Z</time></trkpt><trkpt lat="46.121035" lon="4.42219667"><ele>817.0</ele><time>2026-07-28T18:12:58.135Z</time></trkpt><trkpt lat="46.12103" lon="4.42217833"><ele>816.0</ele><time>2026-07-28T18:12:59.135Z</time></trkpt><trkpt lat="46.12102333" lon="4.42215833"><ele>816.0</ele><time>2026-07-28T18:13:00.135Z</time></trkpt><trkpt lat="46.12101667" lon="4.42213833"><ele>816.0</ele><time>2026-07-28T18:13:01.135Z</time></trkpt><trkpt lat="46.12101" lon="4.42211667"><ele>816.0</ele><time>2026-07-28T18:13:02.135Z</time></trkpt><trkpt lat="46.12100333" lon="4.42209667"><ele>816.0</ele><time>2026-07-28T18:13:03.136Z</time></trkpt><trkpt lat="46.12099833" lon="4.422075"><ele>816.0</ele><time>2026-07-28T18:13:04.136Z</time></trkpt><trkpt lat="46.12099167" lon="4.422055"><ele>817.0</ele><time>2026-07-28T18:13:05.135Z</time></trkpt><trkpt lat="46.120985" lon="4.42203333"><ele>817.0</ele><time>2026-07-28T18:13:06.135Z</time></trkpt><trkpt lat="46.12097833" lon="4.42201167"><ele>816.0</ele><time>2026-07-28T18:13:07.135Z</time></trkpt><trkpt lat="46.12097167" lon="4.42199167"><ele>816.0</ele><time>2026-07-28T18:13:08.135Z</time></trkpt><trkpt lat="46.120965" lon="4.42197333"><ele>816.0</ele><time>2026-07-28T18:13:09.135Z</time></trkpt><trkpt lat="46.12095667" lon="4.42195167"><ele>816.0</ele><time>2026-07-28T18:13:10.136Z</time></trkpt><trkpt lat="46.12095167" lon="4.42193667"><ele>816.0</ele><time>2026-07-28T18:13:11.136Z</time></trkpt><trkpt lat="46.12094667" lon="4.42191833"><ele>816.0</ele><time>2026-07-28T18:13:12.136Z</time></trkpt><trkpt lat="46.12094167" lon="4.42189833"><ele>815.0</ele><time>2026-07-28T18:13:13.135Z</time></trkpt><trkpt lat="46.120935" lon="4.42188167"><ele>815.0</ele><time>2026-07-28T18:13:14.135Z</time></trkpt><trkpt lat="46.12092667" lon="4.421865"><ele>815.0</ele><time>2026-07-28T18:13:15.135Z</time></trkpt><trkpt lat="46.12092" lon="4.421845"><ele>815.0</ele><time>2026-07-28T18:13:16.135Z</time></trkpt><trkpt lat="46.120915" lon="4.421825"><ele>815.0</ele><time>2026-07-28T18:13:17.135Z</time></trkpt><trkpt lat="46.12091" lon="4.421805"><ele>815.0</ele><time>2026-07-28T18:13:18.136Z</time></trkpt><trkpt lat="46.12090667" lon="4.421785"><ele>815.0</ele><time>2026-07-28T18:13:19.135Z</time></trkpt><trkpt lat="46.1209" lon="4.421765"><ele>815.0</ele><time>2026-07-28T18:13:20.136Z</time></trkpt><trkpt lat="46.120895" lon="4.42174667"><ele>815.0</ele><time>2026-07-28T18:13:21.135Z</time></trkpt><trkpt lat="46.12089333" lon="4.42172333"><ele>815.0</ele><time>2026-07-28T18:13:22.135Z</time></trkpt><trkpt lat="46.12088833" lon="4.42170333"><ele>815.0</ele><time>2026-07-28T18:13:23.136Z</time></trkpt><trkpt lat="46.12088167" lon="4.42168667"><ele>815.0</ele><time>2026-07-28T18:13:24.135Z</time></trkpt><trkpt lat="46.12087667" lon="4.42166833"><ele>815.0</ele><time>2026-07-28T18:13:25.135Z</time></trkpt><trkpt lat="46.12086833" lon="4.42165"><ele>815.0</ele><time>2026-07-28T18:13:26.136Z</time></trkpt><trkpt lat="46.12086333" lon="4.42163333"><ele>815.0</ele><time>2026-07-28T18:13:27.135Z</time></trkpt><trkpt lat="46.12085667" lon="4.42161667"><ele>814.0</ele><time>2026-07-28T18:13:28.136Z</time></trkpt><trkpt lat="46.12085333" lon="4.42159833"><ele>814.0</ele><time>2026-07-28T18:13:29.135Z</time></trkpt><trkpt lat="46.12084833" lon="4.42158167"><ele>814.0</ele><time>2026-07-28T18:13:30.135Z</time></trkpt><trkpt lat="46.12084333" lon="4.421565"><ele>814.0</ele><time>2026-07-28T18:13:31.135Z</time></trkpt><trkpt lat="46.12083833" lon="4.42154833"><ele>814.0</ele><time>2026-07-28T18:13:32.135Z</time></trkpt><trkpt lat="46.12083333" lon="4.42153333"><ele>813.0</ele><time>2026-07-28T18:13:33.135Z</time></trkpt><trkpt lat="46.12082833" lon="4.42151667"><ele>813.0</ele><time>2026-07-28T18:13:34.135Z</time></trkpt><trkpt lat="46.12082333" lon="4.4215"><ele>813.0</ele><time>2026-07-28T18:13:35.135Z</time></trkpt><trkpt lat="46.12081833" lon="4.42148"><ele>813.0</ele><time>2026-07-28T18:13:36.136Z</time></trkpt><trkpt lat="46.12081333" lon="4.42145833"><ele>812.0</ele><time>2026-07-28T18:13:37.136Z</time></trkpt><trkpt lat="46.12080833" lon="4.421435"><ele>812.0</ele><time>2026-07-28T18:13:38.135Z</time></trkpt><trkpt lat="46.12080333" lon="4.42141167"><ele>812.0</ele><time>2026-07-28T18:13:39.135Z</time></trkpt><trkpt lat="46.12079833" lon="4.42139167"><ele>811.0</ele><time>2026-07-28T18:13:40.136Z</time></trkpt><trkpt lat="46.12079667" lon="4.42137167"><ele>811.0</ele><time>2026-07-28T18:13:41.135Z</time></trkpt><trkpt lat="46.120795" lon="4.42135333"><ele>810.0</ele><time>2026-07-28T18:13:42.135Z</time></trkpt><trkpt lat="46.12079167" lon="4.42133"><ele>809.0</ele><time>2026-07-28T18:13:43.135Z</time></trkpt><trkpt lat="46.12079" lon="4.421315"><ele>809.0</ele><time>2026-07-28T18:13:44.135Z</time></trkpt><trkpt lat="46.12078667" lon="4.42129333"><ele>809.0</ele><time>2026-07-28T18:13:45.136Z</time></trkpt><trkpt lat="46.12078333" lon="4.42127333"><ele>809.0</ele><time>2026-07-28T18:13:46.136Z</time></trkpt><trkpt lat="46.12078" lon="4.42125333"><ele>809.0</ele><time>2026-07-28T18:13:47.135Z</time></trkpt><trkpt lat="46.12077833" lon="4.421235"><ele>809.0</ele><time>2026-07-28T18:13:48.135Z</time></trkpt><trkpt lat="46.12077667" lon="4.42122"><ele>809.0</ele><time>2026-07-28T18:13:49.135Z</time></trkpt><trkpt lat="46.12077167" lon="4.42120333"><ele>809.0</ele><time>2026-07-28T18:13:50.135Z</time></trkpt><trkpt lat="46.120765" lon="4.42118667"><ele>809.0</ele><time>2026-07-28T18:13:51.136Z</time></trkpt><trkpt lat="46.12075833" lon="4.42116667"><ele>809.0</ele><time>2026-07-28T18:13:52.135Z</time></trkpt><trkpt lat="46.12075167" lon="4.42114833"><ele>809.0</ele><time>2026-07-28T18:13:53.135Z</time></trkpt><trkpt lat="46.120745" lon="4.42113333"><ele>809.0</ele><time>2026-07-28T18:13:54.135Z</time></trkpt><trkpt lat="46.120735" lon="4.42112"><ele>809.0</ele><time>2026-07-28T18:13:55.135Z</time></trkpt><trkpt lat="46.12072833" lon="4.421105"><ele>809.0</ele><time>2026-07-28T18:13:56.136Z</time></trkpt><trkpt lat="46.12072333" lon="4.42108667"><ele>809.0</ele><time>2026-07-28T18:13:57.136Z</time></trkpt><trkpt lat="46.12071833" lon="4.421065"><ele>808.0</ele><time>2026-07-28T18:13:58.135Z</time></trkpt><trkpt lat="46.12071333" lon="4.42104"><ele>808.0</ele><time>2026-07-28T18:13:59.135Z</time></trkpt><trkpt lat="46.12070833" lon="4.42102167"><ele>808.0</ele><time>2026-07-28T18:14:00.135Z</time></trkpt><trkpt lat="46.12070333" lon="4.421"><ele>807.0</ele><time>2026-07-28T18:14:01.135Z</time></trkpt><trkpt lat="46.12069833" lon="4.42097667"><ele>807.0</ele><time>2026-07-28T18:14:02.136Z</time></trkpt><trkpt lat="46.120695" lon="4.42095667"><ele>807.0</ele><time>2026-07-28T18:14:03.135Z</time></trkpt><trkpt lat="46.12069167" lon="4.420935"><ele>806.0</ele><time>2026-07-28T18:14:04.135Z</time></trkpt><trkpt lat="46.12069" lon="4.42091333"><ele>806.0</ele><time>2026-07-28T18:14:05.135Z</time></trkpt><trkpt lat="46.12069" lon="4.42089333"><ele>806.0</ele><time>2026-07-28T18:14:06.135Z</time></trkpt><trkpt lat="46.12068667" lon="4.42087167"><ele>805.0</ele><time>2026-07-28T18:14:07.135Z</time></trkpt><trkpt lat="46.12068333" lon="4.42084833"><ele>805.0</ele><time>2026-07-28T18:14:08.135Z</time></trkpt><trkpt lat="46.12068" lon="4.420825"><ele>805.0</ele><time>2026-07-28T18:14:09.136Z</time></trkpt><trkpt lat="46.12067667" lon="4.42080333"><ele>805.0</ele><time>2026-07-28T18:14:10.135Z</time></trkpt><trkpt lat="46.120675" lon="4.42078"><ele>805.0</ele><time>2026-07-28T18:14:11.135Z</time></trkpt><trkpt lat="46.12067167" lon="4.42075833"><ele>805.0</ele><time>2026-07-28T18:14:12.136Z</time></trkpt><trkpt lat="46.12066667" lon="4.42073667"><ele>805.0</ele><time>2026-07-28T18:14:13.135Z</time></trkpt><trkpt lat="46.12066333" lon="4.420715"><ele>805.0</ele><time>2026-07-28T18:14:14.135Z</time></trkpt><trkpt lat="46.12066" lon="4.42069167"><ele>805.0</ele><time>2026-07-28T18:14:15.135Z</time></trkpt><trkpt lat="46.12065667" lon="4.42066833"><ele>804.0</ele><time>2026-07-28T18:14:16.136Z</time></trkpt><trkpt lat="46.12065333" lon="4.42064667"><ele>804.0</ele><time>2026-07-28T18:14:17.135Z</time></trkpt><trkpt lat="46.12064833" lon="4.42062333"><ele>804.0</ele><time>2026-07-28T18:14:18.135Z</time></trkpt><trkpt lat="46.120645" lon="4.42059167"><ele>804.0</ele><time>2026-07-28T18:14:19.136Z</time></trkpt><trkpt lat="46.12064333" lon="4.42056167"><ele>804.0</ele><time>2026-07-28T18:14:20.135Z</time></trkpt><trkpt lat="46.12064167" lon="4.42054"><ele>804.0</ele><time>2026-07-28T18:14:21.135Z</time></trkpt><trkpt lat="46.12064" lon="4.42051667"><ele>803.0</ele><time>2026-07-28T18:14:22.135Z</time></trkpt><trkpt lat="46.12063667" lon="4.42049"><ele>803.0</ele><time>2026-07-28T18:14:23.136Z</time></trkpt><trkpt lat="46.120635" lon="4.42046333"><ele>803.0</ele><time>2026-07-28T18:14:24.135Z</time></trkpt><trkpt lat="46.12063333" lon="4.42043833"><ele>802.0</ele><time>2026-07-28T18:14:25.135Z</time></trkpt><trkpt lat="46.120635" lon="4.42041"><ele>802.0</ele><time>2026-07-28T18:14:26.135Z</time></trkpt><trkpt lat="46.12063167" lon="4.420385"><ele>802.0</ele><time>2026-07-28T18:14:27.135Z</time></trkpt><trkpt lat="46.12063" lon="4.42036333"><ele>802.0</ele><time>2026-07-28T18:14:28.135Z</time></trkpt><trkpt lat="46.12063167" lon="4.42034"><ele>802.0</ele><time>2026-07-28T18:14:29.135Z</time></trkpt><trkpt lat="46.12063333" lon="4.42031667"><ele>801.0</ele><time>2026-07-28T18:14:30.136Z</time></trkpt><trkpt lat="46.12063167" lon="4.42029333"><ele>801.0</ele><time>2026-07-28T18:14:31.135Z</time></trkpt><trkpt lat="46.12063333" lon="4.42026667"><ele>801.0</ele><time>2026-07-28T18:14:32.136Z</time></trkpt><trkpt lat="46.120635" lon="4.42024"><ele>800.0</ele><time>2026-07-28T18:14:33.135Z</time></trkpt><trkpt lat="46.120635" lon="4.42021667"><ele>800.0</ele><time>2026-07-28T18:14:34.135Z</time></trkpt><trkpt lat="46.12063333" lon="4.420195"><ele>800.0</ele><time>2026-07-28T18:14:35.135Z</time></trkpt><trkpt lat="46.12063333" lon="4.420195"><ele>800.0</ele><time>2026-07-28T18:14:36.136Z</time></trkpt><trkpt lat="46.12063167" lon="4.42014667"><ele>799.0</ele><time>2026-07-28T18:14:37.135Z</time></trkpt><trkpt lat="46.12063167" lon="4.42012667"><ele>799.0</ele><time>2026-07-28T18:14:38.135Z</time></trkpt><trkpt lat="46.12063167" lon="4.42010167"><ele>799.0</ele><time>2026-07-28T18:14:39.135Z</time></trkpt><trkpt lat="46.12063" lon="4.42007667"><ele>799.0</ele><time>2026-07-28T18:14:40.136Z</time></trkpt><trkpt lat="46.12062667" lon="4.42005333"><ele>799.0</ele><time>2026-07-28T18:14:41.135Z</time></trkpt><trkpt lat="46.12062333" lon="4.42003167"><ele>799.0</ele><time>2026-07-28T18:14:42.135Z</time></trkpt><trkpt lat="46.12062" lon="4.42001333"><ele>799.0</ele><time>2026-07-28T18:14:43.136Z</time></trkpt><trkpt lat="46.12062" lon="4.41999167"><ele>799.0</ele><time>2026-07-28T18:14:44.135Z</time></trkpt><trkpt lat="46.12061833" lon="4.41996833"><ele>799.0</ele><time>2026-07-28T18:14:45.135Z</time></trkpt><trkpt lat="46.12062" lon="4.419945"><ele>799.0</ele><time>2026-07-28T18:14:46.135Z</time></trkpt><trkpt lat="46.12062167" lon="4.41992167"><ele>798.0</ele><time>2026-07-28T18:14:47.135Z</time></trkpt><trkpt lat="46.12062333" lon="4.41990167"><ele>798.0</ele><time>2026-07-28T18:14:48.135Z</time></trkpt><trkpt lat="46.12062333" lon="4.41988"><ele>798.0</ele><time>2026-07-28T18:14:49.136Z</time></trkpt><trkpt lat="46.120625" lon="4.41986"><ele>797.0</ele><time>2026-07-28T18:14:50.136Z</time></trkpt><trkpt lat="46.12062667" lon="4.41983667"><ele>797.0</ele><time>2026-07-28T18:14:51.136Z</time></trkpt><trkpt lat="46.12062667" lon="4.41981"><ele>797.0</ele><time>2026-07-28T18:14:52.135Z</time></trkpt><trkpt lat="46.12062833" lon="4.41979333"><ele>796.0</ele><time>2026-07-28T18:14:53.135Z</time></trkpt><trkpt lat="46.12063" lon="4.419775"><ele>796.0</ele><time>2026-07-28T18:14:54.135Z</time></trkpt><trkpt lat="46.12062833" lon="4.41975833"><ele>796.0</ele><time>2026-07-28T18:14:55.135Z</time></trkpt><trkpt lat="46.12062667" lon="4.41974167"><ele>795.0</ele><time>2026-07-28T18:14:56.135Z</time></trkpt><trkpt lat="46.120625" lon="4.41972667"><ele>795.0</ele><time>2026-07-28T18:14:57.135Z</time></trkpt><trkpt lat="46.12062333" lon="4.41971"><ele>795.0</ele><time>2026-07-28T18:14:58.135Z</time></trkpt><trkpt lat="46.12062" lon="4.419695"><ele>795.0</ele><time>2026-07-28T18:14:59.135Z</time></trkpt><trkpt lat="46.120615" lon="4.41967667"><ele>796.0</ele><time>2026-07-28T18:15:00.135Z</time></trkpt><trkpt lat="46.12061" lon="4.41965833"><ele>796.0</ele><time>2026-07-28T18:15:01.135Z</time></trkpt><trkpt lat="46.120605" lon="4.41963833"><ele>796.0</ele><time>2026-07-28T18:15:02.135Z</time></trkpt><trkpt lat="46.1206" lon="4.41961833"><ele>796.0</ele><time>2026-07-28T18:15:03.135Z</time></trkpt><trkpt lat="46.12059833" lon="4.41959333"><ele>796.0</ele><time>2026-07-28T18:15:04.136Z</time></trkpt><trkpt lat="46.12059667" lon="4.41957333"><ele>796.0</ele><time>2026-07-28T18:15:05.135Z</time></trkpt><trkpt lat="46.120595" lon="4.41955333"><ele>796.0</ele><time>2026-07-28T18:15:06.136Z</time></trkpt><trkpt lat="46.120595" lon="4.41954"><ele>796.0</ele><time>2026-07-28T18:15:07.135Z</time></trkpt><trkpt lat="46.12059167" lon="4.419515"><ele>795.0</ele><time>2026-07-28T18:15:08.136Z</time></trkpt><trkpt lat="46.12059167" lon="4.41949667"><ele>795.0</ele><time>2026-07-28T18:15:09.135Z</time></trkpt><trkpt lat="46.12059" lon="4.41947167"><ele>795.0</ele><time>2026-07-28T18:15:10.135Z</time></trkpt><trkpt lat="46.12058667" lon="4.41945667"><ele>795.0</ele><time>2026-07-28T18:15:11.136Z</time></trkpt><trkpt lat="46.120585" lon="4.41943667"><ele>795.0</ele><time>2026-07-28T18:15:12.135Z</time></trkpt><trkpt lat="46.12058167" lon="4.419415"><ele>795.0</ele><time>2026-07-28T18:15:13.135Z</time></trkpt><trkpt lat="46.12058" lon="4.41939167"><ele>794.0</ele><time>2026-07-28T18:15:14.136Z</time></trkpt><trkpt lat="46.12057833" lon="4.41937167"><ele>794.0</ele><time>2026-07-28T18:15:15.136Z</time></trkpt><trkpt lat="46.120575" lon="4.41935833"><ele>794.0</ele><time>2026-07-28T18:15:16.135Z</time></trkpt><trkpt lat="46.12057333" lon="4.41933833"><ele>794.0</ele><time>2026-07-28T18:15:17.136Z</time></trkpt><trkpt lat="46.12057167" lon="4.41931333"><ele>794.0</ele><time>2026-07-28T18:15:18.135Z</time></trkpt><trkpt lat="46.12057167" lon="4.41929333"><ele>794.0</ele><time>2026-07-28T18:15:19.136Z</time></trkpt><trkpt lat="46.12056833" lon="4.41927167"><ele>794.0</ele><time>2026-07-28T18:15:20.135Z</time></trkpt><trkpt lat="46.12056667" lon="4.41925"><ele>794.0</ele><time>2026-07-28T18:15:21.135Z</time></trkpt><trkpt lat="46.12056333" lon="4.41923167"><ele>793.0</ele><time>2026-07-28T18:15:22.135Z</time></trkpt><trkpt lat="46.12056167" lon="4.41921"><ele>793.0</ele><time>2026-07-28T18:15:23.135Z</time></trkpt><trkpt lat="46.12056167" lon="4.41918333"><ele>793.0</ele><time>2026-07-28T18:15:24.135Z</time></trkpt><trkpt lat="46.12056167" lon="4.41916667"><ele>793.0</ele><time>2026-07-28T18:15:25.135Z</time></trkpt><trkpt lat="46.12056" lon="4.41914333"><ele>793.0</ele><time>2026-07-28T18:15:26.135Z</time></trkpt><trkpt lat="46.12056" lon="4.41912333"><ele>794.0</ele><time>2026-07-28T18:15:27.135Z</time></trkpt><trkpt lat="46.12056" lon="4.41910833"><ele>794.0</ele><time>2026-07-28T18:15:28.135Z</time></trkpt><trkpt lat="46.12056" lon="4.41908833"><ele>794.0</ele><time>2026-07-28T18:15:29.135Z</time></trkpt><trkpt lat="46.12055667" lon="4.41906833"><ele>794.0</ele><time>2026-07-28T18:15:30.135Z</time></trkpt><trkpt lat="46.12055333" lon="4.41905"><ele>794.0</ele><time>2026-07-28T18:15:31.135Z</time></trkpt><trkpt lat="46.12055" lon="4.41903"><ele>794.0</ele><time>2026-07-28T18:15:32.135Z</time></trkpt><trkpt lat="46.12054667" lon="4.41900833"><ele>794.0</ele><time>2026-07-28T18:15:33.135Z</time></trkpt><trkpt lat="46.12054667" lon="4.418985"><ele>793.0</ele><time>2026-07-28T18:15:34.135Z</time></trkpt><trkpt lat="46.120545" lon="4.41896333"><ele>793.0</ele><time>2026-07-28T18:15:35.135Z</time></trkpt><trkpt lat="46.120545" lon="4.41894333"><ele>793.0</ele><time>2026-07-28T18:15:36.136Z</time></trkpt><trkpt lat="46.12054333" lon="4.41892333"><ele>793.0</ele><time>2026-07-28T18:15:37.135Z</time></trkpt><trkpt lat="46.12054" lon="4.418905"><ele>792.0</ele><time>2026-07-28T18:15:38.135Z</time></trkpt><trkpt lat="46.12053833" lon="4.41888833"><ele>792.0</ele><time>2026-07-28T18:15:39.135Z</time></trkpt><trkpt lat="46.120535" lon="4.41887"><ele>792.0</ele><time>2026-07-28T18:15:40.135Z</time></trkpt><trkpt lat="46.12053" lon="4.41885333"><ele>792.0</ele><time>2026-07-28T18:15:41.136Z</time></trkpt><trkpt lat="46.12052833" lon="4.41883667"><ele>791.0</ele><time>2026-07-28T18:15:42.136Z</time></trkpt><trkpt lat="46.12052833" lon="4.41881667"><ele>791.0</ele><time>2026-07-28T18:15:43.135Z</time></trkpt><trkpt lat="46.12052667" lon="4.418795"><ele>791.0</ele><time>2026-07-28T18:15:44.135Z</time></trkpt><trkpt lat="46.12052667" lon="4.41877167"><ele>791.0</ele><time>2026-07-28T18:15:45.136Z</time></trkpt><trkpt lat="46.12052833" lon="4.41874833"><ele>791.0</ele><time>2026-07-28T18:15:46.135Z</time></trkpt><trkpt lat="46.12053167" lon="4.41872667"><ele>791.0</ele><time>2026-07-28T18:15:47.136Z</time></trkpt><trkpt lat="46.12053167" lon="4.418705"><ele>791.0</ele><time>2026-07-28T18:15:48.135Z</time></trkpt><trkpt lat="46.120535" lon="4.41868333"><ele>790.0</ele><time>2026-07-28T18:15:49.136Z</time></trkpt><trkpt lat="46.12053333" lon="4.41866333"><ele>790.0</ele><time>2026-07-28T18:15:50.135Z</time></trkpt><trkpt lat="46.12053167" lon="4.41864167"><ele>789.0</ele><time>2026-07-28T18:15:51.136Z</time></trkpt><trkpt lat="46.12053" lon="4.41861833"><ele>789.0</ele><time>2026-07-28T18:15:52.135Z</time></trkpt><trkpt lat="46.12053" lon="4.418595"><ele>789.0</ele><time>2026-07-28T18:15:53.136Z</time></trkpt><trkpt lat="46.12053" lon="4.41857333"><ele>789.0</ele><time>2026-07-28T18:15:54.136Z</time></trkpt><trkpt lat="46.12053" lon="4.41855167"><ele>788.0</ele><time>2026-07-28T18:15:55.136Z</time></trkpt><trkpt lat="46.12053" lon="4.41852833"><ele>788.0</ele><time>2026-07-28T18:15:56.136Z</time></trkpt><trkpt lat="46.12053" lon="4.418505"><ele>787.0</ele><time>2026-07-28T18:15:57.135Z</time></trkpt><trkpt lat="46.12052667" lon="4.418485"><ele>787.0</ele><time>2026-07-28T18:15:58.135Z</time></trkpt><trkpt lat="46.120525" lon="4.41846667"><ele>787.0</ele><time>2026-07-28T18:15:59.136Z</time></trkpt><trkpt lat="46.12052333" lon="4.41844833"><ele>786.0</ele><time>2026-07-28T18:16:00.135Z</time></trkpt><trkpt lat="46.12052" lon="4.41843"><ele>786.0</ele><time>2026-07-28T18:16:01.136Z</time></trkpt><trkpt lat="46.12051833" lon="4.41841"><ele>786.0</ele><time>2026-07-28T18:16:02.136Z</time></trkpt><trkpt lat="46.12052" lon="4.41838667"><ele>786.0</ele><time>2026-07-28T18:16:03.135Z</time></trkpt><trkpt lat="46.12052167" lon="4.41836667"><ele>785.0</ele><time>2026-07-28T18:16:04.135Z</time></trkpt><trkpt lat="46.120525" lon="4.418345"><ele>785.0</ele><time>2026-07-28T18:16:05.136Z</time></trkpt><trkpt lat="46.12053" lon="4.418325"><ele>785.0</ele><time>2026-07-28T18:16:06.135Z</time></trkpt><trkpt lat="46.12053333" lon="4.41831"><ele>785.0</ele><time>2026-07-28T18:16:07.135Z</time></trkpt><trkpt lat="46.12053833" lon="4.41829"><ele>785.0</ele><time>2026-07-28T18:16:08.135Z</time></trkpt><trkpt lat="46.12054333" lon="4.41826667"><ele>785.0</ele><time>2026-07-28T18:16:09.135Z</time></trkpt><trkpt lat="46.120545" lon="4.41825333"><ele>785.0</ele><time>2026-07-28T18:16:10.135Z</time></trkpt><trkpt lat="46.12054667" lon="4.418235"><ele>785.0</ele><time>2026-07-28T18:16:11.135Z</time></trkpt><trkpt lat="46.12055167" lon="4.418215"><ele>785.0</ele><time>2026-07-28T18:16:12.135Z</time></trkpt><trkpt lat="46.120555" lon="4.418195"><ele>785.0</ele><time>2026-07-28T18:16:13.135Z</time></trkpt><trkpt lat="46.120555" lon="4.418175"><ele>785.0</ele><time>2026-07-28T18:16:14.136Z</time></trkpt><trkpt lat="46.12055667" lon="4.41815167"><ele>785.0</ele><time>2026-07-28T18:16:15.136Z</time></trkpt><trkpt lat="46.12056" lon="4.41812667"><ele>785.0</ele><time>2026-07-28T18:16:16.136Z</time></trkpt><trkpt lat="46.12056167" lon="4.41810167"><ele>784.0</ele><time>2026-07-28T18:16:17.135Z</time></trkpt><trkpt lat="46.12056" lon="4.418075"><ele>785.0</ele><time>2026-07-28T18:16:18.136Z</time></trkpt><trkpt lat="46.12056" lon="4.41805833"><ele>785.0</ele><time>2026-07-28T18:16:19.135Z</time></trkpt><trkpt lat="46.12055833" lon="4.418035"><ele>785.0</ele><time>2026-07-28T18:16:20.135Z</time></trkpt><trkpt lat="46.12055667" lon="4.41801833"><ele>784.0</ele><time>2026-07-28T18:16:21.135Z</time></trkpt><trkpt lat="46.12055667" lon="4.41799667"><ele>784.0</ele><time>2026-07-28T18:16:22.136Z</time></trkpt><trkpt lat="46.12055667" lon="4.41797833"><ele>784.0</ele><time>2026-07-28T18:16:23.135Z</time></trkpt><trkpt lat="46.120555" lon="4.41796"><ele>784.0</ele><time>2026-07-28T18:16:24.136Z</time></trkpt><trkpt lat="46.12055333" lon="4.41794167"><ele>783.0</ele><time>2026-07-28T18:16:25.136Z</time></trkpt><trkpt lat="46.12055167" lon="4.41792167"><ele>783.0</ele><time>2026-07-28T18:16:26.135Z</time></trkpt><trkpt lat="46.12055333" lon="4.41790167"><ele>783.0</ele><time>2026-07-28T18:16:27.135Z</time></trkpt><trkpt lat="46.120555" lon="4.41788"><ele>783.0</ele><time>2026-07-28T18:16:28.136Z</time></trkpt><trkpt lat="46.12055667" lon="4.41786"><ele>782.0</ele><time>2026-07-28T18:16:29.135Z</time></trkpt><trkpt lat="46.12055667" lon="4.41784"><ele>782.0</ele><time>2026-07-28T18:16:30.135Z</time></trkpt><trkpt lat="46.12055667" lon="4.41782"><ele>782.0</ele><time>2026-07-28T18:16:31.135Z</time></trkpt><trkpt lat="46.120555" lon="4.41780167"><ele>782.0</ele><time>2026-07-28T18:16:32.135Z</time></trkpt><trkpt lat="46.12055167" lon="4.41778667"><ele>782.0</ele><time>2026-07-28T18:16:33.135Z</time></trkpt><trkpt lat="46.12054833" lon="4.41777"><ele>782.0</ele><time>2026-07-28T18:16:34.135Z</time></trkpt><trkpt lat="46.12054333" lon="4.41775333"><ele>782.0</ele><time>2026-07-28T18:16:35.135Z</time></trkpt><trkpt lat="46.12053833" lon="4.417735"><ele>781.0</ele><time>2026-07-28T18:16:36.136Z</time></trkpt><trkpt lat="46.120535" lon="4.417715"><ele>781.0</ele><time>2026-07-28T18:16:37.136Z</time></trkpt><trkpt lat="46.12053" lon="4.41769333"><ele>781.0</ele><time>2026-07-28T18:16:38.135Z</time></trkpt><trkpt lat="46.120525" lon="4.41767333"><ele>781.0</ele><time>2026-07-28T18:16:39.135Z</time></trkpt><trkpt lat="46.12051833" lon="4.41765333"><ele>781.0</ele><time>2026-07-28T18:16:40.136Z</time></trkpt><trkpt lat="46.12051333" lon="4.41763333"><ele>781.0</ele><time>2026-07-28T18:16:41.136Z</time></trkpt><trkpt lat="46.12050833" lon="4.41761333"><ele>781.0</ele><time>2026-07-28T18:16:42.135Z</time></trkpt><trkpt lat="46.12050167" lon="4.41759333"><ele>781.0</ele><time>2026-07-28T18:16:43.135Z</time></trkpt><trkpt lat="46.12049667" lon="4.41757167"><ele>781.0</ele><time>2026-07-28T18:16:44.136Z</time></trkpt><trkpt lat="46.12049167" lon="4.41755167"><ele>781.0</ele><time>2026-07-28T18:16:45.135Z</time></trkpt><trkpt lat="46.12048667" lon="4.41753"><ele>781.0</ele><time>2026-07-28T18:16:46.136Z</time></trkpt><trkpt lat="46.12048167" lon="4.41751667"><ele>780.0</ele><time>2026-07-28T18:16:47.136Z</time></trkpt><trkpt lat="46.12047667" lon="4.41749833"><ele>780.0</ele><time>2026-07-28T18:16:48.136Z</time></trkpt><trkpt lat="46.12047" lon="4.41748167"><ele>780.0</ele><time>2026-07-28T18:16:49.135Z</time></trkpt><trkpt lat="46.12046333" lon="4.417465"><ele>780.0</ele><time>2026-07-28T18:16:50.135Z</time></trkpt><trkpt lat="46.120455" lon="4.41744667"><ele>780.0</ele><time>2026-07-28T18:16:51.135Z</time></trkpt><trkpt lat="46.12045" lon="4.41742667"><ele>780.0</ele><time>2026-07-28T18:16:52.135Z</time></trkpt><trkpt lat="46.120445" lon="4.41740667"><ele>780.0</ele><time>2026-07-28T18:16:53.135Z</time></trkpt><trkpt lat="46.12043667" lon="4.417385"><ele>781.0</ele><time>2026-07-28T18:16:54.135Z</time></trkpt><trkpt lat="46.12043" lon="4.417365"><ele>781.0</ele><time>2026-07-28T18:16:55.136Z</time></trkpt><trkpt lat="46.12042333" lon="4.417345"><ele>781.0</ele><time>2026-07-28T18:16:56.135Z</time></trkpt><trkpt lat="46.12041167" lon="4.41732833"><ele>781.0</ele><time>2026-07-28T18:16:57.135Z</time></trkpt><trkpt lat="46.1204" lon="4.41731333"><ele>782.0</ele><time>2026-07-28T18:16:58.135Z</time></trkpt><trkpt lat="46.12038833" lon="4.4173"><ele>782.0</ele><time>2026-07-28T18:16:59.135Z</time></trkpt><trkpt lat="46.12037833" lon="4.41728333"><ele>782.0</ele><time>2026-07-28T18:17:00.136Z</time></trkpt><trkpt lat="46.12037" lon="4.417265"><ele>782.0</ele><time>2026-07-28T18:17:01.136Z</time></trkpt><trkpt lat="46.12036333" lon="4.417245"><ele>782.0</ele><time>2026-07-28T18:17:02.135Z</time></trkpt><trkpt lat="46.12035833" lon="4.417225"><ele>782.0</ele><time>2026-07-28T18:17:03.136Z</time></trkpt><trkpt lat="46.12035333" lon="4.41720333"><ele>782.0</ele><time>2026-07-28T18:17:04.135Z</time></trkpt><trkpt lat="46.12035333" lon="4.41718333"><ele>781.0</ele><time>2026-07-28T18:17:05.135Z</time></trkpt><trkpt lat="46.12034333" lon="4.41716167"><ele>781.0</ele><time>2026-07-28T18:17:06.135Z</time></trkpt><trkpt lat="46.12033667" lon="4.41714"><ele>781.0</ele><time>2026-07-28T18:17:07.135Z</time></trkpt><trkpt lat="46.12033167" lon="4.41712"><ele>781.0</ele><time>2026-07-28T18:17:08.136Z</time></trkpt><trkpt lat="46.120325" lon="4.4171"><ele>780.0</ele><time>2026-07-28T18:17:09.136Z</time></trkpt><trkpt lat="46.12032" lon="4.41708167"><ele>780.0</ele><time>2026-07-28T18:17:10.135Z</time></trkpt><trkpt lat="46.12031667" lon="4.41706333"><ele>780.0</ele><time>2026-07-28T18:17:11.136Z</time></trkpt><trkpt lat="46.12031167" lon="4.41704167"><ele>780.0</ele><time>2026-07-28T18:17:12.135Z</time></trkpt><trkpt lat="46.12031" lon="4.41702167"><ele>779.0</ele><time>2026-07-28T18:17:13.136Z</time></trkpt><trkpt lat="46.12030833" lon="4.41700333"><ele>779.0</ele><time>2026-07-28T18:17:14.136Z</time></trkpt><trkpt lat="46.120305" lon="4.416985"><ele>779.0</ele><time>2026-07-28T18:17:15.136Z</time></trkpt><trkpt lat="46.12029833" lon="4.41696667"><ele>779.0</ele><time>2026-07-28T18:17:16.135Z</time></trkpt><trkpt lat="46.12029333" lon="4.41694833"><ele>779.0</ele><time>2026-07-28T18:17:17.135Z</time></trkpt><trkpt lat="46.12028667" lon="4.41693"><ele>779.0</ele><time>2026-07-28T18:17:18.135Z</time></trkpt><trkpt lat="46.12028167" lon="4.41691"><ele>779.0</ele><time>2026-07-28T18:17:19.135Z</time></trkpt><trkpt lat="46.12027833" lon="4.41688833"><ele>779.0</ele><time>2026-07-28T18:17:20.136Z</time></trkpt><trkpt lat="46.12027333" lon="4.416865"><ele>778.0</ele><time>2026-07-28T18:17:21.136Z</time></trkpt><trkpt lat="46.12027167" lon="4.416845"><ele>778.0</ele><time>2026-07-28T18:17:22.135Z</time></trkpt><trkpt lat="46.12027" lon="4.41681667"><ele>778.0</ele><time>2026-07-28T18:17:23.135Z</time></trkpt><trkpt lat="46.12027167" lon="4.416795"><ele>777.0</ele><time>2026-07-28T18:17:24.135Z</time></trkpt><trkpt lat="46.12027333" lon="4.41677667"><ele>777.0</ele><time>2026-07-28T18:17:25.135Z</time></trkpt><trkpt lat="46.12028" lon="4.41675833"><ele>777.0</ele><time>2026-07-28T18:17:26.136Z</time></trkpt><trkpt lat="46.12028667" lon="4.41674167"><ele>777.0</ele><time>2026-07-28T18:17:27.135Z</time></trkpt><trkpt lat="46.1203" lon="4.41672667"><ele>777.0</ele><time>2026-07-28T18:17:28.135Z</time></trkpt><trkpt lat="46.120315" lon="4.41671667"><ele>777.0</ele><time>2026-07-28T18:17:29.136Z</time></trkpt><trkpt lat="46.12032667" lon="4.41671333"><ele>777.0</ele><time>2026-07-28T18:17:30.135Z</time></trkpt><trkpt lat="46.12034167" lon="4.41671333"><ele>777.0</ele><time>2026-07-28T18:17:31.135Z</time></trkpt><trkpt lat="46.12036" lon="4.416715"><ele>777.0</ele><time>2026-07-28T18:17:32.135Z</time></trkpt><trkpt lat="46.12038" lon="4.41672"><ele>778.0</ele><time>2026-07-28T18:17:33.135Z</time></trkpt><trkpt lat="46.12039833" lon="4.41672167"><ele>778.0</ele><time>2026-07-28T18:17:34.135Z</time></trkpt><trkpt lat="46.120415" lon="4.41672333"><ele>778.0</ele><time>2026-07-28T18:17:35.136Z</time></trkpt><trkpt lat="46.12043" lon="4.416725"><ele>778.0</ele><time>2026-07-28T18:17:36.135Z</time></trkpt><trkpt lat="46.120445" lon="4.41673"><ele>778.0</ele><time>2026-07-28T18:17:37.135Z</time></trkpt><trkpt lat="46.12046" lon="4.41673333"><ele>778.0</ele><time>2026-07-28T18:17:38.136Z</time></trkpt><trkpt lat="46.12047333" lon="4.41673833"><ele>778.0</ele><time>2026-07-28T18:17:39.135Z</time></trkpt><trkpt lat="46.120495" lon="4.41674167"><ele>777.0</ele><time>2026-07-28T18:17:40.135Z</time></trkpt><trkpt lat="46.12051167" lon="4.41674167"><ele>777.0</ele><time>2026-07-28T18:17:41.135Z</time></trkpt><trkpt lat="46.12052333" lon="4.41674"><ele>777.0</ele><time>2026-07-28T18:17:42.136Z</time></trkpt><trkpt lat="46.120535" lon="4.41673833"><ele>777.0</ele><time>2026-07-28T18:17:43.135Z</time></trkpt><trkpt lat="46.12054333" lon="4.416735"><ele>777.0</ele><time>2026-07-28T18:17:44.136Z</time></trkpt><trkpt lat="46.12055833" lon="4.416735"><ele>777.0</ele><time>2026-07-28T18:17:45.136Z</time></trkpt><trkpt lat="46.12057167" lon="4.41673667"><ele>777.0</ele><time>2026-07-28T18:17:46.135Z</time></trkpt><trkpt lat="46.120585" lon="4.416735"><ele>777.0</ele><time>2026-07-28T18:17:47.135Z</time></trkpt><trkpt lat="46.12059833" lon="4.41673333"><ele>778.0</ele><time>2026-07-28T18:17:48.135Z</time></trkpt><trkpt lat="46.12061167" lon="4.41673333"><ele>778.0</ele><time>2026-07-28T18:17:49.136Z</time></trkpt><trkpt lat="46.12062667" lon="4.41674"><ele>778.0</ele><time>2026-07-28T18:17:50.135Z</time></trkpt><trkpt lat="46.12064167" lon="4.41674667"><ele>778.0</ele><time>2026-07-28T18:17:51.135Z</time></trkpt><trkpt lat="46.12065667" lon="4.41675167"><ele>778.0</ele><time>2026-07-28T18:17:52.135Z</time></trkpt><trkpt lat="46.12067" lon="4.41675833"><ele>779.0</ele><time>2026-07-28T18:17:53.135Z</time></trkpt><trkpt lat="46.12068333" lon="4.41676667"><ele>779.0</ele><time>2026-07-28T18:17:54.136Z</time></trkpt><trkpt lat="46.12069833" lon="4.416775"><ele>779.0</ele><time>2026-07-28T18:17:55.136Z</time></trkpt><trkpt lat="46.12070833" lon="4.41678333"><ele>778.0</ele><time>2026-07-28T18:17:56.136Z</time></trkpt><trkpt lat="46.12072" lon="4.41679333"><ele>778.0</ele><time>2026-07-28T18:17:57.135Z</time></trkpt><trkpt lat="46.12073" lon="4.416805"><ele>778.0</ele><time>2026-07-28T18:17:58.135Z</time></trkpt><trkpt lat="46.12074333" lon="4.41681167"><ele>778.0</ele><time>2026-07-28T18:17:59.136Z</time></trkpt><trkpt lat="46.12075833" lon="4.41681667"><ele>778.0</ele><time>2026-07-28T18:18:00.136Z</time></trkpt><trkpt lat="46.12077167" lon="4.41682"><ele>777.0</ele><time>2026-07-28T18:18:01.136Z</time></trkpt><trkpt lat="46.12079333" lon="4.41682333"><ele>777.0</ele><time>2026-07-28T18:18:02.136Z</time></trkpt><trkpt lat="46.12081167" lon="4.41682667"><ele>777.0</ele><time>2026-07-28T18:18:03.135Z</time></trkpt><trkpt lat="46.12082667" lon="4.41683167"><ele>777.0</ele><time>2026-07-28T18:18:04.135Z</time></trkpt><trkpt lat="46.12083833" lon="4.41684"><ele>777.0</ele><time>2026-07-28T18:18:05.135Z</time></trkpt><trkpt lat="46.12085" lon="4.41684833"><ele>776.0</ele><time>2026-07-28T18:18:06.135Z</time></trkpt><trkpt lat="46.12086333" lon="4.416855"><ele>776.0</ele><time>2026-07-28T18:18:07.135Z</time></trkpt><trkpt lat="46.120875" lon="4.41685833"><ele>776.0</ele><time>2026-07-28T18:18:08.135Z</time></trkpt><trkpt lat="46.120885" lon="4.41686667"><ele>776.0</ele><time>2026-07-28T18:18:09.135Z</time></trkpt><trkpt lat="46.12089667" lon="4.41687667"><ele>776.0</ele><time>2026-07-28T18:18:10.136Z</time></trkpt><trkpt lat="46.12091" lon="4.41688167"><ele>777.0</ele><time>2026-07-28T18:18:11.135Z</time></trkpt><trkpt lat="46.12092333" lon="4.416885"><ele>777.0</ele><time>2026-07-28T18:18:12.135Z</time></trkpt><trkpt lat="46.12093833" lon="4.41688833"><ele>777.0</ele><time>2026-07-28T18:18:13.136Z</time></trkpt><trkpt lat="46.12095667" lon="4.41689333"><ele>777.0</ele><time>2026-07-28T18:18:14.135Z</time></trkpt><trkpt lat="46.12097333" lon="4.41689667"><ele>776.0</ele><time>2026-07-28T18:18:15.135Z</time></trkpt><trkpt lat="46.120985" lon="4.41690167"><ele>776.0</ele><time>2026-07-28T18:18:16.135Z</time></trkpt><trkpt lat="46.12099833" lon="4.41690667"><ele>776.0</ele><time>2026-07-28T18:18:17.136Z</time></trkpt><trkpt lat="46.12101167" lon="4.41691333"><ele>776.0</ele><time>2026-07-28T18:18:18.136Z</time></trkpt><trkpt lat="46.12103" lon="4.41692167"><ele>776.0</ele><time>2026-07-28T18:18:19.135Z</time></trkpt><trkpt lat="46.12104667" lon="4.41693167"><ele>776.0</ele><time>2026-07-28T18:18:20.135Z</time></trkpt><trkpt lat="46.12106167" lon="4.416945"><ele>776.0</ele><time>2026-07-28T18:18:21.136Z</time></trkpt><trkpt lat="46.12107833" lon="4.41695667"><ele>776.0</ele><time>2026-07-28T18:18:22.136Z</time></trkpt><trkpt lat="46.12109167" lon="4.41697"><ele>776.0</ele><time>2026-07-28T18:18:23.135Z</time></trkpt><trkpt lat="46.12110333" lon="4.41698"><ele>776.0</ele><time>2026-07-28T18:18:24.135Z</time></trkpt><trkpt lat="46.12111833" lon="4.41698833"><ele>775.0</ele><time>2026-07-28T18:18:25.135Z</time></trkpt><trkpt lat="46.121135" lon="4.416995"><ele>775.0</ele><time>2026-07-28T18:18:26.135Z</time></trkpt><trkpt lat="46.12115167" lon="4.417"><ele>774.0</ele><time>2026-07-28T18:18:27.135Z</time></trkpt><trkpt lat="46.12116667" lon="4.41700833"><ele>774.0</ele><time>2026-07-28T18:18:28.136Z</time></trkpt><trkpt lat="46.12118167" lon="4.417015"><ele>774.0</ele><time>2026-07-28T18:18:29.135Z</time></trkpt><trkpt lat="46.12119667" lon="4.417025"><ele>773.0</ele><time>2026-07-28T18:18:30.135Z</time></trkpt><trkpt lat="46.12121333" lon="4.417035"><ele>773.0</ele><time>2026-07-28T18:18:31.135Z</time></trkpt><trkpt lat="46.12122833" lon="4.41704333"><ele>773.0</ele><time>2026-07-28T18:18:32.135Z</time></trkpt><trkpt lat="46.12124333" lon="4.417055"><ele>772.0</ele><time>2026-07-28T18:18:33.135Z</time></trkpt><trkpt lat="46.12126167" lon="4.41706667"><ele>772.0</ele><time>2026-07-28T18:18:34.136Z</time></trkpt><trkpt lat="46.12127667" lon="4.417075"><ele>772.0</ele><time>2026-07-28T18:18:35.135Z</time></trkpt><trkpt lat="46.12129333" lon="4.41708333"><ele>772.0</ele><time>2026-07-28T18:18:36.135Z</time></trkpt><trkpt lat="46.12131" lon="4.41708833"><ele>772.0</ele><time>2026-07-28T18:18:37.135Z</time></trkpt><trkpt lat="46.121325" lon="4.417095"><ele>772.0</ele><time>2026-07-28T18:18:38.135Z</time></trkpt><trkpt lat="46.12134" lon="4.41710333"><ele>772.0</ele><time>2026-07-28T18:18:39.136Z</time></trkpt><trkpt lat="46.12136" lon="4.41711333"><ele>772.0</ele><time>2026-07-28T18:18:40.135Z</time></trkpt><trkpt lat="46.12138167" lon="4.41712333"><ele>773.0</ele><time>2026-07-28T18:18:41.135Z</time></trkpt><trkpt lat="46.12139667" lon="4.41713333"><ele>773.0</ele><time>2026-07-28T18:18:42.135Z</time></trkpt><trkpt lat="46.12140833" lon="4.41714167"><ele>773.0</ele><time>2026-07-28T18:18:43.135Z</time></trkpt><trkpt lat="46.12142167" lon="4.41715"><ele>773.0</ele><time>2026-07-28T18:18:44.135Z</time></trkpt><trkpt lat="46.12143" lon="4.41716"><ele>773.0</ele><time>2026-07-28T18:18:45.135Z</time></trkpt><trkpt lat="46.12144167" lon="4.41717"><ele>774.0</ele><time>2026-07-28T18:18:46.135Z</time></trkpt><trkpt lat="46.12145333" lon="4.41717667"><ele>774.0</ele><time>2026-07-28T18:18:47.135Z</time></trkpt><trkpt lat="46.12146167" lon="4.417185"><ele>774.0</ele><time>2026-07-28T18:18:48.135Z</time></trkpt><trkpt lat="46.12147167" lon="4.417195"><ele>775.0</ele><time>2026-07-28T18:18:49.135Z</time></trkpt><trkpt lat="46.12148333" lon="4.4172"><ele>775.0</ele><time>2026-07-28T18:18:50.136Z</time></trkpt><trkpt lat="46.12149333" lon="4.41720333"><ele>775.0</ele><time>2026-07-28T18:18:51.136Z</time></trkpt><trkpt lat="46.121505" lon="4.41720667"><ele>775.0</ele><time>2026-07-28T18:18:52.135Z</time></trkpt><trkpt lat="46.12151833" lon="4.41721333"><ele>776.0</ele><time>2026-07-28T18:18:53.135Z</time></trkpt><trkpt lat="46.12153333" lon="4.41721667"><ele>776.0</ele><time>2026-07-28T18:18:54.135Z</time></trkpt><trkpt lat="46.12155" lon="4.417225"><ele>776.0</ele><time>2026-07-28T18:18:55.135Z</time></trkpt><trkpt lat="46.12156333" lon="4.41723333"><ele>776.0</ele><time>2026-07-28T18:18:56.136Z</time></trkpt><trkpt lat="46.12158333" lon="4.417235"><ele>777.0</ele><time>2026-07-28T18:18:57.135Z</time></trkpt><trkpt lat="46.12160667" lon="4.41724"><ele>777.0</ele><time>2026-07-28T18:18:58.135Z</time></trkpt><trkpt lat="46.12162667" lon="4.41725"><ele>777.0</ele><time>2026-07-28T18:18:59.136Z</time></trkpt><trkpt lat="46.12164333" lon="4.41726833"><ele>777.0</ele><time>2026-07-28T18:19:00.135Z</time></trkpt><trkpt lat="46.12165667" lon="4.41728167"><ele>777.0</ele><time>2026-07-28T18:19:01.135Z</time></trkpt><trkpt lat="46.12167" lon="4.41729167"><ele>777.0</ele><time>2026-07-28T18:19:02.135Z</time></trkpt><trkpt lat="46.12168333" lon="4.4173"><ele>777.0</ele><time>2026-07-28T18:19:03.135Z</time></trkpt><trkpt lat="46.12169833" lon="4.41730333"><ele>777.0</ele><time>2026-07-28T18:19:04.136Z</time></trkpt><trkpt lat="46.12171667" lon="4.41731"><ele>776.0</ele><time>2026-07-28T18:19:05.136Z</time></trkpt><trkpt lat="46.12173167" lon="4.41732333"><ele>776.0</ele><time>2026-07-28T18:19:06.136Z</time></trkpt><trkpt lat="46.12174" lon="4.41733167"><ele>776.0</ele><time>2026-07-28T18:19:07.135Z</time></trkpt><trkpt lat="46.12174833" lon="4.41734"><ele>776.0</ele><time>2026-07-28T18:19:08.135Z</time></trkpt><trkpt lat="46.12176" lon="4.41735167"><ele>776.0</ele><time>2026-07-28T18:19:09.135Z</time></trkpt><trkpt lat="46.12177333" lon="4.41736333"><ele>776.0</ele><time>2026-07-28T18:19:10.136Z</time></trkpt><trkpt lat="46.12179" lon="4.41737167"><ele>775.0</ele><time>2026-07-28T18:19:11.135Z</time></trkpt><trkpt lat="46.12180833" lon="4.417375"><ele>775.0</ele><time>2026-07-28T18:19:12.135Z</time></trkpt><trkpt lat="46.12183" lon="4.41738167"><ele>775.0</ele><time>2026-07-28T18:19:13.135Z</time></trkpt><trkpt lat="46.121845" lon="4.41739"><ele>775.0</ele><time>2026-07-28T18:19:14.135Z</time></trkpt><trkpt lat="46.12186167" lon="4.41739667"><ele>774.0</ele><time>2026-07-28T18:19:15.136Z</time></trkpt><trkpt lat="46.12187167" lon="4.41740667"><ele>774.0</ele><time>2026-07-28T18:19:16.135Z</time></trkpt><trkpt lat="46.121885" lon="4.41741833"><ele>774.0</ele><time>2026-07-28T18:19:17.136Z</time></trkpt><trkpt lat="46.12189833" lon="4.41743167"><ele>773.0</ele><time>2026-07-28T18:19:18.136Z</time></trkpt><trkpt lat="46.121905" lon="4.41744"><ele>773.0</ele><time>2026-07-28T18:19:19.136Z</time></trkpt><trkpt lat="46.12191333" lon="4.41745667"><ele>772.0</ele><time>2026-07-28T18:19:20.135Z</time></trkpt><trkpt lat="46.12193167" lon="4.41746833"><ele>772.0</ele><time>2026-07-28T18:19:21.136Z</time></trkpt><trkpt lat="46.12194833" lon="4.41747833"><ele>772.0</ele><time>2026-07-28T18:19:22.135Z</time></trkpt><trkpt lat="46.12196333" lon="4.417485"><ele>772.0</ele><time>2026-07-28T18:19:23.135Z</time></trkpt><trkpt lat="46.12197833" lon="4.41749667"><ele>772.0</ele><time>2026-07-28T18:19:24.135Z</time></trkpt><trkpt lat="46.12198333" lon="4.417505"><ele>773.0</ele><time>2026-07-28T18:19:25.135Z</time></trkpt><trkpt lat="46.12199" lon="4.41752167"><ele>773.0</ele><time>2026-07-28T18:19:26.135Z</time></trkpt><trkpt lat="46.121995" lon="4.41753667"><ele>773.0</ele><time>2026-07-28T18:19:27.135Z</time></trkpt><trkpt lat="46.12200333" lon="4.41754667"><ele>774.0</ele><time>2026-07-28T18:19:28.136Z</time></trkpt><trkpt lat="46.12202333" lon="4.41756167"><ele>774.0</ele><time>2026-07-28T18:19:29.135Z</time></trkpt><trkpt lat="46.122045" lon="4.41757833"><ele>774.0</ele><time>2026-07-28T18:19:30.135Z</time></trkpt><trkpt lat="46.122055" lon="4.41759"><ele>775.0</ele><time>2026-07-28T18:19:31.136Z</time></trkpt><trkpt lat="46.122065" lon="4.4176"><ele>775.0</ele><time>2026-07-28T18:19:32.136Z</time></trkpt><trkpt lat="46.122075" lon="4.41761167"><ele>775.0</ele><time>2026-07-28T18:19:33.135Z</time></trkpt><trkpt lat="46.12208667" lon="4.41762"><ele>775.0</ele><time>2026-07-28T18:19:34.135Z</time></trkpt><trkpt lat="46.12210167" lon="4.41762833"><ele>775.0</ele><time>2026-07-28T18:19:35.135Z</time></trkpt><trkpt lat="46.12211167" lon="4.41763333"><ele>776.0</ele><time>2026-07-28T18:19:36.135Z</time></trkpt><trkpt lat="46.12212" lon="4.41763667"><ele>776.0</ele><time>2026-07-28T18:19:37.136Z</time></trkpt><trkpt lat="46.12213" lon="4.41764"><ele>777.0</ele><time>2026-07-28T18:19:38.135Z</time></trkpt><trkpt lat="46.12214333" lon="4.41764667"><ele>777.0</ele><time>2026-07-28T18:19:39.136Z</time></trkpt><trkpt lat="46.122155" lon="4.417655"><ele>778.0</ele><time>2026-07-28T18:19:40.135Z</time></trkpt><trkpt lat="46.12217" lon="4.41766833"><ele>778.0</ele><time>2026-07-28T18:19:41.135Z</time></trkpt><trkpt lat="46.12218333" lon="4.41768167"><ele>778.0</ele><time>2026-07-28T18:19:42.135Z</time></trkpt><trkpt lat="46.1222" lon="4.41769"><ele>779.0</ele><time>2026-07-28T18:19:43.135Z</time></trkpt><trkpt lat="46.122215" lon="4.41769833"><ele>779.0</ele><time>2026-07-28T18:19:44.135Z</time></trkpt><trkpt lat="46.12222833" lon="4.41771167"><ele>779.0</ele><time>2026-07-28T18:19:45.135Z</time></trkpt><trkpt lat="46.12223333" lon="4.41772667"><ele>779.0</ele><time>2026-07-28T18:19:46.135Z</time></trkpt><trkpt lat="46.12224" lon="4.417745"><ele>780.0</ele><time>2026-07-28T18:19:47.135Z</time></trkpt><trkpt lat="46.12224667" lon="4.41775667"><ele>780.0</ele><time>2026-07-28T18:19:48.135Z</time></trkpt><trkpt lat="46.12226" lon="4.41776167"><ele>780.0</ele><time>2026-07-28T18:19:49.135Z</time></trkpt><trkpt lat="46.12227" lon="4.41776667"><ele>780.0</ele><time>2026-07-28T18:19:50.135Z</time></trkpt><trkpt lat="46.12228167" lon="4.41778333"><ele>780.0</ele><time>2026-07-28T18:19:51.136Z</time></trkpt><trkpt lat="46.12229833" lon="4.4178"><ele>780.0</ele><time>2026-07-28T18:19:52.135Z</time></trkpt><trkpt lat="46.12231833" lon="4.417815"><ele>780.0</ele><time>2026-07-28T18:19:53.135Z</time></trkpt><trkpt lat="46.12234833" lon="4.41781333"><ele>780.0</ele><time>2026-07-28T18:19:54.135Z</time></trkpt><trkpt lat="46.12237833" lon="4.41782167"><ele>781.0</ele><time>2026-07-28T18:19:55.135Z</time></trkpt><trkpt lat="46.12239833" lon="4.41782333"><ele>781.0</ele><time>2026-07-28T18:19:56.135Z</time></trkpt><trkpt lat="46.12242" lon="4.417835"><ele>781.0</ele><time>2026-07-28T18:19:57.136Z</time></trkpt><trkpt lat="46.12244333" lon="4.41785167"><ele>781.0</ele><time>2026-07-28T18:19:58.136Z</time></trkpt><trkpt lat="46.12247167" lon="4.41786833"><ele>782.0</ele><time>2026-07-28T18:19:59.135Z</time></trkpt><trkpt lat="46.12250833" lon="4.41789833"><ele>781.0</ele><time>2026-07-28T18:20:00.136Z</time></trkpt><trkpt lat="46.12253167" lon="4.41792333"><ele>781.0</ele><time>2026-07-28T18:20:01.136Z</time></trkpt><trkpt lat="46.12255833" lon="4.417945"><ele>781.0</ele><time>2026-07-28T18:20:02.135Z</time></trkpt><trkpt lat="46.12257833" lon="4.41796"><ele>781.0</ele><time>2026-07-28T18:20:03.136Z</time></trkpt><trkpt lat="46.12259167" lon="4.41797333"><ele>781.0</ele><time>2026-07-28T18:20:04.135Z</time></trkpt><trkpt lat="46.122595" lon="4.418"><ele>781.0</ele><time>2026-07-28T18:20:05.135Z</time></trkpt><trkpt lat="46.12261" lon="4.41802667"><ele>781.0</ele><time>2026-07-28T18:20:06.135Z</time></trkpt><trkpt lat="46.12262167" lon="4.41806"><ele>781.0</ele><time>2026-07-28T18:20:07.135Z</time></trkpt><trkpt lat="46.12261333" lon="4.4181"><ele>781.0</ele><time>2026-07-28T18:20:08.135Z</time></trkpt><trkpt lat="46.12258667" lon="4.41811167"><ele>781.0</ele><time>2026-07-28T18:20:09.135Z</time></trkpt><trkpt lat="46.12259333" lon="4.41813"><ele>781.0</ele><time>2026-07-28T18:20:10.136Z</time></trkpt><trkpt lat="46.122605" lon="4.41815333"><ele>780.0</ele><time>2026-07-28T18:20:11.136Z</time></trkpt><trkpt lat="46.122625" lon="4.41816833"><ele>780.0</ele><time>2026-07-28T18:20:12.136Z</time></trkpt><trkpt lat="46.12264167" lon="4.41817833"><ele>780.0</ele><time>2026-07-28T18:20:13.136Z</time></trkpt><trkpt lat="46.12264167" lon="4.41819167"><ele>779.0</ele><time>2026-07-28T18:20:14.136Z</time></trkpt><trkpt lat="46.12264167" lon="4.418205"><ele>779.0</ele><time>2026-07-28T18:20:15.135Z</time></trkpt><trkpt lat="46.12264833" lon="4.41822333"><ele>779.0</ele><time>2026-07-28T18:20:16.135Z</time></trkpt><trkpt lat="46.12265167" lon="4.41824667"><ele>778.0</ele><time>2026-07-28T18:20:17.135Z</time></trkpt><trkpt lat="46.12265167" lon="4.41827"><ele>778.0</ele><time>2026-07-28T18:20:18.135Z</time></trkpt><trkpt lat="46.12265333" lon="4.41828667"><ele>777.0</ele><time>2026-07-28T18:20:19.135Z</time></trkpt><trkpt lat="46.12267" lon="4.4183"><ele>777.0</ele><time>2026-07-28T18:20:20.135Z</time></trkpt><trkpt lat="46.122665" lon="4.41832167"><ele>776.0</ele><time>2026-07-28T18:20:21.135Z</time></trkpt><trkpt lat="46.12266667" lon="4.418335"><ele>775.0</ele><time>2026-07-28T18:20:22.135Z</time></trkpt><trkpt lat="46.12267667" lon="4.41835167"><ele>774.0</ele><time>2026-07-28T18:20:23.135Z</time></trkpt><trkpt lat="46.12268167" lon="4.418365"><ele>773.0</ele><time>2026-07-28T18:20:24.136Z</time></trkpt><trkpt lat="46.12269167" lon="4.41838333"><ele>773.0</ele><time>2026-07-28T18:20:25.135Z</time></trkpt><trkpt lat="46.12269833" lon="4.4184"><ele>772.0</ele><time>2026-07-28T18:20:26.135Z</time></trkpt><trkpt lat="46.12270667" lon="4.41841833"><ele>771.0</ele><time>2026-07-28T18:20:27.136Z</time></trkpt><trkpt lat="46.122715" lon="4.418435"><ele>770.0</ele><time>2026-07-28T18:20:28.135Z</time></trkpt><trkpt lat="46.12272333" lon="4.41845333"><ele>770.0</ele><time>2026-07-28T18:20:29.135Z</time></trkpt><trkpt lat="46.12273167" lon="4.41847167"><ele>770.0</ele><time>2026-07-28T18:20:30.135Z</time></trkpt><trkpt lat="46.12274167" lon="4.41849167"><ele>770.0</ele><time>2026-07-28T18:20:31.135Z</time></trkpt><trkpt lat="46.12275" lon="4.41851"><ele>770.0</ele><time>2026-07-28T18:20:32.135Z</time></trkpt><trkpt lat="46.12275667" lon="4.41852833"><ele>770.0</ele><time>2026-07-28T18:20:33.135Z</time></trkpt><trkpt lat="46.12276167" lon="4.41854833"><ele>769.0</ele><time>2026-07-28T18:20:34.135Z</time></trkpt><trkpt lat="46.12277" lon="4.41856833"><ele>769.0</ele><time>2026-07-28T18:20:35.135Z</time></trkpt><trkpt lat="46.12278" lon="4.41858833"><ele>769.0</ele><time>2026-07-28T18:20:36.135Z</time></trkpt><trkpt lat="46.12278833" lon="4.41860833"><ele>769.0</ele><time>2026-07-28T18:20:37.135Z</time></trkpt><trkpt lat="46.12279667" lon="4.41862667"><ele>769.0</ele><time>2026-07-28T18:20:38.135Z</time></trkpt><trkpt lat="46.12280667" lon="4.418645"><ele>769.0</ele><time>2026-07-28T18:20:39.135Z</time></trkpt><trkpt lat="46.122815" lon="4.41866167"><ele>769.0</ele><time>2026-07-28T18:20:40.136Z</time></trkpt><trkpt lat="46.12282167" lon="4.41867833"><ele>769.0</ele><time>2026-07-28T18:20:41.136Z</time></trkpt><trkpt lat="46.12283" lon="4.418695"><ele>770.0</ele><time>2026-07-28T18:20:42.135Z</time></trkpt><trkpt lat="46.12283667" lon="4.41871"><ele>770.0</ele><time>2026-07-28T18:20:43.135Z</time></trkpt><trkpt lat="46.12284833" lon="4.418725"><ele>770.0</ele><time>2026-07-28T18:20:44.135Z</time></trkpt><trkpt lat="46.12285667" lon="4.41874167"><ele>770.0</ele><time>2026-07-28T18:20:45.135Z</time></trkpt><trkpt lat="46.122865" lon="4.41876"><ele>770.0</ele><time>2026-07-28T18:20:46.136Z</time></trkpt><trkpt lat="46.12287167" lon="4.41877667"><ele>770.0</ele><time>2026-07-28T18:20:47.136Z</time></trkpt><trkpt lat="46.12288333" lon="4.418795"><ele>770.0</ele><time>2026-07-28T18:20:48.135Z</time></trkpt><trkpt lat="46.12289167" lon="4.41881167"><ele>771.0</ele><time>2026-07-28T18:20:49.136Z</time></trkpt><trkpt lat="46.1229" lon="4.41882833"><ele>771.0</ele><time>2026-07-28T18:20:50.135Z</time></trkpt><trkpt lat="46.12290667" lon="4.41884667"><ele>771.0</ele><time>2026-07-28T18:20:51.136Z</time></trkpt><trkpt lat="46.122915" lon="4.41886333"><ele>771.0</ele><time>2026-07-28T18:20:52.135Z</time></trkpt><trkpt lat="46.122925" lon="4.41888167"><ele>771.0</ele><time>2026-07-28T18:20:53.135Z</time></trkpt><trkpt lat="46.12293167" lon="4.41889833"><ele>771.0</ele><time>2026-07-28T18:20:54.135Z</time></trkpt><trkpt lat="46.12293833" lon="4.41891667"><ele>771.0</ele><time>2026-07-28T18:20:55.136Z</time></trkpt><trkpt lat="46.12294667" lon="4.41893667"><ele>771.0</ele><time>2026-07-28T18:20:56.136Z</time></trkpt><trkpt lat="46.12295667" lon="4.41895333"><ele>771.0</ele><time>2026-07-28T18:20:57.136Z</time></trkpt><trkpt lat="46.12296333" lon="4.41897"><ele>771.0</ele><time>2026-07-28T18:20:58.136Z</time></trkpt><trkpt lat="46.12297167" lon="4.418985"><ele>771.0</ele><time>2026-07-28T18:20:59.135Z</time></trkpt><trkpt lat="46.12297833" lon="4.41900167"><ele>771.0</ele><time>2026-07-28T18:21:00.135Z</time></trkpt><trkpt lat="46.12298667" lon="4.41901667"><ele>771.0</ele><time>2026-07-28T18:21:01.135Z</time></trkpt><trkpt lat="46.122995" lon="4.41903"><ele>771.0</ele><time>2026-07-28T18:21:02.135Z</time></trkpt><trkpt lat="46.123" lon="4.41904667"><ele>772.0</ele><time>2026-07-28T18:21:03.135Z</time></trkpt><trkpt lat="46.123005" lon="4.41906167"><ele>772.0</ele><time>2026-07-28T18:21:04.135Z</time></trkpt><trkpt lat="46.12301167" lon="4.419075"><ele>772.0</ele><time>2026-07-28T18:21:05.135Z</time></trkpt><trkpt lat="46.12302" lon="4.41909167"><ele>772.0</ele><time>2026-07-28T18:21:06.135Z</time></trkpt><trkpt lat="46.12302833" lon="4.41910833"><ele>772.0</ele><time>2026-07-28T18:21:07.135Z</time></trkpt><trkpt lat="46.12303333" lon="4.41912333"><ele>773.0</ele><time>2026-07-28T18:21:08.136Z</time></trkpt><trkpt lat="46.12303833" lon="4.41913833"><ele>773.0</ele><time>2026-07-28T18:21:09.135Z</time></trkpt><trkpt lat="46.12304333" lon="4.419155"><ele>773.0</ele><time>2026-07-28T18:21:10.135Z</time></trkpt><trkpt lat="46.12304833" lon="4.41917"><ele>773.0</ele><time>2026-07-28T18:21:11.135Z</time></trkpt><trkpt lat="46.12305833" lon="4.41918667"><ele>773.0</ele><time>2026-07-28T18:21:12.135Z</time></trkpt><trkpt lat="46.12306667" lon="4.41919833"><ele>773.0</ele><time>2026-07-28T18:21:13.135Z</time></trkpt><trkpt lat="46.12307667" lon="4.41921"><ele>774.0</ele><time>2026-07-28T18:21:14.135Z</time></trkpt><trkpt lat="46.12308667" lon="4.41921667"><ele>773.0</ele><time>2026-07-28T18:21:15.136Z</time></trkpt><trkpt lat="46.12309833" lon="4.41922333"><ele>773.0</ele><time>2026-07-28T18:21:16.135Z</time></trkpt><trkpt lat="46.12311167" lon="4.41922833"><ele>773.0</ele><time>2026-07-28T18:21:17.136Z</time></trkpt><trkpt lat="46.123125" lon="4.41923"><ele>773.0</ele><time>2026-07-28T18:21:18.136Z</time></trkpt><trkpt lat="46.12314" lon="4.41922833"><ele>773.0</ele><time>2026-07-28T18:21:19.136Z</time></trkpt><trkpt lat="46.123155" lon="4.41922167"><ele>772.0</ele><time>2026-07-28T18:21:20.136Z</time></trkpt><trkpt lat="46.12316833" lon="4.41921167"><ele>772.0</ele><time>2026-07-28T18:21:21.135Z</time></trkpt><trkpt lat="46.12318333" lon="4.41920167"><ele>772.0</ele><time>2026-07-28T18:21:22.136Z</time></trkpt><trkpt lat="46.12319667" lon="4.41919"><ele>772.0</ele><time>2026-07-28T18:21:23.135Z</time></trkpt><trkpt lat="46.12320833" lon="4.41917667"><ele>772.0</ele><time>2026-07-28T18:21:24.135Z</time></trkpt><trkpt lat="46.12321833" lon="4.41916167"><ele>773.0</ele><time>2026-07-28T18:21:25.135Z</time></trkpt><trkpt lat="46.12323" lon="4.41914333"><ele>773.0</ele><time>2026-07-28T18:21:26.136Z</time></trkpt><trkpt lat="46.12324167" lon="4.419125"><ele>773.0</ele><time>2026-07-28T18:21:27.136Z</time></trkpt><trkpt lat="46.12324833" lon="4.41909833"><ele>774.0</ele><time>2026-07-28T18:21:28.135Z</time></trkpt><trkpt lat="46.12325" lon="4.41907"><ele>774.0</ele><time>2026-07-28T18:21:29.136Z</time></trkpt><trkpt lat="46.12324833" lon="4.41904333"><ele>775.0</ele><time>2026-07-28T18:21:30.135Z</time></trkpt><trkpt lat="46.12325833" lon="4.41901667"><ele>775.0</ele><time>2026-07-28T18:21:31.135Z</time></trkpt><trkpt lat="46.12327" lon="4.41899333"><ele>775.0</ele><time>2026-07-28T18:21:32.135Z</time></trkpt><trkpt lat="46.123275" lon="4.41897667"><ele>775.0</ele><time>2026-07-28T18:21:33.136Z</time></trkpt><trkpt lat="46.123285" lon="4.41895833"><ele>775.0</ele><time>2026-07-28T18:21:34.136Z</time></trkpt><trkpt lat="46.12329333" lon="4.41894333"><ele>775.0</ele><time>2026-07-28T18:21:35.135Z</time></trkpt><trkpt lat="46.12330167" lon="4.41893333"><ele>775.0</ele><time>2026-07-28T18:21:36.136Z</time></trkpt><trkpt lat="46.12331" lon="4.41892167"><ele>775.0</ele><time>2026-07-28T18:21:37.136Z</time></trkpt><trkpt lat="46.12331833" lon="4.418905"><ele>775.0</ele><time>2026-07-28T18:21:38.135Z</time></trkpt><trkpt lat="46.12332833" lon="4.41888667"><ele>774.0</ele><time>2026-07-28T18:21:39.135Z</time></trkpt><trkpt lat="46.12333833" lon="4.41886667"><ele>774.0</ele><time>2026-07-28T18:21:40.136Z</time></trkpt><trkpt lat="46.12334667" lon="4.41884833"><ele>773.0</ele><time>2026-07-28T18:21:41.136Z</time></trkpt><trkpt lat="46.123355" lon="4.41883"><ele>773.0</ele><time>2026-07-28T18:21:42.136Z</time></trkpt><trkpt lat="46.12336333" lon="4.41881333"><ele>773.0</ele><time>2026-07-28T18:21:43.136Z</time></trkpt><trkpt lat="46.12337333" lon="4.41879833"><ele>772.0</ele><time>2026-07-28T18:21:44.136Z</time></trkpt><trkpt lat="46.12338167" lon="4.41878"><ele>772.0</ele><time>2026-07-28T18:21:45.136Z</time></trkpt><trkpt lat="46.12339167" lon="4.41876333"><ele>772.0</ele><time>2026-07-28T18:21:46.135Z</time></trkpt><trkpt lat="46.1234" lon="4.41874833"><ele>772.0</ele><time>2026-07-28T18:21:47.135Z</time></trkpt><trkpt lat="46.12341" lon="4.41873167"><ele>771.0</ele><time>2026-07-28T18:21:48.135Z</time></trkpt><trkpt lat="46.12341833" lon="4.418715"><ele>771.0</ele><time>2026-07-28T18:21:49.135Z</time></trkpt><trkpt lat="46.12343" lon="4.4187"><ele>771.0</ele><time>2026-07-28T18:21:50.135Z</time></trkpt><trkpt lat="46.12344" lon="4.41868167"><ele>771.0</ele><time>2026-07-28T18:21:51.135Z</time></trkpt><trkpt lat="46.12345" lon="4.418665"><ele>771.0</ele><time>2026-07-28T18:21:52.135Z</time></trkpt><trkpt lat="46.12346167" lon="4.41864667"><ele>771.0</ele><time>2026-07-28T18:21:53.135Z</time></trkpt><trkpt lat="46.12347167" lon="4.41863"><ele>771.0</ele><time>2026-07-28T18:21:54.135Z</time></trkpt><trkpt lat="46.12348167" lon="4.418615"><ele>771.0</ele><time>2026-07-28T18:21:55.135Z</time></trkpt><trkpt lat="46.12349167" lon="4.4186"><ele>771.0</ele><time>2026-07-28T18:21:56.135Z</time></trkpt><trkpt lat="46.12349833" lon="4.418585"><ele>771.0</ele><time>2026-07-28T18:21:57.135Z</time></trkpt><trkpt lat="46.12350667" lon="4.41856833"><ele>771.0</ele><time>2026-07-28T18:21:58.135Z</time></trkpt><trkpt lat="46.12351333" lon="4.41855333"><ele>771.0</ele><time>2026-07-28T18:21:59.135Z</time></trkpt><trkpt lat="46.12352167" lon="4.41854"><ele>772.0</ele><time>2026-07-28T18:22:00.135Z</time></trkpt><trkpt lat="46.12352833" lon="4.41852333"><ele>772.0</ele><time>2026-07-28T18:22:01.135Z</time></trkpt><trkpt lat="46.123535" lon="4.41850833"><ele>772.0</ele><time>2026-07-28T18:22:02.135Z</time></trkpt><trkpt lat="46.123545" lon="4.41849333"><ele>772.0</ele><time>2026-07-28T18:22:03.136Z</time></trkpt><trkpt lat="46.12355" lon="4.41847667"><ele>772.0</ele><time>2026-07-28T18:22:04.136Z</time></trkpt><trkpt lat="46.12355833" lon="4.41846167"><ele>773.0</ele><time>2026-07-28T18:22:05.135Z</time></trkpt><trkpt lat="46.123565" lon="4.41844667"><ele>773.0</ele><time>2026-07-28T18:22:06.136Z</time></trkpt><trkpt lat="46.12357333" lon="4.41843167"><ele>773.0</ele><time>2026-07-28T18:22:07.135Z</time></trkpt><trkpt lat="46.12358167" lon="4.41841667"><ele>773.0</ele><time>2026-07-28T18:22:08.136Z</time></trkpt><trkpt lat="46.12358833" lon="4.41840333"><ele>773.0</ele><time>2026-07-28T18:22:09.135Z</time></trkpt><trkpt lat="46.12359833" lon="4.41838833"><ele>773.0</ele><time>2026-07-28T18:22:10.135Z</time></trkpt><trkpt lat="46.12360833" lon="4.41837333"><ele>773.0</ele><time>2026-07-28T18:22:11.135Z</time></trkpt><trkpt lat="46.12361833" lon="4.41836"><ele>773.0</ele><time>2026-07-28T18:22:12.135Z</time></trkpt><trkpt lat="46.12362833" lon="4.41834667"><ele>773.0</ele><time>2026-07-28T18:22:13.135Z</time></trkpt><trkpt lat="46.12363833" lon="4.41833167"><ele>773.0</ele><time>2026-07-28T18:22:14.136Z</time></trkpt><trkpt lat="46.12364667" lon="4.41831833"><ele>773.0</ele><time>2026-07-28T18:22:15.135Z</time></trkpt><trkpt lat="46.12365833" lon="4.41830333"><ele>773.0</ele><time>2026-07-28T18:22:16.135Z</time></trkpt><trkpt lat="46.12366667" lon="4.41828833"><ele>774.0</ele><time>2026-07-28T18:22:17.135Z</time></trkpt><trkpt lat="46.12367833" lon="4.41827333"><ele>774.0</ele><time>2026-07-28T18:22:18.135Z</time></trkpt><trkpt lat="46.12368833" lon="4.41825833"><ele>774.0</ele><time>2026-07-28T18:22:19.135Z</time></trkpt><trkpt lat="46.12369833" lon="4.41824667"><ele>774.0</ele><time>2026-07-28T18:22:20.136Z</time></trkpt><trkpt lat="46.12370833" lon="4.41823333"><ele>774.0</ele><time>2026-07-28T18:22:21.135Z</time></trkpt><trkpt lat="46.12371667" lon="4.41821833"><ele>775.0</ele><time>2026-07-28T18:22:22.136Z</time></trkpt><trkpt lat="46.12372667" lon="4.41820333"><ele>775.0</ele><time>2026-07-28T18:22:23.135Z</time></trkpt><trkpt lat="46.12373667" lon="4.41819"><ele>775.0</ele><time>2026-07-28T18:22:24.135Z</time></trkpt><trkpt lat="46.12374667" lon="4.418175"><ele>775.0</ele><time>2026-07-28T18:22:25.135Z</time></trkpt><trkpt lat="46.12375833" lon="4.41816167"><ele>775.0</ele><time>2026-07-28T18:22:26.135Z</time></trkpt><trkpt lat="46.12377" lon="4.41814833"><ele>775.0</ele><time>2026-07-28T18:22:27.135Z</time></trkpt><trkpt lat="46.12378" lon="4.418135"><ele>775.0</ele><time>2026-07-28T18:22:28.136Z</time></trkpt><trkpt lat="46.12379167" lon="4.418125"><ele>775.0</ele><time>2026-07-28T18:22:29.135Z</time></trkpt><trkpt lat="46.12380333" lon="4.418115"><ele>775.0</ele><time>2026-07-28T18:22:30.135Z</time></trkpt><trkpt lat="46.123815" lon="4.41810333"><ele>776.0</ele><time>2026-07-28T18:22:31.135Z</time></trkpt><trkpt lat="46.12382333" lon="4.418095"><ele>776.0</ele><time>2026-07-28T18:22:32.135Z</time></trkpt><trkpt lat="46.123835" lon="4.41808833"><ele>776.0</ele><time>2026-07-28T18:22:33.135Z</time></trkpt><trkpt lat="46.12384667" lon="4.41808167"><ele>776.0</ele><time>2026-07-28T18:22:34.135Z</time></trkpt><trkpt lat="46.12386" lon="4.418075"><ele>776.0</ele><time>2026-07-28T18:22:35.136Z</time></trkpt><trkpt lat="46.123875" lon="4.41807"><ele>776.0</ele><time>2026-07-28T18:22:36.135Z</time></trkpt><trkpt lat="46.12388833" lon="4.41806333"><ele>776.0</ele><time>2026-07-28T18:22:37.135Z</time></trkpt><trkpt lat="46.12389833" lon="4.41805333"><ele>776.0</ele><time>2026-07-28T18:22:38.135Z</time></trkpt><trkpt lat="46.12391" lon="4.41804333"><ele>777.0</ele><time>2026-07-28T18:22:39.135Z</time></trkpt><trkpt lat="46.12392167" lon="4.418035"><ele>777.0</ele><time>2026-07-28T18:22:40.135Z</time></trkpt><trkpt lat="46.12393833" lon="4.41802333"><ele>777.0</ele><time>2026-07-28T18:22:41.135Z</time></trkpt><trkpt lat="46.12395" lon="4.418015"><ele>777.0</ele><time>2026-07-28T18:22:42.135Z</time></trkpt><trkpt lat="46.12396" lon="4.418005"><ele>777.0</ele><time>2026-07-28T18:22:43.135Z</time></trkpt><trkpt lat="46.12397333" lon="4.41799833"><ele>777.0</ele><time>2026-07-28T18:22:44.136Z</time></trkpt><trkpt lat="46.12399" lon="4.41798833"><ele>777.0</ele><time>2026-07-28T18:22:45.136Z</time></trkpt><trkpt lat="46.12400167" lon="4.41798"><ele>777.0</ele><time>2026-07-28T18:22:46.135Z</time></trkpt><trkpt lat="46.12401333" lon="4.41797"><ele>776.0</ele><time>2026-07-28T18:22:47.136Z</time></trkpt><trkpt lat="46.12402333" lon="4.41796333"><ele>776.0</ele><time>2026-07-28T18:22:48.135Z</time></trkpt><trkpt lat="46.12403833" lon="4.417955"><ele>776.0</ele><time>2026-07-28T18:22:49.135Z</time></trkpt><trkpt lat="46.12405167" lon="4.41795"><ele>776.0</ele><time>2026-07-28T18:22:50.136Z</time></trkpt><trkpt lat="46.12406667" lon="4.41794167"><ele>776.0</ele><time>2026-07-28T18:22:51.136Z</time></trkpt><trkpt lat="46.12407833" lon="4.41793667"><ele>776.0</ele><time>2026-07-28T18:22:52.135Z</time></trkpt><trkpt lat="46.12408833" lon="4.41793167"><ele>776.0</ele><time>2026-07-28T18:22:53.135Z</time></trkpt><trkpt lat="46.12409833" lon="4.417925"><ele>776.0</ele><time>2026-07-28T18:22:54.135Z</time></trkpt><trkpt lat="46.12410667" lon="4.41792167"><ele>777.0</ele><time>2026-07-28T18:22:55.135Z</time></trkpt><trkpt lat="46.12411667" lon="4.41791667"><ele>777.0</ele><time>2026-07-28T18:22:56.135Z</time></trkpt><trkpt lat="46.12412833" lon="4.41790833"><ele>777.0</ele><time>2026-07-28T18:22:57.135Z</time></trkpt><trkpt lat="46.12414" lon="4.41789833"><ele>777.0</ele><time>2026-07-28T18:22:58.136Z</time></trkpt><trkpt lat="46.12415167" lon="4.41789333"><ele>776.0</ele><time>2026-07-28T18:22:59.135Z</time></trkpt><trkpt lat="46.12416" lon="4.41788667"><ele>776.0</ele><time>2026-07-28T18:23:00.135Z</time></trkpt><trkpt lat="46.12416833" lon="4.41787333"><ele>776.0</ele><time>2026-07-28T18:23:01.135Z</time></trkpt><trkpt lat="46.12417833" lon="4.41786"><ele>776.0</ele><time>2026-07-28T18:23:02.136Z</time></trkpt><trkpt lat="46.12419667" lon="4.417845"><ele>776.0</ele><time>2026-07-28T18:23:03.136Z</time></trkpt><trkpt lat="46.12421167" lon="4.41783667"><ele>776.0</ele><time>2026-07-28T18:23:04.135Z</time></trkpt><trkpt lat="46.12423" lon="4.41782833"><ele>776.0</ele><time>2026-07-28T18:23:05.135Z</time></trkpt><trkpt lat="46.12424667" lon="4.41782333"><ele>776.0</ele><time>2026-07-28T18:23:06.135Z</time></trkpt><trkpt lat="46.124275" lon="4.41781667"><ele>777.0</ele><time>2026-07-28T18:23:07.136Z</time></trkpt><trkpt lat="46.12429667" lon="4.417805"><ele>777.0</ele><time>2026-07-28T18:23:08.135Z</time></trkpt><trkpt lat="46.12431833" lon="4.41779333"><ele>777.0</ele><time>2026-07-28T18:23:09.135Z</time></trkpt><trkpt lat="46.12433333" lon="4.41778"><ele>777.0</ele><time>2026-07-28T18:23:10.135Z</time></trkpt><trkpt lat="46.124355" lon="4.41777"><ele>777.0</ele><time>2026-07-28T18:23:11.135Z</time></trkpt><trkpt lat="46.12437333" lon="4.41776333"><ele>777.0</ele><time>2026-07-28T18:23:12.135Z</time></trkpt><trkpt lat="46.124385" lon="4.417755"><ele>777.0</ele><time>2026-07-28T18:23:13.135Z</time></trkpt><trkpt lat="46.12440167" lon="4.41774833"><ele>777.0</ele><time>2026-07-28T18:23:14.135Z</time></trkpt><trkpt lat="46.12441667" lon="4.41774167"><ele>777.0</ele><time>2026-07-28T18:23:15.135Z</time></trkpt><trkpt lat="46.12443" lon="4.41773167"><ele>777.0</ele><time>2026-07-28T18:23:16.135Z</time></trkpt><trkpt lat="46.12444333" lon="4.41772167"><ele>777.0</ele><time>2026-07-28T18:23:17.135Z</time></trkpt><trkpt lat="46.12445667" lon="4.41771333"><ele>777.0</ele><time>2026-07-28T18:23:18.135Z</time></trkpt><trkpt lat="46.12447167" lon="4.41770667"><ele>778.0</ele><time>2026-07-28T18:23:19.135Z</time></trkpt><trkpt lat="46.12448333" lon="4.41770167"><ele>778.0</ele><time>2026-07-28T18:23:20.135Z</time></trkpt><trkpt lat="46.12449833" lon="4.41769167"><ele>778.0</ele><time>2026-07-28T18:23:21.135Z</time></trkpt><trkpt lat="46.12451167" lon="4.41768167"><ele>779.0</ele><time>2026-07-28T18:23:22.136Z</time></trkpt><trkpt lat="46.12452667" lon="4.41767333"><ele>779.0</ele><time>2026-07-28T18:23:23.135Z</time></trkpt><trkpt lat="46.12453667" lon="4.41766833"><ele>779.0</ele><time>2026-07-28T18:23:24.135Z</time></trkpt><trkpt lat="46.12454833" lon="4.41765667"><ele>779.0</ele><time>2026-07-28T18:23:25.136Z</time></trkpt><trkpt lat="46.12456" lon="4.41764333"><ele>778.0</ele><time>2026-07-28T18:23:26.135Z</time></trkpt><trkpt lat="46.12457167" lon="4.41762833"><ele>778.0</ele><time>2026-07-28T18:23:27.135Z</time></trkpt><trkpt lat="46.12458667" lon="4.41761333"><ele>778.0</ele><time>2026-07-28T18:23:28.135Z</time></trkpt><trkpt lat="46.12460167" lon="4.4176"><ele>779.0</ele><time>2026-07-28T18:23:29.135Z</time></trkpt><trkpt lat="46.124615" lon="4.41758833"><ele>779.0</ele><time>2026-07-28T18:23:30.135Z</time></trkpt><trkpt lat="46.12463167" lon="4.417575"><ele>779.0</ele><time>2026-07-28T18:23:31.136Z</time></trkpt><trkpt lat="46.124645" lon="4.41756"><ele>779.0</ele><time>2026-07-28T18:23:32.135Z</time></trkpt><trkpt lat="46.12466" lon="4.41755"><ele>779.0</ele><time>2026-07-28T18:23:33.135Z</time></trkpt><trkpt lat="46.12467833" lon="4.417535"><ele>779.0</ele><time>2026-07-28T18:23:34.135Z</time></trkpt><trkpt lat="46.12469" lon="4.41752333"><ele>779.0</ele><time>2026-07-28T18:23:35.136Z</time></trkpt><trkpt lat="46.12470167" lon="4.41750833"><ele>779.0</ele><time>2026-07-28T18:23:36.135Z</time></trkpt><trkpt lat="46.12471833" lon="4.41749333"><ele>780.0</ele><time>2026-07-28T18:23:37.135Z</time></trkpt><trkpt lat="46.12473333" lon="4.41748"><ele>780.0</ele><time>2026-07-28T18:23:38.135Z</time></trkpt><trkpt lat="46.124745" lon="4.41746833"><ele>780.0</ele><time>2026-07-28T18:23:39.135Z</time></trkpt><trkpt lat="46.12475833" lon="4.41745667"><ele>779.0</ele><time>2026-07-28T18:23:40.135Z</time></trkpt><trkpt lat="46.12477167" lon="4.41744333"><ele>779.0</ele><time>2026-07-28T18:23:41.135Z</time></trkpt><trkpt lat="46.12478333" lon="4.41743167"><ele>779.0</ele><time>2026-07-28T18:23:42.135Z</time></trkpt><trkpt lat="46.12479333" lon="4.41741833"><ele>780.0</ele><time>2026-07-28T18:23:43.135Z</time></trkpt><trkpt lat="46.12480167" lon="4.41740833"><ele>780.0</ele><time>2026-07-28T18:23:44.135Z</time></trkpt><trkpt lat="46.12481333" lon="4.41739667"><ele>780.0</ele><time>2026-07-28T18:23:45.135Z</time></trkpt><trkpt lat="46.12482833" lon="4.41738333"><ele>779.0</ele><time>2026-07-28T18:23:46.135Z</time></trkpt><trkpt lat="46.12484167" lon="4.41736833"><ele>779.0</ele><time>2026-07-28T18:23:47.135Z</time></trkpt><trkpt lat="46.12485667" lon="4.41736"><ele>779.0</ele><time>2026-07-28T18:23:48.136Z</time></trkpt><trkpt lat="46.12487333" lon="4.417345"><ele>779.0</ele><time>2026-07-28T18:23:49.135Z</time></trkpt><trkpt lat="46.12488833" lon="4.41733333"><ele>779.0</ele><time>2026-07-28T18:23:50.135Z</time></trkpt><trkpt lat="46.1249" lon="4.41732"><ele>780.0</ele><time>2026-07-28T18:23:51.136Z</time></trkpt><trkpt lat="46.12491" lon="4.41731"><ele>780.0</ele><time>2026-07-28T18:23:52.135Z</time></trkpt><trkpt lat="46.12492333" lon="4.41729667"><ele>779.0</ele><time>2026-07-28T18:23:53.135Z</time></trkpt><trkpt lat="46.124935" lon="4.41728167"><ele>779.0</ele><time>2026-07-28T18:23:54.136Z</time></trkpt><trkpt lat="46.12494833" lon="4.417265"><ele>779.0</ele><time>2026-07-28T18:23:55.136Z</time></trkpt><trkpt lat="46.12496" lon="4.41725667"><ele>779.0</ele><time>2026-07-28T18:23:56.135Z</time></trkpt><trkpt lat="46.12497" lon="4.41725"><ele>779.0</ele><time>2026-07-28T18:23:57.135Z</time></trkpt><trkpt lat="46.12498333" lon="4.41724"><ele>778.0</ele><time>2026-07-28T18:23:58.135Z</time></trkpt><trkpt lat="46.124995" lon="4.41723"><ele>778.0</ele><time>2026-07-28T18:23:59.135Z</time></trkpt><trkpt lat="46.12500833" lon="4.41721833"><ele>778.0</ele><time>2026-07-28T18:24:00.135Z</time></trkpt><trkpt lat="46.12502167" lon="4.41720833"><ele>778.0</ele><time>2026-07-28T18:24:01.135Z</time></trkpt><trkpt lat="46.12503167" lon="4.41719833"><ele>778.0</ele><time>2026-07-28T18:24:02.135Z</time></trkpt><trkpt lat="46.12504167" lon="4.41718833"><ele>778.0</ele><time>2026-07-28T18:24:03.136Z</time></trkpt><trkpt lat="46.12505333" lon="4.41717167"><ele>778.0</ele><time>2026-07-28T18:24:04.135Z</time></trkpt><trkpt lat="46.12505333" lon="4.417165"><ele>779.0</ele><time>2026-07-28T18:24:05.135Z</time></trkpt><trkpt lat="46.12507" lon="4.41715333"><ele>779.0</ele><time>2026-07-28T18:24:06.136Z</time></trkpt><trkpt lat="46.12509333" lon="4.417135"><ele>779.0</ele><time>2026-07-28T18:24:07.135Z</time></trkpt><trkpt lat="46.125105" lon="4.41712167"><ele>779.0</ele><time>2026-07-28T18:24:08.135Z</time></trkpt><trkpt lat="46.125115" lon="4.41710833"><ele>779.0</ele><time>2026-07-28T18:24:09.136Z</time></trkpt><trkpt lat="46.12512833" lon="4.41709333"><ele>778.0</ele><time>2026-07-28T18:24:10.136Z</time></trkpt><trkpt lat="46.12514333" lon="4.417085"><ele>779.0</ele><time>2026-07-28T18:24:11.136Z</time></trkpt><trkpt lat="46.12515667" lon="4.41707333"><ele>779.0</ele><time>2026-07-28T18:24:12.135Z</time></trkpt><trkpt lat="46.12517333" lon="4.41706"><ele>778.0</ele><time>2026-07-28T18:24:13.135Z</time></trkpt><trkpt lat="46.125185" lon="4.41705167"><ele>778.0</ele><time>2026-07-28T18:24:14.135Z</time></trkpt><trkpt lat="46.12519333" lon="4.417045"><ele>778.0</ele><time>2026-07-28T18:24:15.136Z</time></trkpt><trkpt lat="46.125205" lon="4.41703167"><ele>778.0</ele><time>2026-07-28T18:24:16.136Z</time></trkpt><trkpt lat="46.125215" lon="4.41702167"><ele>778.0</ele><time>2026-07-28T18:24:17.135Z</time></trkpt><trkpt lat="46.12522667" lon="4.41701167"><ele>778.0</ele><time>2026-07-28T18:24:18.136Z</time></trkpt><trkpt lat="46.12523667" lon="4.41700333"><ele>778.0</ele><time>2026-07-28T18:24:19.135Z</time></trkpt><trkpt lat="46.12524667" lon="4.41699667"><ele>778.0</ele><time>2026-07-28T18:24:20.135Z</time></trkpt><trkpt lat="46.12526" lon="4.41699"><ele>778.0</ele><time>2026-07-28T18:24:21.135Z</time></trkpt><trkpt lat="46.12527667" lon="4.41697833"><ele>778.0</ele><time>2026-07-28T18:24:22.135Z</time></trkpt><trkpt lat="46.12529" lon="4.41696667"><ele>778.0</ele><time>2026-07-28T18:24:23.135Z</time></trkpt><trkpt lat="46.12529833" lon="4.41695667"><ele>778.0</ele><time>2026-07-28T18:24:24.136Z</time></trkpt><trkpt lat="46.12530833" lon="4.41693667"><ele>778.0</ele><time>2026-07-28T18:24:25.136Z</time></trkpt><trkpt lat="46.12531833" lon="4.41691667"><ele>778.0</ele><time>2026-07-28T18:24:26.135Z</time></trkpt><trkpt lat="46.12532667" lon="4.416895"><ele>778.0</ele><time>2026-07-28T18:24:27.135Z</time></trkpt><trkpt lat="46.12533667" lon="4.41687667"><ele>778.0</ele><time>2026-07-28T18:24:28.135Z</time></trkpt><trkpt lat="46.12535" lon="4.41686"><ele>778.0</ele><time>2026-07-28T18:24:29.135Z</time></trkpt><trkpt lat="46.12536" lon="4.41684167"><ele>778.0</ele><time>2026-07-28T18:24:30.135Z</time></trkpt><trkpt lat="46.12537167" lon="4.416825"><ele>778.0</ele><time>2026-07-28T18:24:31.135Z</time></trkpt><trkpt lat="46.12537833" lon="4.41680833"><ele>778.0</ele><time>2026-07-28T18:24:32.135Z</time></trkpt><trkpt lat="46.12538333" lon="4.41678833"><ele>778.0</ele><time>2026-07-28T18:24:33.135Z</time></trkpt><trkpt lat="46.12539167" lon="4.416765"><ele>779.0</ele><time>2026-07-28T18:24:34.136Z</time></trkpt><trkpt lat="46.125395" lon="4.41674333"><ele>779.0</ele><time>2026-07-28T18:24:35.135Z</time></trkpt><trkpt lat="46.1254" lon="4.41672333"><ele>779.0</ele><time>2026-07-28T18:24:36.136Z</time></trkpt><trkpt lat="46.12540667" lon="4.41670167"><ele>780.0</ele><time>2026-07-28T18:24:37.135Z</time></trkpt><trkpt lat="46.12541333" lon="4.41668"><ele>780.0</ele><time>2026-07-28T18:24:38.135Z</time></trkpt><trkpt lat="46.12542" lon="4.41665833"><ele>780.0</ele><time>2026-07-28T18:24:39.135Z</time></trkpt><trkpt lat="46.125425" lon="4.41664167"><ele>780.0</ele><time>2026-07-28T18:24:40.135Z</time></trkpt><trkpt lat="46.12543333" lon="4.416625"><ele>780.0</ele><time>2026-07-28T18:24:41.135Z</time></trkpt><trkpt lat="46.12543833" lon="4.41660667"><ele>780.0</ele><time>2026-07-28T18:24:42.135Z</time></trkpt><trkpt lat="46.12544333" lon="4.41658667"><ele>780.0</ele><time>2026-07-28T18:24:43.135Z</time></trkpt><trkpt lat="46.12544833" lon="4.41656667"><ele>779.0</ele><time>2026-07-28T18:24:44.136Z</time></trkpt><trkpt lat="46.125455" lon="4.41654833"><ele>779.0</ele><time>2026-07-28T18:24:45.135Z</time></trkpt><trkpt lat="46.12546167" lon="4.41652833"><ele>778.0</ele><time>2026-07-28T18:24:46.135Z</time></trkpt><trkpt lat="46.12546667" lon="4.41650833"><ele>778.0</ele><time>2026-07-28T18:24:47.135Z</time></trkpt><trkpt lat="46.12547167" lon="4.41648667"><ele>778.0</ele><time>2026-07-28T18:24:48.136Z</time></trkpt><trkpt lat="46.12547667" lon="4.416465"><ele>778.0</ele><time>2026-07-28T18:24:49.136Z</time></trkpt><trkpt lat="46.12548333" lon="4.41644167"><ele>778.0</ele><time>2026-07-28T18:24:50.136Z</time></trkpt><trkpt lat="46.12549" lon="4.41641833"><ele>777.0</ele><time>2026-07-28T18:24:51.136Z</time></trkpt><trkpt lat="46.12549833" lon="4.41639333"><ele>777.0</ele><time>2026-07-28T18:24:52.136Z</time></trkpt><trkpt lat="46.12550333" lon="4.41636833"><ele>777.0</ele><time>2026-07-28T18:24:53.135Z</time></trkpt><trkpt lat="46.12550833" lon="4.416345"><ele>777.0</ele><time>2026-07-28T18:24:54.135Z</time></trkpt><trkpt lat="46.12551167" lon="4.416325"><ele>777.0</ele><time>2026-07-28T18:24:55.136Z</time></trkpt><trkpt lat="46.12551833" lon="4.41630333"><ele>777.0</ele><time>2026-07-28T18:24:56.136Z</time></trkpt><trkpt lat="46.12552167" lon="4.41628167"><ele>776.0</ele><time>2026-07-28T18:24:57.135Z</time></trkpt><trkpt lat="46.12552667" lon="4.41626167"><ele>776.0</ele><time>2026-07-28T18:24:58.135Z</time></trkpt><trkpt lat="46.12553167" lon="4.41624333"><ele>776.0</ele><time>2026-07-28T18:24:59.136Z</time></trkpt><trkpt lat="46.12553667" lon="4.41622667"><ele>776.0</ele><time>2026-07-28T18:25:00.136Z</time></trkpt><trkpt lat="46.12554" lon="4.41621167"><ele>776.0</ele><time>2026-07-28T18:25:01.135Z</time></trkpt><trkpt lat="46.12554333" lon="4.41619333"><ele>775.0</ele><time>2026-07-28T18:25:02.135Z</time></trkpt><trkpt lat="46.125545" lon="4.41617333"><ele>775.0</ele><time>2026-07-28T18:25:03.135Z</time></trkpt><trkpt lat="46.12554833" lon="4.41615333"><ele>775.0</ele><time>2026-07-28T18:25:04.135Z</time></trkpt><trkpt lat="46.12555167" lon="4.41613333"><ele>775.0</ele><time>2026-07-28T18:25:05.135Z</time></trkpt><trkpt lat="46.12555333" lon="4.41611333"><ele>775.0</ele><time>2026-07-28T18:25:06.135Z</time></trkpt><trkpt lat="46.12555667" lon="4.41609167"><ele>775.0</ele><time>2026-07-28T18:25:07.136Z</time></trkpt><trkpt lat="46.12555833" lon="4.41606833"><ele>775.0</ele><time>2026-07-28T18:25:08.135Z</time></trkpt><trkpt lat="46.12556167" lon="4.416045"><ele>775.0</ele><time>2026-07-28T18:25:09.135Z</time></trkpt><trkpt lat="46.12556167" lon="4.41602167"><ele>775.0</ele><time>2026-07-28T18:25:10.135Z</time></trkpt><trkpt lat="46.12556333" lon="4.416"><ele>774.0</ele><time>2026-07-28T18:25:11.135Z</time></trkpt><trkpt lat="46.125565" lon="4.41598"><ele>774.0</ele><time>2026-07-28T18:25:12.135Z</time></trkpt><trkpt lat="46.125565" lon="4.41596167"><ele>774.0</ele><time>2026-07-28T18:25:13.136Z</time></trkpt><trkpt lat="46.12556333" lon="4.41594"><ele>774.0</ele><time>2026-07-28T18:25:14.135Z</time></trkpt><trkpt lat="46.12556" lon="4.41592"><ele>774.0</ele><time>2026-07-28T18:25:15.135Z</time></trkpt><trkpt lat="46.12555333" lon="4.4159"><ele>774.0</ele><time>2026-07-28T18:25:16.135Z</time></trkpt><trkpt lat="46.12554833" lon="4.41588"><ele>775.0</ele><time>2026-07-28T18:25:17.136Z</time></trkpt><trkpt lat="46.12554" lon="4.41586"><ele>775.0</ele><time>2026-07-28T18:25:18.135Z</time></trkpt><trkpt lat="46.12553167" lon="4.41584167"><ele>775.0</ele><time>2026-07-28T18:25:19.136Z</time></trkpt><trkpt lat="46.12552333" lon="4.41582"><ele>776.0</ele><time>2026-07-28T18:25:20.136Z</time></trkpt><trkpt lat="46.12551667" lon="4.41580167"><ele>777.0</ele><time>2026-07-28T18:25:21.135Z</time></trkpt><trkpt lat="46.12551167" lon="4.41578333"><ele>777.0</ele><time>2026-07-28T18:25:22.135Z</time></trkpt><trkpt lat="46.12550667" lon="4.41576"><ele>777.0</ele><time>2026-07-28T18:25:23.136Z</time></trkpt><trkpt lat="46.12549833" lon="4.41574"><ele>776.0</ele><time>2026-07-28T18:25:24.135Z</time></trkpt><trkpt lat="46.12549" lon="4.41571833"><ele>776.0</ele><time>2026-07-28T18:25:25.135Z</time></trkpt><trkpt lat="46.12548333" lon="4.41569667"><ele>777.0</ele><time>2026-07-28T18:25:26.136Z</time></trkpt><trkpt lat="46.12547667" lon="4.415675"><ele>776.0</ele><time>2026-07-28T18:25:27.135Z</time></trkpt><trkpt lat="46.12546833" lon="4.41565333"><ele>776.0</ele><time>2026-07-28T18:25:28.135Z</time></trkpt><trkpt lat="46.12545833" lon="4.41563"><ele>776.0</ele><time>2026-07-28T18:25:29.136Z</time></trkpt><trkpt lat="46.12545" lon="4.41561"><ele>776.0</ele><time>2026-07-28T18:25:30.135Z</time></trkpt><trkpt lat="46.12544" lon="4.41559"><ele>776.0</ele><time>2026-07-28T18:25:31.135Z</time></trkpt><trkpt lat="46.12543167" lon="4.41556833"><ele>776.0</ele><time>2026-07-28T18:25:32.135Z</time></trkpt><trkpt lat="46.12542167" lon="4.41555"><ele>776.0</ele><time>2026-07-28T18:25:33.135Z</time></trkpt><trkpt lat="46.125415" lon="4.41553167"><ele>776.0</ele><time>2026-07-28T18:25:34.135Z</time></trkpt><trkpt lat="46.12540667" lon="4.41551167"><ele>776.0</ele><time>2026-07-28T18:25:35.135Z</time></trkpt><trkpt lat="46.12539667" lon="4.41548833"><ele>776.0</ele><time>2026-07-28T18:25:36.135Z</time></trkpt><trkpt lat="46.12538833" lon="4.41547"><ele>776.0</ele><time>2026-07-28T18:25:37.136Z</time></trkpt><trkpt lat="46.12537833" lon="4.41545167"><ele>776.0</ele><time>2026-07-28T18:25:38.135Z</time></trkpt><trkpt lat="46.12536833" lon="4.41543333"><ele>776.0</ele><time>2026-07-28T18:25:39.135Z</time></trkpt><trkpt lat="46.12535833" lon="4.41541833"><ele>776.0</ele><time>2026-07-28T18:25:40.136Z</time></trkpt><trkpt lat="46.12534833" lon="4.41540333"><ele>776.0</ele><time>2026-07-28T18:25:41.135Z</time></trkpt><trkpt lat="46.12534167" lon="4.41538667"><ele>776.0</ele><time>2026-07-28T18:25:42.135Z</time></trkpt><trkpt lat="46.12533333" lon="4.41537"><ele>776.0</ele><time>2026-07-28T18:25:43.135Z</time></trkpt><trkpt lat="46.125325" lon="4.41535167"><ele>776.0</ele><time>2026-07-28T18:25:44.135Z</time></trkpt><trkpt lat="46.12531667" lon="4.415335"><ele>776.0</ele><time>2026-07-28T18:25:45.135Z</time></trkpt><trkpt lat="46.12530667" lon="4.41532"><ele>776.0</ele><time>2026-07-28T18:25:46.135Z</time></trkpt><trkpt lat="46.12529333" lon="4.41530667"><ele>775.0</ele><time>2026-07-28T18:25:47.135Z</time></trkpt><trkpt lat="46.12528333" lon="4.415295"><ele>775.0</ele><time>2026-07-28T18:25:48.135Z</time></trkpt><trkpt lat="46.12527333" lon="4.41527667"><ele>775.0</ele><time>2026-07-28T18:25:49.136Z</time></trkpt><trkpt lat="46.12526" lon="4.41526167"><ele>775.0</ele><time>2026-07-28T18:25:50.135Z</time></trkpt><trkpt lat="46.12524667" lon="4.415245"><ele>775.0</ele><time>2026-07-28T18:25:51.136Z</time></trkpt><trkpt lat="46.12523667" lon="4.41523"><ele>775.0</ele><time>2026-07-28T18:25:52.135Z</time></trkpt><trkpt lat="46.12522667" lon="4.415215"><ele>775.0</ele><time>2026-07-28T18:25:53.135Z</time></trkpt><trkpt lat="46.12521667" lon="4.4152"><ele>775.0</ele><time>2026-07-28T18:25:54.136Z</time></trkpt><trkpt lat="46.12520833" lon="4.415185"><ele>775.0</ele><time>2026-07-28T18:25:55.135Z</time></trkpt><trkpt lat="46.12519833" lon="4.41517"><ele>775.0</ele><time>2026-07-28T18:25:56.135Z</time></trkpt><trkpt lat="46.12519" lon="4.415155"><ele>775.0</ele><time>2026-07-28T18:25:57.135Z</time></trkpt><trkpt lat="46.12518" lon="4.41514333"><ele>775.0</ele><time>2026-07-28T18:25:58.135Z</time></trkpt><trkpt lat="46.12516833" lon="4.41513167"><ele>775.0</ele><time>2026-07-28T18:25:59.136Z</time></trkpt><trkpt lat="46.12516" lon="4.41511833"><ele>776.0</ele><time>2026-07-28T18:26:00.135Z</time></trkpt><trkpt lat="46.12515" lon="4.41510333"><ele>776.0</ele><time>2026-07-28T18:26:01.135Z</time></trkpt><trkpt lat="46.12514167" lon="4.41509"><ele>776.0</ele><time>2026-07-28T18:26:02.136Z</time></trkpt><trkpt lat="46.12513333" lon="4.41507667"><ele>776.0</ele><time>2026-07-28T18:26:03.135Z</time></trkpt><trkpt lat="46.12512333" lon="4.41506167"><ele>776.0</ele><time>2026-07-28T18:26:04.135Z</time></trkpt><trkpt lat="46.12511667" lon="4.415045"><ele>776.0</ele><time>2026-07-28T18:26:05.135Z</time></trkpt><trkpt lat="46.12510833" lon="4.41503"><ele>776.0</ele><time>2026-07-28T18:26:06.136Z</time></trkpt><trkpt lat="46.12510167" lon="4.41501333"><ele>776.0</ele><time>2026-07-28T18:26:07.136Z</time></trkpt><trkpt lat="46.12509333" lon="4.41499833"><ele>777.0</ele><time>2026-07-28T18:26:08.135Z</time></trkpt><trkpt lat="46.12508833" lon="4.41498333"><ele>777.0</ele><time>2026-07-28T18:26:09.136Z</time></trkpt><trkpt lat="46.12508" lon="4.41497"><ele>777.0</ele><time>2026-07-28T18:26:10.135Z</time></trkpt><trkpt lat="46.12507" lon="4.41495667"><ele>777.0</ele><time>2026-07-28T18:26:11.135Z</time></trkpt><trkpt lat="46.12506167" lon="4.41494333"><ele>778.0</ele><time>2026-07-28T18:26:12.135Z</time></trkpt><trkpt lat="46.12505333" lon="4.41492833"><ele>778.0</ele><time>2026-07-28T18:26:13.135Z</time></trkpt><trkpt lat="46.12504667" lon="4.41491333"><ele>778.0</ele><time>2026-07-28T18:26:14.136Z</time></trkpt><trkpt lat="46.12503833" lon="4.41489833"><ele>778.0</ele><time>2026-07-28T18:26:15.135Z</time></trkpt><trkpt lat="46.12503" lon="4.41488333"><ele>778.0</ele><time>2026-07-28T18:26:16.136Z</time></trkpt><trkpt lat="46.12502167" lon="4.41487"><ele>778.0</ele><time>2026-07-28T18:26:17.136Z</time></trkpt><trkpt lat="46.125015" lon="4.41485667"><ele>779.0</ele><time>2026-07-28T18:26:18.136Z</time></trkpt><trkpt lat="46.12501" lon="4.41484"><ele>779.0</ele><time>2026-07-28T18:26:19.136Z</time></trkpt><trkpt lat="46.12500333" lon="4.41482333"><ele>779.0</ele><time>2026-07-28T18:26:20.135Z</time></trkpt><trkpt lat="46.125" lon="4.414805"><ele>779.0</ele><time>2026-07-28T18:26:21.136Z</time></trkpt><trkpt lat="46.12499833" lon="4.41478833"><ele>779.0</ele><time>2026-07-28T18:26:22.135Z</time></trkpt><trkpt lat="46.12499833" lon="4.41477167"><ele>780.0</ele><time>2026-07-28T18:26:23.135Z</time></trkpt><trkpt lat="46.12500333" lon="4.41475333"><ele>780.0</ele><time>2026-07-28T18:26:24.135Z</time></trkpt><trkpt lat="46.12500833" lon="4.414735"><ele>780.0</ele><time>2026-07-28T18:26:25.136Z</time></trkpt><trkpt lat="46.12501" lon="4.41471833"><ele>780.0</ele><time>2026-07-28T18:26:26.135Z</time></trkpt><trkpt lat="46.12501167" lon="4.4147"><ele>781.0</ele><time>2026-07-28T18:26:27.136Z</time></trkpt><trkpt lat="46.12501167" lon="4.41468"><ele>781.0</ele><time>2026-07-28T18:26:28.135Z</time></trkpt><trkpt lat="46.12500667" lon="4.41466"><ele>781.0</ele><time>2026-07-28T18:26:29.136Z</time></trkpt><trkpt lat="46.125" lon="4.41464333"><ele>782.0</ele><time>2026-07-28T18:26:30.135Z</time></trkpt><trkpt lat="46.12499167" lon="4.41463"><ele>783.0</ele><time>2026-07-28T18:26:31.135Z</time></trkpt><trkpt lat="46.124985" lon="4.41461333"><ele>783.0</ele><time>2026-07-28T18:26:32.136Z</time></trkpt><trkpt lat="46.12497833" lon="4.41459667"><ele>783.0</ele><time>2026-07-28T18:26:33.135Z</time></trkpt><trkpt lat="46.12497167" lon="4.41457833"><ele>783.0</ele><time>2026-07-28T18:26:34.135Z</time></trkpt><trkpt lat="46.12496833" lon="4.41456"><ele>783.0</ele><time>2026-07-28T18:26:35.135Z</time></trkpt><trkpt lat="46.12496333" lon="4.41453833"><ele>784.0</ele><time>2026-07-28T18:26:36.136Z</time></trkpt><trkpt lat="46.12496" lon="4.41451667"><ele>784.0</ele><time>2026-07-28T18:26:37.135Z</time></trkpt><trkpt lat="46.124955" lon="4.41449833"><ele>784.0</ele><time>2026-07-28T18:26:38.135Z</time></trkpt><trkpt lat="46.12495" lon="4.41448333"><ele>784.0</ele><time>2026-07-28T18:26:39.136Z</time></trkpt><trkpt lat="46.124945" lon="4.41446667"><ele>783.0</ele><time>2026-07-28T18:26:40.135Z</time></trkpt><trkpt lat="46.12494" lon="4.41444833"><ele>783.0</ele><time>2026-07-28T18:26:41.135Z</time></trkpt><trkpt lat="46.124935" lon="4.41443"><ele>783.0</ele><time>2026-07-28T18:26:42.135Z</time></trkpt><trkpt lat="46.12493333" lon="4.41441333"><ele>783.0</ele><time>2026-07-28T18:26:43.135Z</time></trkpt><trkpt lat="46.12492667" lon="4.41439667"><ele>783.0</ele><time>2026-07-28T18:26:44.136Z</time></trkpt><trkpt lat="46.12492167" lon="4.41438"><ele>783.0</ele><time>2026-07-28T18:26:45.135Z</time></trkpt><trkpt lat="46.12491333" lon="4.41436167"><ele>783.0</ele><time>2026-07-28T18:26:46.135Z</time></trkpt><trkpt lat="46.12491" lon="4.41434333"><ele>783.0</ele><time>2026-07-28T18:26:47.135Z</time></trkpt><trkpt lat="46.12490667" lon="4.41432333"><ele>783.0</ele><time>2026-07-28T18:26:48.136Z</time></trkpt><trkpt lat="46.12490833" lon="4.41430333"><ele>783.0</ele><time>2026-07-28T18:26:49.135Z</time></trkpt><trkpt lat="46.12490667" lon="4.41428333"><ele>783.0</ele><time>2026-07-28T18:26:50.136Z</time></trkpt><trkpt lat="46.124905" lon="4.414265"><ele>783.0</ele><time>2026-07-28T18:26:51.135Z</time></trkpt><trkpt lat="46.12490333" lon="4.414245"><ele>783.0</ele><time>2026-07-28T18:26:52.136Z</time></trkpt><trkpt lat="46.12490333" lon="4.41422333"><ele>783.0</ele><time>2026-07-28T18:26:53.135Z</time></trkpt><trkpt lat="46.124905" lon="4.41420167"><ele>783.0</ele><time>2026-07-28T18:26:54.135Z</time></trkpt><trkpt lat="46.124905" lon="4.41417833"><ele>783.0</ele><time>2026-07-28T18:26:55.135Z</time></trkpt><trkpt lat="46.12490333" lon="4.414155"><ele>783.0</ele><time>2026-07-28T18:26:56.136Z</time></trkpt><trkpt lat="46.12489833" lon="4.41413167"><ele>783.0</ele><time>2026-07-28T18:26:57.135Z</time></trkpt><trkpt lat="46.124895" lon="4.41411167"><ele>783.0</ele><time>2026-07-28T18:26:58.135Z</time></trkpt><trkpt lat="46.12489167" lon="4.41409333"><ele>784.0</ele><time>2026-07-28T18:26:59.135Z</time></trkpt><trkpt lat="46.12488667" lon="4.41407167"><ele>784.0</ele><time>2026-07-28T18:27:00.136Z</time></trkpt><trkpt lat="46.124885" lon="4.41405167"><ele>784.0</ele><time>2026-07-28T18:27:01.136Z</time></trkpt><trkpt lat="46.12488167" lon="4.41403333"><ele>784.0</ele><time>2026-07-28T18:27:02.135Z</time></trkpt><trkpt lat="46.124875" lon="4.41401333"><ele>784.0</ele><time>2026-07-28T18:27:03.135Z</time></trkpt><trkpt lat="46.12486667" lon="4.413995"><ele>784.0</ele><time>2026-07-28T18:27:04.135Z</time></trkpt><trkpt lat="46.12485833" lon="4.41397333"><ele>785.0</ele><time>2026-07-28T18:27:05.135Z</time></trkpt><trkpt lat="46.12485167" lon="4.41395333"><ele>785.0</ele><time>2026-07-28T18:27:06.135Z</time></trkpt><trkpt lat="46.124845" lon="4.41393167"><ele>786.0</ele><time>2026-07-28T18:27:07.135Z</time></trkpt><trkpt lat="46.12483833" lon="4.41391167"><ele>786.0</ele><time>2026-07-28T18:27:08.135Z</time></trkpt><trkpt lat="46.12483167" lon="4.41388833"><ele>786.0</ele><time>2026-07-28T18:27:09.135Z</time></trkpt><trkpt lat="46.12482833" lon="4.41386667"><ele>786.0</ele><time>2026-07-28T18:27:10.136Z</time></trkpt><trkpt lat="46.12482833" lon="4.41384667"><ele>786.0</ele><time>2026-07-28T18:27:11.135Z</time></trkpt><trkpt lat="46.12482333" lon="4.41382667"><ele>786.0</ele><time>2026-07-28T18:27:12.135Z</time></trkpt><trkpt lat="46.12482" lon="4.41380667"><ele>786.0</ele><time>2026-07-28T18:27:13.135Z</time></trkpt><trkpt lat="46.12481667" lon="4.413785"><ele>787.0</ele><time>2026-07-28T18:27:14.136Z</time></trkpt><trkpt lat="46.12481333" lon="4.41376167"><ele>787.0</ele><time>2026-07-28T18:27:15.135Z</time></trkpt><trkpt lat="46.12480833" lon="4.41374"><ele>787.0</ele><time>2026-07-28T18:27:16.136Z</time></trkpt><trkpt lat="46.12480667" lon="4.41372"><ele>787.0</ele><time>2026-07-28T18:27:17.135Z</time></trkpt><trkpt lat="46.124805" lon="4.41369667"><ele>787.0</ele><time>2026-07-28T18:27:18.135Z</time></trkpt><trkpt lat="46.12480333" lon="4.41367333"><ele>787.0</ele><time>2026-07-28T18:27:19.135Z</time></trkpt><trkpt lat="46.12479833" lon="4.41365333"><ele>787.0</ele><time>2026-07-28T18:27:20.136Z</time></trkpt><trkpt lat="46.12479333" lon="4.41363667"><ele>787.0</ele><time>2026-07-28T18:27:21.135Z</time></trkpt><trkpt lat="46.12478667" lon="4.41362"><ele>787.0</ele><time>2026-07-28T18:27:22.135Z</time></trkpt><trkpt lat="46.12478333" lon="4.41359667"><ele>787.0</ele><time>2026-07-28T18:27:23.135Z</time></trkpt><trkpt lat="46.12478" lon="4.41357667"><ele>787.0</ele><time>2026-07-28T18:27:24.136Z</time></trkpt><trkpt lat="46.12477833" lon="4.41355667"><ele>787.0</ele><time>2026-07-28T18:27:25.136Z</time></trkpt><trkpt lat="46.12477833" lon="4.41353667"><ele>788.0</ele><time>2026-07-28T18:27:26.135Z</time></trkpt><trkpt lat="46.12477833" lon="4.41351333"><ele>788.0</ele><time>2026-07-28T18:27:27.135Z</time></trkpt><trkpt lat="46.12477667" lon="4.41349167"><ele>788.0</ele><time>2026-07-28T18:27:28.136Z</time></trkpt><trkpt lat="46.124775" lon="4.41347167"><ele>789.0</ele><time>2026-07-28T18:27:29.136Z</time></trkpt><trkpt lat="46.12477" lon="4.41345167"><ele>789.0</ele><time>2026-07-28T18:27:30.135Z</time></trkpt><trkpt lat="46.12476667" lon="4.41343333"><ele>789.0</ele><time>2026-07-28T18:27:31.136Z</time></trkpt><trkpt lat="46.12476333" lon="4.41341667"><ele>789.0</ele><time>2026-07-28T18:27:32.135Z</time></trkpt><trkpt lat="46.12476" lon="4.41340167"><ele>789.0</ele><time>2026-07-28T18:27:33.136Z</time></trkpt><trkpt lat="46.12475667" lon="4.41338167"><ele>789.0</ele><time>2026-07-28T18:27:34.135Z</time></trkpt><trkpt lat="46.12475667" lon="4.41336333"><ele>788.0</ele><time>2026-07-28T18:27:35.136Z</time></trkpt><trkpt lat="46.124755" lon="4.41334167"><ele>788.0</ele><time>2026-07-28T18:27:36.135Z</time></trkpt><trkpt lat="46.12475" lon="4.41332333"><ele>788.0</ele><time>2026-07-28T18:27:37.135Z</time></trkpt><trkpt lat="46.12474333" lon="4.41330167"><ele>788.0</ele><time>2026-07-28T18:27:38.135Z</time></trkpt><trkpt lat="46.12473667" lon="4.41328167"><ele>788.0</ele><time>2026-07-28T18:27:39.135Z</time></trkpt><trkpt lat="46.12473333" lon="4.41325833"><ele>788.0</ele><time>2026-07-28T18:27:40.135Z</time></trkpt><trkpt lat="46.12473167" lon="4.413235"><ele>788.0</ele><time>2026-07-28T18:27:41.135Z</time></trkpt><trkpt lat="46.12472833" lon="4.41321333"><ele>788.0</ele><time>2026-07-28T18:27:42.135Z</time></trkpt><trkpt lat="46.12472167" lon="4.41319333"><ele>788.0</ele><time>2026-07-28T18:27:43.135Z</time></trkpt><trkpt lat="46.12471667" lon="4.41317167"><ele>788.0</ele><time>2026-07-28T18:27:44.135Z</time></trkpt><trkpt lat="46.12471" lon="4.41314667"><ele>788.0</ele><time>2026-07-28T18:27:45.135Z</time></trkpt><trkpt lat="46.12470333" lon="4.41312167"><ele>788.0</ele><time>2026-07-28T18:27:46.135Z</time></trkpt><trkpt lat="46.124695" lon="4.4131"><ele>788.0</ele><time>2026-07-28T18:27:47.135Z</time></trkpt><trkpt lat="46.124685" lon="4.41307833"><ele>788.0</ele><time>2026-07-28T18:27:48.135Z</time></trkpt><trkpt lat="46.124675" lon="4.41306"><ele>788.0</ele><time>2026-07-28T18:27:49.136Z</time></trkpt><trkpt lat="46.12466333" lon="4.41304167"><ele>788.0</ele><time>2026-07-28T18:27:50.136Z</time></trkpt><trkpt lat="46.12465167" lon="4.413025"><ele>788.0</ele><time>2026-07-28T18:27:51.135Z</time></trkpt><trkpt lat="46.12464167" lon="4.413005"><ele>789.0</ele><time>2026-07-28T18:27:52.135Z</time></trkpt><trkpt lat="46.12463333" lon="4.412985"><ele>789.0</ele><time>2026-07-28T18:27:53.136Z</time></trkpt><trkpt lat="46.124625" lon="4.412965"><ele>789.0</ele><time>2026-07-28T18:27:54.136Z</time></trkpt><trkpt lat="46.12461333" lon="4.41294333"><ele>789.0</ele><time>2026-07-28T18:27:55.135Z</time></trkpt><trkpt lat="46.12460333" lon="4.41292333"><ele>789.0</ele><time>2026-07-28T18:27:56.136Z</time></trkpt><trkpt lat="46.12459167" lon="4.41290333"><ele>789.0</ele><time>2026-07-28T18:27:57.136Z</time></trkpt><trkpt lat="46.124585" lon="4.41288"><ele>789.0</ele><time>2026-07-28T18:27:58.135Z</time></trkpt><trkpt lat="46.12457833" lon="4.412855"><ele>789.0</ele><time>2026-07-28T18:27:59.135Z</time></trkpt><trkpt lat="46.12457167" lon="4.41283333"><ele>789.0</ele><time>2026-07-28T18:28:00.135Z</time></trkpt><trkpt lat="46.124565" lon="4.41281167"><ele>788.0</ele><time>2026-07-28T18:28:01.135Z</time></trkpt><trkpt lat="46.12456" lon="4.41278667"><ele>788.0</ele><time>2026-07-28T18:28:02.135Z</time></trkpt><trkpt lat="46.124555" lon="4.41276167"><ele>788.0</ele><time>2026-07-28T18:28:03.136Z</time></trkpt><trkpt lat="46.12454833" lon="4.41273667"><ele>788.0</ele><time>2026-07-28T18:28:04.135Z</time></trkpt><trkpt lat="46.12454333" lon="4.41271333"><ele>788.0</ele><time>2026-07-28T18:28:05.135Z</time></trkpt><trkpt lat="46.12453667" lon="4.41269167"><ele>788.0</ele><time>2026-07-28T18:28:06.135Z</time></trkpt><trkpt lat="46.12453167" lon="4.41267"><ele>787.0</ele><time>2026-07-28T18:28:07.135Z</time></trkpt><trkpt lat="46.12452667" lon="4.41264667"><ele>787.0</ele><time>2026-07-28T18:28:08.135Z</time></trkpt><trkpt lat="46.12451833" lon="4.412625"><ele>787.0</ele><time>2026-07-28T18:28:09.135Z</time></trkpt><trkpt lat="46.12451" lon="4.412605"><ele>787.0</ele><time>2026-07-28T18:28:10.135Z</time></trkpt><trkpt lat="46.12450333" lon="4.41258833"><ele>787.0</ele><time>2026-07-28T18:28:11.135Z</time></trkpt><trkpt lat="46.12449333" lon="4.41257333"><ele>787.0</ele><time>2026-07-28T18:28:12.136Z</time></trkpt><trkpt lat="46.12448167" lon="4.41256167"><ele>786.0</ele><time>2026-07-28T18:28:13.135Z</time></trkpt><trkpt lat="46.12446833" lon="4.41254667"><ele>786.0</ele><time>2026-07-28T18:28:14.135Z</time></trkpt><trkpt lat="46.12445667" lon="4.412535"><ele>786.0</ele><time>2026-07-28T18:28:15.135Z</time></trkpt><trkpt lat="46.124445" lon="4.41252333"><ele>786.0</ele><time>2026-07-28T18:28:16.135Z</time></trkpt><trkpt lat="46.124435" lon="4.41251"><ele>786.0</ele><time>2026-07-28T18:28:17.135Z</time></trkpt><trkpt lat="46.12442333" lon="4.41249833"><ele>786.0</ele><time>2026-07-28T18:28:18.136Z</time></trkpt><trkpt lat="46.12441167" lon="4.412485"><ele>785.0</ele><time>2026-07-28T18:28:19.135Z</time></trkpt><trkpt lat="46.12439667" lon="4.41247"><ele>785.0</ele><time>2026-07-28T18:28:20.135Z</time></trkpt><trkpt lat="46.12438333" lon="4.41245833"><ele>785.0</ele><time>2026-07-28T18:28:21.136Z</time></trkpt><trkpt lat="46.12437" lon="4.41244667"><ele>784.0</ele><time>2026-07-28T18:28:22.135Z</time></trkpt><trkpt lat="46.12436" lon="4.41243333"><ele>784.0</ele><time>2026-07-28T18:28:23.135Z</time></trkpt><trkpt lat="46.12435" lon="4.412415"><ele>784.0</ele><time>2026-07-28T18:28:24.136Z</time></trkpt><trkpt lat="46.12434" lon="4.4124"><ele>784.0</ele><time>2026-07-28T18:28:25.135Z</time></trkpt><trkpt lat="46.12432833" lon="4.41238667"><ele>784.0</ele><time>2026-07-28T18:28:26.135Z</time></trkpt><trkpt lat="46.124315" lon="4.41237333"><ele>784.0</ele><time>2026-07-28T18:28:27.136Z</time></trkpt><trkpt lat="46.1243" lon="4.41236"><ele>784.0</ele><time>2026-07-28T18:28:28.136Z</time></trkpt><trkpt lat="46.124285" lon="4.41234667"><ele>784.0</ele><time>2026-07-28T18:28:29.135Z</time></trkpt><trkpt lat="46.124275" lon="4.41233167"><ele>784.0</ele><time>2026-07-28T18:28:30.135Z</time></trkpt><trkpt lat="46.124265" lon="4.41231667"><ele>784.0</ele><time>2026-07-28T18:28:31.136Z</time></trkpt><trkpt lat="46.12425833" lon="4.41229833"><ele>784.0</ele><time>2026-07-28T18:28:32.135Z</time></trkpt><trkpt lat="46.12424667" lon="4.41228167"><ele>784.0</ele><time>2026-07-28T18:28:33.135Z</time></trkpt><trkpt lat="46.12423167" lon="4.41226667"><ele>784.0</ele><time>2026-07-28T18:28:34.135Z</time></trkpt><trkpt lat="46.12421833" lon="4.41225333"><ele>783.0</ele><time>2026-07-28T18:28:35.136Z</time></trkpt><trkpt lat="46.12420667" lon="4.41223833"><ele>783.0</ele><time>2026-07-28T18:28:36.136Z</time></trkpt><trkpt lat="46.12419833" lon="4.41222333"><ele>782.0</ele><time>2026-07-28T18:28:37.135Z</time></trkpt><trkpt lat="46.12418667" lon="4.41220667"><ele>782.0</ele><time>2026-07-28T18:28:38.135Z</time></trkpt><trkpt lat="46.12417167" lon="4.41219167"><ele>782.0</ele><time>2026-07-28T18:28:39.136Z</time></trkpt><trkpt lat="46.12416" lon="4.412175"><ele>782.0</ele><time>2026-07-28T18:28:40.135Z</time></trkpt><trkpt lat="46.124145" lon="4.41216333"><ele>781.0</ele><time>2026-07-28T18:28:41.135Z</time></trkpt><trkpt lat="46.12413" lon="4.41215"><ele>781.0</ele><time>2026-07-28T18:28:42.135Z</time></trkpt><trkpt lat="46.124115" lon="4.41213667"><ele>780.0</ele><time>2026-07-28T18:28:43.135Z</time></trkpt><trkpt lat="46.12410167" lon="4.41212333"><ele>780.0</ele><time>2026-07-28T18:28:44.135Z</time></trkpt><trkpt lat="46.124085" lon="4.41211167"><ele>780.0</ele><time>2026-07-28T18:28:45.135Z</time></trkpt><trkpt lat="46.12406833" lon="4.41210167"><ele>780.0</ele><time>2026-07-28T18:28:46.135Z</time></trkpt><trkpt lat="46.124055" lon="4.41209"><ele>780.0</ele><time>2026-07-28T18:28:47.135Z</time></trkpt><trkpt lat="46.12404" lon="4.41207667"><ele>779.0</ele><time>2026-07-28T18:28:48.135Z</time></trkpt><trkpt lat="46.12402667" lon="4.41206833"><ele>779.0</ele><time>2026-07-28T18:28:49.135Z</time></trkpt><trkpt lat="46.12401167" lon="4.41206"><ele>779.0</ele><time>2026-07-28T18:28:50.135Z</time></trkpt><trkpt lat="46.12399667" lon="4.41205167"><ele>779.0</ele><time>2026-07-28T18:28:51.135Z</time></trkpt><trkpt lat="46.12398167" lon="4.41204167"><ele>779.0</ele><time>2026-07-28T18:28:52.135Z</time></trkpt><trkpt lat="46.12396667" lon="4.41203"><ele>779.0</ele><time>2026-07-28T18:28:53.136Z</time></trkpt><trkpt lat="46.12395" lon="4.41202"><ele>778.0</ele><time>2026-07-28T18:28:54.135Z</time></trkpt><trkpt lat="46.123935" lon="4.41200833"><ele>778.0</ele><time>2026-07-28T18:28:55.136Z</time></trkpt><trkpt lat="46.12392167" lon="4.41199"><ele>778.0</ele><time>2026-07-28T18:28:56.135Z</time></trkpt><trkpt lat="46.12390833" lon="4.41197"><ele>778.0</ele><time>2026-07-28T18:28:57.135Z</time></trkpt><trkpt lat="46.12389667" lon="4.41195"><ele>777.0</ele><time>2026-07-28T18:28:58.135Z</time></trkpt><trkpt lat="46.123885" lon="4.41193"><ele>777.0</ele><time>2026-07-28T18:28:59.135Z</time></trkpt><trkpt lat="46.12387333" lon="4.41191167"><ele>777.0</ele><time>2026-07-28T18:29:00.136Z</time></trkpt><trkpt lat="46.12386167" lon="4.411895"><ele>776.0</ele><time>2026-07-28T18:29:01.135Z</time></trkpt><trkpt lat="46.12384833" lon="4.41188"><ele>776.0</ele><time>2026-07-28T18:29:02.135Z</time></trkpt><trkpt lat="46.12383833" lon="4.411865"><ele>776.0</ele><time>2026-07-28T18:29:03.135Z</time></trkpt><trkpt lat="46.123825" lon="4.41185"><ele>775.0</ele><time>2026-07-28T18:29:04.136Z</time></trkpt><trkpt lat="46.123815" lon="4.41183333"><ele>775.0</ele><time>2026-07-28T18:29:05.135Z</time></trkpt><trkpt lat="46.123805" lon="4.411815"><ele>775.0</ele><time>2026-07-28T18:29:06.135Z</time></trkpt><trkpt lat="46.123795" lon="4.41179667"><ele>775.0</ele><time>2026-07-28T18:29:07.135Z</time></trkpt><trkpt lat="46.12378833" lon="4.41178167"><ele>774.0</ele><time>2026-07-28T18:29:08.136Z</time></trkpt><trkpt lat="46.12378167" lon="4.41176833"><ele>774.0</ele><time>2026-07-28T18:29:09.136Z</time></trkpt><trkpt lat="46.12377167" lon="4.41175333"><ele>774.0</ele><time>2026-07-28T18:29:10.136Z</time></trkpt><trkpt lat="46.12376333" lon="4.41173667"><ele>773.0</ele><time>2026-07-28T18:29:11.135Z</time></trkpt><trkpt lat="46.123755" lon="4.41172167"><ele>773.0</ele><time>2026-07-28T18:29:12.135Z</time></trkpt><trkpt lat="46.123745" lon="4.41170667"><ele>773.0</ele><time>2026-07-28T18:29:13.135Z</time></trkpt><trkpt lat="46.123735" lon="4.41168833"><ele>773.0</ele><time>2026-07-28T18:29:14.135Z</time></trkpt><trkpt lat="46.123725" lon="4.41167"><ele>773.0</ele><time>2026-07-28T18:29:15.135Z</time></trkpt><trkpt lat="46.12371333" lon="4.41165"><ele>773.0</ele><time>2026-07-28T18:29:16.135Z</time></trkpt><trkpt lat="46.12370333" lon="4.41163167"><ele>773.0</ele><time>2026-07-28T18:29:17.136Z</time></trkpt><trkpt lat="46.12369333" lon="4.41161333"><ele>773.0</ele><time>2026-07-28T18:29:18.136Z</time></trkpt><trkpt lat="46.12368333" lon="4.41159833"><ele>773.0</ele><time>2026-07-28T18:29:19.135Z</time></trkpt><trkpt lat="46.12367333" lon="4.41158167"><ele>773.0</ele><time>2026-07-28T18:29:20.135Z</time></trkpt><trkpt lat="46.12366667" lon="4.411565"><ele>773.0</ele><time>2026-07-28T18:29:21.136Z</time></trkpt><trkpt lat="46.12365833" lon="4.411545"><ele>773.0</ele><time>2026-07-28T18:29:22.135Z</time></trkpt><trkpt lat="46.12365167" lon="4.41152667"><ele>773.0</ele><time>2026-07-28T18:29:23.136Z</time></trkpt><trkpt lat="46.12364167" lon="4.41151"><ele>773.0</ele><time>2026-07-28T18:29:24.136Z</time></trkpt><trkpt lat="46.12363333" lon="4.41148833"><ele>773.0</ele><time>2026-07-28T18:29:25.135Z</time></trkpt><trkpt lat="46.12362333" lon="4.41147167"><ele>773.0</ele><time>2026-07-28T18:29:26.136Z</time></trkpt><trkpt lat="46.123615" lon="4.41145333"><ele>773.0</ele><time>2026-07-28T18:29:27.136Z</time></trkpt><trkpt lat="46.12360833" lon="4.41143667"><ele>772.0</ele><time>2026-07-28T18:29:28.135Z</time></trkpt><trkpt lat="46.1236" lon="4.41141667"><ele>772.0</ele><time>2026-07-28T18:29:29.136Z</time></trkpt><trkpt lat="46.12359333" lon="4.411395"><ele>772.0</ele><time>2026-07-28T18:29:30.136Z</time></trkpt><trkpt lat="46.12358667" lon="4.41137667"><ele>772.0</ele><time>2026-07-28T18:29:31.135Z</time></trkpt><trkpt lat="46.12358" lon="4.41135667"><ele>771.0</ele><time>2026-07-28T18:29:32.135Z</time></trkpt><trkpt lat="46.12357333" lon="4.411335"><ele>771.0</ele><time>2026-07-28T18:29:33.136Z</time></trkpt><trkpt lat="46.12356667" lon="4.41131167"><ele>771.0</ele><time>2026-07-28T18:29:34.135Z</time></trkpt><trkpt lat="46.12355833" lon="4.41129"><ele>770.0</ele><time>2026-07-28T18:29:35.136Z</time></trkpt><trkpt lat="46.12355167" lon="4.41127"><ele>770.0</ele><time>2026-07-28T18:29:36.136Z</time></trkpt><trkpt lat="46.123545" lon="4.41125167"><ele>770.0</ele><time>2026-07-28T18:29:37.136Z</time></trkpt><trkpt lat="46.12353833" lon="4.41123"><ele>770.0</ele><time>2026-07-28T18:29:38.135Z</time></trkpt><trkpt lat="46.12353167" lon="4.411215"><ele>770.0</ele><time>2026-07-28T18:29:39.135Z</time></trkpt><trkpt lat="46.12352667" lon="4.41119667"><ele>770.0</ele><time>2026-07-28T18:29:40.136Z</time></trkpt><trkpt lat="46.12352" lon="4.41117833"><ele>770.0</ele><time>2026-07-28T18:29:41.136Z</time></trkpt><trkpt lat="46.123515" lon="4.41115667"><ele>770.0</ele><time>2026-07-28T18:29:42.135Z</time></trkpt><trkpt lat="46.12350833" lon="4.41113333"><ele>770.0</ele><time>2026-07-28T18:29:43.135Z</time></trkpt><trkpt lat="46.123505" lon="4.41111"><ele>770.0</ele><time>2026-07-28T18:29:44.136Z</time></trkpt><trkpt lat="46.12350167" lon="4.41108833"><ele>770.0</ele><time>2026-07-28T18:29:45.135Z</time></trkpt><trkpt lat="46.1235" lon="4.41106667"><ele>770.0</ele><time>2026-07-28T18:29:46.136Z</time></trkpt><trkpt lat="46.12349333" lon="4.41104667"><ele>770.0</ele><time>2026-07-28T18:29:47.135Z</time></trkpt><trkpt lat="46.12349" lon="4.41102667"><ele>769.0</ele><time>2026-07-28T18:29:48.135Z</time></trkpt><trkpt lat="46.123485" lon="4.41100333"><ele>769.0</ele><time>2026-07-28T18:29:49.135Z</time></trkpt><trkpt lat="46.12347833" lon="4.41097833"><ele>768.0</ele><time>2026-07-28T18:29:50.136Z</time></trkpt><trkpt lat="46.12347" lon="4.41095667"><ele>769.0</ele><time>2026-07-28T18:29:51.135Z</time></trkpt><trkpt lat="46.123465" lon="4.41093167"><ele>769.0</ele><time>2026-07-28T18:29:52.136Z</time></trkpt><trkpt lat="46.12346" lon="4.41090833"><ele>769.0</ele><time>2026-07-28T18:29:53.135Z</time></trkpt><trkpt lat="46.123455" lon="4.41088667"><ele>769.0</ele><time>2026-07-28T18:29:54.135Z</time></trkpt><trkpt lat="46.12345167" lon="4.410865"><ele>769.0</ele><time>2026-07-28T18:29:55.136Z</time></trkpt><trkpt lat="46.12344667" lon="4.410845"><ele>769.0</ele><time>2026-07-28T18:29:56.135Z</time></trkpt><trkpt lat="46.12344167" lon="4.410825"><ele>769.0</ele><time>2026-07-28T18:29:57.135Z</time></trkpt><trkpt lat="46.123435" lon="4.41080667"><ele>769.0</ele><time>2026-07-28T18:29:58.135Z</time></trkpt><trkpt lat="46.123425" lon="4.41078667"><ele>769.0</ele><time>2026-07-28T18:29:59.135Z</time></trkpt><trkpt lat="46.12342167" lon="4.41076333"><ele>768.0</ele><time>2026-07-28T18:30:00.135Z</time></trkpt><trkpt lat="46.123415" lon="4.41074"><ele>768.0</ele><time>2026-07-28T18:30:01.135Z</time></trkpt><trkpt lat="46.12340833" lon="4.410715"><ele>768.0</ele><time>2026-07-28T18:30:02.136Z</time></trkpt><trkpt lat="46.12340167" lon="4.41069167"><ele>768.0</ele><time>2026-07-28T18:30:03.136Z</time></trkpt><trkpt lat="46.123395" lon="4.41067"><ele>768.0</ele><time>2026-07-28T18:30:04.136Z</time></trkpt><trkpt lat="46.12339" lon="4.41064667"><ele>768.0</ele><time>2026-07-28T18:30:05.135Z</time></trkpt><trkpt lat="46.12338333" lon="4.41062667"><ele>768.0</ele><time>2026-07-28T18:30:06.135Z</time></trkpt><trkpt lat="46.123375" lon="4.41060833"><ele>768.0</ele><time>2026-07-28T18:30:07.135Z</time></trkpt><trkpt lat="46.12337" lon="4.41059"><ele>768.0</ele><time>2026-07-28T18:30:08.135Z</time></trkpt><trkpt lat="46.123365" lon="4.41056833"><ele>768.0</ele><time>2026-07-28T18:30:09.136Z</time></trkpt><trkpt lat="46.12335833" lon="4.41054667"><ele>768.0</ele><time>2026-07-28T18:30:10.135Z</time></trkpt><trkpt lat="46.123355" lon="4.41052167"><ele>768.0</ele><time>2026-07-28T18:30:11.135Z</time></trkpt><trkpt lat="46.12334833" lon="4.41049667"><ele>769.0</ele><time>2026-07-28T18:30:12.135Z</time></trkpt><trkpt lat="46.12334167" lon="4.410475"><ele>769.0</ele><time>2026-07-28T18:30:13.135Z</time></trkpt><trkpt lat="46.12333667" lon="4.41045333"><ele>769.0</ele><time>2026-07-28T18:30:14.136Z</time></trkpt><trkpt lat="46.12333167" lon="4.41043167"><ele>769.0</ele><time>2026-07-28T18:30:15.135Z</time></trkpt><trkpt lat="46.12332833" lon="4.41041167"><ele>769.0</ele><time>2026-07-28T18:30:16.135Z</time></trkpt><trkpt lat="46.12332333" lon="4.41039"><ele>769.0</ele><time>2026-07-28T18:30:17.136Z</time></trkpt><trkpt lat="46.12331667" lon="4.41036833"><ele>768.0</ele><time>2026-07-28T18:30:18.135Z</time></trkpt><trkpt lat="46.12331" lon="4.410345"><ele>768.0</ele><time>2026-07-28T18:30:19.135Z</time></trkpt><trkpt lat="46.123305" lon="4.41032167"><ele>768.0</ele><time>2026-07-28T18:30:20.135Z</time></trkpt><trkpt lat="46.12330333" lon="4.41029833"><ele>768.0</ele><time>2026-07-28T18:30:21.135Z</time></trkpt><trkpt lat="46.12330167" lon="4.41027667"><ele>767.0</ele><time>2026-07-28T18:30:22.135Z</time></trkpt><trkpt lat="46.1233" lon="4.410255"><ele>767.0</ele><time>2026-07-28T18:30:23.136Z</time></trkpt><trkpt lat="46.12329667" lon="4.41023167"><ele>768.0</ele><time>2026-07-28T18:30:24.135Z</time></trkpt><trkpt lat="46.12329167" lon="4.41021"><ele>768.0</ele><time>2026-07-28T18:30:25.135Z</time></trkpt><trkpt lat="46.12328667" lon="4.41018833"><ele>768.0</ele><time>2026-07-28T18:30:26.136Z</time></trkpt><trkpt lat="46.12328167" lon="4.41016833"><ele>768.0</ele><time>2026-07-28T18:30:27.135Z</time></trkpt><trkpt lat="46.12327833" lon="4.41014833"><ele>768.0</ele><time>2026-07-28T18:30:28.136Z</time></trkpt><trkpt lat="46.123275" lon="4.410125"><ele>768.0</ele><time>2026-07-28T18:30:29.135Z</time></trkpt><trkpt lat="46.12327" lon="4.410105"><ele>767.0</ele><time>2026-07-28T18:30:30.135Z</time></trkpt><trkpt lat="46.12326667" lon="4.410085"><ele>767.0</ele><time>2026-07-28T18:30:31.135Z</time></trkpt><trkpt lat="46.12326333" lon="4.410065"><ele>767.0</ele><time>2026-07-28T18:30:32.135Z</time></trkpt><trkpt lat="46.12326" lon="4.410045"><ele>767.0</ele><time>2026-07-28T18:30:33.135Z</time></trkpt><trkpt lat="46.12325667" lon="4.41002167"><ele>767.0</ele><time>2026-07-28T18:30:34.135Z</time></trkpt><trkpt lat="46.12325333" lon="4.41000333"><ele>767.0</ele><time>2026-07-28T18:30:35.135Z</time></trkpt><trkpt lat="46.12325167" lon="4.40998333"><ele>767.0</ele><time>2026-07-28T18:30:36.135Z</time></trkpt><trkpt lat="46.12324833" lon="4.40996"><ele>767.0</ele><time>2026-07-28T18:30:37.135Z</time></trkpt><trkpt lat="46.12324667" lon="4.40994"><ele>768.0</ele><time>2026-07-28T18:30:38.135Z</time></trkpt><trkpt lat="46.12324667" lon="4.40992"><ele>768.0</ele><time>2026-07-28T18:30:39.135Z</time></trkpt><trkpt lat="46.123245" lon="4.40989667"><ele>767.0</ele><time>2026-07-28T18:30:40.135Z</time></trkpt><trkpt lat="46.12324333" lon="4.40987667"><ele>767.0</ele><time>2026-07-28T18:30:41.135Z</time></trkpt><trkpt lat="46.12323667" lon="4.40985667"><ele>767.0</ele><time>2026-07-28T18:30:42.135Z</time></trkpt><trkpt lat="46.12323333" lon="4.40983833"><ele>767.0</ele><time>2026-07-28T18:30:43.136Z</time></trkpt><trkpt lat="46.12322667" lon="4.40982"><ele>768.0</ele><time>2026-07-28T18:30:44.136Z</time></trkpt><trkpt lat="46.12322333" lon="4.4098"><ele>768.0</ele><time>2026-07-28T18:30:45.135Z</time></trkpt><trkpt lat="46.12321667" lon="4.40978167"><ele>768.0</ele><time>2026-07-28T18:30:46.135Z</time></trkpt><trkpt lat="46.12321" lon="4.40976333"><ele>769.0</ele><time>2026-07-28T18:30:47.135Z</time></trkpt><trkpt lat="46.12320833" lon="4.40974333"><ele>769.0</ele><time>2026-07-28T18:30:48.136Z</time></trkpt><trkpt lat="46.12320667" lon="4.40972333"><ele>769.0</ele><time>2026-07-28T18:30:49.135Z</time></trkpt><trkpt lat="46.12320667" lon="4.409705"><ele>770.0</ele><time>2026-07-28T18:30:50.136Z</time></trkpt><trkpt lat="46.12320667" lon="4.40968333"><ele>770.0</ele><time>2026-07-28T18:30:51.135Z</time></trkpt><trkpt lat="46.12320667" lon="4.40966333"><ele>771.0</ele><time>2026-07-28T18:30:52.135Z</time></trkpt><trkpt lat="46.12320833" lon="4.40964167"><ele>771.0</ele><time>2026-07-28T18:30:53.135Z</time></trkpt><trkpt lat="46.12321" lon="4.40961833"><ele>772.0</ele><time>2026-07-28T18:30:54.136Z</time></trkpt><trkpt lat="46.12321167" lon="4.40959667"><ele>772.0</ele><time>2026-07-28T18:30:55.136Z</time></trkpt><trkpt lat="46.123215" lon="4.40957667"><ele>771.0</ele><time>2026-07-28T18:30:56.136Z</time></trkpt><trkpt lat="46.123215" lon="4.40955667"><ele>771.0</ele><time>2026-07-28T18:30:57.135Z</time></trkpt><trkpt lat="46.12321333" lon="4.409535"><ele>771.0</ele><time>2026-07-28T18:30:58.135Z</time></trkpt><trkpt lat="46.12321167" lon="4.40951167"><ele>771.0</ele><time>2026-07-28T18:30:59.135Z</time></trkpt><trkpt lat="46.12321" lon="4.40949"><ele>771.0</ele><time>2026-07-28T18:31:00.135Z</time></trkpt><trkpt lat="46.12321" lon="4.40946667"><ele>771.0</ele><time>2026-07-28T18:31:01.135Z</time></trkpt><trkpt lat="46.12321" lon="4.40944667"><ele>771.0</ele><time>2026-07-28T18:31:02.135Z</time></trkpt><trkpt lat="46.12321" lon="4.40942333"><ele>771.0</ele><time>2026-07-28T18:31:03.136Z</time></trkpt><trkpt lat="46.123205" lon="4.40939833"><ele>771.0</ele><time>2026-07-28T18:31:04.135Z</time></trkpt><trkpt lat="46.12320167" lon="4.409375"><ele>772.0</ele><time>2026-07-28T18:31:05.135Z</time></trkpt><trkpt lat="46.12319833" lon="4.409355"><ele>772.0</ele><time>2026-07-28T18:31:06.135Z</time></trkpt><trkpt lat="46.12319167" lon="4.40933667"><ele>772.0</ele><time>2026-07-28T18:31:07.135Z</time></trkpt><trkpt lat="46.12318667" lon="4.40932167"><ele>772.0</ele><time>2026-07-28T18:31:08.135Z</time></trkpt><trkpt lat="46.12318167" lon="4.40930167"><ele>772.0</ele><time>2026-07-28T18:31:09.136Z</time></trkpt><trkpt lat="46.12317833" lon="4.40928167"><ele>772.0</ele><time>2026-07-28T18:31:10.136Z</time></trkpt><trkpt lat="46.123175" lon="4.40926"><ele>772.0</ele><time>2026-07-28T18:31:11.136Z</time></trkpt><trkpt lat="46.12316833" lon="4.40923667"><ele>772.0</ele><time>2026-07-28T18:31:12.135Z</time></trkpt><trkpt lat="46.123165" lon="4.40921333"><ele>773.0</ele><time>2026-07-28T18:31:13.136Z</time></trkpt><trkpt lat="46.12316167" lon="4.40919"><ele>773.0</ele><time>2026-07-28T18:31:14.135Z</time></trkpt><trkpt lat="46.12315667" lon="4.40916667"><ele>773.0</ele><time>2026-07-28T18:31:15.135Z</time></trkpt><trkpt lat="46.12315333" lon="4.409145"><ele>773.0</ele><time>2026-07-28T18:31:16.135Z</time></trkpt><trkpt lat="46.12315333" lon="4.40912167"><ele>772.0</ele><time>2026-07-28T18:31:17.135Z</time></trkpt><trkpt lat="46.12315333" lon="4.4091"><ele>772.0</ele><time>2026-07-28T18:31:18.135Z</time></trkpt><trkpt lat="46.12315" lon="4.40907833"><ele>772.0</ele><time>2026-07-28T18:31:19.135Z</time></trkpt><trkpt lat="46.12314667" lon="4.409055"><ele>771.0</ele><time>2026-07-28T18:31:20.135Z</time></trkpt><trkpt lat="46.12314667" lon="4.40903"><ele>771.0</ele><time>2026-07-28T18:31:21.135Z</time></trkpt><trkpt lat="46.12314667" lon="4.40900833"><ele>771.0</ele><time>2026-07-28T18:31:22.136Z</time></trkpt><trkpt lat="46.12314667" lon="4.408985"><ele>771.0</ele><time>2026-07-28T18:31:23.136Z</time></trkpt><trkpt lat="46.123145" lon="4.40896167"><ele>771.0</ele><time>2026-07-28T18:31:24.135Z</time></trkpt><trkpt lat="46.12314333" lon="4.40894167"><ele>771.0</ele><time>2026-07-28T18:31:25.135Z</time></trkpt><trkpt lat="46.12314333" lon="4.40891833"><ele>771.0</ele><time>2026-07-28T18:31:26.135Z</time></trkpt><trkpt lat="46.12314667" lon="4.408885"><ele>771.0</ele><time>2026-07-28T18:31:27.136Z</time></trkpt><trkpt lat="46.123145" lon="4.40886167"><ele>771.0</ele><time>2026-07-28T18:31:28.136Z</time></trkpt><trkpt lat="46.12314667" lon="4.40883833"><ele>771.0</ele><time>2026-07-28T18:31:29.136Z</time></trkpt><trkpt lat="46.12315167" lon="4.40881"><ele>771.0</ele><time>2026-07-28T18:31:30.135Z</time></trkpt><trkpt lat="46.12314667" lon="4.40879167"><ele>771.0</ele><time>2026-07-28T18:31:31.135Z</time></trkpt><trkpt lat="46.123145" lon="4.40877333"><ele>772.0</ele><time>2026-07-28T18:31:32.135Z</time></trkpt><trkpt lat="46.123145" lon="4.40875667"><ele>772.0</ele><time>2026-07-28T18:31:33.135Z</time></trkpt><trkpt lat="46.12314333" lon="4.40873"><ele>773.0</ele><time>2026-07-28T18:31:34.135Z</time></trkpt><trkpt lat="46.12314333" lon="4.40870833"><ele>773.0</ele><time>2026-07-28T18:31:35.135Z</time></trkpt><trkpt lat="46.12314333" lon="4.40868667"><ele>773.0</ele><time>2026-07-28T18:31:36.135Z</time></trkpt><trkpt lat="46.12314167" lon="4.40866667"><ele>774.0</ele><time>2026-07-28T18:31:37.135Z</time></trkpt><trkpt lat="46.12314" lon="4.40864667"><ele>774.0</ele><time>2026-07-28T18:31:38.136Z</time></trkpt><trkpt lat="46.12313667" lon="4.40862667"><ele>774.0</ele><time>2026-07-28T18:31:39.136Z</time></trkpt><trkpt lat="46.12313333" lon="4.40860833"><ele>774.0</ele><time>2026-07-28T18:31:40.135Z</time></trkpt><trkpt lat="46.12313333" lon="4.40859167"><ele>774.0</ele><time>2026-07-28T18:31:41.136Z</time></trkpt><trkpt lat="46.123135" lon="4.40857333"><ele>774.0</ele><time>2026-07-28T18:31:42.135Z</time></trkpt><trkpt lat="46.12314" lon="4.40855667"><ele>774.0</ele><time>2026-07-28T18:31:43.136Z</time></trkpt><trkpt lat="46.12314667" lon="4.40854167"><ele>773.0</ele><time>2026-07-28T18:31:44.135Z</time></trkpt><trkpt lat="46.12316167" lon="4.40853167"><ele>773.0</ele><time>2026-07-28T18:31:45.135Z</time></trkpt><trkpt lat="46.12316833" lon="4.408515"><ele>773.0</ele><time>2026-07-28T18:31:46.135Z</time></trkpt><trkpt lat="46.12317" lon="4.40849833"><ele>774.0</ele><time>2026-07-28T18:31:47.135Z</time></trkpt><trkpt lat="46.12316667" lon="4.40847667"><ele>774.0</ele><time>2026-07-28T18:31:48.135Z</time></trkpt><trkpt lat="46.123155" lon="4.40844167"><ele>774.0</ele><time>2026-07-28T18:31:49.135Z</time></trkpt><trkpt lat="46.12314833" lon="4.40841333"><ele>775.0</ele><time>2026-07-28T18:31:50.135Z</time></trkpt><trkpt lat="46.12314167" lon="4.408385"><ele>776.0</ele><time>2026-07-28T18:31:51.135Z</time></trkpt><trkpt lat="46.12313833" lon="4.40836"><ele>777.0</ele><time>2026-07-28T18:31:52.136Z</time></trkpt><trkpt lat="46.12313333" lon="4.40834"><ele>778.0</ele><time>2026-07-28T18:31:53.136Z</time></trkpt><trkpt lat="46.12313" lon="4.40832"><ele>778.0</ele><time>2026-07-28T18:31:54.135Z</time></trkpt><trkpt lat="46.12312833" lon="4.40830167"><ele>779.0</ele><time>2026-07-28T18:31:55.136Z</time></trkpt><trkpt lat="46.12312833" lon="4.40828167"><ele>779.0</ele><time>2026-07-28T18:31:56.135Z</time></trkpt><trkpt lat="46.12313" lon="4.40826333"><ele>779.0</ele><time>2026-07-28T18:31:57.135Z</time></trkpt><trkpt lat="46.12313333" lon="4.40824333"><ele>779.0</ele><time>2026-07-28T18:31:58.135Z</time></trkpt><trkpt lat="46.123135" lon="4.408225"><ele>779.0</ele><time>2026-07-28T18:31:59.135Z</time></trkpt><trkpt lat="46.12313833" lon="4.408205"><ele>779.0</ele><time>2026-07-28T18:32:00.135Z</time></trkpt><trkpt lat="46.12314167" lon="4.408185"><ele>778.0</ele><time>2026-07-28T18:32:01.135Z</time></trkpt><trkpt lat="46.12314333" lon="4.40816167"><ele>778.0</ele><time>2026-07-28T18:32:02.136Z</time></trkpt><trkpt lat="46.12314333" lon="4.40813833"><ele>778.0</ele><time>2026-07-28T18:32:03.135Z</time></trkpt><trkpt lat="46.12314333" lon="4.408115"><ele>778.0</ele><time>2026-07-28T18:32:04.135Z</time></trkpt><trkpt lat="46.123145" lon="4.40808833"><ele>777.0</ele><time>2026-07-28T18:32:05.135Z</time></trkpt><trkpt lat="46.12314667" lon="4.40806667"><ele>777.0</ele><time>2026-07-28T18:32:06.135Z</time></trkpt><trkpt lat="46.12314833" lon="4.40804333"><ele>777.0</ele><time>2026-07-28T18:32:07.135Z</time></trkpt><trkpt lat="46.12315167" lon="4.40802167"><ele>777.0</ele><time>2026-07-28T18:32:08.135Z</time></trkpt><trkpt lat="46.12315" lon="4.40799833"><ele>777.0</ele><time>2026-07-28T18:32:09.135Z</time></trkpt><trkpt lat="46.12314833" lon="4.40798"><ele>776.0</ele><time>2026-07-28T18:32:10.135Z</time></trkpt><trkpt lat="46.12315333" lon="4.40796167"><ele>776.0</ele><time>2026-07-28T18:32:11.135Z</time></trkpt><trkpt lat="46.123155" lon="4.40794167"><ele>776.0</ele><time>2026-07-28T18:32:12.135Z</time></trkpt><trkpt lat="46.12315667" lon="4.40791833"><ele>776.0</ele><time>2026-07-28T18:32:13.135Z</time></trkpt><trkpt lat="46.12316" lon="4.40790167"><ele>776.0</ele><time>2026-07-28T18:32:14.135Z</time></trkpt><trkpt lat="46.12316" lon="4.40788167"><ele>776.0</ele><time>2026-07-28T18:32:15.135Z</time></trkpt><trkpt lat="46.12316167" lon="4.40786167"><ele>776.0</ele><time>2026-07-28T18:32:16.136Z</time></trkpt><trkpt lat="46.12316167" lon="4.40784333"><ele>776.0</ele><time>2026-07-28T18:32:17.136Z</time></trkpt><trkpt lat="46.12316167" lon="4.40782167"><ele>776.0</ele><time>2026-07-28T18:32:18.136Z</time></trkpt><trkpt lat="46.12316167" lon="4.4078"><ele>776.0</ele><time>2026-07-28T18:32:19.135Z</time></trkpt><trkpt lat="46.12316167" lon="4.40777833"><ele>776.0</ele><time>2026-07-28T18:32:20.135Z</time></trkpt><trkpt lat="46.12316167" lon="4.40775667"><ele>776.0</ele><time>2026-07-28T18:32:21.135Z</time></trkpt><trkpt lat="46.123165" lon="4.407735"><ele>777.0</ele><time>2026-07-28T18:32:22.135Z</time></trkpt><trkpt lat="46.12316833" lon="4.40771333"><ele>777.0</ele><time>2026-07-28T18:32:23.135Z</time></trkpt><trkpt lat="46.12317167" lon="4.40769167"><ele>777.0</ele><time>2026-07-28T18:32:24.135Z</time></trkpt><trkpt lat="46.12317333" lon="4.40767333"><ele>777.0</ele><time>2026-07-28T18:32:25.135Z</time></trkpt><trkpt lat="46.123175" lon="4.407655"><ele>777.0</ele><time>2026-07-28T18:32:26.135Z</time></trkpt><trkpt lat="46.12317667" lon="4.40763667"><ele>777.0</ele><time>2026-07-28T18:32:27.135Z</time></trkpt><trkpt lat="46.12318" lon="4.40761667"><ele>777.0</ele><time>2026-07-28T18:32:28.135Z</time></trkpt><trkpt lat="46.12318333" lon="4.40759667"><ele>777.0</ele><time>2026-07-28T18:32:29.135Z</time></trkpt><trkpt lat="46.123185" lon="4.40757667"><ele>777.0</ele><time>2026-07-28T18:32:30.135Z</time></trkpt><trkpt lat="46.12319" lon="4.407555"><ele>777.0</ele><time>2026-07-28T18:32:31.135Z</time></trkpt><trkpt lat="46.12319333" lon="4.407535"><ele>777.0</ele><time>2026-07-28T18:32:32.135Z</time></trkpt><trkpt lat="46.12319667" lon="4.40751833"><ele>777.0</ele><time>2026-07-28T18:32:33.135Z</time></trkpt><trkpt lat="46.12319667" lon="4.40750333"><ele>778.0</ele><time>2026-07-28T18:32:34.135Z</time></trkpt><trkpt lat="46.1232" lon="4.40747833"><ele>778.0</ele><time>2026-07-28T18:32:35.135Z</time></trkpt><trkpt lat="46.12320333" lon="4.40746167"><ele>778.0</ele><time>2026-07-28T18:32:36.135Z</time></trkpt><trkpt lat="46.12320333" lon="4.40744333"><ele>778.0</ele><time>2026-07-28T18:32:37.135Z</time></trkpt><trkpt lat="46.123205" lon="4.407425"><ele>777.0</ele><time>2026-07-28T18:32:38.135Z</time></trkpt><trkpt lat="46.12320333" lon="4.40740667"><ele>777.0</ele><time>2026-07-28T18:32:39.135Z</time></trkpt><trkpt lat="46.12320333" lon="4.40738667"><ele>777.0</ele><time>2026-07-28T18:32:40.135Z</time></trkpt><trkpt lat="46.12320333" lon="4.40736"><ele>776.0</ele><time>2026-07-28T18:32:41.135Z</time></trkpt><trkpt lat="46.123205" lon="4.40733833"><ele>776.0</ele><time>2026-07-28T18:32:42.135Z</time></trkpt><trkpt lat="46.123205" lon="4.407315"><ele>776.0</ele><time>2026-07-28T18:32:43.135Z</time></trkpt><trkpt lat="46.12320667" lon="4.40729167"><ele>776.0</ele><time>2026-07-28T18:32:44.135Z</time></trkpt><trkpt lat="46.12320833" lon="4.40727333"><ele>776.0</ele><time>2026-07-28T18:32:45.136Z</time></trkpt><trkpt lat="46.12321333" lon="4.40725167"><ele>776.0</ele><time>2026-07-28T18:32:46.135Z</time></trkpt><trkpt lat="46.123215" lon="4.40722833"><ele>775.0</ele><time>2026-07-28T18:32:47.136Z</time></trkpt><trkpt lat="46.123215" lon="4.407205"><ele>775.0</ele><time>2026-07-28T18:32:48.135Z</time></trkpt><trkpt lat="46.123215" lon="4.40718167"><ele>775.0</ele><time>2026-07-28T18:32:49.135Z</time></trkpt><trkpt lat="46.123215" lon="4.40715833"><ele>776.0</ele><time>2026-07-28T18:32:50.135Z</time></trkpt><trkpt lat="46.123215" lon="4.40714"><ele>776.0</ele><time>2026-07-28T18:32:51.135Z</time></trkpt><trkpt lat="46.12321667" lon="4.40711833"><ele>776.0</ele><time>2026-07-28T18:32:52.135Z</time></trkpt><trkpt lat="46.123215" lon="4.407095"><ele>777.0</ele><time>2026-07-28T18:32:53.136Z</time></trkpt><trkpt lat="46.12321167" lon="4.40706833"><ele>777.0</ele><time>2026-07-28T18:32:54.136Z</time></trkpt><trkpt lat="46.123215" lon="4.40704"><ele>777.0</ele><time>2026-07-28T18:32:55.135Z</time></trkpt><trkpt lat="46.12322" lon="4.407015"><ele>777.0</ele><time>2026-07-28T18:32:56.135Z</time></trkpt><trkpt lat="46.12322333" lon="4.40698833"><ele>777.0</ele><time>2026-07-28T18:32:57.135Z</time></trkpt><trkpt lat="46.123225" lon="4.406955"><ele>777.0</ele><time>2026-07-28T18:32:58.135Z</time></trkpt><trkpt lat="46.12323167" lon="4.40693"><ele>777.0</ele><time>2026-07-28T18:32:59.135Z</time></trkpt><trkpt lat="46.123235" lon="4.40690833"><ele>777.0</ele><time>2026-07-28T18:33:00.136Z</time></trkpt><trkpt lat="46.123235" lon="4.40688667"><ele>777.0</ele><time>2026-07-28T18:33:01.135Z</time></trkpt><trkpt lat="46.12323667" lon="4.406865"><ele>777.0</ele><time>2026-07-28T18:33:02.135Z</time></trkpt><trkpt lat="46.12324" lon="4.40684"><ele>777.0</ele><time>2026-07-28T18:33:03.136Z</time></trkpt><trkpt lat="46.12324333" lon="4.40681333"><ele>777.0</ele><time>2026-07-28T18:33:04.136Z</time></trkpt><trkpt lat="46.123245" lon="4.406795"><ele>777.0</ele><time>2026-07-28T18:33:05.135Z</time></trkpt><trkpt lat="46.123245" lon="4.40677"><ele>776.0</ele><time>2026-07-28T18:33:06.136Z</time></trkpt><trkpt lat="46.123245" lon="4.40674167"><ele>776.0</ele><time>2026-07-28T18:33:07.135Z</time></trkpt><trkpt lat="46.123245" lon="4.40671667"><ele>776.0</ele><time>2026-07-28T18:33:08.135Z</time></trkpt><trkpt lat="46.12324667" lon="4.40669333"><ele>776.0</ele><time>2026-07-28T18:33:09.136Z</time></trkpt><trkpt lat="46.12324833" lon="4.406675"><ele>775.0</ele><time>2026-07-28T18:33:10.135Z</time></trkpt><trkpt lat="46.12325333" lon="4.40665333"><ele>775.0</ele><time>2026-07-28T18:33:11.136Z</time></trkpt><trkpt lat="46.12325667" lon="4.406635"><ele>776.0</ele><time>2026-07-28T18:33:12.135Z</time></trkpt><trkpt lat="46.12326333" lon="4.40661167"><ele>776.0</ele><time>2026-07-28T18:33:13.135Z</time></trkpt><trkpt lat="46.12326667" lon="4.406595"><ele>775.0</ele><time>2026-07-28T18:33:14.135Z</time></trkpt><trkpt lat="46.12327" lon="4.406575"><ele>775.0</ele><time>2026-07-28T18:33:15.135Z</time></trkpt><trkpt lat="46.12327167" lon="4.40655"><ele>775.0</ele><time>2026-07-28T18:33:16.135Z</time></trkpt><trkpt lat="46.12327167" lon="4.40653"><ele>774.0</ele><time>2026-07-28T18:33:17.136Z</time></trkpt><trkpt lat="46.12327" lon="4.406515"><ele>774.0</ele><time>2026-07-28T18:33:18.136Z</time></trkpt><trkpt lat="46.12327333" lon="4.40649833"><ele>774.0</ele><time>2026-07-28T18:33:19.135Z</time></trkpt><trkpt lat="46.12327333" lon="4.40647333"><ele>774.0</ele><time>2026-07-28T18:33:20.135Z</time></trkpt><trkpt lat="46.12327333" lon="4.40644667"><ele>773.0</ele><time>2026-07-28T18:33:21.135Z</time></trkpt><trkpt lat="46.123275" lon="4.406415"><ele>773.0</ele><time>2026-07-28T18:33:22.135Z</time></trkpt><trkpt lat="46.12327667" lon="4.40639833"><ele>773.0</ele><time>2026-07-28T18:33:23.135Z</time></trkpt><trkpt lat="46.12328" lon="4.40637833"><ele>773.0</ele><time>2026-07-28T18:33:24.135Z</time></trkpt><trkpt lat="46.12328167" lon="4.40635667"><ele>773.0</ele><time>2026-07-28T18:33:25.135Z</time></trkpt><trkpt lat="46.12328667" lon="4.40634167"><ele>773.0</ele><time>2026-07-28T18:33:26.136Z</time></trkpt><trkpt lat="46.12328833" lon="4.40632"><ele>774.0</ele><time>2026-07-28T18:33:27.136Z</time></trkpt><trkpt lat="46.12329167" lon="4.4063"><ele>773.0</ele><time>2026-07-28T18:33:28.135Z</time></trkpt><trkpt lat="46.12329667" lon="4.40627167"><ele>773.0</ele><time>2026-07-28T18:33:29.135Z</time></trkpt><trkpt lat="46.12329833" lon="4.40624333"><ele>773.0</ele><time>2026-07-28T18:33:30.135Z</time></trkpt><trkpt lat="46.12329833" lon="4.406215"><ele>773.0</ele><time>2026-07-28T18:33:31.135Z</time></trkpt><trkpt lat="46.1233" lon="4.40618333"><ele>773.0</ele><time>2026-07-28T18:33:32.136Z</time></trkpt><trkpt lat="46.1233" lon="4.40616167"><ele>773.0</ele><time>2026-07-28T18:33:33.135Z</time></trkpt><trkpt lat="46.12329833" lon="4.40613667"><ele>773.0</ele><time>2026-07-28T18:33:34.135Z</time></trkpt><trkpt lat="46.12330167" lon="4.40611167"><ele>773.0</ele><time>2026-07-28T18:33:35.135Z</time></trkpt><trkpt lat="46.12330333" lon="4.40608833"><ele>773.0</ele><time>2026-07-28T18:33:36.135Z</time></trkpt><trkpt lat="46.12330667" lon="4.40607"><ele>773.0</ele><time>2026-07-28T18:33:37.136Z</time></trkpt><trkpt lat="46.12330667" lon="4.406045"><ele>773.0</ele><time>2026-07-28T18:33:38.136Z</time></trkpt><trkpt lat="46.12330667" lon="4.40602"><ele>773.0</ele><time>2026-07-28T18:33:39.135Z</time></trkpt><trkpt lat="46.12330667" lon="4.40599333"><ele>773.0</ele><time>2026-07-28T18:33:40.135Z</time></trkpt><trkpt lat="46.12330833" lon="4.40597167"><ele>773.0</ele><time>2026-07-28T18:33:41.136Z</time></trkpt><trkpt lat="46.12331167" lon="4.40595333"><ele>773.0</ele><time>2026-07-28T18:33:42.135Z</time></trkpt><trkpt lat="46.12331333" lon="4.40593"><ele>773.0</ele><time>2026-07-28T18:33:43.135Z</time></trkpt><trkpt lat="46.123315" lon="4.40590833"><ele>773.0</ele><time>2026-07-28T18:33:44.135Z</time></trkpt><trkpt lat="46.12331833" lon="4.40589167"><ele>773.0</ele><time>2026-07-28T18:33:45.136Z</time></trkpt><trkpt lat="46.12332" lon="4.40586833"><ele>773.0</ele><time>2026-07-28T18:33:46.135Z</time></trkpt><trkpt lat="46.12332333" lon="4.40584667"><ele>774.0</ele><time>2026-07-28T18:33:47.136Z</time></trkpt><trkpt lat="46.12332667" lon="4.40582333"><ele>774.0</ele><time>2026-07-28T18:33:48.135Z</time></trkpt><trkpt lat="46.12333" lon="4.4058"><ele>774.0</ele><time>2026-07-28T18:33:49.135Z</time></trkpt><trkpt lat="46.123335" lon="4.40577333"><ele>774.0</ele><time>2026-07-28T18:33:50.135Z</time></trkpt><trkpt lat="46.12333667" lon="4.40575667"><ele>774.0</ele><time>2026-07-28T18:33:51.136Z</time></trkpt><trkpt lat="46.12334" lon="4.40573667"><ele>774.0</ele><time>2026-07-28T18:33:52.136Z</time></trkpt><trkpt lat="46.123345" lon="4.40571333"><ele>774.0</ele><time>2026-07-28T18:33:53.135Z</time></trkpt><trkpt lat="46.12334833" lon="4.40569833"><ele>773.0</ele><time>2026-07-28T18:33:54.135Z</time></trkpt><trkpt lat="46.12335333" lon="4.40567667"><ele>773.0</ele><time>2026-07-28T18:33:55.136Z</time></trkpt><trkpt lat="46.12335833" lon="4.40565333"><ele>773.0</ele><time>2026-07-28T18:33:56.135Z</time></trkpt><trkpt lat="46.12336" lon="4.40562833"><ele>773.0</ele><time>2026-07-28T18:33:57.135Z</time></trkpt><trkpt lat="46.12336167" lon="4.40560833"><ele>773.0</ele><time>2026-07-28T18:33:58.136Z</time></trkpt><trkpt lat="46.12336167" lon="4.40558833"><ele>773.0</ele><time>2026-07-28T18:33:59.136Z</time></trkpt><trkpt lat="46.12336333" lon="4.40557"><ele>773.0</ele><time>2026-07-28T18:34:00.135Z</time></trkpt><trkpt lat="46.12336667" lon="4.40555"><ele>773.0</ele><time>2026-07-28T18:34:01.135Z</time></trkpt><trkpt lat="46.12337167" lon="4.40552833"><ele>773.0</ele><time>2026-07-28T18:34:02.135Z</time></trkpt><trkpt lat="46.12337667" lon="4.40551"><ele>773.0</ele><time>2026-07-28T18:34:03.135Z</time></trkpt><trkpt lat="46.12338167" lon="4.40549"><ele>773.0</ele><time>2026-07-28T18:34:04.136Z</time></trkpt><trkpt lat="46.12338833" lon="4.40547"><ele>773.0</ele><time>2026-07-28T18:34:05.135Z</time></trkpt><trkpt lat="46.12339333" lon="4.405445"><ele>774.0</ele><time>2026-07-28T18:34:06.135Z</time></trkpt><trkpt lat="46.12339833" lon="4.40542667"><ele>774.0</ele><time>2026-07-28T18:34:07.136Z</time></trkpt><trkpt lat="46.12340167" lon="4.40541"><ele>774.0</ele><time>2026-07-28T18:34:08.135Z</time></trkpt><trkpt lat="46.12340667" lon="4.40539"><ele>774.0</ele><time>2026-07-28T18:34:09.135Z</time></trkpt><trkpt lat="46.12341" lon="4.40536833"><ele>773.0</ele><time>2026-07-28T18:34:10.136Z</time></trkpt><trkpt lat="46.123415" lon="4.40534667"><ele>773.0</ele><time>2026-07-28T18:34:11.135Z</time></trkpt><trkpt lat="46.12342" lon="4.405325"><ele>773.0</ele><time>2026-07-28T18:34:12.136Z</time></trkpt><trkpt lat="46.12342333" lon="4.4053"><ele>773.0</ele><time>2026-07-28T18:34:13.135Z</time></trkpt><trkpt lat="46.12342667" lon="4.40528333"><ele>773.0</ele><time>2026-07-28T18:34:14.136Z</time></trkpt><trkpt lat="46.12343" lon="4.40526333"><ele>773.0</ele><time>2026-07-28T18:34:15.135Z</time></trkpt><trkpt lat="46.123435" lon="4.40523833"><ele>773.0</ele><time>2026-07-28T18:34:16.136Z</time></trkpt><trkpt lat="46.12344167" lon="4.40521833"><ele>773.0</ele><time>2026-07-28T18:34:17.135Z</time></trkpt><trkpt lat="46.123445" lon="4.40520333"><ele>773.0</ele><time>2026-07-28T18:34:18.135Z</time></trkpt><trkpt lat="46.12344833" lon="4.40518333"><ele>772.0</ele><time>2026-07-28T18:34:19.135Z</time></trkpt><trkpt lat="46.12345333" lon="4.405165"><ele>772.0</ele><time>2026-07-28T18:34:20.135Z</time></trkpt><trkpt lat="46.12346" lon="4.40514167"><ele>771.0</ele><time>2026-07-28T18:34:21.136Z</time></trkpt><trkpt lat="46.123465" lon="4.40512167"><ele>771.0</ele><time>2026-07-28T18:34:22.135Z</time></trkpt><trkpt lat="46.12347" lon="4.405105"><ele>771.0</ele><time>2026-07-28T18:34:23.135Z</time></trkpt><trkpt lat="46.12347667" lon="4.405085"><ele>770.0</ele><time>2026-07-28T18:34:24.135Z</time></trkpt><trkpt lat="46.123485" lon="4.40506"><ele>770.0</ele><time>2026-07-28T18:34:25.136Z</time></trkpt><trkpt lat="46.12349" lon="4.40504"><ele>770.0</ele><time>2026-07-28T18:34:26.135Z</time></trkpt><trkpt lat="46.123495" lon="4.40502333"><ele>770.0</ele><time>2026-07-28T18:34:27.135Z</time></trkpt><trkpt lat="46.1235" lon="4.40500333"><ele>770.0</ele><time>2026-07-28T18:34:28.135Z</time></trkpt><trkpt lat="46.12350833" lon="4.40497833"><ele>770.0</ele><time>2026-07-28T18:34:29.136Z</time></trkpt><trkpt lat="46.12351333" lon="4.40496"><ele>770.0</ele><time>2026-07-28T18:34:30.135Z</time></trkpt><trkpt lat="46.12352" lon="4.40494167"><ele>771.0</ele><time>2026-07-28T18:34:31.135Z</time></trkpt><trkpt lat="46.12352667" lon="4.40492"><ele>771.0</ele><time>2026-07-28T18:34:32.136Z</time></trkpt><trkpt lat="46.12353333" lon="4.40490167"><ele>771.0</ele><time>2026-07-28T18:34:33.136Z</time></trkpt><trkpt lat="46.12354" lon="4.404885"><ele>771.0</ele><time>2026-07-28T18:34:34.136Z</time></trkpt><trkpt lat="46.12354667" lon="4.40486833"><ele>771.0</ele><time>2026-07-28T18:34:35.135Z</time></trkpt><trkpt lat="46.12355333" lon="4.404855"><ele>771.0</ele><time>2026-07-28T18:34:36.135Z</time></trkpt><trkpt lat="46.12356167" lon="4.404835"><ele>771.0</ele><time>2026-07-28T18:34:37.135Z</time></trkpt><trkpt lat="46.12357" lon="4.40481667"><ele>771.0</ele><time>2026-07-28T18:34:38.136Z</time></trkpt><trkpt lat="46.12358" lon="4.40479333"><ele>770.0</ele><time>2026-07-28T18:34:39.136Z</time></trkpt><trkpt lat="46.12358333" lon="4.40477667"><ele>770.0</ele><time>2026-07-28T18:34:40.135Z</time></trkpt><trkpt lat="46.12359" lon="4.40475667"><ele>770.0</ele><time>2026-07-28T18:34:41.135Z</time></trkpt><trkpt lat="46.123595" lon="4.404735"><ele>770.0</ele><time>2026-07-28T18:34:42.136Z</time></trkpt><trkpt lat="46.12360167" lon="4.40471833"><ele>770.0</ele><time>2026-07-28T18:34:43.135Z</time></trkpt><trkpt lat="46.12361" lon="4.40469833"><ele>769.0</ele><time>2026-07-28T18:34:44.135Z</time></trkpt><trkpt lat="46.12361667" lon="4.40468333"><ele>769.0</ele><time>2026-07-28T18:34:45.135Z</time></trkpt><trkpt lat="46.12362333" lon="4.40466333"><ele>769.0</ele><time>2026-07-28T18:34:46.135Z</time></trkpt><trkpt lat="46.12363" lon="4.40464167"><ele>769.0</ele><time>2026-07-28T18:34:47.135Z</time></trkpt><trkpt lat="46.12363667" lon="4.40462167"><ele>769.0</ele><time>2026-07-28T18:34:48.136Z</time></trkpt><trkpt lat="46.12364167" lon="4.40460333"><ele>769.0</ele><time>2026-07-28T18:34:49.135Z</time></trkpt><trkpt lat="46.12365" lon="4.40458167"><ele>769.0</ele><time>2026-07-28T18:34:50.136Z</time></trkpt><trkpt lat="46.12365333" lon="4.40456833"><ele>769.0</ele><time>2026-07-28T18:34:51.136Z</time></trkpt><trkpt lat="46.12365833" lon="4.40455"><ele>769.0</ele><time>2026-07-28T18:34:52.135Z</time></trkpt><trkpt lat="46.12366167" lon="4.40453167"><ele>769.0</ele><time>2026-07-28T18:34:53.135Z</time></trkpt><trkpt lat="46.12366667" lon="4.40451333"><ele>768.0</ele><time>2026-07-28T18:34:54.135Z</time></trkpt><trkpt lat="46.12367167" lon="4.40449333"><ele>768.0</ele><time>2026-07-28T18:34:55.135Z</time></trkpt><trkpt lat="46.12367667" lon="4.40447167"><ele>768.0</ele><time>2026-07-28T18:34:56.136Z</time></trkpt><trkpt lat="46.12368333" lon="4.40445"><ele>768.0</ele><time>2026-07-28T18:34:57.136Z</time></trkpt><trkpt lat="46.12369" lon="4.40442667"><ele>768.0</ele><time>2026-07-28T18:34:58.135Z</time></trkpt><trkpt lat="46.123695" lon="4.40441"><ele>768.0</ele><time>2026-07-28T18:34:59.136Z</time></trkpt><trkpt lat="46.1237" lon="4.404395"><ele>768.0</ele><time>2026-07-28T18:35:00.135Z</time></trkpt><trkpt lat="46.12370667" lon="4.40437667"><ele>768.0</ele><time>2026-07-28T18:35:01.135Z</time></trkpt><trkpt lat="46.12371333" lon="4.40435833"><ele>768.0</ele><time>2026-07-28T18:35:02.135Z</time></trkpt><trkpt lat="46.12371833" lon="4.40434167"><ele>768.0</ele><time>2026-07-28T18:35:03.135Z</time></trkpt><trkpt lat="46.12372333" lon="4.404325"><ele>768.0</ele><time>2026-07-28T18:35:04.136Z</time></trkpt><trkpt lat="46.12373" lon="4.40430667"><ele>767.0</ele><time>2026-07-28T18:35:05.136Z</time></trkpt><trkpt lat="46.123735" lon="4.40429167"><ele>767.0</ele><time>2026-07-28T18:35:06.135Z</time></trkpt><trkpt lat="46.12374167" lon="4.404275"><ele>766.0</ele><time>2026-07-28T18:35:07.135Z</time></trkpt><trkpt lat="46.12374833" lon="4.404255"><ele>766.0</ele><time>2026-07-28T18:35:08.135Z</time></trkpt><trkpt lat="46.123755" lon="4.40423333"><ele>766.0</ele><time>2026-07-28T18:35:09.136Z</time></trkpt><trkpt lat="46.12376167" lon="4.40421167"><ele>766.0</ele><time>2026-07-28T18:35:10.135Z</time></trkpt><trkpt lat="46.12376667" lon="4.40419167"><ele>766.0</ele><time>2026-07-28T18:35:11.136Z</time></trkpt><trkpt lat="46.12376833" lon="4.40417"><ele>767.0</ele><time>2026-07-28T18:35:12.135Z</time></trkpt><trkpt lat="46.12377" lon="4.40415167"><ele>767.0</ele><time>2026-07-28T18:35:13.136Z</time></trkpt><trkpt lat="46.12377333" lon="4.40413"><ele>767.0</ele><time>2026-07-28T18:35:14.135Z</time></trkpt><trkpt lat="46.12378167" lon="4.40410167"><ele>767.0</ele><time>2026-07-28T18:35:15.135Z</time></trkpt><trkpt lat="46.12378667" lon="4.40408"><ele>767.0</ele><time>2026-07-28T18:35:16.135Z</time></trkpt><trkpt lat="46.12378833" lon="4.40406333"><ele>767.0</ele><time>2026-07-28T18:35:17.136Z</time></trkpt><trkpt lat="46.12379" lon="4.40404167"><ele>767.0</ele><time>2026-07-28T18:35:18.135Z</time></trkpt><trkpt lat="46.12379333" lon="4.40402"><ele>767.0</ele><time>2026-07-28T18:35:19.136Z</time></trkpt><trkpt lat="46.12379667" lon="4.404"><ele>767.0</ele><time>2026-07-28T18:35:20.135Z</time></trkpt><trkpt lat="46.12380167" lon="4.40397667"><ele>766.0</ele><time>2026-07-28T18:35:21.135Z</time></trkpt><trkpt lat="46.12380667" lon="4.403955"><ele>766.0</ele><time>2026-07-28T18:35:22.136Z</time></trkpt><trkpt lat="46.12381333" lon="4.403935"><ele>766.0</ele><time>2026-07-28T18:35:23.135Z</time></trkpt><trkpt lat="46.12381667" lon="4.40391667"><ele>766.0</ele><time>2026-07-28T18:35:24.135Z</time></trkpt><trkpt lat="46.12382167" lon="4.40389333"><ele>766.0</ele><time>2026-07-28T18:35:25.135Z</time></trkpt><trkpt lat="46.12382333" lon="4.40387333"><ele>766.0</ele><time>2026-07-28T18:35:26.135Z</time></trkpt><trkpt lat="46.12382167" lon="4.40385167"><ele>766.0</ele><time>2026-07-28T18:35:27.135Z</time></trkpt><trkpt lat="46.12382333" lon="4.40383167"><ele>766.0</ele><time>2026-07-28T18:35:28.135Z</time></trkpt><trkpt lat="46.12382333" lon="4.40381167"><ele>766.0</ele><time>2026-07-28T18:35:29.135Z</time></trkpt><trkpt lat="46.12382833" lon="4.40379"><ele>766.0</ele><time>2026-07-28T18:35:30.135Z</time></trkpt><trkpt lat="46.12383167" lon="4.40377"><ele>766.0</ele><time>2026-07-28T18:35:31.135Z</time></trkpt><trkpt lat="46.123835" lon="4.40374833"><ele>766.0</ele><time>2026-07-28T18:35:32.135Z</time></trkpt><trkpt lat="46.12383833" lon="4.403725"><ele>766.0</ele><time>2026-07-28T18:35:33.135Z</time></trkpt><trkpt lat="46.12384167" lon="4.40370167"><ele>765.0</ele><time>2026-07-28T18:35:34.135Z</time></trkpt><trkpt lat="46.12384333" lon="4.40368167"><ele>765.0</ele><time>2026-07-28T18:35:35.135Z</time></trkpt><trkpt lat="46.12384667" lon="4.40366167"><ele>765.0</ele><time>2026-07-28T18:35:36.136Z</time></trkpt><trkpt lat="46.12385" lon="4.40364"><ele>764.0</ele><time>2026-07-28T18:35:37.135Z</time></trkpt><trkpt lat="46.12385333" lon="4.40361667"><ele>764.0</ele><time>2026-07-28T18:35:38.135Z</time></trkpt><trkpt lat="46.12386167" lon="4.40351833"><ele>772.0</ele><time>2026-07-28T18:36:17.048Z</time></trkpt><trkpt lat="46.12386167" lon="4.40350167"><ele>771.0</ele><time>2026-07-28T18:36:18.048Z</time></trkpt><trkpt lat="46.12386167" lon="4.40348333"><ele>770.0</ele><time>2026-07-28T18:36:19.048Z</time></trkpt><trkpt lat="46.12386167" lon="4.40346333"><ele>770.0</ele><time>2026-07-28T18:36:20.049Z</time></trkpt><trkpt lat="46.12386167" lon="4.40344167"><ele>769.0</ele><time>2026-07-28T18:36:21.049Z</time></trkpt><trkpt lat="46.12386167" lon="4.40341833"><ele>768.0</ele><time>2026-07-28T18:36:22.048Z</time></trkpt><trkpt lat="46.12386167" lon="4.40339833"><ele>767.0</ele><time>2026-07-28T18:36:23.048Z</time></trkpt><trkpt lat="46.12386167" lon="4.40338"><ele>767.0</ele><time>2026-07-28T18:36:24.049Z</time></trkpt><trkpt lat="46.12386167" lon="4.40336167"><ele>766.0</ele><time>2026-07-28T18:36:25.048Z</time></trkpt><trkpt lat="46.12386167" lon="4.40334167"><ele>766.0</ele><time>2026-07-28T18:36:26.049Z</time></trkpt><trkpt lat="46.12386" lon="4.403315"><ele>766.0</ele><time>2026-07-28T18:36:27.048Z</time></trkpt><trkpt lat="46.12386167" lon="4.40329333"><ele>766.0</ele><time>2026-07-28T18:36:28.048Z</time></trkpt><trkpt lat="46.123865" lon="4.403275"><ele>765.0</ele><time>2026-07-28T18:36:29.049Z</time></trkpt><trkpt lat="46.12386667" lon="4.40325167"><ele>765.0</ele><time>2026-07-28T18:36:30.048Z</time></trkpt><trkpt lat="46.12386833" lon="4.40322833"><ele>764.0</ele><time>2026-07-28T18:36:31.048Z</time></trkpt><trkpt lat="46.12386833" lon="4.40322833"><ele>764.0</ele><time>2026-07-28T18:36:32.048Z</time></trkpt><trkpt lat="46.12387167" lon="4.403185"><ele>763.0</ele><time>2026-07-28T18:36:33.048Z</time></trkpt><trkpt lat="46.123875" lon="4.40316333"><ele>763.0</ele><time>2026-07-28T18:36:34.048Z</time></trkpt><trkpt lat="46.123875" lon="4.40316333"><ele>763.0</ele><time>2026-07-28T18:36:35.048Z</time></trkpt><trkpt lat="46.12387833" lon="4.40311667"><ele>762.0</ele><time>2026-07-28T18:36:36.049Z</time></trkpt><trkpt lat="46.12388167" lon="4.40309333"><ele>762.0</ele><time>2026-07-28T18:36:37.048Z</time></trkpt><trkpt lat="46.123885" lon="4.403075"><ele>761.0</ele><time>2026-07-28T18:36:38.048Z</time></trkpt><trkpt lat="46.12388833" lon="4.40305167"><ele>761.0</ele><time>2026-07-28T18:36:39.048Z</time></trkpt><trkpt lat="46.12389167" lon="4.40303167"><ele>760.0</ele><time>2026-07-28T18:36:40.048Z</time></trkpt><trkpt lat="46.123895" lon="4.40301"><ele>760.0</ele><time>2026-07-28T18:36:41.048Z</time></trkpt><trkpt lat="46.12389833" lon="4.40299333"><ele>760.0</ele><time>2026-07-28T18:36:42.048Z</time></trkpt><trkpt lat="46.12390333" lon="4.40297"><ele>760.0</ele><time>2026-07-28T18:36:43.048Z</time></trkpt><trkpt lat="46.12390667" lon="4.402945"><ele>759.0</ele><time>2026-07-28T18:36:44.048Z</time></trkpt><trkpt lat="46.12390667" lon="4.40292333"><ele>759.0</ele><time>2026-07-28T18:36:45.049Z</time></trkpt><trkpt lat="46.12390833" lon="4.40289833"><ele>759.0</ele><time>2026-07-28T18:36:46.049Z</time></trkpt><trkpt lat="46.12391167" lon="4.40288"><ele>758.0</ele><time>2026-07-28T18:36:47.048Z</time></trkpt><trkpt lat="46.12391167" lon="4.40286"><ele>758.0</ele><time>2026-07-28T18:36:48.048Z</time></trkpt><trkpt lat="46.12391333" lon="4.40283833"><ele>758.0</ele><time>2026-07-28T18:36:49.049Z</time></trkpt><trkpt lat="46.123915" lon="4.402815"><ele>758.0</ele><time>2026-07-28T18:36:50.049Z</time></trkpt><trkpt lat="46.12391833" lon="4.40280167"><ele>758.0</ele><time>2026-07-28T18:36:51.048Z</time></trkpt><trkpt lat="46.12392" lon="4.402785"><ele>758.0</ele><time>2026-07-28T18:36:52.048Z</time></trkpt><trkpt lat="46.12392" lon="4.402785"><ele>758.0</ele><time>2026-07-28T18:36:53.048Z</time></trkpt><trkpt lat="46.12393" lon="4.40274667"><ele>758.0</ele><time>2026-07-28T18:36:54.048Z</time></trkpt><trkpt lat="46.12393167" lon="4.40272833"><ele>758.0</ele><time>2026-07-28T18:36:55.049Z</time></trkpt><trkpt lat="46.12393167" lon="4.40272833"><ele>758.0</ele><time>2026-07-28T18:36:56.049Z</time></trkpt><trkpt lat="46.12393667" lon="4.40268833"><ele>758.0</ele><time>2026-07-28T18:36:57.048Z</time></trkpt><trkpt lat="46.12393833" lon="4.402665"><ele>758.0</ele><time>2026-07-28T18:36:58.048Z</time></trkpt><trkpt lat="46.12393833" lon="4.402665"><ele>758.0</ele><time>2026-07-28T18:36:59.048Z</time></trkpt><trkpt lat="46.12394167" lon="4.40262833"><ele>758.0</ele><time>2026-07-28T18:37:00.049Z</time></trkpt><trkpt lat="46.12394167" lon="4.402605"><ele>758.0</ele><time>2026-07-28T18:37:01.048Z</time></trkpt><trkpt lat="46.12394167" lon="4.40258333"><ele>757.0</ele><time>2026-07-28T18:37:02.048Z</time></trkpt><trkpt lat="46.12394333" lon="4.40256333"><ele>757.0</ele><time>2026-07-28T18:37:03.048Z</time></trkpt><trkpt lat="46.123945" lon="4.40253833"><ele>757.0</ele><time>2026-07-28T18:37:04.049Z</time></trkpt><trkpt lat="46.12395" lon="4.402515"><ele>757.0</ele><time>2026-07-28T18:37:05.048Z</time></trkpt><trkpt lat="46.12395667" lon="4.40249333"><ele>757.0</ele><time>2026-07-28T18:37:06.048Z</time></trkpt><trkpt lat="46.123965" lon="4.40247833"><ele>757.0</ele><time>2026-07-28T18:37:07.048Z</time></trkpt><trkpt lat="46.12396833" lon="4.40245333"><ele>757.0</ele><time>2026-07-28T18:37:08.049Z</time></trkpt><trkpt lat="46.12397333" lon="4.40243"><ele>757.0</ele><time>2026-07-28T18:37:09.048Z</time></trkpt><trkpt lat="46.123975" lon="4.402405"><ele>756.0</ele><time>2026-07-28T18:37:10.049Z</time></trkpt><trkpt lat="46.12398" lon="4.40238833"><ele>756.0</ele><time>2026-07-28T18:37:11.049Z</time></trkpt><trkpt lat="46.123985" lon="4.40236167"><ele>756.0</ele><time>2026-07-28T18:37:12.048Z</time></trkpt><trkpt lat="46.12398667" lon="4.40234333"><ele>756.0</ele><time>2026-07-28T18:37:13.048Z</time></trkpt><trkpt lat="46.12399" lon="4.40231833"><ele>755.0</ele><time>2026-07-28T18:37:14.048Z</time></trkpt><trkpt lat="46.12399333" lon="4.40229667"><ele>755.0</ele><time>2026-07-28T18:37:15.048Z</time></trkpt><trkpt lat="46.12399667" lon="4.40228"><ele>755.0</ele><time>2026-07-28T18:37:16.048Z</time></trkpt><trkpt lat="46.12399667" lon="4.40228"><ele>755.0</ele><time>2026-07-28T18:37:17.048Z</time></trkpt><trkpt lat="46.124005" lon="4.40223667"><ele>754.0</ele><time>2026-07-28T18:37:18.048Z</time></trkpt><trkpt lat="46.12400667" lon="4.40222"><ele>754.0</ele><time>2026-07-28T18:37:19.048Z</time></trkpt><trkpt lat="46.12400667" lon="4.40222"><ele>754.0</ele><time>2026-07-28T18:37:20.048Z</time></trkpt><trkpt lat="46.12400833" lon="4.40218167"><ele>755.0</ele><time>2026-07-28T18:37:21.048Z</time></trkpt><trkpt lat="46.12401167" lon="4.40216333"><ele>754.0</ele><time>2026-07-28T18:37:22.048Z</time></trkpt><trkpt lat="46.124015" lon="4.40213667"><ele>754.0</ele><time>2026-07-28T18:37:23.048Z</time></trkpt><trkpt lat="46.12401667" lon="4.40211333"><ele>754.0</ele><time>2026-07-28T18:37:24.048Z</time></trkpt><trkpt lat="46.12401667" lon="4.40209667"><ele>754.0</ele><time>2026-07-28T18:37:25.049Z</time></trkpt><trkpt lat="46.12402" lon="4.40207167"><ele>754.0</ele><time>2026-07-28T18:37:26.048Z</time></trkpt><trkpt lat="46.124025" lon="4.40205167"><ele>753.0</ele><time>2026-07-28T18:37:27.048Z</time></trkpt><trkpt lat="46.12403" lon="4.40203333"><ele>753.0</ele><time>2026-07-28T18:37:28.049Z</time></trkpt><trkpt lat="46.12403333" lon="4.40201167"><ele>753.0</ele><time>2026-07-28T18:37:29.048Z</time></trkpt><trkpt lat="46.12403667" lon="4.40199"><ele>752.0</ele><time>2026-07-28T18:37:30.049Z</time></trkpt><trkpt lat="46.12403667" lon="4.40196667"><ele>752.0</ele><time>2026-07-28T18:37:31.049Z</time></trkpt><trkpt lat="46.12403833" lon="4.40195"><ele>752.0</ele><time>2026-07-28T18:37:32.048Z</time></trkpt><trkpt lat="46.12404167" lon="4.40193"><ele>752.0</ele><time>2026-07-28T18:37:33.048Z</time></trkpt><trkpt lat="46.12404333" lon="4.401915"><ele>752.0</ele><time>2026-07-28T18:37:34.048Z</time></trkpt><trkpt lat="46.124045" lon="4.40189167"><ele>752.0</ele><time>2026-07-28T18:37:35.048Z</time></trkpt><trkpt lat="46.12404833" lon="4.40187167"><ele>751.0</ele><time>2026-07-28T18:37:36.049Z</time></trkpt><trkpt lat="46.12405" lon="4.40185"><ele>751.0</ele><time>2026-07-28T18:37:37.049Z</time></trkpt><trkpt lat="46.12405" lon="4.40185"><ele>751.0</ele><time>2026-07-28T18:37:38.049Z</time></trkpt><trkpt lat="46.12405" lon="4.40181167"><ele>751.0</ele><time>2026-07-28T18:37:39.048Z</time></trkpt><trkpt lat="46.12405167" lon="4.40179167"><ele>750.0</ele><time>2026-07-28T18:37:40.048Z</time></trkpt><trkpt lat="46.12405167" lon="4.40179167"><ele>750.0</ele><time>2026-07-28T18:37:41.048Z</time></trkpt><trkpt lat="46.124055" lon="4.40175333"><ele>750.0</ele><time>2026-07-28T18:37:42.049Z</time></trkpt><trkpt lat="46.12405667" lon="4.401735"><ele>750.0</ele><time>2026-07-28T18:37:43.048Z</time></trkpt><trkpt lat="46.12405667" lon="4.401735"><ele>750.0</ele><time>2026-07-28T18:37:44.048Z</time></trkpt><trkpt lat="46.12406" lon="4.40169333"><ele>749.0</ele><time>2026-07-28T18:37:45.048Z</time></trkpt><trkpt lat="46.12406" lon="4.40167333"><ele>749.0</ele><time>2026-07-28T18:37:46.048Z</time></trkpt><trkpt lat="46.12406" lon="4.40165167"><ele>750.0</ele><time>2026-07-28T18:37:47.048Z</time></trkpt><trkpt lat="46.12406167" lon="4.40163333"><ele>750.0</ele><time>2026-07-28T18:37:48.048Z</time></trkpt><trkpt lat="46.12406167" lon="4.40161333"><ele>750.0</ele><time>2026-07-28T18:37:49.048Z</time></trkpt><trkpt lat="46.12406333" lon="4.401595"><ele>750.0</ele><time>2026-07-28T18:37:50.048Z</time></trkpt><trkpt lat="46.124065" lon="4.40157333"><ele>750.0</ele><time>2026-07-28T18:37:51.048Z</time></trkpt><trkpt lat="46.12406667" lon="4.40155667"><ele>750.0</ele><time>2026-07-28T18:37:52.048Z</time></trkpt><trkpt lat="46.12406833" lon="4.40153667"><ele>750.0</ele><time>2026-07-28T18:37:53.048Z</time></trkpt><trkpt lat="46.12407333" lon="4.40151167"><ele>750.0</ele><time>2026-07-28T18:37:54.048Z</time></trkpt><trkpt lat="46.124075" lon="4.40149667"><ele>749.0</ele><time>2026-07-28T18:37:55.048Z</time></trkpt><trkpt lat="46.12407667" lon="4.401475"><ele>749.0</ele><time>2026-07-28T18:37:56.048Z</time></trkpt><trkpt lat="46.12408" lon="4.40145667"><ele>749.0</ele><time>2026-07-28T18:37:57.048Z</time></trkpt><trkpt lat="46.12408333" lon="4.40143667"><ele>749.0</ele><time>2026-07-28T18:37:58.049Z</time></trkpt><trkpt lat="46.12408333" lon="4.40143667"><ele>749.0</ele><time>2026-07-28T18:37:59.048Z</time></trkpt><trkpt lat="46.12408833" lon="4.40139"><ele>748.0</ele><time>2026-07-28T18:38:00.049Z</time></trkpt><trkpt lat="46.12409" lon="4.40137167"><ele>748.0</ele><time>2026-07-28T18:38:01.049Z</time></trkpt><trkpt lat="46.12409" lon="4.40137167"><ele>748.0</ele><time>2026-07-28T18:38:02.048Z</time></trkpt><trkpt lat="46.12409333" lon="4.401335"><ele>747.0</ele><time>2026-07-28T18:38:03.048Z</time></trkpt><trkpt lat="46.12409333" lon="4.401315"><ele>747.0</ele><time>2026-07-28T18:38:04.048Z</time></trkpt><trkpt lat="46.12409333" lon="4.401315"><ele>747.0</ele><time>2026-07-28T18:38:05.049Z</time></trkpt><trkpt lat="46.12409667" lon="4.40127167"><ele>746.0</ele><time>2026-07-28T18:38:06.048Z</time></trkpt><trkpt lat="46.12409667" lon="4.40124833"><ele>746.0</ele><time>2026-07-28T18:38:07.048Z</time></trkpt><trkpt lat="46.12409667" lon="4.401225"><ele>745.0</ele><time>2026-07-28T18:38:08.048Z</time></trkpt><trkpt lat="46.12409667" lon="4.40120167"><ele>745.0</ele><time>2026-07-28T18:38:09.048Z</time></trkpt><trkpt lat="46.1241" lon="4.40118"><ele>745.0</ele><time>2026-07-28T18:38:10.048Z</time></trkpt><trkpt lat="46.12410333" lon="4.40116333"><ele>745.0</ele><time>2026-07-28T18:38:11.049Z</time></trkpt><trkpt lat="46.12410833" lon="4.401135"><ele>745.0</ele><time>2026-07-28T18:38:12.048Z</time></trkpt><trkpt lat="46.12411333" lon="4.40111167"><ele>745.0</ele><time>2026-07-28T18:38:13.049Z</time></trkpt><trkpt lat="46.12411833" lon="4.40109"><ele>745.0</ele><time>2026-07-28T18:38:14.048Z</time></trkpt><trkpt lat="46.12412167" lon="4.401075"><ele>744.0</ele><time>2026-07-28T18:38:15.049Z</time></trkpt><trkpt lat="46.124125" lon="4.40105167"><ele>744.0</ele><time>2026-07-28T18:38:16.048Z</time></trkpt><trkpt lat="46.12412667" lon="4.40102333"><ele>744.0</ele><time>2026-07-28T18:38:17.048Z</time></trkpt><trkpt lat="46.12412833" lon="4.40100167"><ele>744.0</ele><time>2026-07-28T18:38:18.048Z</time></trkpt><trkpt lat="46.12413167" lon="4.40098167"><ele>743.0</ele><time>2026-07-28T18:38:19.048Z</time></trkpt><trkpt lat="46.124135" lon="4.400965"><ele>743.0</ele><time>2026-07-28T18:38:20.048Z</time></trkpt><trkpt lat="46.12413833" lon="4.40094333"><ele>743.0</ele><time>2026-07-28T18:38:21.048Z</time></trkpt><trkpt lat="46.12414" lon="4.400915"><ele>743.0</ele><time>2026-07-28T18:38:22.048Z</time></trkpt><trkpt lat="46.12414" lon="4.400915"><ele>743.0</ele><time>2026-07-28T18:38:23.048Z</time></trkpt><trkpt lat="46.124145" lon="4.40087"><ele>742.0</ele><time>2026-07-28T18:38:24.048Z</time></trkpt><trkpt lat="46.12414667" lon="4.400845"><ele>742.0</ele><time>2026-07-28T18:38:25.048Z</time></trkpt><trkpt lat="46.12414667" lon="4.400845"><ele>742.0</ele><time>2026-07-28T18:38:26.048Z</time></trkpt><trkpt lat="46.12415167" lon="4.4008"><ele>742.0</ele><time>2026-07-28T18:38:27.048Z</time></trkpt><trkpt lat="46.124155" lon="4.40077667"><ele>742.0</ele><time>2026-07-28T18:38:28.048Z</time></trkpt><trkpt lat="46.12415833" lon="4.40076"><ele>741.0</ele><time>2026-07-28T18:38:29.048Z</time></trkpt><trkpt lat="46.12416333" lon="4.40074"><ele>741.0</ele><time>2026-07-28T18:38:30.048Z</time></trkpt><trkpt lat="46.12416833" lon="4.40071833"><ele>741.0</ele><time>2026-07-28T18:38:31.048Z</time></trkpt><trkpt lat="46.12417333" lon="4.40069167"><ele>741.0</ele><time>2026-07-28T18:38:32.048Z</time></trkpt><trkpt lat="46.124175" lon="4.40067167"><ele>740.0</ele><time>2026-07-28T18:38:33.048Z</time></trkpt><trkpt lat="46.12417833" lon="4.400655"><ele>740.0</ele><time>2026-07-28T18:38:34.048Z</time></trkpt><trkpt lat="46.12418333" lon="4.40062833"><ele>740.0</ele><time>2026-07-28T18:38:35.048Z</time></trkpt><trkpt lat="46.12419" lon="4.400605"><ele>740.0</ele><time>2026-07-28T18:38:36.048Z</time></trkpt><trkpt lat="46.12419333" lon="4.400585"><ele>740.0</ele><time>2026-07-28T18:38:37.048Z</time></trkpt><trkpt lat="46.1242" lon="4.40056167"><ele>740.0</ele><time>2026-07-28T18:38:38.049Z</time></trkpt><trkpt lat="46.124205" lon="4.40054"><ele>741.0</ele><time>2026-07-28T18:38:39.048Z</time></trkpt><trkpt lat="46.12420833" lon="4.40051833"><ele>741.0</ele><time>2026-07-28T18:38:40.049Z</time></trkpt><trkpt lat="46.12421333" lon="4.40049333"><ele>741.0</ele><time>2026-07-28T18:38:41.049Z</time></trkpt><trkpt lat="46.12421833" lon="4.40047667"><ele>741.0</ele><time>2026-07-28T18:38:42.049Z</time></trkpt><trkpt lat="46.12422333" lon="4.400455"><ele>741.0</ele><time>2026-07-28T18:38:43.048Z</time></trkpt><trkpt lat="46.12422333" lon="4.400455"><ele>741.0</ele><time>2026-07-28T18:38:44.048Z</time></trkpt><trkpt lat="46.12424167" lon="4.40041333"><ele>741.0</ele><time>2026-07-28T18:38:45.048Z</time></trkpt><trkpt lat="46.12425" lon="4.40040333"><ele>740.0</ele><time>2026-07-28T18:38:46.048Z</time></trkpt><trkpt lat="46.12425" lon="4.40040333"><ele>740.0</ele><time>2026-07-28T18:38:47.048Z</time></trkpt><trkpt lat="46.12427333" lon="4.40038667"><ele>740.0</ele><time>2026-07-28T18:38:48.049Z</time></trkpt><trkpt lat="46.12428833" lon="4.40038"><ele>739.0</ele><time>2026-07-28T18:38:49.049Z</time></trkpt><trkpt lat="46.12428833" lon="4.40038"><ele>739.0</ele><time>2026-07-28T18:38:50.048Z</time></trkpt><trkpt lat="46.12431833" lon="4.400365"><ele>739.0</ele><time>2026-07-28T18:38:51.048Z</time></trkpt><trkpt lat="46.12432833" lon="4.40035667"><ele>739.0</ele><time>2026-07-28T18:38:52.049Z</time></trkpt><trkpt lat="46.12433833" lon="4.40034667"><ele>740.0</ele><time>2026-07-28T18:38:53.048Z</time></trkpt><trkpt lat="46.124355" lon="4.40033333"><ele>740.0</ele><time>2026-07-28T18:38:54.048Z</time></trkpt><trkpt lat="46.12436833" lon="4.400325"><ele>740.0</ele><time>2026-07-28T18:38:55.048Z</time></trkpt><trkpt lat="46.12438" lon="4.40032"><ele>740.0</ele><time>2026-07-28T18:38:56.048Z</time></trkpt><trkpt lat="46.124395" lon="4.40031167"><ele>740.0</ele><time>2026-07-28T18:38:57.049Z</time></trkpt><trkpt lat="46.12441" lon="4.400305"><ele>740.0</ele><time>2026-07-28T18:38:58.048Z</time></trkpt><trkpt lat="46.12442167" lon="4.40029833"><ele>740.0</ele><time>2026-07-28T18:38:59.048Z</time></trkpt><trkpt lat="46.124435" lon="4.40029"><ele>740.0</ele><time>2026-07-28T18:39:00.048Z</time></trkpt><trkpt lat="46.12445" lon="4.400285"><ele>740.0</ele><time>2026-07-28T18:39:01.048Z</time></trkpt><trkpt lat="46.124465" lon="4.40027833"><ele>740.0</ele><time>2026-07-28T18:39:02.048Z</time></trkpt><trkpt lat="46.12448167" lon="4.40027"><ele>740.0</ele><time>2026-07-28T18:39:03.049Z</time></trkpt><trkpt lat="46.12449333" lon="4.40025833"><ele>740.0</ele><time>2026-07-28T18:39:04.048Z</time></trkpt><trkpt lat="46.12450667" lon="4.40024833"><ele>740.0</ele><time>2026-07-28T18:39:05.049Z</time></trkpt><trkpt lat="46.12452167" lon="4.40024167"><ele>739.0</ele><time>2026-07-28T18:39:06.049Z</time></trkpt><trkpt lat="46.12453833" lon="4.40023333"><ele>739.0</ele><time>2026-07-28T18:39:07.049Z</time></trkpt><trkpt lat="46.12453833" lon="4.40023333"><ele>739.0</ele><time>2026-07-28T18:39:08.048Z</time></trkpt><trkpt lat="46.12456667" lon="4.40020167"><ele>738.0</ele><time>2026-07-28T18:39:09.049Z</time></trkpt><trkpt lat="46.12458" lon="4.40019667"><ele>738.0</ele><time>2026-07-28T18:39:10.048Z</time></trkpt><trkpt lat="46.12458" lon="4.40019667"><ele>738.0</ele><time>2026-07-28T18:39:11.048Z</time></trkpt><trkpt lat="46.12461167" lon="4.40019"><ele>738.0</ele><time>2026-07-28T18:39:12.048Z</time></trkpt><trkpt lat="46.12463" lon="4.400185"><ele>738.0</ele><time>2026-07-28T18:39:13.048Z</time></trkpt><trkpt lat="46.12464667" lon="4.40018333"><ele>738.0</ele><time>2026-07-28T18:39:14.048Z</time></trkpt><trkpt lat="46.12465833" lon="4.40018167"><ele>737.0</ele><time>2026-07-28T18:39:15.048Z</time></trkpt><trkpt lat="46.12467167" lon="4.40018167"><ele>737.0</ele><time>2026-07-28T18:39:16.048Z</time></trkpt><trkpt lat="46.12469167" lon="4.40018"><ele>736.0</ele><time>2026-07-28T18:39:17.048Z</time></trkpt><trkpt lat="46.12470833" lon="4.40018167"><ele>736.0</ele><time>2026-07-28T18:39:18.049Z</time></trkpt><trkpt lat="46.12472333" lon="4.40018667"><ele>735.0</ele><time>2026-07-28T18:39:19.048Z</time></trkpt><trkpt lat="46.12474167" lon="4.40019167"><ele>735.0</ele><time>2026-07-28T18:39:20.048Z</time></trkpt><trkpt lat="46.12476" lon="4.40019667"><ele>734.0</ele><time>2026-07-28T18:39:21.048Z</time></trkpt><trkpt lat="46.12477333" lon="4.4002"><ele>734.0</ele><time>2026-07-28T18:39:22.048Z</time></trkpt><trkpt lat="46.12478833" lon="4.40020333"><ele>734.0</ele><time>2026-07-28T18:39:23.048Z</time></trkpt><trkpt lat="46.12479833" lon="4.40020333"><ele>734.0</ele><time>2026-07-28T18:39:24.048Z</time></trkpt><trkpt lat="46.12481167" lon="4.40020667"><ele>733.0</ele><time>2026-07-28T18:39:25.048Z</time></trkpt><trkpt lat="46.124825" lon="4.40021167"><ele>733.0</ele><time>2026-07-28T18:39:26.049Z</time></trkpt><trkpt lat="46.12484333" lon="4.40021333"><ele>732.0</ele><time>2026-07-28T18:39:27.048Z</time></trkpt><trkpt lat="46.12485833" lon="4.40021167"><ele>732.0</ele><time>2026-07-28T18:39:28.049Z</time></trkpt><trkpt lat="46.12485833" lon="4.40021167"><ele>732.0</ele><time>2026-07-28T18:39:29.048Z</time></trkpt><trkpt lat="46.12488833" lon="4.40021167"><ele>731.0</ele><time>2026-07-28T18:39:30.048Z</time></trkpt><trkpt lat="46.12490667" lon="4.40020833"><ele>731.0</ele><time>2026-07-28T18:39:31.048Z</time></trkpt><trkpt lat="46.12490667" lon="4.40020833"><ele>731.0</ele><time>2026-07-28T18:39:32.049Z</time></trkpt><trkpt lat="46.124935" lon="4.40020167"><ele>731.0</ele><time>2026-07-28T18:39:33.048Z</time></trkpt><trkpt lat="46.12495167" lon="4.40020167"><ele>731.0</ele><time>2026-07-28T18:39:34.049Z</time></trkpt><trkpt lat="46.12495167" lon="4.40020167"><ele>731.0</ele><time>2026-07-28T18:39:35.048Z</time></trkpt><trkpt lat="46.124985" lon="4.400205"><ele>731.0</ele><time>2026-07-28T18:39:36.049Z</time></trkpt><trkpt lat="46.125" lon="4.40021167"><ele>731.0</ele><time>2026-07-28T18:39:37.048Z</time></trkpt><trkpt lat="46.12501667" lon="4.40021833"><ele>730.0</ele><time>2026-07-28T18:39:38.048Z</time></trkpt><trkpt lat="46.12503167" lon="4.40022167"><ele>730.0</ele><time>2026-07-28T18:39:39.048Z</time></trkpt><trkpt lat="46.12504667" lon="4.40022167"><ele>730.0</ele><time>2026-07-28T18:39:40.048Z</time></trkpt><trkpt lat="46.12506167" lon="4.400225"><ele>730.0</ele><time>2026-07-28T18:39:41.048Z</time></trkpt><trkpt lat="46.125075" lon="4.40022833"><ele>729.0</ele><time>2026-07-28T18:39:42.048Z</time></trkpt><trkpt lat="46.12509" lon="4.40023333"><ele>729.0</ele><time>2026-07-28T18:39:43.048Z</time></trkpt><trkpt lat="46.12510667" lon="4.40024"><ele>729.0</ele><time>2026-07-28T18:39:44.048Z</time></trkpt><trkpt lat="46.12512167" lon="4.40024667"><ele>729.0</ele><time>2026-07-28T18:39:45.048Z</time></trkpt><trkpt lat="46.12513833" lon="4.40024667"><ele>728.0</ele><time>2026-07-28T18:39:46.049Z</time></trkpt><trkpt lat="46.125155" lon="4.40024833"><ele>728.0</ele><time>2026-07-28T18:39:47.049Z</time></trkpt><trkpt lat="46.12517167" lon="4.40025167"><ele>728.0</ele><time>2026-07-28T18:39:48.048Z</time></trkpt><trkpt lat="46.125185" lon="4.40025"><ele>727.0</ele><time>2026-07-28T18:39:49.048Z</time></trkpt><trkpt lat="46.1252" lon="4.40025167"><ele>727.0</ele><time>2026-07-28T18:39:50.049Z</time></trkpt><trkpt lat="46.12521167" lon="4.40025333"><ele>727.0</ele><time>2026-07-28T18:39:51.048Z</time></trkpt><trkpt lat="46.12522667" lon="4.40025833"><ele>727.0</ele><time>2026-07-28T18:39:52.048Z</time></trkpt><trkpt lat="46.12522667" lon="4.40025833"><ele>727.0</ele><time>2026-07-28T18:39:53.049Z</time></trkpt><trkpt lat="46.12526" lon="4.40027333"><ele>727.0</ele><time>2026-07-28T18:39:54.048Z</time></trkpt><trkpt lat="46.12527833" lon="4.40028333"><ele>727.0</ele><time>2026-07-28T18:39:55.049Z</time></trkpt><trkpt lat="46.12527833" lon="4.40028333"><ele>727.0</ele><time>2026-07-28T18:39:56.048Z</time></trkpt><trkpt lat="46.12531333" lon="4.40029167"><ele>726.0</ele><time>2026-07-28T18:39:57.048Z</time></trkpt><trkpt lat="46.12532667" lon="4.400295"><ele>726.0</ele><time>2026-07-28T18:39:58.049Z</time></trkpt><trkpt lat="46.12534333" lon="4.400295"><ele>726.0</ele><time>2026-07-28T18:39:59.048Z</time></trkpt><trkpt lat="46.12535667" lon="4.40029833"><ele>726.0</ele><time>2026-07-28T18:40:00.048Z</time></trkpt><trkpt lat="46.12537333" lon="4.40029833"><ele>726.0</ele><time>2026-07-28T18:40:01.048Z</time></trkpt><trkpt lat="46.12539" lon="4.40029667"><ele>726.0</ele><time>2026-07-28T18:40:02.048Z</time></trkpt><trkpt lat="46.12540667" lon="4.40029667"><ele>726.0</ele><time>2026-07-28T18:40:03.048Z</time></trkpt><trkpt lat="46.12542333" lon="4.40029833"><ele>726.0</ele><time>2026-07-28T18:40:04.049Z</time></trkpt><trkpt lat="46.12543833" lon="4.4003"><ele>726.0</ele><time>2026-07-28T18:40:05.049Z</time></trkpt><trkpt lat="46.12545167" lon="4.4003"><ele>726.0</ele><time>2026-07-28T18:40:06.048Z</time></trkpt><trkpt lat="46.12546667" lon="4.40029833"><ele>726.0</ele><time>2026-07-28T18:40:07.048Z</time></trkpt><trkpt lat="46.12548167" lon="4.40029833"><ele>726.0</ele><time>2026-07-28T18:40:08.049Z</time></trkpt><trkpt lat="46.12549667" lon="4.4003"><ele>726.0</ele><time>2026-07-28T18:40:09.048Z</time></trkpt><trkpt lat="46.12551333" lon="4.40030167"><ele>726.0</ele><time>2026-07-28T18:40:10.048Z</time></trkpt><trkpt lat="46.12553" lon="4.40030667"><ele>726.0</ele><time>2026-07-28T18:40:11.048Z</time></trkpt><trkpt lat="46.12554333" lon="4.40031"><ele>725.0</ele><time>2026-07-28T18:40:12.048Z</time></trkpt><trkpt lat="46.12555667" lon="4.40031167"><ele>725.0</ele><time>2026-07-28T18:40:13.048Z</time></trkpt><trkpt lat="46.12555667" lon="4.40031167"><ele>725.0</ele><time>2026-07-28T18:40:14.048Z</time></trkpt><trkpt lat="46.12559167" lon="4.40031333"><ele>725.0</ele><time>2026-07-28T18:40:15.048Z</time></trkpt><trkpt lat="46.12560667" lon="4.40031833"><ele>725.0</ele><time>2026-07-28T18:40:16.048Z</time></trkpt><trkpt lat="46.12560667" lon="4.40031833"><ele>725.0</ele><time>2026-07-28T18:40:17.048Z</time></trkpt><trkpt lat="46.12563667" lon="4.40032167"><ele>725.0</ele><time>2026-07-28T18:40:18.048Z</time></trkpt><trkpt lat="46.125655" lon="4.40032667"><ele>725.0</ele><time>2026-07-28T18:40:19.048Z</time></trkpt><trkpt lat="46.125655" lon="4.40032667"><ele>725.0</ele><time>2026-07-28T18:40:20.048Z</time></trkpt><trkpt lat="46.12569167" lon="4.40034167"><ele>725.0</ele><time>2026-07-28T18:40:21.048Z</time></trkpt><trkpt lat="46.12570667" lon="4.40034833"><ele>725.0</ele><time>2026-07-28T18:40:22.048Z</time></trkpt><trkpt lat="46.12572167" lon="4.40035667"><ele>725.0</ele><time>2026-07-28T18:40:23.049Z</time></trkpt><trkpt lat="46.12573667" lon="4.40036333"><ele>725.0</ele><time>2026-07-28T18:40:24.048Z</time></trkpt><trkpt lat="46.12575167" lon="4.40037167"><ele>725.0</ele><time>2026-07-28T18:40:25.048Z</time></trkpt><trkpt lat="46.12576667" lon="4.40037833"><ele>725.0</ele><time>2026-07-28T18:40:26.048Z</time></trkpt><trkpt lat="46.12578" lon="4.40038333"><ele>725.0</ele><time>2026-07-28T18:40:27.048Z</time></trkpt><trkpt lat="46.12579667" lon="4.40039"><ele>725.0</ele><time>2026-07-28T18:40:28.048Z</time></trkpt><trkpt lat="46.12581167" lon="4.40039833"><ele>725.0</ele><time>2026-07-28T18:40:29.048Z</time></trkpt><trkpt lat="46.12582667" lon="4.40040833"><ele>725.0</ele><time>2026-07-28T18:40:30.048Z</time></trkpt><trkpt lat="46.12584" lon="4.40042167"><ele>725.0</ele><time>2026-07-28T18:40:31.048Z</time></trkpt><trkpt lat="46.125855" lon="4.400435"><ele>725.0</ele><time>2026-07-28T18:40:32.049Z</time></trkpt><trkpt lat="46.12587" lon="4.40044667"><ele>725.0</ele><time>2026-07-28T18:40:33.048Z</time></trkpt><trkpt lat="46.12588333" lon="4.40046"><ele>724.0</ele><time>2026-07-28T18:40:34.049Z</time></trkpt><trkpt lat="46.12589667" lon="4.40047333"><ele>724.0</ele><time>2026-07-28T18:40:35.048Z</time></trkpt><trkpt lat="46.12590833" lon="4.40048667"><ele>724.0</ele><time>2026-07-28T18:40:36.048Z</time></trkpt><trkpt lat="46.12591833" lon="4.400505"><ele>724.0</ele><time>2026-07-28T18:40:37.049Z</time></trkpt><trkpt lat="46.12591833" lon="4.400505"><ele>724.0</ele><time>2026-07-28T18:40:38.048Z</time></trkpt><trkpt lat="46.12594167" lon="4.40054"><ele>724.0</ele><time>2026-07-28T18:40:39.048Z</time></trkpt><trkpt lat="46.125955" lon="4.40056"><ele>724.0</ele><time>2026-07-28T18:40:40.048Z</time></trkpt><trkpt lat="46.125955" lon="4.40056"><ele>724.0</ele><time>2026-07-28T18:40:41.049Z</time></trkpt><trkpt lat="46.12597333" lon="4.40059667"><ele>724.0</ele><time>2026-07-28T18:40:42.049Z</time></trkpt><trkpt lat="46.12598167" lon="4.40061333"><ele>724.0</ele><time>2026-07-28T18:40:43.048Z</time></trkpt><trkpt lat="46.12599" lon="4.40063167"><ele>724.0</ele><time>2026-07-28T18:40:44.049Z</time></trkpt><trkpt lat="46.12599667" lon="4.40065167"><ele>725.0</ele><time>2026-07-28T18:40:45.048Z</time></trkpt><trkpt lat="46.12600667" lon="4.40067167"><ele>725.0</ele><time>2026-07-28T18:40:46.049Z</time></trkpt><trkpt lat="46.12601833" lon="4.40069167"><ele>725.0</ele><time>2026-07-28T18:40:47.048Z</time></trkpt><trkpt lat="46.12602833" lon="4.40071333"><ele>725.0</ele><time>2026-07-28T18:40:48.048Z</time></trkpt><trkpt lat="46.126035" lon="4.40073333"><ele>725.0</ele><time>2026-07-28T18:40:49.048Z</time></trkpt><trkpt lat="46.12604" lon="4.40075167"><ele>725.0</ele><time>2026-07-28T18:40:50.049Z</time></trkpt><trkpt lat="46.12604833" lon="4.40076667"><ele>725.0</ele><time>2026-07-28T18:40:51.049Z</time></trkpt><trkpt lat="46.12606167" lon="4.40078333"><ele>726.0</ele><time>2026-07-28T18:40:52.048Z</time></trkpt><trkpt lat="46.12607" lon="4.40080167"><ele>726.0</ele><time>2026-07-28T18:40:53.049Z</time></trkpt><trkpt lat="46.12608167" lon="4.40082"><ele>726.0</ele><time>2026-07-28T18:40:54.048Z</time></trkpt><trkpt lat="46.12609333" lon="4.40083833"><ele>726.0</ele><time>2026-07-28T18:40:55.048Z</time></trkpt><trkpt lat="46.12610333" lon="4.400855"><ele>725.0</ele><time>2026-07-28T18:40:56.049Z</time></trkpt><trkpt lat="46.12611833" lon="4.40086833"><ele>725.0</ele><time>2026-07-28T18:40:57.048Z</time></trkpt><trkpt lat="46.12613167" lon="4.40088"><ele>725.0</ele><time>2026-07-28T18:40:58.048Z</time></trkpt><trkpt lat="46.12613167" lon="4.40088"><ele>725.0</ele><time>2026-07-28T18:40:59.048Z</time></trkpt><trkpt lat="46.12615833" lon="4.4009"><ele>724.0</ele><time>2026-07-28T18:41:00.049Z</time></trkpt><trkpt lat="46.12617" lon="4.40090833"><ele>724.0</ele><time>2026-07-28T18:41:01.048Z</time></trkpt><trkpt lat="46.12617" lon="4.40090833"><ele>724.0</ele><time>2026-07-28T18:41:02.048Z</time></trkpt><trkpt lat="46.12619833" lon="4.40092167"><ele>723.0</ele><time>2026-07-28T18:41:03.048Z</time></trkpt><trkpt lat="46.12621333" lon="4.40092833"><ele>723.0</ele><time>2026-07-28T18:41:04.048Z</time></trkpt><trkpt lat="46.12621333" lon="4.40092833"><ele>723.0</ele><time>2026-07-28T18:41:05.049Z</time></trkpt><trkpt lat="46.126245" lon="4.40093167"><ele>723.0</ele><time>2026-07-28T18:41:06.048Z</time></trkpt><trkpt lat="46.12626" lon="4.40093167"><ele>722.0</ele><time>2026-07-28T18:41:07.049Z</time></trkpt><trkpt lat="46.126275" lon="4.40092833"><ele>722.0</ele><time>2026-07-28T18:41:08.049Z</time></trkpt><trkpt lat="46.12628833" lon="4.40092833"><ele>722.0</ele><time>2026-07-28T18:41:09.048Z</time></trkpt><trkpt lat="46.12630333" lon="4.400925"><ele>722.0</ele><time>2026-07-28T18:41:10.049Z</time></trkpt><trkpt lat="46.12631833" lon="4.40092167"><ele>722.0</ele><time>2026-07-28T18:41:11.048Z</time></trkpt><trkpt lat="46.126335" lon="4.40091833"><ele>722.0</ele><time>2026-07-28T18:41:12.048Z</time></trkpt><trkpt lat="46.12635167" lon="4.40091667"><ele>722.0</ele><time>2026-07-28T18:41:13.049Z</time></trkpt><trkpt lat="46.12636833" lon="4.40091667"><ele>722.0</ele><time>2026-07-28T18:41:14.048Z</time></trkpt><trkpt lat="46.126385" lon="4.400915"><ele>721.0</ele><time>2026-07-28T18:41:15.048Z</time></trkpt><trkpt lat="46.1264" lon="4.40091833"><ele>721.0</ele><time>2026-07-28T18:41:16.048Z</time></trkpt><trkpt lat="46.12641667" lon="4.40091833"><ele>721.0</ele><time>2026-07-28T18:41:17.048Z</time></trkpt><trkpt lat="46.12643" lon="4.400915"><ele>720.0</ele><time>2026-07-28T18:41:18.048Z</time></trkpt><trkpt lat="46.126445" lon="4.40091167"><ele>720.0</ele><time>2026-07-28T18:41:19.048Z</time></trkpt><trkpt lat="46.12646167" lon="4.40090333"><ele>720.0</ele><time>2026-07-28T18:41:20.049Z</time></trkpt><trkpt lat="46.12647833" lon="4.40089667"><ele>720.0</ele><time>2026-07-28T18:41:21.048Z</time></trkpt><trkpt lat="46.126495" lon="4.40089167"><ele>719.0</ele><time>2026-07-28T18:41:22.049Z</time></trkpt><trkpt lat="46.126495" lon="4.40089167"><ele>719.0</ele><time>2026-07-28T18:41:23.048Z</time></trkpt><trkpt lat="46.126525" lon="4.40088833"><ele>719.0</ele><time>2026-07-28T18:41:24.048Z</time></trkpt><trkpt lat="46.12654" lon="4.400885"><ele>719.0</ele><time>2026-07-28T18:41:25.048Z</time></trkpt><trkpt lat="46.12654" lon="4.400885"><ele>719.0</ele><time>2026-07-28T18:41:26.049Z</time></trkpt><trkpt lat="46.12657333" lon="4.40088833"><ele>718.0</ele><time>2026-07-28T18:41:27.048Z</time></trkpt><trkpt lat="46.12658833" lon="4.40088833"><ele>718.0</ele><time>2026-07-28T18:41:28.048Z</time></trkpt><trkpt lat="46.12658833" lon="4.40088833"><ele>718.0</ele><time>2026-07-28T18:41:29.048Z</time></trkpt><trkpt lat="46.12662167" lon="4.40088667"><ele>718.0</ele><time>2026-07-28T18:41:30.048Z</time></trkpt><trkpt lat="46.12664" lon="4.40088667"><ele>718.0</ele><time>2026-07-28T18:41:31.048Z</time></trkpt><trkpt lat="46.126655" lon="4.400885"><ele>718.0</ele><time>2026-07-28T18:41:32.049Z</time></trkpt><trkpt lat="46.12667" lon="4.40088333"><ele>718.0</ele><time>2026-07-28T18:41:33.049Z</time></trkpt><trkpt lat="46.12668667" lon="4.400885"><ele>718.0</ele><time>2026-07-28T18:41:34.048Z</time></trkpt><trkpt lat="46.12670333" lon="4.40088333"><ele>718.0</ele><time>2026-07-28T18:41:35.048Z</time></trkpt><trkpt lat="46.12671833" lon="4.400885"><ele>718.0</ele><time>2026-07-28T18:41:36.048Z</time></trkpt><trkpt lat="46.126735" lon="4.40088333"><ele>718.0</ele><time>2026-07-28T18:41:37.048Z</time></trkpt><trkpt lat="46.12675" lon="4.40088667"><ele>718.0</ele><time>2026-07-28T18:41:38.048Z</time></trkpt><trkpt lat="46.12676667" lon="4.40088667"><ele>718.0</ele><time>2026-07-28T18:41:39.049Z</time></trkpt><trkpt lat="46.12678167" lon="4.40088667"><ele>718.0</ele><time>2026-07-28T18:41:40.048Z</time></trkpt><trkpt lat="46.1268" lon="4.40088333"><ele>718.0</ele><time>2026-07-28T18:41:41.048Z</time></trkpt><trkpt lat="46.12682" lon="4.40088667"><ele>718.0</ele><time>2026-07-28T18:41:42.048Z</time></trkpt><trkpt lat="46.12683833" lon="4.40088833"><ele>718.0</ele><time>2026-07-28T18:41:43.049Z</time></trkpt><trkpt lat="46.12685667" lon="4.40089333"><ele>718.0</ele><time>2026-07-28T18:41:44.048Z</time></trkpt><trkpt lat="46.126875" lon="4.40089667"><ele>718.0</ele><time>2026-07-28T18:41:45.049Z</time></trkpt><trkpt lat="46.12689333" lon="4.40089833"><ele>718.0</ele><time>2026-07-28T18:41:46.048Z</time></trkpt><trkpt lat="46.12689333" lon="4.40089833"><ele>718.0</ele><time>2026-07-28T18:41:47.049Z</time></trkpt><trkpt lat="46.12692667" lon="4.40090167"><ele>718.0</ele><time>2026-07-28T18:41:48.049Z</time></trkpt><trkpt lat="46.12694333" lon="4.40090333"><ele>718.0</ele><time>2026-07-28T18:41:49.048Z</time></trkpt><trkpt lat="46.12694333" lon="4.40090333"><ele>718.0</ele><time>2026-07-28T18:41:50.048Z</time></trkpt><trkpt lat="46.12697833" lon="4.40091"><ele>718.0</ele><time>2026-07-28T18:41:51.049Z</time></trkpt><trkpt lat="46.12699333" lon="4.40091"><ele>718.0</ele><time>2026-07-28T18:41:52.048Z</time></trkpt><trkpt lat="46.12701" lon="4.40091"><ele>719.0</ele><time>2026-07-28T18:41:53.048Z</time></trkpt><trkpt lat="46.127025" lon="4.40091167"><ele>719.0</ele><time>2026-07-28T18:41:54.048Z</time></trkpt><trkpt lat="46.12704" lon="4.40091333"><ele>719.0</ele><time>2026-07-28T18:41:55.048Z</time></trkpt><trkpt lat="46.12705667" lon="4.40091833"><ele>719.0</ele><time>2026-07-28T18:41:56.048Z</time></trkpt><trkpt lat="46.12707333" lon="4.40092"><ele>718.0</ele><time>2026-07-28T18:41:57.049Z</time></trkpt><trkpt lat="46.12708833" lon="4.40092167"><ele>718.0</ele><time>2026-07-28T18:41:58.048Z</time></trkpt><trkpt lat="46.12710167" lon="4.400925"><ele>718.0</ele><time>2026-07-28T18:41:59.048Z</time></trkpt><trkpt lat="46.12711833" lon="4.40092833"><ele>718.0</ele><time>2026-07-28T18:42:00.048Z</time></trkpt><trkpt lat="46.12713333" lon="4.40093167"><ele>718.0</ele><time>2026-07-28T18:42:01.048Z</time></trkpt><trkpt lat="46.12715167" lon="4.40093833"><ele>718.0</ele><time>2026-07-28T18:42:02.049Z</time></trkpt><trkpt lat="46.12716667" lon="4.40094167"><ele>717.0</ele><time>2026-07-28T18:42:03.048Z</time></trkpt><trkpt lat="46.12718333" lon="4.40094667"><ele>717.0</ele><time>2026-07-28T18:42:04.048Z</time></trkpt><trkpt lat="46.12720167" lon="4.40095"><ele>717.0</ele><time>2026-07-28T18:42:05.048Z</time></trkpt><trkpt lat="46.12722" lon="4.400955"><ele>716.0</ele><time>2026-07-28T18:42:06.048Z</time></trkpt><trkpt lat="46.12723833" lon="4.40095833"><ele>716.0</ele><time>2026-07-28T18:42:07.048Z</time></trkpt><trkpt lat="46.12723833" lon="4.40095833"><ele>716.0</ele><time>2026-07-28T18:42:08.048Z</time></trkpt><trkpt lat="46.12727333" lon="4.400965"><ele>716.0</ele><time>2026-07-28T18:42:09.048Z</time></trkpt><trkpt lat="46.12728833" lon="4.40097"><ele>716.0</ele><time>2026-07-28T18:42:10.049Z</time></trkpt><trkpt lat="46.12728833" lon="4.40097"><ele>716.0</ele><time>2026-07-28T18:42:11.048Z</time></trkpt><trkpt lat="46.12732" lon="4.40097833"><ele>715.0</ele><time>2026-07-28T18:42:12.049Z</time></trkpt><trkpt lat="46.12733667" lon="4.40098167"><ele>714.0</ele><time>2026-07-28T18:42:13.048Z</time></trkpt><trkpt lat="46.12733667" lon="4.40098167"><ele>714.0</ele><time>2026-07-28T18:42:14.049Z</time></trkpt><trkpt lat="46.12737" lon="4.40098833"><ele>714.0</ele><time>2026-07-28T18:42:15.048Z</time></trkpt><trkpt lat="46.12738667" lon="4.40099"><ele>713.0</ele><time>2026-07-28T18:42:16.048Z</time></trkpt><trkpt lat="46.12740333" lon="4.400995"><ele>713.0</ele><time>2026-07-28T18:42:17.048Z</time></trkpt><trkpt lat="46.12741833" lon="4.401"><ele>713.0</ele><time>2026-07-28T18:42:18.048Z</time></trkpt><trkpt lat="46.127435" lon="4.40100333"><ele>713.0</ele><time>2026-07-28T18:42:19.048Z</time></trkpt><trkpt lat="46.12745" lon="4.40101"><ele>713.0</ele><time>2026-07-28T18:42:20.048Z</time></trkpt><trkpt lat="46.127465" lon="4.40102"><ele>713.0</ele><time>2026-07-28T18:42:21.049Z</time></trkpt><trkpt lat="46.12747833" lon="4.40102833"><ele>713.0</ele><time>2026-07-28T18:42:22.048Z</time></trkpt><trkpt lat="46.12749333" lon="4.401035"><ele>713.0</ele><time>2026-07-28T18:42:23.048Z</time></trkpt><trkpt lat="46.12751" lon="4.40104333"><ele>713.0</ele><time>2026-07-28T18:42:24.048Z</time></trkpt><trkpt lat="46.12752667" lon="4.40105"><ele>713.0</ele><time>2026-07-28T18:42:25.049Z</time></trkpt><trkpt lat="46.12754333" lon="4.40106"><ele>713.0</ele><time>2026-07-28T18:42:26.048Z</time></trkpt><trkpt lat="46.12756" lon="4.40106333"><ele>713.0</ele><time>2026-07-28T18:42:27.048Z</time></trkpt><trkpt lat="46.127575" lon="4.40107"><ele>712.0</ele><time>2026-07-28T18:42:28.048Z</time></trkpt><trkpt lat="46.12759167" lon="4.401075"><ele>712.0</ele><time>2026-07-28T18:42:29.049Z</time></trkpt><trkpt lat="46.12760667" lon="4.40107667"><ele>712.0</ele><time>2026-07-28T18:42:30.048Z</time></trkpt><trkpt lat="46.12762" lon="4.40107833"><ele>712.0</ele><time>2026-07-28T18:42:31.049Z</time></trkpt><trkpt lat="46.127635" lon="4.40107833"><ele>712.0</ele><time>2026-07-28T18:42:32.048Z</time></trkpt><trkpt lat="46.12764833" lon="4.401075"><ele>712.0</ele><time>2026-07-28T18:42:33.048Z</time></trkpt><trkpt lat="46.127665" lon="4.40107333"><ele>712.0</ele><time>2026-07-28T18:42:34.048Z</time></trkpt><trkpt lat="46.127665" lon="4.40107333"><ele>712.0</ele><time>2026-07-28T18:42:35.048Z</time></trkpt><trkpt lat="46.1277" lon="4.401065"><ele>712.0</ele><time>2026-07-28T18:42:36.048Z</time></trkpt><trkpt lat="46.127715" lon="4.40105833"><ele>712.0</ele><time>2026-07-28T18:42:37.048Z</time></trkpt><trkpt lat="46.12773" lon="4.40105"><ele>712.0</ele><time>2026-07-28T18:42:38.048Z</time></trkpt><trkpt lat="46.12774333" lon="4.40104"><ele>712.0</ele><time>2026-07-28T18:42:39.049Z</time></trkpt><trkpt lat="46.12775667" lon="4.40103"><ele>712.0</ele><time>2026-07-28T18:42:40.048Z</time></trkpt><trkpt lat="46.12777" lon="4.40101833"><ele>712.0</ele><time>2026-07-28T18:42:41.049Z</time></trkpt><trkpt lat="46.12778333" lon="4.40100833"><ele>712.0</ele><time>2026-07-28T18:42:42.049Z</time></trkpt><trkpt lat="46.12779833" lon="4.40099833"><ele>713.0</ele><time>2026-07-28T18:42:43.048Z</time></trkpt><trkpt lat="46.12781" lon="4.40098667"><ele>713.0</ele><time>2026-07-28T18:42:44.048Z</time></trkpt><trkpt lat="46.12782167" lon="4.40097333"><ele>713.0</ele><time>2026-07-28T18:42:45.048Z</time></trkpt><trkpt lat="46.12783333" lon="4.40096"><ele>712.0</ele><time>2026-07-28T18:42:46.048Z</time></trkpt><trkpt lat="46.127845" lon="4.400945"><ele>712.0</ele><time>2026-07-28T18:42:47.048Z</time></trkpt><trkpt lat="46.12785667" lon="4.40093167"><ele>712.0</ele><time>2026-07-28T18:42:48.048Z</time></trkpt><trkpt lat="46.12787" lon="4.40091833"><ele>712.0</ele><time>2026-07-28T18:42:49.048Z</time></trkpt><trkpt lat="46.12788167" lon="4.400905"><ele>712.0</ele><time>2026-07-28T18:42:50.048Z</time></trkpt><trkpt lat="46.12789333" lon="4.40089167"><ele>712.0</ele><time>2026-07-28T18:42:51.048Z</time></trkpt><trkpt lat="46.127905" lon="4.40088167"><ele>711.0</ele><time>2026-07-28T18:42:52.048Z</time></trkpt><trkpt lat="46.127905" lon="4.40088167"><ele>711.0</ele><time>2026-07-28T18:42:53.048Z</time></trkpt><trkpt lat="46.12792833" lon="4.40086167"><ele>711.0</ele><time>2026-07-28T18:42:54.048Z</time></trkpt><trkpt lat="46.12794" lon="4.40085"><ele>711.0</ele><time>2026-07-28T18:42:55.048Z</time></trkpt><trkpt lat="46.12794" lon="4.40085"><ele>711.0</ele><time>2026-07-28T18:42:56.048Z</time></trkpt><trkpt lat="46.127965" lon="4.40083333"><ele>710.0</ele><time>2026-07-28T18:42:57.049Z</time></trkpt><trkpt lat="46.12798" lon="4.400825"><ele>710.0</ele><time>2026-07-28T18:42:58.048Z</time></trkpt><trkpt lat="46.12798" lon="4.400825"><ele>710.0</ele><time>2026-07-28T18:42:59.049Z</time></trkpt><trkpt lat="46.12800833" lon="4.40080833"><ele>710.0</ele><time>2026-07-28T18:43:00.048Z</time></trkpt><trkpt lat="46.12802167" lon="4.40079833"><ele>710.0</ele><time>2026-07-28T18:43:01.049Z</time></trkpt><trkpt lat="46.12803667" lon="4.400785"><ele>710.0</ele><time>2026-07-28T18:43:02.049Z</time></trkpt><trkpt lat="46.12805167" lon="4.40077167"><ele>710.0</ele><time>2026-07-28T18:43:03.048Z</time></trkpt><trkpt lat="46.128065" lon="4.40075667"><ele>710.0</ele><time>2026-07-28T18:43:04.048Z</time></trkpt><trkpt lat="46.128075" lon="4.40074333"><ele>710.0</ele><time>2026-07-28T18:43:05.049Z</time></trkpt><trkpt lat="46.128085" lon="4.40073"><ele>710.0</ele><time>2026-07-28T18:43:06.049Z</time></trkpt><trkpt lat="46.128095" lon="4.40071667"><ele>710.0</ele><time>2026-07-28T18:43:07.048Z</time></trkpt><trkpt lat="46.12810667" lon="4.40070167"><ele>710.0</ele><time>2026-07-28T18:43:08.048Z</time></trkpt><trkpt lat="46.12812" lon="4.40069"><ele>710.0</ele><time>2026-07-28T18:43:09.049Z</time></trkpt><trkpt lat="46.12813333" lon="4.40067667"><ele>710.0</ele><time>2026-07-28T18:43:10.048Z</time></trkpt><trkpt lat="46.12814667" lon="4.40066333"><ele>710.0</ele><time>2026-07-28T18:43:11.049Z</time></trkpt><trkpt lat="46.12816" lon="4.40065167"><ele>711.0</ele><time>2026-07-28T18:43:12.048Z</time></trkpt><trkpt lat="46.12817167" lon="4.40063833"><ele>711.0</ele><time>2026-07-28T18:43:13.048Z</time></trkpt><trkpt lat="46.12818" lon="4.400625"><ele>711.0</ele><time>2026-07-28T18:43:14.048Z</time></trkpt><trkpt lat="46.12819" lon="4.40061167"><ele>711.0</ele><time>2026-07-28T18:43:15.048Z</time></trkpt><trkpt lat="46.12819833" lon="4.40059667"><ele>712.0</ele><time>2026-07-28T18:43:16.049Z</time></trkpt><trkpt lat="46.12819833" lon="4.40059667"><ele>712.0</ele><time>2026-07-28T18:43:17.048Z</time></trkpt><trkpt lat="46.12822167" lon="4.40057"><ele>712.0</ele><time>2026-07-28T18:43:18.048Z</time></trkpt><trkpt lat="46.12823167" lon="4.40055333"><ele>712.0</ele><time>2026-07-28T18:43:19.048Z</time></trkpt><trkpt lat="46.12823167" lon="4.40055333"><ele>712.0</ele><time>2026-07-28T18:43:20.049Z</time></trkpt><trkpt lat="46.12825" lon="4.40052"><ele>712.0</ele><time>2026-07-28T18:43:21.048Z</time></trkpt><trkpt lat="46.12825833" lon="4.40050333"><ele>712.0</ele><time>2026-07-28T18:43:22.048Z</time></trkpt><trkpt lat="46.12825833" lon="4.40050333"><ele>712.0</ele><time>2026-07-28T18:43:23.048Z</time></trkpt><trkpt lat="46.12828167" lon="4.40046833"><ele>712.0</ele><time>2026-07-28T18:43:24.049Z</time></trkpt><trkpt lat="46.128295" lon="4.40045833"><ele>712.0</ele><time>2026-07-28T18:43:25.049Z</time></trkpt><trkpt lat="46.128305" lon="4.40044333"><ele>712.0</ele><time>2026-07-28T18:43:26.048Z</time></trkpt><trkpt lat="46.12831333" lon="4.40042833"><ele>712.0</ele><time>2026-07-28T18:43:27.048Z</time></trkpt><trkpt lat="46.128325" lon="4.400415"><ele>712.0</ele><time>2026-07-28T18:43:28.049Z</time></trkpt><trkpt lat="46.128335" lon="4.40041"><ele>712.0</ele><time>2026-07-28T18:43:29.049Z</time></trkpt><trkpt lat="46.12835167" lon="4.40039667"><ele>712.0</ele><time>2026-07-28T18:43:30.048Z</time></trkpt><trkpt lat="46.12836167" lon="4.40037833"><ele>713.0</ele><time>2026-07-28T18:43:31.048Z</time></trkpt><trkpt lat="46.12836667" lon="4.40035667"><ele>713.0</ele><time>2026-07-28T18:43:32.048Z</time></trkpt><trkpt lat="46.12837167" lon="4.40033667"><ele>713.0</ele><time>2026-07-28T18:43:33.048Z</time></trkpt><trkpt lat="46.128375" lon="4.40031833"><ele>713.0</ele><time>2026-07-28T18:43:34.048Z</time></trkpt><trkpt lat="46.12838667" lon="4.40030333"><ele>713.0</ele><time>2026-07-28T18:43:35.049Z</time></trkpt><trkpt lat="46.12839667" lon="4.40028833"><ele>713.0</ele><time>2026-07-28T18:43:36.049Z</time></trkpt><trkpt lat="46.12840667" lon="4.40027333"><ele>713.0</ele><time>2026-07-28T18:43:37.048Z</time></trkpt><trkpt lat="46.12841667" lon="4.40025667"><ele>713.0</ele><time>2026-07-28T18:43:38.048Z</time></trkpt><trkpt lat="46.12842833" lon="4.40024167"><ele>713.0</ele><time>2026-07-28T18:43:39.048Z</time></trkpt><trkpt lat="46.12844" lon="4.40022833"><ele>713.0</ele><time>2026-07-28T18:43:40.049Z</time></trkpt><trkpt lat="46.12844" lon="4.40022833"><ele>713.0</ele><time>2026-07-28T18:43:41.049Z</time></trkpt><trkpt lat="46.12846" lon="4.4002"><ele>714.0</ele><time>2026-07-28T18:43:42.048Z</time></trkpt><trkpt lat="46.12847167" lon="4.40018833"><ele>714.0</ele><time>2026-07-28T18:43:43.049Z</time></trkpt><trkpt lat="46.12847167" lon="4.40018833"><ele>714.0</ele><time>2026-07-28T18:43:44.048Z</time></trkpt><trkpt lat="46.12848833" lon="4.40015167"><ele>714.0</ele><time>2026-07-28T18:43:45.049Z</time></trkpt><trkpt lat="46.128495" lon="4.40013"><ele>714.0</ele><time>2026-07-28T18:43:46.048Z</time></trkpt><trkpt lat="46.1285" lon="4.40010833"><ele>714.0</ele><time>2026-07-28T18:43:47.048Z</time></trkpt><trkpt lat="46.128505" lon="4.40008833"><ele>714.0</ele><time>2026-07-28T18:43:48.048Z</time></trkpt><trkpt lat="46.12851333" lon="4.40006833"><ele>714.0</ele><time>2026-07-28T18:43:49.048Z</time></trkpt><trkpt lat="46.12852167" lon="4.40005167"><ele>714.0</ele><time>2026-07-28T18:43:50.048Z</time></trkpt><trkpt lat="46.12853" lon="4.40003333"><ele>714.0</ele><time>2026-07-28T18:43:51.049Z</time></trkpt><trkpt lat="46.12853667" lon="4.400015"><ele>714.0</ele><time>2026-07-28T18:43:52.048Z</time></trkpt><trkpt lat="46.12854667" lon="4.39999833"><ele>714.0</ele><time>2026-07-28T18:43:53.049Z</time></trkpt><trkpt lat="46.12855833" lon="4.39998333"><ele>714.0</ele><time>2026-07-28T18:43:54.048Z</time></trkpt><trkpt lat="46.12856833" lon="4.39997"><ele>714.0</ele><time>2026-07-28T18:43:55.049Z</time></trkpt><trkpt lat="46.12858167" lon="4.39995667"><ele>714.0</ele><time>2026-07-28T18:43:56.048Z</time></trkpt><trkpt lat="46.128595" lon="4.39994333"><ele>714.0</ele><time>2026-07-28T18:43:57.048Z</time></trkpt><trkpt lat="46.12860667" lon="4.39993"><ele>714.0</ele><time>2026-07-28T18:43:58.048Z</time></trkpt><trkpt lat="46.12861833" lon="4.39991667"><ele>715.0</ele><time>2026-07-28T18:43:59.048Z</time></trkpt><trkpt lat="46.12863167" lon="4.39990167"><ele>715.0</ele><time>2026-07-28T18:44:00.048Z</time></trkpt><trkpt lat="46.12864167" lon="4.39988667"><ele>715.0</ele><time>2026-07-28T18:44:01.048Z</time></trkpt><trkpt lat="46.12864167" lon="4.39988667"><ele>715.0</ele><time>2026-07-28T18:44:02.048Z</time></trkpt><trkpt lat="46.12866" lon="4.399855"><ele>715.0</ele><time>2026-07-28T18:44:03.049Z</time></trkpt><trkpt lat="46.12866833" lon="4.39983833"><ele>715.0</ele><time>2026-07-28T18:44:04.048Z</time></trkpt><trkpt lat="46.12866833" lon="4.39983833"><ele>715.0</ele><time>2026-07-28T18:44:05.048Z</time></trkpt><trkpt lat="46.12868167" lon="4.39980667"><ele>716.0</ele><time>2026-07-28T18:44:06.048Z</time></trkpt><trkpt lat="46.12868833" lon="4.39978667"><ele>716.0</ele><time>2026-07-28T18:44:07.049Z</time></trkpt><trkpt lat="46.12868833" lon="4.39978667"><ele>716.0</ele><time>2026-07-28T18:44:08.049Z</time></trkpt><trkpt lat="46.12870667" lon="4.39974833"><ele>717.0</ele><time>2026-07-28T18:44:09.048Z</time></trkpt><trkpt lat="46.128715" lon="4.39973167"><ele>717.0</ele><time>2026-07-28T18:44:10.048Z</time></trkpt><trkpt lat="46.12872333" lon="4.399715"><ele>717.0</ele><time>2026-07-28T18:44:11.048Z</time></trkpt><trkpt lat="46.12873" lon="4.39969667"><ele>717.0</ele><time>2026-07-28T18:44:12.048Z</time></trkpt><trkpt lat="46.12874" lon="4.39968"><ele>717.0</ele><time>2026-07-28T18:44:13.049Z</time></trkpt><trkpt lat="46.12875" lon="4.39966333"><ele>717.0</ele><time>2026-07-28T18:44:14.048Z</time></trkpt><trkpt lat="46.128755" lon="4.39964333"><ele>717.0</ele><time>2026-07-28T18:44:15.048Z</time></trkpt><trkpt lat="46.12876" lon="4.39962"><ele>716.0</ele><time>2026-07-28T18:44:16.048Z</time></trkpt><trkpt lat="46.12876333" lon="4.39959833"><ele>716.0</ele><time>2026-07-28T18:44:17.049Z</time></trkpt><trkpt lat="46.12877167" lon="4.399575"><ele>716.0</ele><time>2026-07-28T18:44:18.048Z</time></trkpt><trkpt lat="46.12878167" lon="4.39955833"><ele>716.0</ele><time>2026-07-28T18:44:19.048Z</time></trkpt><trkpt lat="46.128795" lon="4.39954333"><ele>716.0</ele><time>2026-07-28T18:44:20.048Z</time></trkpt><trkpt lat="46.12880667" lon="4.39953167"><ele>716.0</ele><time>2026-07-28T18:44:21.049Z</time></trkpt><trkpt lat="46.12881333" lon="4.39951667"><ele>716.0</ele><time>2026-07-28T18:44:22.048Z</time></trkpt><trkpt lat="46.12882" lon="4.3995"><ele>716.0</ele><time>2026-07-28T18:44:23.048Z</time></trkpt><trkpt lat="46.128825" lon="4.39948"><ele>716.0</ele><time>2026-07-28T18:44:24.048Z</time></trkpt><trkpt lat="46.12883333" lon="4.399465"><ele>716.0</ele><time>2026-07-28T18:44:25.048Z</time></trkpt><trkpt lat="46.12883333" lon="4.399465"><ele>716.0</ele><time>2026-07-28T18:44:26.048Z</time></trkpt><trkpt lat="46.128845" lon="4.39942833"><ele>717.0</ele><time>2026-07-28T18:44:27.048Z</time></trkpt><trkpt lat="46.12885" lon="4.399405"><ele>717.0</ele><time>2026-07-28T18:44:28.049Z</time></trkpt><trkpt lat="46.12885" lon="4.399405"><ele>717.0</ele><time>2026-07-28T18:44:29.049Z</time></trkpt><trkpt lat="46.12886167" lon="4.39936333"><ele>717.0</ele><time>2026-07-28T18:44:30.048Z</time></trkpt><trkpt lat="46.12887167" lon="4.399345"><ele>717.0</ele><time>2026-07-28T18:44:31.048Z</time></trkpt><trkpt lat="46.12888167" lon="4.39932667"><ele>718.0</ele><time>2026-07-28T18:44:32.049Z</time></trkpt><trkpt lat="46.12889" lon="4.39930833"><ele>718.0</ele><time>2026-07-28T18:44:33.049Z</time></trkpt><trkpt lat="46.1289" lon="4.39929"><ele>718.0</ele><time>2026-07-28T18:44:34.048Z</time></trkpt><trkpt lat="46.12890833" lon="4.39927167"><ele>718.0</ele><time>2026-07-28T18:44:35.048Z</time></trkpt><trkpt lat="46.12891333" lon="4.39924833"><ele>718.0</ele><time>2026-07-28T18:44:36.048Z</time></trkpt><trkpt lat="46.12892167" lon="4.39922667"><ele>718.0</ele><time>2026-07-28T18:44:37.048Z</time></trkpt><trkpt lat="46.12892667" lon="4.39920667"><ele>719.0</ele><time>2026-07-28T18:44:38.049Z</time></trkpt><trkpt lat="46.12893167" lon="4.399185"><ele>719.0</ele><time>2026-07-28T18:44:39.049Z</time></trkpt><trkpt lat="46.12893833" lon="4.39916833"><ele>719.0</ele><time>2026-07-28T18:44:40.049Z</time></trkpt><trkpt lat="46.12894333" lon="4.39914833"><ele>719.0</ele><time>2026-07-28T18:44:41.048Z</time></trkpt><trkpt lat="46.12894833" lon="4.39913333"><ele>719.0</ele><time>2026-07-28T18:44:42.048Z</time></trkpt><trkpt lat="46.12895" lon="4.399115"><ele>719.0</ele><time>2026-07-28T18:44:43.048Z</time></trkpt><trkpt lat="46.12895167" lon="4.399095"><ele>719.0</ele><time>2026-07-28T18:44:44.049Z</time></trkpt><trkpt lat="46.12895667" lon="4.39907667"><ele>718.0</ele><time>2026-07-28T18:44:45.048Z</time></trkpt><trkpt lat="46.12896333" lon="4.39905833"><ele>718.0</ele><time>2026-07-28T18:44:46.048Z</time></trkpt><trkpt lat="46.12896333" lon="4.39905833"><ele>718.0</ele><time>2026-07-28T18:44:47.048Z</time></trkpt><trkpt lat="46.12898333" lon="4.39902333"><ele>718.0</ele><time>2026-07-28T18:44:48.048Z</time></trkpt><trkpt lat="46.128995" lon="4.39900667"><ele>718.0</ele><time>2026-07-28T18:44:49.048Z</time></trkpt><trkpt lat="46.128995" lon="4.39900667"><ele>718.0</ele><time>2026-07-28T18:44:50.049Z</time></trkpt><trkpt lat="46.12901667" lon="4.39897667"><ele>718.0</ele><time>2026-07-28T18:44:51.048Z</time></trkpt><trkpt lat="46.129025" lon="4.39895833"><ele>718.0</ele><time>2026-07-28T18:44:52.049Z</time></trkpt><trkpt lat="46.129025" lon="4.39895833"><ele>718.0</ele><time>2026-07-28T18:44:53.048Z</time></trkpt><trkpt lat="46.12904333" lon="4.39892167"><ele>718.0</ele><time>2026-07-28T18:44:54.048Z</time></trkpt><trkpt lat="46.12905167" lon="4.39890667"><ele>719.0</ele><time>2026-07-28T18:44:55.048Z</time></trkpt><trkpt lat="46.12906333" lon="4.39889167"><ele>719.0</ele><time>2026-07-28T18:44:56.048Z</time></trkpt><trkpt lat="46.12907167" lon="4.398875"><ele>719.0</ele><time>2026-07-28T18:44:57.048Z</time></trkpt><trkpt lat="46.12908" lon="4.39886167"><ele>719.0</ele><time>2026-07-28T18:44:58.049Z</time></trkpt><trkpt lat="46.12908833" lon="4.398845"><ele>719.0</ele><time>2026-07-28T18:44:59.048Z</time></trkpt><trkpt lat="46.12909667" lon="4.39882667"><ele>719.0</ele><time>2026-07-28T18:45:00.048Z</time></trkpt><trkpt lat="46.12910333" lon="4.39880833"><ele>719.0</ele><time>2026-07-28T18:45:01.048Z</time></trkpt><trkpt lat="46.12910833" lon="4.39879"><ele>719.0</ele><time>2026-07-28T18:45:02.049Z</time></trkpt><trkpt lat="46.12911333" lon="4.39877"><ele>719.0</ele><time>2026-07-28T18:45:03.048Z</time></trkpt><trkpt lat="46.12912" lon="4.39875333"><ele>720.0</ele><time>2026-07-28T18:45:04.049Z</time></trkpt><trkpt lat="46.12912667" lon="4.39873333"><ele>720.0</ele><time>2026-07-28T18:45:05.048Z</time></trkpt><trkpt lat="46.12913167" lon="4.39871333"><ele>720.0</ele><time>2026-07-28T18:45:06.048Z</time></trkpt><trkpt lat="46.129135" lon="4.39869"><ele>720.0</ele><time>2026-07-28T18:45:07.048Z</time></trkpt><trkpt lat="46.12914" lon="4.39866667"><ele>720.0</ele><time>2026-07-28T18:45:08.048Z</time></trkpt><trkpt lat="46.129145" lon="4.398645"><ele>720.0</ele><time>2026-07-28T18:45:09.049Z</time></trkpt><trkpt lat="46.12914667" lon="4.39862333"><ele>721.0</ele><time>2026-07-28T18:45:10.048Z</time></trkpt><trkpt lat="46.12914667" lon="4.39862333"><ele>721.0</ele><time>2026-07-28T18:45:11.048Z</time></trkpt><trkpt lat="46.12914833" lon="4.39858167"><ele>721.0</ele><time>2026-07-28T18:45:12.048Z</time></trkpt><trkpt lat="46.12914667" lon="4.39855833"><ele>721.0</ele><time>2026-07-28T18:45:13.048Z</time></trkpt><trkpt lat="46.12914667" lon="4.39855833"><ele>721.0</ele><time>2026-07-28T18:45:14.048Z</time></trkpt><trkpt lat="46.12914333" lon="4.398515"><ele>721.0</ele><time>2026-07-28T18:45:15.048Z</time></trkpt><trkpt lat="46.12914" lon="4.398495"><ele>721.0</ele><time>2026-07-28T18:45:16.048Z</time></trkpt><trkpt lat="46.12913333" lon="4.39847333"><ele>721.0</ele><time>2026-07-28T18:45:17.048Z</time></trkpt><trkpt lat="46.12912333" lon="4.39845333"><ele>722.0</ele><time>2026-07-28T18:45:18.048Z</time></trkpt><trkpt lat="46.129115" lon="4.398435"><ele>722.0</ele><time>2026-07-28T18:45:19.048Z</time></trkpt><trkpt lat="46.129105" lon="4.39841667"><ele>722.0</ele><time>2026-07-28T18:45:20.048Z</time></trkpt><trkpt lat="46.12909667" lon="4.39839667"><ele>723.0</ele><time>2026-07-28T18:45:21.049Z</time></trkpt><trkpt lat="46.12909167" lon="4.39837667"><ele>723.0</ele><time>2026-07-28T18:45:22.048Z</time></trkpt><trkpt lat="46.12908833" lon="4.39835667"><ele>723.0</ele><time>2026-07-28T18:45:23.048Z</time></trkpt><trkpt lat="46.12908333" lon="4.39834"><ele>723.0</ele><time>2026-07-28T18:45:24.048Z</time></trkpt><trkpt lat="46.12907833" lon="4.39832167"><ele>723.0</ele><time>2026-07-28T18:45:25.049Z</time></trkpt><trkpt lat="46.12907167" lon="4.39830833"><ele>723.0</ele><time>2026-07-28T18:45:26.048Z</time></trkpt><trkpt lat="46.12906167" lon="4.398295"><ele>722.0</ele><time>2026-07-28T18:45:27.048Z</time></trkpt><trkpt lat="46.129055" lon="4.39827333"><ele>723.0</ele><time>2026-07-28T18:45:28.048Z</time></trkpt><trkpt lat="46.12905" lon="4.39825"><ele>723.0</ele><time>2026-07-28T18:45:29.048Z</time></trkpt><trkpt lat="46.12904833" lon="4.39822667"><ele>723.0</ele><time>2026-07-28T18:45:30.048Z</time></trkpt><trkpt lat="46.129045" lon="4.39820333"><ele>722.0</ele><time>2026-07-28T18:45:31.048Z</time></trkpt><trkpt lat="46.129045" lon="4.39820333"><ele>722.0</ele><time>2026-07-28T18:45:32.048Z</time></trkpt><trkpt lat="46.129035" lon="4.39816167"><ele>722.0</ele><time>2026-07-28T18:45:33.048Z</time></trkpt><trkpt lat="46.12902667" lon="4.39814"><ele>722.0</ele><time>2026-07-28T18:45:34.048Z</time></trkpt><trkpt lat="46.12902667" lon="4.39814"><ele>722.0</ele><time>2026-07-28T18:45:35.049Z</time></trkpt><trkpt lat="46.12901333" lon="4.398105"><ele>722.0</ele><time>2026-07-28T18:45:36.048Z</time></trkpt><trkpt lat="46.12900833" lon="4.39808667"><ele>722.0</ele><time>2026-07-28T18:45:37.048Z</time></trkpt><trkpt lat="46.12900833" lon="4.39808667"><ele>722.0</ele><time>2026-07-28T18:45:38.048Z</time></trkpt><trkpt lat="46.128995" lon="4.39805"><ele>722.0</ele><time>2026-07-28T18:45:39.048Z</time></trkpt><trkpt lat="46.12898833" lon="4.39803333"><ele>722.0</ele><time>2026-07-28T18:45:40.049Z</time></trkpt><trkpt lat="46.12898" lon="4.39801667"><ele>722.0</ele><time>2026-07-28T18:45:41.048Z</time></trkpt><trkpt lat="46.12897167" lon="4.398"><ele>722.0</ele><time>2026-07-28T18:45:42.048Z</time></trkpt><trkpt lat="46.12896333" lon="4.397985"><ele>722.0</ele><time>2026-07-28T18:45:43.048Z</time></trkpt><trkpt lat="46.128955" lon="4.39797333"><ele>723.0</ele><time>2026-07-28T18:45:44.048Z</time></trkpt><trkpt lat="46.12894667" lon="4.39796167"><ele>723.0</ele><time>2026-07-28T18:45:45.048Z</time></trkpt><trkpt lat="46.12893667" lon="4.39795"><ele>722.0</ele><time>2026-07-28T18:45:46.048Z</time></trkpt><trkpt lat="46.12892833" lon="4.397935"><ele>722.0</ele><time>2026-07-28T18:45:47.048Z</time></trkpt><trkpt lat="46.12891833" lon="4.39791833"><ele>722.0</ele><time>2026-07-28T18:45:48.049Z</time></trkpt><trkpt lat="46.12890833" lon="4.39790333"><ele>723.0</ele><time>2026-07-28T18:45:49.048Z</time></trkpt><trkpt lat="46.12890167" lon="4.39788833"><ele>723.0</ele><time>2026-07-28T18:45:50.049Z</time></trkpt><trkpt lat="46.128895" lon="4.397875"><ele>723.0</ele><time>2026-07-28T18:45:51.048Z</time></trkpt><trkpt lat="46.12889167" lon="4.39785667"><ele>723.0</ele><time>2026-07-28T18:45:52.049Z</time></trkpt><trkpt lat="46.12888833" lon="4.39783833"><ele>723.0</ele><time>2026-07-28T18:45:53.048Z</time></trkpt><trkpt lat="46.12889167" lon="4.39782333"><ele>723.0</ele><time>2026-07-28T18:45:54.048Z</time></trkpt><trkpt lat="46.12889667" lon="4.39781167"><ele>723.0</ele><time>2026-07-28T18:45:55.048Z</time></trkpt><trkpt lat="46.12889667" lon="4.39781167"><ele>723.0</ele><time>2026-07-28T18:45:56.049Z</time></trkpt><trkpt lat="46.12890833" lon="4.39778667"><ele>723.0</ele><time>2026-07-28T18:45:57.048Z</time></trkpt><trkpt lat="46.128915" lon="4.39777333"><ele>723.0</ele><time>2026-07-28T18:45:58.049Z</time></trkpt><trkpt lat="46.128915" lon="4.39777333"><ele>723.0</ele><time>2026-07-28T18:45:59.048Z</time></trkpt><trkpt lat="46.12893167" lon="4.397745"><ele>722.0</ele><time>2026-07-28T18:46:00.048Z</time></trkpt><trkpt lat="46.12894" lon="4.39773333"><ele>722.0</ele><time>2026-07-28T18:46:01.049Z</time></trkpt><trkpt lat="46.12894" lon="4.39773333"><ele>722.0</ele><time>2026-07-28T18:46:02.048Z</time></trkpt><trkpt lat="46.12894833" lon="4.39771"><ele>721.0</ele><time>2026-07-28T18:46:03.049Z</time></trkpt><trkpt lat="46.12895833" lon="4.3977"><ele>721.0</ele><time>2026-07-28T18:46:04.048Z</time></trkpt><trkpt lat="46.12896667" lon="4.39768"><ele>721.0</ele><time>2026-07-28T18:46:05.049Z</time></trkpt><trkpt lat="46.12898" lon="4.39766667"><ele>721.0</ele><time>2026-07-28T18:46:06.048Z</time></trkpt><trkpt lat="46.12899667" lon="4.39766"><ele>721.0</ele><time>2026-07-28T18:46:07.049Z</time></trkpt><trkpt lat="46.129015" lon="4.39766167"><ele>721.0</ele><time>2026-07-28T18:46:08.049Z</time></trkpt><trkpt lat="46.12903167" lon="4.397665"><ele>722.0</ele><time>2026-07-28T18:46:09.048Z</time></trkpt><trkpt lat="46.12904667" lon="4.39766333"><ele>722.0</ele><time>2026-07-28T18:46:10.048Z</time></trkpt><trkpt lat="46.12906167" lon="4.39766"><ele>722.0</ele><time>2026-07-28T18:46:11.048Z</time></trkpt><trkpt lat="46.12907667" lon="4.39765833"><ele>723.0</ele><time>2026-07-28T18:46:12.049Z</time></trkpt><trkpt lat="46.12909333" lon="4.397655"><ele>723.0</ele><time>2026-07-28T18:46:13.048Z</time></trkpt><trkpt lat="46.12910333" lon="4.39765167"><ele>723.0</ele><time>2026-07-28T18:46:14.049Z</time></trkpt><trkpt lat="46.12911333" lon="4.39764333"><ele>724.0</ele><time>2026-07-28T18:46:15.048Z</time></trkpt><trkpt lat="46.12912167" lon="4.39763333"><ele>724.0</ele><time>2026-07-28T18:46:16.049Z</time></trkpt><trkpt lat="46.12912167" lon="4.39763333"><ele>724.0</ele><time>2026-07-28T18:46:17.049Z</time></trkpt><trkpt lat="46.12914" lon="4.39760833"><ele>725.0</ele><time>2026-07-28T18:46:18.049Z</time></trkpt><trkpt lat="46.12914333" lon="4.39760167"><ele>726.0</ele><time>2026-07-28T18:46:19.048Z</time></trkpt><trkpt lat="46.12914333" lon="4.39760167"><ele>726.0</ele><time>2026-07-28T18:46:20.049Z</time></trkpt><trkpt lat="46.12915667" lon="4.39759167"><ele>727.0</ele><time>2026-07-28T18:46:21.048Z</time></trkpt><trkpt lat="46.12917" lon="4.397585"><ele>727.0</ele><time>2026-07-28T18:46:22.048Z</time></trkpt><trkpt lat="46.12917" lon="4.397585"><ele>727.0</ele><time>2026-07-28T18:46:23.049Z</time></trkpt><trkpt lat="46.12919333" lon="4.397585"><ele>728.0</ele><time>2026-07-28T18:46:24.048Z</time></trkpt><trkpt lat="46.12920333" lon="4.397585"><ele>728.0</ele><time>2026-07-28T18:46:25.048Z</time></trkpt><trkpt lat="46.12921333" lon="4.39758333"><ele>728.0</ele><time>2026-07-28T18:46:26.048Z</time></trkpt><trkpt lat="46.12922667" lon="4.39757833"><ele>728.0</ele><time>2026-07-28T18:46:27.048Z</time></trkpt><trkpt lat="46.12924333" lon="4.39757"><ele>729.0</ele><time>2026-07-28T18:46:28.048Z</time></trkpt><trkpt lat="46.12925833" lon="4.39756333"><ele>729.0</ele><time>2026-07-28T18:46:29.048Z</time></trkpt><trkpt lat="46.12927333" lon="4.39754833"><ele>729.0</ele><time>2026-07-28T18:46:30.049Z</time></trkpt><trkpt lat="46.12928167" lon="4.39753667"><ele>729.0</ele><time>2026-07-28T18:46:31.049Z</time></trkpt><trkpt lat="46.12929" lon="4.39752333"><ele>729.0</ele><time>2026-07-28T18:46:32.049Z</time></trkpt><trkpt lat="46.12929667" lon="4.39751333"><ele>729.0</ele><time>2026-07-28T18:46:33.048Z</time></trkpt><trkpt lat="46.129305" lon="4.39750167"><ele>729.0</ele><time>2026-07-28T18:46:34.049Z</time></trkpt><trkpt lat="46.12931167" lon="4.39748667"><ele>729.0</ele><time>2026-07-28T18:46:35.049Z</time></trkpt><trkpt lat="46.129315" lon="4.39747"><ele>729.0</ele><time>2026-07-28T18:46:36.048Z</time></trkpt><trkpt lat="46.12932167" lon="4.39745333"><ele>729.0</ele><time>2026-07-28T18:46:37.048Z</time></trkpt><trkpt lat="46.12933667" lon="4.39744667"><ele>729.0</ele><time>2026-07-28T18:46:38.048Z</time></trkpt><trkpt lat="46.12935167" lon="4.39744667"><ele>729.0</ele><time>2026-07-28T18:46:39.048Z</time></trkpt><trkpt lat="46.12937" lon="4.39744333"><ele>729.0</ele><time>2026-07-28T18:46:40.048Z</time></trkpt><trkpt lat="46.12937" lon="4.39744333"><ele>729.0</ele><time>2026-07-28T18:46:41.049Z</time></trkpt><trkpt lat="46.12939667" lon="4.39744"><ele>730.0</ele><time>2026-07-28T18:46:42.048Z</time></trkpt><trkpt lat="46.12941" lon="4.39743667"><ele>731.0</ele><time>2026-07-28T18:46:43.048Z</time></trkpt><trkpt lat="46.12941" lon="4.39743667"><ele>731.0</ele><time>2026-07-28T18:46:44.049Z</time></trkpt><trkpt lat="46.12943667" lon="4.397425"><ele>731.0</ele><time>2026-07-28T18:46:45.048Z</time></trkpt><trkpt lat="46.12945" lon="4.39742"><ele>731.0</ele><time>2026-07-28T18:46:46.048Z</time></trkpt><trkpt lat="46.12945" lon="4.39742"><ele>731.0</ele><time>2026-07-28T18:46:47.048Z</time></trkpt><trkpt lat="46.12947167" lon="4.39739833"><ele>731.0</ele><time>2026-07-28T18:46:48.048Z</time></trkpt><trkpt lat="46.12948167" lon="4.39738667"><ele>732.0</ele><time>2026-07-28T18:46:49.049Z</time></trkpt><trkpt lat="46.12949" lon="4.39738"><ele>732.0</ele><time>2026-07-28T18:46:50.048Z</time></trkpt><trkpt lat="46.1295" lon="4.39738333"><ele>732.0</ele><time>2026-07-28T18:46:51.048Z</time></trkpt><trkpt lat="46.12951" lon="4.39739"><ele>732.0</ele><time>2026-07-28T18:46:52.048Z</time></trkpt><trkpt lat="46.12952333" lon="4.39739333"><ele>733.0</ele><time>2026-07-28T18:46:53.048Z</time></trkpt><trkpt lat="46.12953833" lon="4.397405"><ele>733.0</ele><time>2026-07-28T18:46:54.048Z</time></trkpt><trkpt lat="46.12955167" lon="4.39741333"><ele>733.0</ele><time>2026-07-28T18:46:55.048Z</time></trkpt><trkpt lat="46.12956667" lon="4.39741833"><ele>733.0</ele><time>2026-07-28T18:46:56.048Z</time></trkpt><trkpt lat="46.12957833" lon="4.397415"><ele>733.0</ele><time>2026-07-28T18:46:57.048Z</time></trkpt><trkpt lat="46.12958833" lon="4.39741167"><ele>733.0</ele><time>2026-07-28T18:46:58.048Z</time></trkpt><trkpt lat="46.12960167" lon="4.39741333"><ele>733.0</ele><time>2026-07-28T18:46:59.049Z</time></trkpt><trkpt lat="46.12961333" lon="4.39741333"><ele>733.0</ele><time>2026-07-28T18:47:00.048Z</time></trkpt><trkpt lat="46.12962667" lon="4.39740667"><ele>733.0</ele><time>2026-07-28T18:47:01.049Z</time></trkpt><trkpt lat="46.12962667" lon="4.39740667"><ele>733.0</ele><time>2026-07-28T18:47:02.049Z</time></trkpt><trkpt lat="46.12965833" lon="4.3974"><ele>733.0</ele><time>2026-07-28T18:47:03.048Z</time></trkpt><trkpt lat="46.12967333" lon="4.39739167"><ele>733.0</ele><time>2026-07-28T18:47:04.048Z</time></trkpt><trkpt lat="46.12967333" lon="4.39739167"><ele>733.0</ele><time>2026-07-28T18:47:05.048Z</time></trkpt><trkpt lat="46.12969833" lon="4.397375"><ele>733.0</ele><time>2026-07-28T18:47:06.049Z</time></trkpt><trkpt lat="46.12971" lon="4.39736333"><ele>733.0</ele><time>2026-07-28T18:47:07.049Z</time></trkpt><trkpt lat="46.12971" lon="4.39736333"><ele>733.0</ele><time>2026-07-28T18:47:08.048Z</time></trkpt><trkpt lat="46.12973333" lon="4.39734"><ele>732.0</ele><time>2026-07-28T18:47:09.049Z</time></trkpt><trkpt lat="46.12974667" lon="4.397325"><ele>732.0</ele><time>2026-07-28T18:47:10.048Z</time></trkpt><trkpt lat="46.12976" lon="4.39731167"><ele>732.0</ele><time>2026-07-28T18:47:11.049Z</time></trkpt><trkpt lat="46.12977333" lon="4.39729667"><ele>733.0</ele><time>2026-07-28T18:47:12.049Z</time></trkpt><trkpt lat="46.12978667" lon="4.39728167"><ele>733.0</ele><time>2026-07-28T18:47:13.049Z</time></trkpt><trkpt lat="46.12979833" lon="4.39726667"><ele>733.0</ele><time>2026-07-28T18:47:14.048Z</time></trkpt><trkpt lat="46.12980833" lon="4.39725"><ele>733.0</ele><time>2026-07-28T18:47:15.048Z</time></trkpt><trkpt lat="46.12981833" lon="4.397235"><ele>733.0</ele><time>2026-07-28T18:47:16.049Z</time></trkpt><trkpt lat="46.12983" lon="4.39722167"><ele>733.0</ele><time>2026-07-28T18:47:17.048Z</time></trkpt><trkpt lat="46.12984167" lon="4.39720833"><ele>733.0</ele><time>2026-07-28T18:47:18.049Z</time></trkpt><trkpt lat="46.12985333" lon="4.397195"><ele>732.0</ele><time>2026-07-28T18:47:19.048Z</time></trkpt><trkpt lat="46.129865" lon="4.39718"><ele>732.0</ele><time>2026-07-28T18:47:20.048Z</time></trkpt><trkpt lat="46.12987833" lon="4.39716667"><ele>732.0</ele><time>2026-07-28T18:47:21.049Z</time></trkpt><trkpt lat="46.12988833" lon="4.39715167"><ele>732.0</ele><time>2026-07-28T18:47:22.049Z</time></trkpt><trkpt lat="46.12990167" lon="4.39714"><ele>732.0</ele><time>2026-07-28T18:47:23.048Z</time></trkpt><trkpt lat="46.129915" lon="4.39712833"><ele>732.0</ele><time>2026-07-28T18:47:24.048Z</time></trkpt><trkpt lat="46.12993" lon="4.39711833"><ele>732.0</ele><time>2026-07-28T18:47:25.048Z</time></trkpt><trkpt lat="46.12993" lon="4.39711833"><ele>732.0</ele><time>2026-07-28T18:47:26.048Z</time></trkpt><trkpt lat="46.12995833" lon="4.397095"><ele>733.0</ele><time>2026-07-28T18:47:27.048Z</time></trkpt><trkpt lat="46.12997167" lon="4.39708333"><ele>733.0</ele><time>2026-07-28T18:47:28.049Z</time></trkpt><trkpt lat="46.12997167" lon="4.39708333"><ele>733.0</ele><time>2026-07-28T18:47:29.049Z</time></trkpt><trkpt lat="46.13000833" lon="4.39706167"><ele>733.0</ele><time>2026-07-28T18:47:30.048Z</time></trkpt><trkpt lat="46.130025" lon="4.39705"><ele>734.0</ele><time>2026-07-28T18:47:31.049Z</time></trkpt><trkpt lat="46.130025" lon="4.39705"><ele>734.0</ele><time>2026-07-28T18:47:32.048Z</time></trkpt><trkpt lat="46.130055" lon="4.39702667"><ele>733.0</ele><time>2026-07-28T18:47:33.048Z</time></trkpt><trkpt lat="46.13006833" lon="4.39701667"><ele>733.0</ele><time>2026-07-28T18:47:34.048Z</time></trkpt><trkpt lat="46.13008167" lon="4.397005"><ele>733.0</ele><time>2026-07-28T18:47:35.048Z</time></trkpt><trkpt lat="46.13009333" lon="4.39699333"><ele>733.0</ele><time>2026-07-28T18:47:36.048Z</time></trkpt><trkpt lat="46.13010667" lon="4.39697833"><ele>734.0</ele><time>2026-07-28T18:47:37.048Z</time></trkpt><trkpt lat="46.13012167" lon="4.396965"><ele>734.0</ele><time>2026-07-28T18:47:38.048Z</time></trkpt><trkpt lat="46.130135" lon="4.39695667"><ele>734.0</ele><time>2026-07-28T18:47:39.048Z</time></trkpt><trkpt lat="46.13014667" lon="4.39694667"><ele>734.0</ele><time>2026-07-28T18:47:40.048Z</time></trkpt><trkpt lat="46.13016167" lon="4.396935"><ele>734.0</ele><time>2026-07-28T18:47:41.049Z</time></trkpt><trkpt lat="46.13017667" lon="4.39692333"><ele>734.0</ele><time>2026-07-28T18:47:42.048Z</time></trkpt><trkpt lat="46.13019167" lon="4.39691"><ele>734.0</ele><time>2026-07-28T18:47:43.048Z</time></trkpt><trkpt lat="46.130205" lon="4.396895"><ele>734.0</ele><time>2026-07-28T18:47:44.048Z</time></trkpt><trkpt lat="46.130205" lon="4.396895"><ele>734.0</ele><time>2026-07-28T18:47:45.049Z</time></trkpt><trkpt lat="46.13023" lon="4.396875"><ele>734.0</ele><time>2026-07-28T18:47:46.048Z</time></trkpt><trkpt lat="46.130245" lon="4.39686333"><ele>734.0</ele><time>2026-07-28T18:47:47.048Z</time></trkpt><trkpt lat="46.13025833" lon="4.39685167"><ele>735.0</ele><time>2026-07-28T18:47:48.048Z</time></trkpt><trkpt lat="46.13027333" lon="4.39684167"><ele>735.0</ele><time>2026-07-28T18:47:49.048Z</time></trkpt><trkpt lat="46.13027333" lon="4.39684167"><ele>735.0</ele><time>2026-07-28T18:47:50.049Z</time></trkpt><trkpt lat="46.13030333" lon="4.39681833"><ele>735.0</ele><time>2026-07-28T18:47:51.049Z</time></trkpt><trkpt lat="46.13031667" lon="4.396805"><ele>735.0</ele><time>2026-07-28T18:47:52.048Z</time></trkpt><trkpt lat="46.13031667" lon="4.396805"><ele>735.0</ele><time>2026-07-28T18:47:53.048Z</time></trkpt><trkpt lat="46.13034833" lon="4.39678"><ele>735.0</ele><time>2026-07-28T18:47:54.049Z</time></trkpt><trkpt lat="46.13036167" lon="4.39676833"><ele>736.0</ele><time>2026-07-28T18:47:55.049Z</time></trkpt><trkpt lat="46.13036167" lon="4.39676833"><ele>736.0</ele><time>2026-07-28T18:47:56.048Z</time></trkpt><trkpt lat="46.13039167" lon="4.39675"><ele>736.0</ele><time>2026-07-28T18:47:57.048Z</time></trkpt><trkpt lat="46.130405" lon="4.39674"><ele>736.0</ele><time>2026-07-28T18:47:58.049Z</time></trkpt><trkpt lat="46.13041833" lon="4.39673167"><ele>736.0</ele><time>2026-07-28T18:47:59.048Z</time></trkpt><trkpt lat="46.130435" lon="4.39672167"><ele>736.0</ele><time>2026-07-28T18:48:00.048Z</time></trkpt><trkpt lat="46.13044667" lon="4.396715"><ele>736.0</ele><time>2026-07-28T18:48:01.048Z</time></trkpt><trkpt lat="46.13046667" lon="4.396705"><ele>736.0</ele><time>2026-07-28T18:48:02.048Z</time></trkpt><trkpt lat="46.13048167" lon="4.396695"><ele>736.0</ele><time>2026-07-28T18:48:03.048Z</time></trkpt><trkpt lat="46.13049667" lon="4.396685"><ele>736.0</ele><time>2026-07-28T18:48:04.049Z</time></trkpt><trkpt lat="46.13051" lon="4.396675"><ele>736.0</ele><time>2026-07-28T18:48:05.048Z</time></trkpt><trkpt lat="46.13052667" lon="4.39666667"><ele>736.0</ele><time>2026-07-28T18:48:06.048Z</time></trkpt><trkpt lat="46.13054" lon="4.39665667"><ele>736.0</ele><time>2026-07-28T18:48:07.048Z</time></trkpt><trkpt lat="46.13055333" lon="4.396645"><ele>736.0</ele><time>2026-07-28T18:48:08.049Z</time></trkpt><trkpt lat="46.13056667" lon="4.396635"><ele>736.0</ele><time>2026-07-28T18:48:09.049Z</time></trkpt><trkpt lat="46.13057833" lon="4.39662667"><ele>736.0</ele><time>2026-07-28T18:48:10.048Z</time></trkpt><trkpt lat="46.13057833" lon="4.39662667"><ele>736.0</ele><time>2026-07-28T18:48:11.048Z</time></trkpt><trkpt lat="46.13060667" lon="4.39661"><ele>736.0</ele><time>2026-07-28T18:48:12.048Z</time></trkpt><trkpt lat="46.13061833" lon="4.39660167"><ele>736.0</ele><time>2026-07-28T18:48:13.048Z</time></trkpt><trkpt lat="46.13061833" lon="4.39660167"><ele>736.0</ele><time>2026-07-28T18:48:14.048Z</time></trkpt><trkpt lat="46.13064667" lon="4.39658667"><ele>736.0</ele><time>2026-07-28T18:48:15.048Z</time></trkpt><trkpt lat="46.13065833" lon="4.39657833"><ele>736.0</ele><time>2026-07-28T18:48:16.048Z</time></trkpt><trkpt lat="46.13065833" lon="4.39657833"><ele>736.0</ele><time>2026-07-28T18:48:17.048Z</time></trkpt><trkpt lat="46.13068667" lon="4.39655667"><ele>736.0</ele><time>2026-07-28T18:48:18.048Z</time></trkpt><trkpt lat="46.13070167" lon="4.396545"><ele>736.0</ele><time>2026-07-28T18:48:19.048Z</time></trkpt><trkpt lat="46.13071667" lon="4.396535"><ele>736.0</ele><time>2026-07-28T18:48:20.048Z</time></trkpt><trkpt lat="46.13073167" lon="4.39652667"><ele>736.0</ele><time>2026-07-28T18:48:21.048Z</time></trkpt><trkpt lat="46.13074667" lon="4.39652"><ele>736.0</ele><time>2026-07-28T18:48:22.048Z</time></trkpt><trkpt lat="46.13076" lon="4.39651167"><ele>736.0</ele><time>2026-07-28T18:48:23.048Z</time></trkpt><trkpt lat="46.13077333" lon="4.39650333"><ele>736.0</ele><time>2026-07-28T18:48:24.049Z</time></trkpt><trkpt lat="46.13079" lon="4.39648833"><ele>736.0</ele><time>2026-07-28T18:48:25.048Z</time></trkpt><trkpt lat="46.130805" lon="4.39648"><ele>736.0</ele><time>2026-07-28T18:48:26.049Z</time></trkpt><trkpt lat="46.13081833" lon="4.39647"><ele>736.0</ele><time>2026-07-28T18:48:27.048Z</time></trkpt><trkpt lat="46.13083333" lon="4.39646167"><ele>736.0</ele><time>2026-07-28T18:48:28.048Z</time></trkpt><trkpt lat="46.13085" lon="4.39645333"><ele>736.0</ele><time>2026-07-28T18:48:29.048Z</time></trkpt><trkpt lat="46.130865" lon="4.39644333"><ele>736.0</ele><time>2026-07-28T18:48:30.048Z</time></trkpt><trkpt lat="46.13088167" lon="4.39643167"><ele>736.0</ele><time>2026-07-28T18:48:31.048Z</time></trkpt><trkpt lat="46.130895" lon="4.39642167"><ele>736.0</ele><time>2026-07-28T18:48:32.048Z</time></trkpt><trkpt lat="46.13091" lon="4.39641"><ele>736.0</ele><time>2026-07-28T18:48:33.048Z</time></trkpt><trkpt lat="46.13092333" lon="4.3964"><ele>737.0</ele><time>2026-07-28T18:48:34.048Z</time></trkpt><trkpt lat="46.13092333" lon="4.3964"><ele>737.0</ele><time>2026-07-28T18:48:35.049Z</time></trkpt><trkpt lat="46.13095" lon="4.396375"><ele>737.0</ele><time>2026-07-28T18:48:36.048Z</time></trkpt><trkpt lat="46.13096333" lon="4.39636333"><ele>737.0</ele><time>2026-07-28T18:48:37.048Z</time></trkpt><trkpt lat="46.13096333" lon="4.39636333"><ele>737.0</ele><time>2026-07-28T18:48:38.049Z</time></trkpt><trkpt lat="46.13099" lon="4.396335"><ele>737.0</ele><time>2026-07-28T18:48:39.048Z</time></trkpt><trkpt lat="46.13100333" lon="4.39631833"><ele>738.0</ele><time>2026-07-28T18:48:40.048Z</time></trkpt><trkpt lat="46.13101667" lon="4.39630333"><ele>738.0</ele><time>2026-07-28T18:48:41.049Z</time></trkpt><trkpt lat="46.13103167" lon="4.39628833"><ele>738.0</ele><time>2026-07-28T18:48:42.048Z</time></trkpt><trkpt lat="46.13104167" lon="4.39627167"><ele>738.0</ele><time>2026-07-28T18:48:43.048Z</time></trkpt><trkpt lat="46.13105167" lon="4.396255"><ele>738.0</ele><time>2026-07-28T18:48:44.048Z</time></trkpt><trkpt lat="46.13106" lon="4.396235"><ele>739.0</ele><time>2026-07-28T18:48:45.048Z</time></trkpt><trkpt lat="46.13107" lon="4.39622167"><ele>739.0</ele><time>2026-07-28T18:48:46.049Z</time></trkpt><trkpt lat="46.13108" lon="4.39620333"><ele>739.0</ele><time>2026-07-28T18:48:47.048Z</time></trkpt><trkpt lat="46.131095" lon="4.39618333"><ele>739.0</ele><time>2026-07-28T18:48:48.048Z</time></trkpt><trkpt lat="46.13110667" lon="4.396165"><ele>739.0</ele><time>2026-07-28T18:48:49.048Z</time></trkpt><trkpt lat="46.13112" lon="4.39614667"><ele>739.0</ele><time>2026-07-28T18:48:50.048Z</time></trkpt><trkpt lat="46.131135" lon="4.39613"><ele>740.0</ele><time>2026-07-28T18:48:51.048Z</time></trkpt><trkpt lat="46.13114833" lon="4.39611333"><ele>739.0</ele><time>2026-07-28T18:48:52.048Z</time></trkpt><trkpt lat="46.13116" lon="4.39609833"><ele>739.0</ele><time>2026-07-28T18:48:53.048Z</time></trkpt><trkpt lat="46.13117167" lon="4.39608167"><ele>739.0</ele><time>2026-07-28T18:48:54.048Z</time></trkpt><trkpt lat="46.13117833" lon="4.39606167"><ele>739.0</ele><time>2026-07-28T18:48:55.048Z</time></trkpt><trkpt lat="46.13117833" lon="4.39606167"><ele>739.0</ele><time>2026-07-28T18:48:56.048Z</time></trkpt><trkpt lat="46.13119667" lon="4.39602333"><ele>739.0</ele><time>2026-07-28T18:48:57.048Z</time></trkpt><trkpt lat="46.13121" lon="4.396005"><ele>739.0</ele><time>2026-07-28T18:48:58.048Z</time></trkpt><trkpt lat="46.13121" lon="4.396005"><ele>739.0</ele><time>2026-07-28T18:48:59.048Z</time></trkpt><trkpt lat="46.131235" lon="4.39597167"><ele>739.0</ele><time>2026-07-28T18:49:00.048Z</time></trkpt><trkpt lat="46.13124833" lon="4.39595667"><ele>739.0</ele><time>2026-07-28T18:49:01.048Z</time></trkpt><trkpt lat="46.13124833" lon="4.39595667"><ele>739.0</ele><time>2026-07-28T18:49:02.049Z</time></trkpt><trkpt lat="46.13126833" lon="4.39592167"><ele>738.0</ele><time>2026-07-28T18:49:03.048Z</time></trkpt><trkpt lat="46.13127833" lon="4.395905"><ele>738.0</ele><time>2026-07-28T18:49:04.049Z</time></trkpt><trkpt lat="46.13128833" lon="4.39589"><ele>738.0</ele><time>2026-07-28T18:49:05.049Z</time></trkpt><trkpt lat="46.13129833" lon="4.395875"><ele>738.0</ele><time>2026-07-28T18:49:06.048Z</time></trkpt><trkpt lat="46.13131" lon="4.39585333"><ele>738.0</ele><time>2026-07-28T18:49:07.048Z</time></trkpt><trkpt lat="46.13132167" lon="4.39583333"><ele>738.0</ele><time>2026-07-28T18:49:08.048Z</time></trkpt><trkpt lat="46.13133333" lon="4.39581667"><ele>738.0</ele><time>2026-07-28T18:49:09.048Z</time></trkpt><trkpt lat="46.13134333" lon="4.39580167"><ele>738.0</ele><time>2026-07-28T18:49:10.049Z</time></trkpt><trkpt lat="46.13135333" lon="4.39578167"><ele>738.0</ele><time>2026-07-28T18:49:11.048Z</time></trkpt><trkpt lat="46.13135833" lon="4.39576167"><ele>738.0</ele><time>2026-07-28T18:49:12.049Z</time></trkpt><trkpt lat="46.13136333" lon="4.39573833"><ele>738.0</ele><time>2026-07-28T18:49:13.048Z</time></trkpt><trkpt lat="46.13136667" lon="4.39571167"><ele>738.0</ele><time>2026-07-28T18:49:14.048Z</time></trkpt><trkpt lat="46.13137333" lon="4.39569167"><ele>739.0</ele><time>2026-07-28T18:49:15.049Z</time></trkpt><trkpt lat="46.13138" lon="4.39567333"><ele>739.0</ele><time>2026-07-28T18:49:16.048Z</time></trkpt><trkpt lat="46.13138833" lon="4.39565333"><ele>739.0</ele><time>2026-07-28T18:49:17.048Z</time></trkpt><trkpt lat="46.13139667" lon="4.39563333"><ele>739.0</ele><time>2026-07-28T18:49:18.048Z</time></trkpt><trkpt lat="46.131405" lon="4.39561333"><ele>739.0</ele><time>2026-07-28T18:49:19.048Z</time></trkpt><trkpt lat="46.131405" lon="4.39561333"><ele>739.0</ele><time>2026-07-28T18:49:20.048Z</time></trkpt><trkpt lat="46.131425" lon="4.39557833"><ele>740.0</ele><time>2026-07-28T18:49:21.048Z</time></trkpt><trkpt lat="46.131435" lon="4.39556"><ele>740.0</ele><time>2026-07-28T18:49:22.048Z</time></trkpt><trkpt lat="46.131435" lon="4.39556"><ele>740.0</ele><time>2026-07-28T18:49:23.048Z</time></trkpt><trkpt lat="46.13145333" lon="4.39552833"><ele>740.0</ele><time>2026-07-28T18:49:24.048Z</time></trkpt><trkpt lat="46.131465" lon="4.395515"><ele>740.0</ele><time>2026-07-28T18:49:25.048Z</time></trkpt><trkpt lat="46.131465" lon="4.395515"><ele>740.0</ele><time>2026-07-28T18:49:26.048Z</time></trkpt><trkpt lat="46.13148833" lon="4.39549167"><ele>740.0</ele><time>2026-07-28T18:49:27.048Z</time></trkpt><trkpt lat="46.13149667" lon="4.39547833"><ele>740.0</ele><time>2026-07-28T18:49:28.048Z</time></trkpt><trkpt lat="46.13150667" lon="4.39546"><ele>740.0</ele><time>2026-07-28T18:49:29.048Z</time></trkpt><trkpt lat="46.13151833" lon="4.395445"><ele>739.0</ele><time>2026-07-28T18:49:30.048Z</time></trkpt><trkpt lat="46.13152833" lon="4.39542667"><ele>739.0</ele><time>2026-07-28T18:49:31.048Z</time></trkpt><trkpt lat="46.13153833" lon="4.39540833"><ele>739.0</ele><time>2026-07-28T18:49:32.048Z</time></trkpt><trkpt lat="46.13154833" lon="4.39538833"><ele>739.0</ele><time>2026-07-28T18:49:33.048Z</time></trkpt><trkpt lat="46.13156333" lon="4.39537833"><ele>739.0</ele><time>2026-07-28T18:49:34.048Z</time></trkpt><trkpt lat="46.13157833" lon="4.39537"><ele>738.0</ele><time>2026-07-28T18:49:35.048Z</time></trkpt><trkpt lat="46.13158833" lon="4.39535833"><ele>738.0</ele><time>2026-07-28T18:49:36.048Z</time></trkpt><trkpt lat="46.13159833" lon="4.39534"><ele>738.0</ele><time>2026-07-28T18:49:37.048Z</time></trkpt><trkpt lat="46.13161" lon="4.395325"><ele>738.0</ele><time>2026-07-28T18:49:38.048Z</time></trkpt><trkpt lat="46.13162333" lon="4.39531"><ele>738.0</ele><time>2026-07-28T18:49:39.049Z</time></trkpt><trkpt lat="46.13163333" lon="4.395295"><ele>738.0</ele><time>2026-07-28T18:49:40.048Z</time></trkpt><trkpt lat="46.13163333" lon="4.395295"><ele>738.0</ele><time>2026-07-28T18:49:41.048Z</time></trkpt><trkpt lat="46.131655" lon="4.39527333"><ele>738.0</ele><time>2026-07-28T18:49:42.049Z</time></trkpt><trkpt lat="46.13166833" lon="4.39526333"><ele>738.0</ele><time>2026-07-28T18:49:43.048Z</time></trkpt><trkpt lat="46.13166833" lon="4.39526333"><ele>738.0</ele><time>2026-07-28T18:49:44.049Z</time></trkpt><trkpt lat="46.13169167" lon="4.39524167"><ele>738.0</ele><time>2026-07-28T18:49:45.048Z</time></trkpt><trkpt lat="46.131705" lon="4.39522833"><ele>739.0</ele><time>2026-07-28T18:49:46.048Z</time></trkpt><trkpt lat="46.131705" lon="4.39522833"><ele>739.0</ele><time>2026-07-28T18:49:47.048Z</time></trkpt><trkpt lat="46.13173" lon="4.395205"><ele>739.0</ele><time>2026-07-28T18:49:48.048Z</time></trkpt><trkpt lat="46.13174333" lon="4.39519667"><ele>739.0</ele><time>2026-07-28T18:49:49.048Z</time></trkpt><trkpt lat="46.13175667" lon="4.39518667"><ele>739.0</ele><time>2026-07-28T18:49:50.049Z</time></trkpt><trkpt lat="46.13177" lon="4.395175"><ele>739.0</ele><time>2026-07-28T18:49:51.048Z</time></trkpt><trkpt lat="46.131785" lon="4.395165"><ele>740.0</ele><time>2026-07-28T18:49:52.049Z</time></trkpt><trkpt lat="46.1318" lon="4.395165"><ele>740.0</ele><time>2026-07-28T18:49:53.048Z</time></trkpt><trkpt lat="46.13181167" lon="4.39516833"><ele>741.0</ele><time>2026-07-28T18:49:54.048Z</time></trkpt><trkpt lat="46.131825" lon="4.39517667"><ele>741.0</ele><time>2026-07-28T18:49:55.048Z</time></trkpt><trkpt lat="46.131835" lon="4.39519"><ele>741.0</ele><time>2026-07-28T18:49:56.048Z</time></trkpt><trkpt lat="46.13184333" lon="4.39520833"><ele>740.0</ele><time>2026-07-28T18:49:57.048Z</time></trkpt><trkpt lat="46.13184833" lon="4.39522667"><ele>740.0</ele><time>2026-07-28T18:49:58.049Z</time></trkpt><trkpt lat="46.13185" lon="4.39524833"><ele>740.0</ele><time>2026-07-28T18:49:59.048Z</time></trkpt><trkpt lat="46.13185" lon="4.39527"><ele>741.0</ele><time>2026-07-28T18:50:00.049Z</time></trkpt><trkpt lat="46.13184667" lon="4.39529"><ele>741.0</ele><time>2026-07-28T18:50:01.048Z</time></trkpt><trkpt lat="46.13184167" lon="4.39531167"><ele>741.0</ele><time>2026-07-28T18:50:02.048Z</time></trkpt><trkpt lat="46.13183667" lon="4.39533167"><ele>741.0</ele><time>2026-07-28T18:50:03.048Z</time></trkpt><trkpt lat="46.13183167" lon="4.39535333"><ele>741.0</ele><time>2026-07-28T18:50:04.048Z</time></trkpt><trkpt lat="46.13183167" lon="4.39535333"><ele>741.0</ele><time>2026-07-28T18:50:05.048Z</time></trkpt><trkpt lat="46.13182" lon="4.39539833"><ele>741.0</ele><time>2026-07-28T18:50:06.048Z</time></trkpt><trkpt lat="46.131815" lon="4.39542167"><ele>741.0</ele><time>2026-07-28T18:50:07.049Z</time></trkpt><trkpt lat="46.131815" lon="4.39542167"><ele>741.0</ele><time>2026-07-28T18:50:08.049Z</time></trkpt><trkpt lat="46.131805" lon="4.39546167"><ele>742.0</ele><time>2026-07-28T18:50:09.048Z</time></trkpt><trkpt lat="46.1318" lon="4.39548167"><ele>742.0</ele><time>2026-07-28T18:50:10.049Z</time></trkpt><trkpt lat="46.1318" lon="4.39548167"><ele>742.0</ele><time>2026-07-28T18:50:11.048Z</time></trkpt><trkpt lat="46.13179167" lon="4.39552333"><ele>742.0</ele><time>2026-07-28T18:50:12.048Z</time></trkpt><trkpt lat="46.13178667" lon="4.395545"><ele>742.0</ele><time>2026-07-28T18:50:13.048Z</time></trkpt><trkpt lat="46.13178333" lon="4.395565"><ele>742.0</ele><time>2026-07-28T18:50:14.048Z</time></trkpt><trkpt lat="46.13178" lon="4.395585"><ele>742.0</ele><time>2026-07-28T18:50:15.048Z</time></trkpt><trkpt lat="46.13177667" lon="4.395605"><ele>742.0</ele><time>2026-07-28T18:50:16.048Z</time></trkpt><trkpt lat="46.13177167" lon="4.39562333"><ele>743.0</ele><time>2026-07-28T18:50:17.048Z</time></trkpt><trkpt lat="46.13177" lon="4.39564167"><ele>743.0</ele><time>2026-07-28T18:50:18.049Z</time></trkpt><trkpt lat="46.13176667" lon="4.39566167"><ele>743.0</ele><time>2026-07-28T18:50:19.048Z</time></trkpt><trkpt lat="46.13176167" lon="4.39568"><ele>743.0</ele><time>2026-07-28T18:50:20.048Z</time></trkpt><trkpt lat="46.13175667" lon="4.3957"><ele>744.0</ele><time>2026-07-28T18:50:21.048Z</time></trkpt><trkpt lat="46.13175167" lon="4.39571667"><ele>744.0</ele><time>2026-07-28T18:50:22.048Z</time></trkpt><trkpt lat="46.13174667" lon="4.395735"><ele>744.0</ele><time>2026-07-28T18:50:23.049Z</time></trkpt><trkpt lat="46.13174167" lon="4.39575333"><ele>744.0</ele><time>2026-07-28T18:50:24.049Z</time></trkpt><trkpt lat="46.13173667" lon="4.39577167"><ele>744.0</ele><time>2026-07-28T18:50:25.048Z</time></trkpt><trkpt lat="46.13173667" lon="4.39577167"><ele>744.0</ele><time>2026-07-28T18:50:26.048Z</time></trkpt><trkpt lat="46.13172667" lon="4.39580667"><ele>744.0</ele><time>2026-07-28T18:50:27.049Z</time></trkpt><trkpt lat="46.13172333" lon="4.395825"><ele>744.0</ele><time>2026-07-28T18:50:28.048Z</time></trkpt><trkpt lat="46.13172333" lon="4.395825"><ele>744.0</ele><time>2026-07-28T18:50:29.048Z</time></trkpt><trkpt lat="46.13171167" lon="4.39586"><ele>745.0</ele><time>2026-07-28T18:50:30.048Z</time></trkpt><trkpt lat="46.131705" lon="4.39587667"><ele>745.0</ele><time>2026-07-28T18:50:31.048Z</time></trkpt><trkpt lat="46.131705" lon="4.39587667"><ele>745.0</ele><time>2026-07-28T18:50:32.048Z</time></trkpt><trkpt lat="46.13169167" lon="4.39591333"><ele>746.0</ele><time>2026-07-28T18:50:33.048Z</time></trkpt><trkpt lat="46.131685" lon="4.39593167"><ele>746.0</ele><time>2026-07-28T18:50:34.049Z</time></trkpt><trkpt lat="46.13167833" lon="4.39594833"><ele>747.0</ele><time>2026-07-28T18:50:35.048Z</time></trkpt><trkpt lat="46.13167167" lon="4.39596333"><ele>747.0</ele><time>2026-07-28T18:50:36.049Z</time></trkpt><trkpt lat="46.13166833" lon="4.39598"><ele>746.0</ele><time>2026-07-28T18:50:37.048Z</time></trkpt><trkpt lat="46.13166167" lon="4.39599667"><ele>746.0</ele><time>2026-07-28T18:50:38.048Z</time></trkpt><trkpt lat="46.13165833" lon="4.396015"><ele>746.0</ele><time>2026-07-28T18:50:39.048Z</time></trkpt><trkpt lat="46.13165333" lon="4.396035"><ele>746.0</ele><time>2026-07-28T18:50:40.049Z</time></trkpt><trkpt lat="46.13164833" lon="4.39605333"><ele>746.0</ele><time>2026-07-28T18:50:41.048Z</time></trkpt><trkpt lat="46.13164167" lon="4.39607"><ele>746.0</ele><time>2026-07-28T18:50:42.049Z</time></trkpt><trkpt lat="46.131635" lon="4.39608667"><ele>747.0</ele><time>2026-07-28T18:50:43.048Z</time></trkpt><trkpt lat="46.13162667" lon="4.39610167"><ele>747.0</ele><time>2026-07-28T18:50:44.048Z</time></trkpt><trkpt lat="46.13162" lon="4.39611833"><ele>748.0</ele><time>2026-07-28T18:50:45.048Z</time></trkpt><trkpt lat="46.13161333" lon="4.39613167"><ele>748.0</ele><time>2026-07-28T18:50:46.048Z</time></trkpt><trkpt lat="46.131605" lon="4.39614667"><ele>748.0</ele><time>2026-07-28T18:50:47.048Z</time></trkpt><trkpt lat="46.1316" lon="4.39616167"><ele>748.0</ele><time>2026-07-28T18:50:48.049Z</time></trkpt><trkpt lat="46.131595" lon="4.396175"><ele>748.0</ele><time>2026-07-28T18:50:49.049Z</time></trkpt><trkpt lat="46.131595" lon="4.396175"><ele>748.0</ele><time>2026-07-28T18:50:50.048Z</time></trkpt><trkpt lat="46.13158833" lon="4.39621"><ele>749.0</ele><time>2026-07-28T18:50:51.048Z</time></trkpt><trkpt lat="46.131585" lon="4.396225"><ele>749.0</ele><time>2026-07-28T18:50:52.048Z</time></trkpt><trkpt lat="46.131585" lon="4.396225"><ele>749.0</ele><time>2026-07-28T18:50:53.049Z</time></trkpt><trkpt lat="46.13158" lon="4.39626"><ele>749.0</ele><time>2026-07-28T18:50:54.048Z</time></trkpt><trkpt lat="46.13157667" lon="4.396275"><ele>749.0</ele><time>2026-07-28T18:50:55.048Z</time></trkpt><trkpt lat="46.13157667" lon="4.396275"><ele>749.0</ele><time>2026-07-28T18:50:56.048Z</time></trkpt><trkpt lat="46.13156667" lon="4.39630333"><ele>750.0</ele><time>2026-07-28T18:50:57.048Z</time></trkpt><trkpt lat="46.13156167" lon="4.39631833"><ele>750.0</ele><time>2026-07-28T18:50:58.048Z</time></trkpt><trkpt lat="46.13155833" lon="4.39633333"><ele>750.0</ele><time>2026-07-28T18:50:59.049Z</time></trkpt><trkpt lat="46.131555" lon="4.39635"><ele>750.0</ele><time>2026-07-28T18:51:00.048Z</time></trkpt><trkpt lat="46.13155" lon="4.39637"><ele>751.0</ele><time>2026-07-28T18:51:01.048Z</time></trkpt><trkpt lat="46.13154667" lon="4.39638833"><ele>751.0</ele><time>2026-07-28T18:51:02.048Z</time></trkpt><trkpt lat="46.13154333" lon="4.39640833"><ele>751.0</ele><time>2026-07-28T18:51:03.048Z</time></trkpt><trkpt lat="46.13154333" lon="4.39642667"><ele>752.0</ele><time>2026-07-28T18:51:04.048Z</time></trkpt><trkpt lat="46.13154667" lon="4.39644333"><ele>752.0</ele><time>2026-07-28T18:51:05.048Z</time></trkpt><trkpt lat="46.13155333" lon="4.39645833"><ele>752.0</ele><time>2026-07-28T18:51:06.049Z</time></trkpt><trkpt lat="46.13156" lon="4.39646833"><ele>752.0</ele><time>2026-07-28T18:51:07.048Z</time></trkpt><trkpt lat="46.13157" lon="4.396475"><ele>752.0</ele><time>2026-07-28T18:51:08.048Z</time></trkpt><trkpt lat="46.13158" lon="4.39647833"><ele>752.0</ele><time>2026-07-28T18:51:09.048Z</time></trkpt><trkpt lat="46.13159167" lon="4.39648"><ele>752.0</ele><time>2026-07-28T18:51:10.048Z</time></trkpt><trkpt lat="46.13159167" lon="4.39648"><ele>752.0</ele><time>2026-07-28T18:51:11.048Z</time></trkpt><trkpt lat="46.13161667" lon="4.39647667"><ele>752.0</ele><time>2026-07-28T18:51:12.049Z</time></trkpt><trkpt lat="46.13162667" lon="4.39647"><ele>752.0</ele><time>2026-07-28T18:51:13.049Z</time></trkpt><trkpt lat="46.13162667" lon="4.39647"><ele>752.0</ele><time>2026-07-28T18:51:14.049Z</time></trkpt><trkpt lat="46.13164833" lon="4.39645833"><ele>752.0</ele><time>2026-07-28T18:51:15.049Z</time></trkpt><trkpt lat="46.13165833" lon="4.39645167"><ele>752.0</ele><time>2026-07-28T18:51:16.048Z</time></trkpt><trkpt lat="46.13165833" lon="4.39645167"><ele>752.0</ele><time>2026-07-28T18:51:17.048Z</time></trkpt><trkpt lat="46.13168" lon="4.39643167"><ele>752.0</ele><time>2026-07-28T18:51:18.048Z</time></trkpt><trkpt lat="46.13169167" lon="4.39642167"><ele>752.0</ele><time>2026-07-28T18:51:19.048Z</time></trkpt><trkpt lat="46.131705" lon="4.39641"><ele>752.0</ele><time>2026-07-28T18:51:20.049Z</time></trkpt><trkpt lat="46.13171667" lon="4.39640167"><ele>753.0</ele><time>2026-07-28T18:51:21.049Z</time></trkpt><trkpt lat="46.131725" lon="4.39639"><ele>753.0</ele><time>2026-07-28T18:51:22.048Z</time></trkpt><trkpt lat="46.13173667" lon="4.39638167"><ele>753.0</ele><time>2026-07-28T18:51:23.048Z</time></trkpt><trkpt lat="46.13174833" lon="4.39637667"><ele>754.0</ele><time>2026-07-28T18:51:24.048Z</time></trkpt><trkpt lat="46.13176" lon="4.39637"><ele>754.0</ele><time>2026-07-28T18:51:25.049Z</time></trkpt><trkpt lat="46.13177333" lon="4.39636667"><ele>754.0</ele><time>2026-07-28T18:51:26.048Z</time></trkpt><trkpt lat="46.13178667" lon="4.39636667"><ele>754.0</ele><time>2026-07-28T18:51:27.048Z</time></trkpt><trkpt lat="46.1318" lon="4.39636333"><ele>754.0</ele><time>2026-07-28T18:51:28.048Z</time></trkpt><trkpt lat="46.13181333" lon="4.39636"><ele>755.0</ele><time>2026-07-28T18:51:29.048Z</time></trkpt><trkpt lat="46.13182667" lon="4.39635167"><ele>755.0</ele><time>2026-07-28T18:51:30.048Z</time></trkpt><trkpt lat="46.13184" lon="4.396345"><ele>755.0</ele><time>2026-07-28T18:51:31.048Z</time></trkpt><trkpt lat="46.131855" lon="4.39633667"><ele>755.0</ele><time>2026-07-28T18:51:32.048Z</time></trkpt><trkpt lat="46.13187167" lon="4.39633"><ele>755.0</ele><time>2026-07-28T18:51:33.048Z</time></trkpt><trkpt lat="46.131885" lon="4.39632333"><ele>755.0</ele><time>2026-07-28T18:51:34.048Z</time></trkpt><trkpt lat="46.131885" lon="4.39632333"><ele>755.0</ele><time>2026-07-28T18:51:35.049Z</time></trkpt><trkpt lat="46.13191667" lon="4.39631167"><ele>754.0</ele><time>2026-07-28T18:51:36.048Z</time></trkpt><trkpt lat="46.13193167" lon="4.396305"><ele>754.0</ele><time>2026-07-28T18:51:37.048Z</time></trkpt><trkpt lat="46.13193167" lon="4.396305"><ele>754.0</ele><time>2026-07-28T18:51:38.048Z</time></trkpt><trkpt lat="46.13195667" lon="4.39629333"><ele>754.0</ele><time>2026-07-28T18:51:39.048Z</time></trkpt><trkpt lat="46.13196833" lon="4.39629"><ele>754.0</ele><time>2026-07-28T18:51:40.048Z</time></trkpt><trkpt lat="46.13196833" lon="4.39629"><ele>754.0</ele><time>2026-07-28T18:51:41.048Z</time></trkpt><trkpt lat="46.13199333" lon="4.39627667"><ele>754.0</ele><time>2026-07-28T18:51:42.048Z</time></trkpt><trkpt lat="46.13200833" lon="4.39626833"><ele>754.0</ele><time>2026-07-28T18:51:43.048Z</time></trkpt><trkpt lat="46.13202" lon="4.39626"><ele>755.0</ele><time>2026-07-28T18:51:44.048Z</time></trkpt><trkpt lat="46.13203167" lon="4.39625"><ele>755.0</ele><time>2026-07-28T18:51:45.048Z</time></trkpt></trkseg></trk></gpx>